year,countyreal,lpop,lemp,first.treat,treat
2003,8001,5.8967609333052993,8.4614690426438752,2007,1
2004,8001,5.8967609333052993,8.3368696372849556,2007,1
2005,8001,5.8967609333052993,8.3402173209470352,2007,1
2006,8001,5.8967609333052993,8.3781609827206793,2007,1
2007,8001,5.8967609333052993,8.4873523494052154,2007,1
2003,8019,2.2323771979505489,4.9972122737641147,2007,1
2004,8019,2.2323771979505489,5.0814043649844631,2007,1
2005,8019,2.2323771979505489,4.7874917427820458,2007,1
2006,8019,2.2323771979505489,4.990432586778736,2007,1
2007,8019,2.2323771979505489,5.0369526024136295,2007,1
2003,8023,1.2982824837966773,2.1972245773362196,2007,1
2004,8023,1.2982824837966773,2.3025850929940459,2007,1
2005,8023,1.2982824837966773,2.7725887222397811,2007,1
2006,8023,1.2982824837966773,1.9459101490553132,2007,1
2007,8023,1.2982824837966773,2.9957322735539909,2007,1
2003,8029,3.3262582949976616,5.8833223884882786,2007,1
2004,8029,3.3262582949976616,5.7899601708972535,2007,1
2005,8029,3.3262582949976616,5.857933154483459,2007,1
2006,8029,3.3262582949976616,5.9989365619466826,2007,1
2007,8029,3.3262582949976616,6.1047932324149849,2007,1
2003,8041,6.2479055343233458,8.9686509033748738,2007,1
2004,8041,6.2479055343233458,8.9157008189569034,2007,1
2005,8041,6.2479055343233458,8.900957872545062,2007,1
2006,8041,6.2479055343233458,8.9027276640355222,2007,1
2007,8041,6.2479055343233458,8.8810026242555686,2007,1
2003,8063,2.0808155972329798,4.9416424226093039,2007,1
2004,8063,2.0808155972329798,4.8675344504555822,2007,1
2005,8063,2.0808155972329798,4.6634390941120669,2007,1
2006,8063,2.0808155972329798,4.8121843553724171,2007,1
2007,8063,2.0808155972329798,4.9199809258281251,2007,1
2003,8075,3.0206199890617702,5.6970934865054046,2007,1
2004,8075,3.0206199890617702,5.6312117818213654,2007,1
2005,8075,3.0206199890617702,5.7203117766074119,2007,1
2006,8075,3.0206199890617702,5.7960577507653719,2007,1
2007,8075,3.0206199890617702,5.5606816310155276,2007,1
2003,8103,1.7894234094305073,4.4543472962535073,2007,1
2004,8103,1.7894234094305073,4.5849674786705723,2007,1
2005,8103,1.7894234094305073,4.7535901911063645,2007,1
2006,8103,1.7894234094305073,4.9052747784384296,2007,1
2007,8103,1.7894234094305073,4.7184988712950942,2007,1
2003,8117,3.1590408911660148,6.3784261836515865,2007,1
2004,8117,3.1590408911660148,6.2747620212419388,2007,1
2005,8117,3.1590408911660148,6.2841341610708019,2007,1
2006,8117,3.1590408911660148,6.3818160174060985,2007,1
2007,8117,3.1590408911660148,6.4313310819334788,2007,1
2003,8123,5.1981433775775105,7.7553388128465013,2007,1
2004,8123,5.1981433775775105,7.687997166393016,2007,1
2005,8123,5.1981433775775105,7.7540526390357574,2007,1
2006,8123,5.1981433775775105,7.7894545660866727,2007,1
2007,8123,5.1981433775775105,7.8030266436322169,2007,1
2003,12007,3.2614754384870182,5.5012582105447274,2006,1
2004,12007,3.2614754384870182,5.5947113796018391,2006,1
2005,12007,3.2614754384870182,5.2470240721604862,2006,1
2006,12007,3.2614754384870182,5.43372200355424,2006,1
2007,12007,3.2614754384870182,5.4424177105217932,2006,1
2003,12019,4.9474398705991085,7.7727527164687418,2006,1
2004,12019,4.9474398705991085,7.8111633850252788,2006,1
2005,12019,4.9474398705991085,7.8013913202914855,2006,1
2006,12019,4.9474398705991085,7.8632667240095735,2006,1
2007,12019,4.9474398705991085,7.8701659464698448,2006,1
2003,12023,4.0344707001816724,6.9911768871212097,2006,1
2004,12023,4.0344707001816724,6.5381398237676702,2006,1
2005,12023,4.0344707001816724,6.5903010481966859,2006,1
2006,12023,4.0344707001816724,6.5510803350434044,2006,1
2007,12023,4.0344707001816724,6.7178046950236912,2006,1
2003,12029,2.6266232024064808,3.8501476017100584,2006,1
2004,12029,2.6266232024064808,4.0775374439057197,2006,1
2005,12029,2.6266232024064808,4.3567088266895917,2006,1
2006,12029,2.6266232024064808,4.3174881135363101,2006,1
2007,12029,2.6266232024064808,4.3307333402863311,2006,1
2003,12051,3.5893353237775498,6.4264884574576904,2006,1
2004,12051,3.5893353237775498,6.4232469635335194,2006,1
2005,12051,3.5893353237775498,6.3733197895770122,2006,1
2006,12051,3.5893353237775498,6.4118182677098972,2006,1
2007,12051,3.5893353237775498,6.3733197895770122,2006,1
2003,12071,6.0887908749374793,8.7587266078420374,2006,1
2004,12071,6.0887908749374793,8.7984546960650949,2006,1
2005,12071,6.0887908749374793,8.9911888419315105,2006,1
2006,12071,6.0887908749374793,9.1516513756275035,2006,1
2007,12071,6.0887908749374793,9.0684311257934898,2006,1
2003,12087,4.3768758923463134,6.7238324408212087,2006,1
2004,12087,4.3768758923463134,6.7923444274708089,2006,1
2005,12087,4.3768758923463134,6.7580945044277305,2006,1
2006,12087,4.3768758923463134,6.7464121285733745,2006,1
2007,12087,4.3768758923463134,6.7475865268293154,2006,1
2003,12093,3.5810158082379915,5.7235851019523807,2006,1
2004,12093,3.5810158082379915,6.0112671744041615,2006,1
2005,12093,3.5810158082379915,6.1025585946135692,2006,1
2006,12093,3.5810158082379915,6.0913098820776979,2006,1
2007,12093,3.5810158082379915,6.1441856341256456,2006,1
2003,12097,5.150356655937891,7.5908521236885811,2006,1
2004,12097,5.150356655937891,7.5938778446051183,2006,1
2005,12097,5.150356655937891,7.7655690810973166,2006,1
2006,12097,5.150356655937891,7.8732170548627414,2006,1
2007,12097,5.150356655937891,7.8473718361597884,2006,1
2003,12099,7.0310201507707069,9.7686410097663607,2006,1
2004,12099,7.0310201507707069,9.6291822771259863,2006,1
2005,12099,7.0310201507707069,9.7220256261540552,2006,1
2006,12099,7.0310201507707069,9.8162397839718487,2006,1
2007,12099,7.0310201507707069,9.8936392164813132,2006,1
2003,12109,4.8132813144683393,7.5506612431053357,2006,1
2004,12109,4.8132813144683393,7.6270574170189338,2006,1
2005,12109,4.8132813144683393,7.7119965070476688,2006,1
2006,12109,4.8132813144683393,7.8628820346414905,2006,1
2007,12109,4.8132813144683393,7.8811822022271016,2006,1
2003,12113,4.7685042831464113,7.0909098220799835,2006,1
2004,12113,4.7685042831464113,7.1639466843425472,2006,1
2005,12113,4.7685042831464113,7.3607399030582776,2006,1
2006,12113,4.7685042831464113,7.4030610910900911,2006,1
2007,12113,4.7685042831464113,7.333676395657684,2006,1
2003,12121,3.5508809559566457,5.6733232671714928,2006,1
2004,12121,3.5508809559566457,5.6970934865054046,2006,1
2005,12121,3.5508809559566457,5.7004435733906869,2006,1
2006,12121,3.5508809559566457,5.7776523232226564,2006,1
2007,12121,3.5508809559566457,5.7838251823297373,2006,1
2003,13011,2.668754818494568,5.2729995585637468,0,0
2004,13011,2.668754818494568,5.3132059790417872,0,0
2005,13011,2.668754818494568,5.4930614433405482,0,0
2006,13011,2.668754818494568,5.598421958998375,0,0
2007,13011,2.668754818494568,5.5721540321777647,0,0
2003,13013,3.831766941662484,6.1882641230825897,0,0
2004,13013,3.831766941662484,6.1820849067166321,0,0
2005,13013,3.831766941662484,6.2557500417533669,0,0
2006,13013,3.831766941662484,6.4377516497364011,0,0
2007,13013,3.831766941662484,6.4019171967271857,0,0
2003,13019,2.7871694055548093,5.5645204073226937,0,0
2004,13019,2.7871694055548093,5.5568280616995374,0,0
2005,13019,2.7871694055548093,5.6559918108198524,0,0
2006,13019,2.7871694055548093,5.6276211136906369,0,0
2007,13019,2.7871694055548093,4.9972122737641147,0,0
2003,13021,5.0362185668416579,7.7389237574394567,0,0
2004,13021,5.0362185668416579,7.7279755421055585,0,0
2005,13021,5.0362185668416579,7.7314920292456843,0,0
2006,13021,5.0362185668416579,7.7097568644541647,0,0
2007,13021,5.0362185668416579,7.6073814256397911,0,0
2003,13037,1.8437192081587661,2.7725887222397811,0,0
2004,13037,1.8437192081587661,3.044522437723423,0,0
2005,13037,1.8437192081587661,2.7080502011022101,0,0
2006,13037,1.8437192081587661,3.1780538303479458,0,0
2007,13037,1.8437192081587661,3.4657359027997265,0,0
2003,13039,3.7765239639659827,6.2245584292753602,0,0
2004,13039,3.7765239639659827,6.2915691395583204,0,0
2005,13039,3.7765239639659827,6.3561076606958915,0,0
2006,13039,3.7765239639659827,6.3421214187211516,0,0
2007,13039,3.7765239639659827,6.2934192788464811,0,0
2003,13049,2.3303947936333129,4.6249728132842707,0,0
2004,13049,2.3303947936333129,4.4659081186545837,0,0
2005,13049,2.3303947936333129,4.6634390941120669,0,0
2006,13049,2.3303947936333129,4.7004803657924166,0,0
2007,13049,2.3303947936333129,4.7535901911063645,0,0
2003,13057,4.9551437255915642,7.4223737009868236,0,0
2004,13057,4.9551437255915642,7.4999765409521215,0,0
2005,13057,4.9551437255915642,7.6260827580723802,0,0
2006,13057,4.9551437255915642,7.7137846165987547,0,0
2007,13057,4.9551437255915642,7.8034350569521678,0,0
2003,13077,4.4910491868833917,7.1131421087070876,0,0
2004,13077,4.4910491868833917,7.0783415795576712,0,0
2005,13077,4.4910491868833917,7.1041440929875268,0,0
2006,13077,4.4910491868833917,7.161622002939187,0,0
2007,13077,4.4910491868833917,7.2633296174768365,0,0
2003,13079,2.5253285642869154,4.0253516907351496,0,0
2004,13079,2.5253285642869154,3.6635616461296463,0,0
2005,13079,2.5253285642869154,3.4339872044851463,0,0
2006,13079,2.5253285642869154,3.4011973816621555,0,0
2007,13079,2.5253285642869154,3.1354942159291497,0,0
2003,13093,2.4445185888827123,3.7612001156935624,0,0
2004,13093,2.4445185888827123,3.7376696182833684,0,0
2005,13093,2.4445185888827123,3.6375861597263857,0,0
2006,13093,2.4445185888827123,4.0943445622221004,0,0
2007,13093,2.4445185888827123,4.3438054218536841,0,0
2003,13097,4.5236780951326896,7.4271441334086159,0,0
2004,13097,4.5236780951326896,7.467942332285852,0,0
2005,13097,4.5236780951326896,7.5750716995075607,0,0
2006,13097,4.5236780951326896,7.7151236036321054,0,0
2007,13097,4.5236780951326896,7.8276395463664219,0,0
2003,13109,2.3508989532725963,5.1984970312658261,0,0
2004,13109,2.3508989532725963,5.1590552992145291,0,0
2005,13109,2.3508989532725963,5.2149357576089859,0,0
2006,13109,2.3508989532725963,5.1357984370502621,0,0
2007,13109,2.3508989532725963,5.2094861528414214,0,0
2003,13113,4.513745448068744,7.4253578870271513,0,0
2004,13113,4.513745448068744,7.4436636831155907,0,0
2005,13113,4.513745448068744,7.4518222365279296,0,0
2006,13113,4.513745448068744,7.5175208506030309,0,0
2007,13113,4.513745448068744,7.6372343887894729,0,0
2003,13117,4.5891119397393876,7.3310603052186325,0,0
2004,13117,4.5891119397393876,7.3889460976184367,0,0
2005,13117,4.5891119397393876,7.5277939877214441,0,0
2006,13117,4.5891119397393876,7.6473088323562379,0,0
2007,13117,4.5891119397393876,7.6381982442857792,0,0
2003,13129,3.7865504812873825,6.4457198193855785,0,0
2004,13129,3.7865504812873825,6.3767269478986268,0,0
2005,13129,3.7865504812873825,6.3613024775729956,0,0
2006,13129,3.7865504812873825,6.3543700407973507,0,0
2007,13129,3.7865504812873825,6.3985949345352076,0,0
2003,13135,6.377488562558443,9.1948205603181457,0,0
2004,13135,6.377488562558443,9.1459085118167938,0,0
2005,13135,6.377488562558443,9.1948205603181457,0,0
2006,13135,6.377488562558443,9.295049099903137,0,0
2007,13135,6.377488562558443,9.2956920390756856,0,0
2003,13147,3.135363772639185,5.5834963087816991,0,0
2004,13147,3.135363772639185,5.4424177105217932,0,0
2005,13147,3.135363772639185,5.5834963087816991,0,0
2006,13147,3.135363772639185,5.5134287461649825,0,0
2007,13147,3.135363772639185,5.5721540321777647,0,0
2003,13155,2.2956611779212213,4.0604430105464191,0,0
2004,13155,2.2956611779212213,3.8286413964890951,0,0
2005,13155,2.2956611779212213,4.1271343850450917,0,0
2006,13155,2.2956611779212213,3.8286413964890951,0,0
2007,13155,2.2956611779212213,3.8712010109078911,0,0
2003,13161,2.5403413566761008,5.0106352940962555,0,0
2004,13161,2.5403413566761008,4.9126548857360524,0,0
2005,13161,2.5403413566761008,5.0751738152338266,0,0
2006,13161,2.5403413566761008,5.1984970312658261,0,0
2007,13161,2.5403413566761008,5.2364419628299492,0,0
2003,13179,4.1208241950264792,6.0234475929610332,0,0
2004,13179,4.1208241950264792,5.916202062607435,0,0
2005,13179,4.1208241950264792,6.1758672701057611,0,0
2006,13179,4.1208241950264792,6.1355648910817386,0,0
2007,13179,4.1208241950264792,6.1506027684462792,0,0
2003,13195,3.2476576262936527,4.7535901911063645,0,0
2004,13195,3.2476576262936527,4.7791234931115296,0,0
2005,13195,3.2476576262936527,4.6634390941120669,0,0
2006,13195,3.2476576262936527,4.8751973232011512,0,0
2007,13195,3.2476576262936527,5.0039463059454592,0,0
2003,13197,1.9662728435741978,3.7376696182833684,0,0
2004,13197,1.9662728435741978,3.6375861597263857,0,0
2005,13197,1.9662728435741978,3.5263605246161616,0,0
2006,13197,1.9662728435741978,3.8918202981106265,0,0
2007,13197,1.9662728435741978,3.9512437185814275,0,0
2003,13209,2.1126345090355998,3.8286413964890951,0,0
2004,13209,2.1126345090355998,3.4011973816621555,0,0
2005,13209,2.1126345090355998,3.5553480614894135,0,0
2006,13209,2.1126345090355998,3.6635616461296463,0,0
2007,13209,2.1126345090355998,3.5835189384561099,0,0
2003,13211,2.7380619751701816,5.1929568508902104,0,0
2004,13211,2.7380619751701816,5.1873858058407549,0,0
2005,13211,2.7380619751701816,5.2832037287379885,0,0
2006,13211,2.7380619751701816,5.6058020662959978,0,0
2007,13211,2.7380619751701816,5.5947113796018391,0,0
2003,13213,3.5974766306405925,5.7104270173748697,0,0
2004,13213,3.5974766306405925,5.6835797673386814,0,0
2005,13213,3.5974766306405925,5.3844950627890888,0,0
2006,13213,3.5974766306405925,5.7203117766074119,0,0
2007,13213,3.5974766306405925,5.6524891802686508,0,0
2003,13217,4.1271505139472779,6.4520489544372257,0,0
2004,13217,4.1271505139472779,6.4967749901858625,0,0
2005,13217,4.1271505139472779,6.5161930760429643,0,0
2006,13217,4.1271505139472779,6.6280413761795334,0,0
2007,13217,4.1271505139472779,6.6253923680079563,0,0
2003,13223,4.4027846877583912,6.3851943989977258,0,0
2004,13223,4.4027846877583912,6.4846352356352517,0,0
2005,13223,4.4027846877583912,6.7129562006770698,0,0
2006,13223,4.4027846877583912,6.8068293603921761,0,0
2007,13223,4.4027846877583912,6.9847163201182658,0,0
2003,13227,3.1347548122027935,5.3230099791384085,0,0
2004,13227,3.1347548122027935,5.4380793089231956,0,0
2005,13227,3.1347548122027935,5.3752784076841653,0,0
2006,13227,3.1347548122027935,5.4071717714601188,0,0
2007,13227,3.1347548122027935,5.4510384535657002,0,0
2003,13233,3.6409226925680431,5.9661467391236922,0,0
2004,13233,3.6409226925680431,5.9269260259704106,0,0
2005,13233,3.6409226925680431,5.9480349891806457,0,0
2006,13233,3.6409226925680431,5.9080829381689313,0,0
2007,13233,3.6409226925680431,5.9107966440405271,0,0
2003,13237,2.9344949640828015,5.0039463059454592,0,0
2004,13237,2.9344949640828015,5.0369526024136295,0,0
2005,13237,2.9344949640828015,5.0875963352323836,0,0
2006,13237,2.9344949640828015,5.5254529391317835,0,0
2007,13237,2.9344949640828015,5.4249500174814029,0,0
2003,13241,2.711377991194885,5.4510384535657002,0,0
2004,13241,2.711377991194885,5.2626901889048856,0,0
2005,13241,2.711377991194885,5.4249500174814029,0,0
2006,13241,2.711377991194885,5.3706380281276624,0,0
2007,13241,2.711377991194885,5.4071717714601188,0,0
2003,13263,1.8714944372469087,2.3978952727983707,0,0
2004,13263,1.8714944372469087,2.7725887222397811,0,0
2005,13263,1.8714944372469087,1.9459101490553132,0,0
2006,13263,1.8714944372469087,1.791759469228055,0,0
2007,13263,1.8714944372469087,2.3025850929940459,0,0
2003,13271,2.4675909275783123,4.6821312271242199,0,0
2004,13271,2.4675909275783123,4.8675344504555822,0,0
2005,13271,2.4675909275783123,5.1647859739235145,0,0
2006,13271,2.4675909275783123,5.2832037287379885,0,0
2007,13271,2.4675909275783123,5.1929568508902104,0,0
2003,13273,2.3951642742871391,3.9889840465642745,0,0
2004,13273,2.3951642742871391,4.0943445622221004,0,0
2005,13273,2.3951642742871391,4.1743872698956368,0,0
2006,13273,2.3951642742871391,4.1896547420264252,0,0
2007,13273,2.3951642742871391,4.0943445622221004,0,0
2003,13297,4.1057295070886646,6.5323342922223491,0,0
2004,13297,4.1057295070886646,6.4085287910594984,0,0
2005,13297,4.1057295070886646,6.3543700407973507,0,0
2006,13297,4.1057295070886646,6.5264948595707901,0,0
2007,13297,4.1057295070886646,6.6293632534374485,0,0
2003,13303,3.0528684649248001,5.1179938124167554,0,0
2004,13303,3.0528684649248001,4.990432586778736,0,0
2005,13303,3.0528684649248001,4.9698132995760007,0,0
2006,13303,3.0528684649248001,4.9344739331306915,0,0
2007,13303,3.0528684649248001,5.0434251169192468,0,0
2003,13313,4.4251459882428206,7.1514854639047352,0,0
2004,13313,4.4251459882428206,7.1553963018967339,0,0
2005,13313,4.4251459882428206,7.200424892944957,0,0
2006,13313,4.4251459882428206,7.2758646005465328,0,0
2007,13313,4.4251459882428206,7.1884127364969537,0,0
2003,13317,2.3690280495427598,4.9272536851572051,0,0
2004,13317,2.3690280495427598,4.7449321283632502,0,0
2005,13317,2.3690280495427598,4.6443908991413725,0,0
2006,13317,2.3690280495427598,4.5951198501345898,0,0
2007,13317,2.3690280495427598,4.5432947822700038,0,0
2003,13321,3.0895413272320487,4.962844630259907,0,0
2004,13321,3.0895413272320487,4.9767337424205742,0,0
2005,13321,3.0895413272320487,5.0875963352323836,0,0
2006,13321,3.0895413272320487,5.1532915944977793,0,0
2007,13321,3.0895413272320487,4.8903491282217537,0,0
2003,16003,1.2458822074031457,3.2580965380214821,0,0
2004,16003,1.2458822074031457,3.6109179126442243,0,0
2005,16003,1.2458822074031457,3.9889840465642745,0,0
2006,16003,1.2458822074031457,3.9889840465642745,0,0
2007,16003,1.2458822074031457,3.8918202981106265,0,0
2003,16015,1.8976198599275322,3.8918202981106265,0,0
2004,16015,1.8976198599275322,3.912023005428146,0,0
2005,16015,1.8976198599275322,4.1743872698956368,0,0
2006,16015,1.8976198599275322,4.0253516907351496,0,0
2007,16015,1.8976198599275322,4.1431347263915326,0,0
2003,16017,3.6064484801347771,6.2971093199339352,0,0
2004,16017,3.6064484801347771,6.2989492468559423,0,0
2005,16017,3.6064484801347771,6.4281052726845962,0,0
2006,16017,3.6064484801347771,6.4297194780391376,0,0
2007,16017,3.6064484801347771,6.4052284580308418,0,0
2003,16021,2.2896011654357511,4.8978397999509111,0,0
2004,16021,2.2896011654357511,4.836281906951478,0,0
2005,16021,2.2896011654357511,4.962844630259907,0,0
2006,16021,2.2896011654357511,4.9972122737641147,0,0
2007,16021,2.2896011654357511,4.8202815656050371,0,0
2003,16029,1.9884221432926674,4.9416424226093039,0,0
2004,16029,1.9884221432926674,4.7957905455967413,0,0
2005,16029,1.9884221432926674,4.9836066217083363,0,0
2006,16029,1.9884221432926674,4.7874917427820458,0,0
2007,16029,1.9884221432926674,5.0369526024136295,0,0
2003,16041,2.4273658098913518,5.6383546693337454,0,0
2004,16041,2.4273658098913518,5.5373342670185366,0,0
2005,16041,2.4273658098913518,5.6276211136906369,0,0
2006,16041,2.4273658098913518,5.6937321388026998,0,0
2007,16041,2.4273658098913518,5.7493929859082531,0,0
2003,16045,2.720044645950578,5.0172798368149243,0,0
2004,16045,2.720044645950578,4.9272536851572051,0,0
2005,16045,2.720044645950578,5.1298987149230735,0,0
2006,16045,2.720044645950578,5.0875963352323836,0,0
2007,16045,2.720044645950578,5.1984970312658261,0,0
2003,16067,3.0043946466326434,5.7333412768977459,0,0
2004,16067,3.0043946466326434,5.7397929121792339,0,0
2005,16067,3.0043946466326434,5.7333412768977459,0,0
2006,16067,3.0043946466326434,5.7745515455444085,0,0
2007,16067,3.0043946466326434,5.8081424899804439,0,0
2003,16079,2.6225649317449888,5.0937502008067623,0,0
2004,16079,2.6225649317449888,5.1761497325738288,0,0
2005,16079,2.6225649317449888,5.1474944768134527,0,0
2006,16079,2.6225649317449888,5.2470240721604862,0,0
2007,16079,2.6225649317449888,5.3844950627890888,0,0
2003,16083,4.1633107666868234,7.2048925102046733,0,0
2004,16083,4.1633107666868234,7.1831117017432806,0,0
2005,16083,4.1633107666868234,7.1404530431011581,0,0
2006,16083,4.1633107666868234,7.2348984203148312,0,0
2007,16083,4.1633107666868234,7.2896105214511673,0,0
2003,17005,2.8697721464257864,5.1873858058407549,2004,1
2004,17005,2.8697721464257864,5.0689042022202315,2004,1
2005,17005,2.8697721464257864,4.9344739331306915,2004,1
2006,17005,2.8697721464257864,4.8903491282217537,2004,1
2007,17005,2.8697721464257864,4.990432586778736,2004,1
2003,17015,2.8138506199884215,5.4293456289544411,2004,1
2004,17015,2.8138506199884215,5.4205349992722862,2004,1
2005,17015,2.8138506199884215,5.5012582105447274,2004,1
2006,17015,2.8138506199884215,5.4680601411351315,2004,1
2007,17015,2.8138506199884215,5.4553211153577017,2004,1
2003,17025,2.67827804276854,5.0875963352323836,2004,1
2004,17025,2.67827804276854,5.0039463059454592,2004,1
2005,17025,2.67827804276854,4.8520302639196169,2004,1
2006,17025,2.67827804276854,4.9836066217083363,2004,1
2007,17025,2.67827804276854,4.9767337424205742,2004,1
2003,17035,2.4206347597678599,4.9272536851572051,2004,1
2004,17035,2.4206347597678599,4.5951198501345898,2004,1
2005,17035,2.4206347597678599,4.4426512564903167,2004,1
2006,17035,2.4206347597678599,4.3040650932041702,2004,1
2007,17035,2.4206347597678599,4.4659081186545837,2004,1
2003,17047,1.9417586865042618,4.3567088266895917,2004,1
2004,17047,1.9417586865042618,4.3944491546724391,2004,1
2005,17047,1.9417586865042618,4.2046926193909657,2004,1
2006,17047,1.9417586865042618,4.0073331852324712,2004,1
2007,17047,1.9417586865042618,4.1271343850450917,2004,1
2003,17049,3.5340952403130701,6.9902565004938806,2004,1
2004,17049,3.5340952403130701,6.90975328164481,2004,1
2005,17049,3.5340952403130701,6.8752320872765766,2004,1
2006,17049,3.5340952403130701,6.8330317327862007,2004,1
2007,17049,3.5340952403130701,6.8762646118907664,2004,1
2003,17053,2.6561251282372909,5.6167710976665717,2004,1
2004,17053,2.6561251282372909,5.4889377261566867,2004,1
2005,17053,2.6561251282372909,5.4889377261566867,2004,1
2006,17053,2.6561251282372909,5.5134287461649825,2004,1
2007,17053,2.6561251282372909,5.3132059790417872,2004,1
2003,17063,3.6252738310249657,6.5806391372849493,2004,1
2004,17063,3.6252738310249657,6.4769723628896827,2004,1
2005,17063,3.6252738310249657,6.4937538398516859,2004,1
2006,17063,3.6252738310249657,6.4831073514571989,2004,1
2007,17063,3.6252738310249657,6.5694814204142959,2004,1
2003,17089,6.001709389043949,9.0067543198775031,2004,1
2004,17089,6.001709389043949,8.9676316651671328,2004,1
2005,17089,6.001709389043949,8.9911888419315105,2004,1
2006,17089,6.001709389043949,8.9780299328371562,2004,1
2007,17089,6.001709389043949,9.0250945436649808,2004,1
2003,17097,6.4682513684005212,9.2736906874769449,2004,1
2004,17097,6.4682513684005212,9.2214781163866384,2004,1
2005,17097,6.4682513684005212,9.2072355570227042,2004,1
2006,17097,6.4682513684005212,9.2459970491842167,2004,1
2007,17097,6.4682513684005212,9.2382473252291906,2004,1
2003,17113,5.0135178023414291,7.8909567161389189,2004,1
2004,17113,5.0135178023414291,7.7765350281852408,2004,1
2005,17113,5.0135178023414291,7.755767170102998,2004,1
2006,17113,5.0135178023414291,7.7402295247631816,2004,1
2007,17113,5.0135178023414291,7.8188324438034043,2004,1
2003,17125,2.7749609063848371,5.2470240721604862,2004,1
2004,17125,2.7749609063848371,5.2522734280466299,2004,1
2005,17125,2.7749609063848371,4.9767337424205742,2004,1
2006,17125,2.7749609063848371,4.990432586778736,2004,1
2007,17125,2.7749609063848371,5.0562458053483077,2004,1
2003,17135,3.4226979131081579,6.0776422433490342,2004,1
2004,17135,3.4226979131081579,6.1025585946135692,2004,1
2005,17135,3.4226979131081579,6.1548580940164177,2004,1
2006,17135,3.4226979131081579,6.0137151560428022,2004,1
2007,17135,3.4226979131081579,6.0161571596983539,2004,1
2003,17155,1.8059910514747795,4.0253516907351496,2004,1
2004,17155,1.8059910514747795,3.7376696182833684,2004,1
2005,17155,1.8059910514747795,3.912023005428146,2004,1
2006,17155,1.8059910514747795,3.784189633918261,2004,1
2007,17155,1.8059910514747795,4.2484952420493594,2004,1
2003,17161,5.0064532281026972,7.8766384609754629,2004,1
2004,17161,5.0064532281026972,7.8240460108562919,2004,1
2005,17161,5.0064532281026972,7.8655717576847906,2004,1
2006,17161,5.0064532281026972,7.8516611778892651,2004,1
2007,17161,5.0064532281026972,7.8292325375435921,2004,1
2003,17169,1.9725520800017344,4.5217885770490405,2004,1
2004,17169,1.9725520800017344,4.5325994931532563,2004,1
2005,17169,1.9725520800017344,4.3174881135363101,2004,1
2006,17169,1.9725520800017344,4.3820266346738812,2004,1
2007,17169,1.9725520800017344,4.4308167988433134,2004,1
2003,17193,2.7324826172427952,5.4510384535657002,2004,1
2004,17193,2.7324826172427952,5.389071729816501,2004,1
2005,17193,2.7324826172427952,5.2522734280466299,2004,1
2006,17193,2.7324826172427952,5.1761497325738288,2004,1
2007,17193,2.7324826172427952,5.2729995585637468,2004,1
2003,17195,4.1051690983052485,6.7178046950236912,2004,1
2004,17195,4.1051690983052485,6.6682282484174031,2004,1
2005,17195,4.1051690983052485,6.7684932116486296,2004,1
2006,17195,4.1051690983052485,6.6895992691789665,2004,1
2007,17195,4.1051690983052485,6.7322107064672059,2004,1
2003,17199,4.1157145879582933,6.8101424501151362,2004,1
2004,17199,4.1157145879582933,6.8596149036542018,2004,1
2005,17199,4.1157145879582933,6.7776465936351169,2004,1
2006,17199,4.1157145879582933,6.7298240704894754,2004,1
2007,17199,4.1157145879582933,6.7787848976851768,2004,1
2003,17203,3.5686590755490859,6.5191472879403953,2004,1
2004,17203,3.5686590755490859,6.4409465406329209,2004,1
2005,17203,3.5686590755490859,6.4167322825123261,2004,1
2006,17203,3.5686590755490859,6.4692503167957724,2004,1
2007,17203,3.5686590755490859,6.4861607889440887,2004,1
2003,18005,4.2687879453171211,7.15305163493748,0,0
2004,18005,4.2687879453171211,7.1172055031643442,0,0
2005,18005,4.2687879453171211,7.1662659741336379,0,0
2006,18005,4.2687879453171211,7.1000271666292596,0,0
2007,18005,4.2687879453171211,7.0817085861055746,0,0
2003,18017,3.7118632905043114,6.2915691395583204,0,0
2004,18017,3.7118632905043114,6.2045577625686903,0,0
2005,18017,3.7118632905043114,6.1025585946135692,0,0
2006,18017,3.7118632905043114,6.0913098820776979,0,0
2007,18017,3.7118632905043114,6.061456918928017,0,0
2003,18019,4.5692528108012915,7.4061033812370152,0,0
2004,18019,4.5692528108012915,7.3138868316334618,0,0
2005,18019,4.5692528108012915,7.2793188354146201,0,0
2006,18019,4.5692528108012915,7.4097419540809231,0,0
2007,18019,4.5692528108012915,7.368970402194793,0,0
2003,18021,3.2792557108569129,5.472270673671475,0,0
2004,18021,3.2792557108569129,5.7365722974791922,0,0
2005,18021,3.2792557108569129,5.7557422135869123,0,0
2006,18021,3.2792557108569129,5.6094717951849598,0,0
2007,18021,3.2792557108569129,5.5606816310155276,0,0
2003,18023,3.5224115612431488,6.1202974189509503,0,0
2004,18023,3.5224115612431488,6.0707377280024897,0,0
2005,18023,3.5224115612431488,6.0426328336823811,0,0
2006,18023,3.5224115612431488,6.0014148779611505,0,0
2007,18023,3.5224115612431488,6.0234475929610332,0,0
2003,18029,3.8310081587138693,6.8023947633243109,0,0
2004,18029,3.8310081587138693,6.7440591863113477,0,0
2005,18029,3.8310081587138693,6.7569323892475532,0,0
2006,18029,3.8310081587138693,6.6489845500247764,0,0
2007,18029,3.8310081587138693,6.8101424501151362,0,0
2003,18033,3.6959791912291591,6.5072777123850116,0,0
2004,18033,3.6959791912291591,6.4216222678065176,0,0
2005,18033,3.6959791912291591,6.4361503683694279,0,0
2006,18033,3.6959791912291591,6.5117453296447279,0,0
2007,18033,3.6959791912291591,6.3784261836515865,0,0
2003,18035,4.7771804301161156,7.3472997007431644,0,0
2004,18035,4.7771804301161156,7.2276624987286544,0,0
2005,18035,4.7771804301161156,7.1929342212157996,0,0
2006,18035,4.7771804301161156,7.1899221707458079,0,0
2007,18035,4.7771804301161156,7.1747243098363764,0,0
2003,18053,4.2959648067198399,6.8710912946105456,0,0
2004,18053,4.2959648067198399,6.7810576259361799,0,0
2005,18053,4.2959648067198399,6.7580945044277305,0,0
2006,18053,4.2959648067198399,6.6707663208458738,0,0
2007,18053,4.2959648067198399,6.6656837177824082,0,0
2003,18063,4.645284730324466,7.560601162768557,0,0
2004,18063,4.645284730324466,7.5978979505217836,0,0
2005,18063,4.645284730324466,7.6444407615565657,0,0
2006,18063,4.645284730324466,7.7061629701995757,0,0
2007,18063,4.645284730324466,7.7406644019172415,0,0
2003,18081,4.746747870210192,7.7497534062744373,0,0
2004,18081,4.746747870210192,7.7380522976893156,0,0
2005,18081,4.746747870210192,7.718685495198466,0,0
2006,18081,4.746747870210192,7.7106533235012016,0,0
2007,18081,4.746747870210192,7.7164608001763551,0,0
2003,18083,3.6701042987876025,6.3315018498936908,0,0
2004,18083,3.6701042987876025,6.2499752422594828,0,0
2005,18083,3.6701042987876025,6.2480428745084291,0,0
2006,18083,3.6701042987876025,6.2934192788464811,0,0
2007,18083,3.6701042987876025,6.1820849067166321,0,0
2003,18091,4.7014435381565924,7.4354380198145504,0,0
2004,18091,4.7014435381565924,7.3733743099100488,0,0
2005,18091,4.7014435381565924,7.3951075465624854,0,0
2006,18091,4.7014435381565924,7.3790081276283042,0,0
2007,18091,4.7014435381565924,7.3714892952142774,0,0
2003,18093,3.8269443050698313,6.2106000770246528,0,0
2004,18093,3.8269443050698313,6.1548580940164177,0,0
2005,18093,3.8269443050698313,6.156978985585555,0,0
2006,18093,3.8269443050698313,6.1590953884919326,0,0
2007,18093,3.8269443050698313,6.2025355171879228,0,0
2003,18099,3.8095028964376749,6.5736801669606457,0,0
2004,18099,3.8095028964376749,6.5147126908725301,0,0
2005,18099,3.8095028964376749,6.4800445619266531,0,0
2006,18099,3.8095028964376749,6.523562306149512,0,0
2007,18099,3.8095028964376749,6.4583382833447898,0,0
2003,18109,4.2000400217799552,6.6808546787902152,0,0
2004,18109,4.2000400217799552,6.6306833856423717,0,0
2005,18109,4.2000400217799552,6.6592939196836376,0,0
2006,18109,4.2000400217799552,6.6160651851328174,0,0
2007,18109,4.2000400217799552,6.5971457018866513,0,0
2003,18113,3.8346018584595614,6.4907235345025072,0,0
2004,18113,3.8346018584595614,6.4567696555721632,0,0
2005,18113,3.8346018584595614,6.3919171133926023,0,0
2006,18113,3.8346018584595614,6.4199949281471422,0,0
2007,18113,3.8346018584595614,6.3969296552161463,0,0
2003,18115,1.7268653293100646,4.290459441148391,0,0
2004,18115,1.7268653293100646,4.2626798770413155,0,0
2005,18115,1.7268653293100646,4.1743872698956368,0,0
2006,18115,1.7268653293100646,4.0430512678345503,0,0
2007,18115,1.7268653293100646,4.0775374439057197,0,0
2003,18119,3.0812675616602538,5.2832037287379885,0,0
2004,18119,3.0812675616602538,5.3033049080590757,0,0
2005,18119,3.0812675616602538,5.3518581334760666,0,0
2006,18119,3.0812675616602538,5.3082676974012051,0,0
2007,18119,3.0812675616602538,5.2729995585637468,0,0
2003,18133,3.5840465770081811,6.4425401664681985,0,0
2004,18133,3.5840465770081811,6.4769723628896827,0,0
2005,18133,3.5840465770081811,6.4329400927391793,0,0
2006,18133,3.5840465770081811,6.2878585601617845,0,0
2007,18133,3.5840465770081811,6.2461067654815627,0,0
2003,18145,3.7714957702911693,6.4876840184846101,0,0
2004,18145,3.7714957702911693,6.4723462945009009,0,0
2005,18145,3.7714957702911693,6.3117348091529148,0,0
2006,18145,3.7714957702911693,6.1882641230825897,0,0
2007,18145,3.7714957702911693,6.1355648910817386,0,0
2003,18157,5.0036442469074025,7.7061629701995757,0,0
2004,18157,5.0036442469074025,7.642524134232902,0,0
2005,18157,5.0036442469074025,7.7075121946003406,0,0
2006,18157,5.0036442469074025,7.7358703199525669,0,0
2007,18157,5.0036442469074025,7.7419678998206853,0,0
2003,18175,3.3040622042289236,5.3518581334760666,0,0
2004,18175,3.3040622042289236,5.3181199938442161,0,0
2005,18175,3.3040622042289236,5.2203558250783244,0,0
2006,18175,3.3040622042289236,5.2470240721604862,0,0
2007,18175,3.3040622042289236,5.2729995585637468,0,0
2003,18179,3.3178157727231046,6.0844994130751715,0,0
2004,18179,3.3178157727231046,5.9480349891806457,0,0
2005,18179,3.3178157727231046,5.9295891433898946,0,0
2006,18179,3.3178157727231046,6.0520891689244172,0,0
2007,18179,3.3178157727231046,5.8318824772835169,0,0
2003,18181,3.2294991965053317,5.5333894887275203,0,0
2004,18181,3.2294991965053317,5.3230099791384085,0,0
2005,18181,3.2294991965053317,5.2882670306945352,0,0
2006,18181,3.2294991965053317,5.2574953720277815,0,0
2007,18181,3.2294991965053317,5.2311086168545868,0,0
2003,19013,4.8521240095253608,7.9043348420850954,0,0
2004,19013,4.8521240095253608,7.8379489160252831,0,0
2005,19013,4.8521240095253608,7.8407064517493996,0,0
2006,19013,4.8521240095253608,7.8547691834991324,0,0
2007,19013,4.8521240095253608,7.8792914850822706,0,0
2003,19025,2.4082955474161598,5.4680601411351315,0,0
2004,19025,2.4082955474161598,5.2257466737132017,0,0
2005,19025,2.4082955474161598,5.1873858058407549,0,0
2006,19025,2.4082955474161598,5.2203558250783244,0,0
2007,19025,2.4082955474161598,5.1532915944977793,0,0
2003,19069,2.3706175033858727,5.2832037287379885,0,0
2004,19069,2.3706175033858727,5.2149357576089859,0,0
2005,19069,2.3706175033858727,5.3132059790417872,0,0
2006,19069,2.3706175033858727,5.1984970312658261,0,0
2007,19069,2.3706175033858727,5.2040066870767951,0,0
2003,19077,2.4294820261823964,5.0562458053483077,0,0
2004,19077,2.4294820261823964,4.9767337424205742,0,0
2005,19077,2.4294820261823964,4.9416424226093039,0,0
2006,19077,2.4294820261823964,4.8441870864585912,0,0
2007,19077,2.4294820261823964,4.8751973232011512,0,0
2003,19083,2.9344949640828015,5.8749307308520304,0,0
2004,19083,2.9344949640828015,5.7868973813667077,0,0
2005,19083,2.9344949640828015,5.7525726388256331,0,0
2006,19083,2.9344949640828015,5.7714411231300158,0,0
2007,19083,2.9344949640828015,5.7525726388256331,0,0
2003,19087,3.0123927144470981,6.2025355171879228,0,0
2004,19087,3.0123927144470981,6.0112671744041615,0,0
2005,19087,3.0123927144470981,6.0137151560428022,0,0
2006,19087,3.0123927144470981,5.9889614168898637,0,0
2007,19087,3.0123927144470981,5.9269260259704106,0,0
2003,19111,3.6389536453442104,6.4068799860693142,0,0
2004,19111,3.6389536453442104,6.3207682942505823,0,0
2005,19111,3.6389536453442104,6.3935907539506314,0,0
2006,19111,3.6389536453442104,6.4361503683694279,0,0
2007,19111,3.6389536453442104,6.4329400927391793,0,0
2003,19113,5.2559368665220827,8.3099229892583182,0,0
2004,19113,5.2559368665220827,8.2870250251650628,0,0
2005,19113,5.2559368665220827,8.2540085905648439,0,0
2006,19113,5.2559368665220827,8.2852611340689482,0,0
2007,19113,5.2559368665220827,8.3698526035175291,0,0
2003,19123,3.1061549548040821,5.8998973535824915,0,0
2004,19123,3.1061549548040821,5.8406416573733981,0,0
2005,19123,3.1061549548040821,5.7365722974791922,0,0
2006,19123,3.1061549548040821,5.8021183753770629,0,0
2007,19123,3.1061549548040821,5.7745515455444085,0,0
2003,19131,2.3863746187237291,5.2678581590633282,0,0
2004,19131,2.3863746187237291,5.1873858058407549,0,0
2005,19131,2.3863746187237291,5.2781146592305168,0,0
2006,19131,2.3863746187237291,5.2574953720277815,0,0
2007,19131,2.3863746187237291,5.3181199938442161,0,0
2003,19137,2.4656388794303434,5.3752784076841653,0,0
2004,19137,2.4656388794303434,5.4467373716663099,0,0
2005,19137,2.4656388794303434,5.3798973535404597,0,0
2006,19137,2.4656388794303434,5.4510384535657002,0,0
2007,19137,2.4656388794303434,5.4553211153577017,0,0
2003,19141,2.714827185381234,6.089044875446846,0,0
2004,19141,2.714827185381234,6.0014148779611505,0,0
2005,19141,2.714827185381234,6.0330862217988015,0,0
2006,19141,2.714827185381234,6.0520891689244172,0,0
2007,19141,2.714827185381234,5.8861040314501558,0,0
2003,19153,5.925861459520573,9.1913614053783803,0,0
2004,19153,5.925861459520573,9.1256535638089886,0,0
2005,19153,5.925861459520573,9.1295640619488942,0,0
2006,19153,5.925861459520573,9.1472940702585479,0,0
2007,19153,5.925861459520573,9.1557785839834995,0,0
2003,19157,2.9346544240454007,6.3456363608285962,0,0
2004,19157,2.9346544240454007,6.0958245624322247,0,0
2005,19157,2.9346544240454007,6.0637852086876078,0,0
2006,19157,2.9346544240454007,6.1463292576688975,0,0
2007,19157,2.9346544240454007,6.1548580940164177,0,0
2003,19159,1.6990957843646357,4.6443908991413725,0,0
2004,19159,1.6990957843646357,4.5325994931532563,0,0
2005,19159,1.6990957843646357,4.3307333402863311,0,0
2006,19159,1.6990957843646357,4.2766661190160553,0,0
2007,19159,1.6990957843646357,4.3694478524670215,0,0
2003,19183,3.0286833736936769,6.0958245624322247,0,0
2004,19183,3.0286833736936769,5.9269260259704106,0,0
2005,19183,3.0286833736936769,5.8888779583328805,0,0
2006,19183,3.0286833736936769,5.978885764901122,0,0
2007,19183,3.0286833736936769,6.1246833908942051,0,0
2003,19185,1.9065751436566365,4.2484952420493594,0,0
2004,19185,1.9065751436566365,3.9318256327243257,0,0
2005,19185,1.9065751436566365,4.0253516907351496,0,0
2006,19185,1.9065751436566365,4.0604430105464191,0,0
2007,19185,1.9065751436566365,4.4188406077965983,0,0
2003,19187,3.6947372635980962,6.7334018918373593,0,0
2004,19187,3.6947372635980962,6.6833609457662746,0,0
2005,19187,3.6947372635980962,6.6489845500247764,0,0
2006,19187,3.6947372635980962,6.6833609457662746,0,0
2007,19187,3.6947372635980962,6.6732979677676543,0,0
2003,20013,2.3724842203737131,5.4293456289544411,0,0
2004,20013,2.3724842203737131,5.4595855141441589,0,0
2005,20013,2.3724842203737131,5.5012582105447274,0,0
2006,20013,2.3724842203737131,5.3181199938442161,0,0
2007,20013,2.3724842203737131,5.2832037287379885,0,0
2003,20021,3.1181711207465685,5.5909869805108565,0,0
2004,20021,3.1181711207465685,5.3565862746720123,0,0
2005,20021,3.1181711207465685,5.5451774444795623,0,0
2006,20021,3.1181711207465685,5.4026773818722793,0,0
2007,20021,3.1181711207465685,5.3181199938442161,0,0
2003,20027,2.1772486016827477,5.1416635565026603,0,0
2004,20027,2.1772486016827477,5.2364419628299492,0,0
2005,20027,2.1772486016827477,5.3706380281276624,0,0
2006,20027,2.1772486016827477,5.393627546352362,0,0
2007,20027,2.1772486016827477,5.4026773818722793,0,0
2003,20031,2.1821109395261713,5.2882670306945352,0,0
2004,20031,2.1821109395261713,5.1984970312658261,0,0
2005,20031,2.1821109395261713,4.9487598903781684,0,0
2006,20031,2.1821109395261713,5.3752784076841653,0,0
2007,20031,2.1821109395261713,5.393627546352362,0,0
2003,20045,4.6047901137697957,7.5224002313871248,0,0
2004,20045,4.6047901137697957,7.3664451483275988,0,0
2005,20045,4.6047901137697957,7.3752557780097545,0,0
2006,20045,4.6047901137697957,7.4030610910900911,0,0
2007,20045,4.6047901137697957,7.4265490723973047,0,0
2003,20047,1.2380843339547039,3.6635616461296463,0,0
2004,20047,1.2380843339547039,3.8066624897703196,0,0
2005,20047,1.2380843339547039,3.6375861597263857,0,0
2006,20047,1.2380843339547039,2.9444389791664403,0,0
2007,20047,1.2380843339547039,3.8286413964890951,0,0
2003,20063,1.1210258835050098,4.2626798770413155,0,0
2004,20063,1.1210258835050098,4.1896547420264252,0,0
2005,20063,1.1210258835050098,4.0073331852324712,0,0
2006,20063,1.1210258835050098,4.0430512678345503,0,0
2007,20063,1.1210258835050098,3.970291913552122,0,0
2003,20085,2.5382104218103114,5.4380793089231956,0,0
2004,20085,2.5382104218103114,5.3752784076841653,0,0
2005,20085,2.5382104218103114,5.389071729816501,0,0
2006,20085,2.5382104218103114,5.3518581334760666,0,0
2007,20085,2.5382104218103114,5.4071717714601188,0,0
2003,20095,2.1602147517023189,4.9272536851572051,0,0
2004,20095,2.1602147517023189,4.9126548857360524,0,0
2005,20095,2.1602147517023189,5.0369526024136295,0,0
2006,20095,2.1602147517023189,4.9698132995760007,0,0
2007,20095,2.1602147517023189,5.0562458053483077,0,0
2003,20103,4.2296181862796702,6.5957805139613113,0,0
2004,20103,4.2296181862796702,6.5889264775335192,0,0
2005,20103,4.2296181862796702,6.4645883036899612,0,0
2006,20103,4.2296181862796702,6.4982821494764336,0,0
2007,20103,4.2296181862796702,6.4567696555721632,0,0
2003,20133,2.8330368578952143,6.1114673395026786,0,0
2004,20133,2.8330368578952143,5.9215784196438159,0,0
2005,20133,2.8330368578952143,5.8200829303523616,0,0
2006,20133,2.8330368578952143,5.8435444170313602,0,0
2007,20133,2.8330368578952143,5.7235851019523807,0,0
2003,20137,1.7838952941712531,4.7361984483944957,0,0
2004,20137,1.7838952941712531,4.7095302013123339,0,0
2005,20137,1.7838952941712531,4.8520302639196169,0,0
2006,20137,1.7838952941712531,4.7957905455967413,0,0
2007,20137,1.7838952941712531,4.6443908991413725,0,0
2003,20143,1.8185636719801062,3.9512437185814275,0,0
2004,20143,1.8185636719801062,3.9889840465642745,0,0
2005,20143,1.8185636719801062,3.9889840465642745,0,0
2006,20143,1.8185636719801062,4.1896547420264252,0,0
2007,20143,1.8185636719801062,4.0604430105464191,0,0
2003,20145,1.9786538878671436,4.499809670330265,0,0
2004,20145,1.9786538878671436,4.4886363697321396,0,0
2005,20145,1.9786538878671436,4.6347289882296359,0,0
2006,20145,1.9786538878671436,4.8040210447332568,0,0
2007,20145,1.9786538878671436,4.7004803657924166,0,0
2003,20171,1.6331544390514163,5.0304379213924353,0,0
2004,20171,1.6331544390514163,4.9126548857360524,0,0
2005,20171,1.6331544390514163,4.8121843553724171,0,0
2006,20171,1.6331544390514163,4.8283137373023015,0,0
2007,20171,1.6331544390514163,4.7957905455967413,0,0
2003,20183,1.5120455664254508,3.970291913552122,0,0
2004,20183,1.5120455664254508,3.9318256327243257,0,0
2005,20183,1.5120455664254508,3.6375861597263857,0,0
2006,20183,1.5120455664254508,4.1743872698956368,0,0
2007,20183,1.5120455664254508,4.3820266346738812,0,0
2003,20205,2.3352458752335941,4.7957905455967413,0,0
2004,20205,2.3352458752335941,4.7957905455967413,0,0
2005,20205,2.3352458752335941,4.8121843553724171,0,0
2006,20205,2.3352458752335941,4.9487598903781684,0,0
2007,20205,2.3352458752335941,5.1647859739235145,0,0
2003,22007,3.1522230703134242,4.7791234931115296,0,0
2004,22007,3.1522230703134242,4.836281906951478,0,0
2005,22007,3.1522230703134242,4.5747109785033828,0,0
2006,22007,3.1522230703134242,4.9199809258281251,0,0
2007,22007,3.1522230703134242,5.0751738152338266,0,0
2003,22033,6.0230891752261737,8.7495739480829293,0,0
2004,22033,6.0230891752261737,8.680162019694377,0,0
2005,22033,6.0230891752261737,8.6844011104001435,0,0
2006,22033,6.0230891752261737,8.7809411135723874,0,0
2007,22033,6.0230891752261737,8.6578243211559833,0,0
2003,22045,4.29409665407894,6.654152520183219,0,0
2004,22045,4.29409665407894,6.5806391372849493,0,0
2005,22045,4.29409665407894,6.5820251388928259,0,0
2006,22045,4.29409665407894,6.7627295069318789,0,0
2007,22045,4.29409665407894,6.7799219074722519,0,0
2003,22069,3.6656108271745818,5.6419070709381138,0,0
2004,22069,3.6656108271745818,5.5373342670185366,0,0
2005,22069,3.6656108271745818,5.4071717714601188,0,0
2006,22069,3.6656108271745818,5.5373342670185366,0,0
2007,22069,3.6656108271745818,5.7868973813667077,0,0
2003,22071,6.1834764999848906,8.3116439485029794,0,0
2004,22071,6.1834764999848906,8.1371033896393019,0,0
2005,22071,6.1834764999848906,8.1420632831041466,0,0
2006,22071,6.1834764999848906,7.1785454837636999,0,0
2007,22071,6.1834764999848906,7.7514753180214564,0,0
2003,22073,4.9921318225316957,7.5104305563780063,0,0
2004,22073,4.9921318225316957,7.3511582264306936,0,0
2005,22073,4.9921318225316957,7.4036702900123732,0,0
2006,22073,4.9921318225316957,7.4524024512236382,0,0
2007,22073,4.9921318225316957,7.5098830611549134,0,0
2003,22081,2.264052143277262,4.0253516907351496,0,0
2004,22081,2.264052143277262,3.784189633918261,0,0
2005,22081,2.264052143277262,3.3672958299864741,0,0
2006,22081,2.264052143277262,3.3322045101752038,0,0
2007,22081,2.264052143277262,3.3322045101752038,0,0
2003,22087,4.2081047020582583,6.7405193596062229,0,0
2004,22087,4.2081047020582583,6.5889264775335192,0,0
2005,22087,4.2081047020582583,6.5792512120101012,0,0
2006,22087,4.2081047020582583,4.4543472962535073,0,0
2007,22087,4.2081047020582583,5.2149357576089859,0,0
2003,22091,2.3537533795684453,3.2188758248682006,0,0
2004,22091,2.3537533795684453,3.5553480614894135,0,0
2005,22091,2.3537533795684453,3.1780538303479458,0,0
2006,22091,2.3537533795684453,3.3322045101752038,0,0
2007,22091,2.3537533795684453,3.3672958299864741,0,0
2003,22111,3.1268921062520132,5.0562458053483077,0,0
2004,22111,3.1268921062520132,4.6913478822291435,0,0
2005,22111,3.1268921062520132,5.0562458053483077,0,0
2006,22111,3.1268921062520132,4.8202815656050371,0,0
2007,22111,3.1268921062520132,4.8828019225863706,0,0
2003,22115,3.9614034715255837,5.6058020662959978,0,0
2004,22115,3.9614034715255837,5.6454468976432377,0,0
2005,22115,3.9614034715255837,5.6559918108198524,0,0
2006,22115,3.9614034715255837,5.7462031905401529,0,0
2007,22115,3.9614034715255837,5.7838251823297373,0,0
2003,22119,3.7336376914557099,5.6970934865054046,0,0
2004,22119,3.7336376914557099,5.4680601411351315,0,0
2005,22119,3.7336376914557099,5.6167710976665717,0,0
2006,22119,3.7336376914557099,5.575949103146316,0,0
2007,22119,3.7336376914557099,5.8141305318250662,0,0
2003,24009,4.3116444056193899,7.0255383146385206,2007,1
2004,24009,4.3116444056193899,7.1467721794526371,2007,1
2005,24009,4.3116444056193899,7.161622002939187,2007,1
2006,24009,4.3116444056193899,7.1066061377273027,2007,1
2007,24009,4.3116444056193899,7.1929342212157996,2007,1
2003,24015,4.4537773664324964,7.0405363902159559,2007,1
2004,24015,4.4537773664324964,7.15305163493748,2007,1
2005,24015,4.4537773664324964,7.1444071803211386,2007,1
2006,24015,4.4537773664324964,7.1884127364969537,2007,1
2007,24015,4.4537773664324964,7.111512116496157,2007,1
2003,24017,4.7920314228240777,7.6801756404365902,2007,1
2004,24017,4.7920314228240777,7.6925696480679058,2007,1
2005,24017,4.7920314228240777,7.6907431635418719,2007,1
2006,24017,4.7920314228240777,7.75491027202143,2007,1
2007,24017,4.7920314228240777,7.7561953439481179,2007,1
2003,24021,5.2744190634103703,8.3101690219819115,2007,1
2004,24021,5.2744190634103703,8.3626424315676395,2007,1
2005,24021,5.2744190634103703,8.3081990632064464,2007,1
2006,24021,5.2744190634103703,8.3274844161882644,2007,1
2007,24021,5.2744190634103703,8.2880315677764642,2007,1
2003,24027,5.5127914463584,8.7682631453712858,2007,1
2004,24027,5.5127914463584,8.742733867330168,2007,1
2005,24027,5.5127914463584,8.6707722793445381,2007,1
2006,24027,5.5127914463584,8.7171909332231348,2007,1
2007,24027,5.5127914463584,8.751316246773456,2007,1
2003,24033,6.6865036867840306,9.1083076464110313,2007,1
2004,24033,6.6865036867840306,9.1403470001556482,2007,1
2005,24033,6.6865036867840306,9.1723269297779666,2007,1
2006,24033,6.6865036867840306,9.1792624164053205,2007,1
2007,24033,6.6865036867840306,9.1556729706338746,2007,1
2003,26005,4.6602737122141153,7.1693500166705997,2007,1
2004,26005,4.6602737122141153,7.1577354842499066,2007,1
2005,26005,4.6602737122141153,7.1057861294812712,2007,1
2006,26005,4.6602737122141153,7.0518556229558937,2007,1
2007,26005,4.6602737122141153,6.9874902470009905,2007,1
2003,26015,4.0387437582073025,6.3438804341263308,2007,1
2004,26015,4.0387437582073025,6.2519038831658884,2007,1
2005,26015,4.0387437582073025,6.2859980945088649,2007,1
2006,26015,4.0387437582073025,6.1800166536525722,2007,1
2007,26015,4.0387437582073025,6.1944053911046719,2007,1
2003,26027,3.9338627720326018,5.4205349992722862,2007,1
2004,26027,3.9338627720326018,5.6240175061873385,2007,1
2005,26027,3.9338627720326018,5.7235851019523807,2007,1
2006,26027,3.9338627720326018,5.5872486584002496,2007,1
2007,26027,3.9338627720326018,5.2729995585637468,2007,1
2003,26031,3.2751805410786683,5.2781146592305168,2007,1
2004,26031,3.2751805410786683,5.1298987149230735,2007,1
2005,26031,3.2751805410786683,5.1298987149230735,2007,1
2006,26031,3.2751805410786683,5.1119877883565437,2007,1
2007,26031,3.2751805410786683,4.9972122737641147,2007,1
2003,26041,3.6511775869299248,6.3117348091529148,2007,1
2004,26041,3.6511775869299248,6.3207682942505823,2007,1
2005,26041,3.6511775869299248,6.2576675878826391,2007,1
2006,26041,3.6511775869299248,6.253828811575473,2007,1
2007,26041,3.6511775869299248,6.1398845522262553,2007,1
2003,26057,3.7444324132341853,6.1398845522262553,2007,1
2004,26057,3.7444324132341853,6.0958245624322247,2007,1
2005,26057,3.7444324132341853,6.2519038831658884,2007,1
2006,26057,3.7444324132341853,6.1224928095143865,2007,1
2007,26057,3.7444324132341853,5.9269260259704106,2007,1
2003,26061,3.5839632841643763,6.4264884574576904,2007,1
2004,26061,3.5839632841643763,6.4002574453088208,2007,1
2005,26061,3.5839632841643763,6.3385940782031831,2007,1
2006,26061,3.5839632841643763,6.2285110035911835,2007,1
2007,26061,3.5839632841643763,6.1355648910817386,2007,1
2003,26065,5.6323580779778348,8.4142741374083965,2007,1
2004,26065,5.6323580779778348,8.3325489392526375,2007,1
2005,26065,5.6323580779778348,8.2464337861603649,2007,1
2006,26065,5.6323580779778348,8.2128395846764839,2007,1
2007,26065,5.6323580779778348,8.1636561761684323,2007,1
2003,26073,4.148690691962214,6.739336627357174,2007,1
2004,26073,4.148690691962214,6.5985090286145152,2007,1
2005,26073,4.148690691962214,6.6858609470683596,2007,1
2006,26073,4.148690691962214,6.5308776277258849,2007,1
2007,26073,4.148690691962214,6.5102583405231496,2007,1
2003,26085,2.4277188237508116,3.6635616461296463,2007,1
2004,26085,2.4277188237508116,3.4011973816621555,2007,1
2005,26085,2.4277188237508116,3.6375861597263857,2007,1
2006,26085,2.4277188237508116,3.2188758248682006,2007,1
2007,26085,2.4277188237508116,3.3672958299864741,2007,1
2003,26089,3.0501731092322375,5.6419070709381138,2007,1
2004,26089,3.0501731092322375,5.5294290875114234,2007,1
2005,26089,3.0501731092322375,5.472270673671475,2007,1
2006,26089,3.0501731092322375,5.2832037287379885,2007,1
2007,26089,3.0501731092322375,5.3423342519648109,2007,1
2003,26105,3.341942654444841,5.7589017738772803,2007,1
2004,26105,3.341942654444841,5.598421958998375,2007,1
2005,26105,3.341942654444841,5.7557422135869123,2007,1
2006,26105,3.341942654444841,5.6131281063880705,2007,1
2007,26105,3.341942654444841,5.5294290875114234,2007,1
2003,26127,3.2911220650739739,5.5294290875114234,2007,1
2004,26127,3.2911220650739739,5.5174528964647074,2007,1
2005,26127,3.2911220650739739,5.5490760848952201,2007,1
2006,26127,3.2911220650739739,5.393627546352362,2007,1
2007,26127,3.2911220650739739,5.3752784076841653,2007,1
2003,26129,3.0747744808939439,5.7430031878094825,2007,1
2004,26129,3.0747744808939439,5.7557422135869123,2007,1
2005,26129,3.0747744808939439,5.7589017738772803,2007,1
2006,26129,3.0747744808939439,5.5683445037610966,2007,1
2007,26129,3.0747744808939439,5.5294290875114234,2007,1
2003,26137,3.14849627810562,6.2363695902037044,2007,1
2004,26137,3.14849627810562,6.2285110035911835,2007,1
2005,26137,3.14849627810562,6.1862086239004936,2007,1
2006,26137,3.14849627810562,6.1047932324149849,2007,1
2007,26137,3.14849627810562,5.9454206086065753,2007,1
2003,26149,4.1339177773418267,6.62273632394984,2007,1
2004,26149,4.1339177773418267,6.4520489544372257,2007,1
2005,26149,4.1339177773418267,6.5072777123850116,2007,1
2006,26149,4.1339177773418267,6.4183649359362116,2007,1
2007,26149,4.1339177773418267,6.3699009828282271,2007,1
2003,27005,3.4011973816621555,6.8437499490062246,2006,1
2004,27005,3.4011973816621555,6.7615727688040552,2006,1
2005,27005,3.4011973816621555,6.7867169506050811,2006,1
2006,27005,3.4011973816621555,6.9679092018018842,2006,1
2007,27005,3.4011973816621555,6.9107507879619359,2006,1
2003,27009,3.5329855891552602,6.523562306149512,2006,1
2004,27009,3.5329855891552602,6.4536249988926917,2006,1
2005,27009,3.5329855891552602,6.4769723628896827,2006,1
2006,27009,3.5329855891552602,6.517671272912275,2006,1
2007,27009,3.5329855891552602,6.4167322825123261,2006,1
2003,27023,2.571695779860391,5.7930136083841441,2006,1
2004,27023,2.571695779860391,5.6559918108198524,2006,1
2005,27023,2.571695779860391,5.7990926544605257,2006,1
2006,27023,2.571695779860391,5.6970934865054046,2006,1
2007,27023,2.571695779860391,5.7235851019523807,2006,1
2003,27035,4.0091315671738501,7.4899708988348008,2006,1
2004,27035,4.0091315671738501,7.2298387781512501,2006,1
2005,27035,4.0091315671738501,7.301147805856032,2006,1
2006,27035,4.0091315671738501,7.3951075465624854,2006,1
2007,27035,4.0091315671738501,7.2232956795623142,2006,1
2003,27043,2.7838377144176709,5.575949103146316,2006,1
2004,27043,2.7838377144176709,5.393627546352362,2006,1
2005,27043,2.7838377144176709,5.5490760848952201,2006,1
2006,27043,2.7838377144176709,5.4638318050256105,2006,1
2007,27043,2.7838377144176709,5.4116460518550396,2006,1
2003,27049,3.7870718400053156,7.2991214627107999,2006,1
2004,27049,3.7870718400053156,7.0317412587631285,2006,1
2005,27049,3.7870718400053156,6.9373140812236818,2006,1
2006,27049,3.7870718400053156,6.9697906699015899,2006,1
2007,27049,3.7870718400053156,6.9584483932976555,2006,1
2003,27051,1.8388020755613663,4.5432947822700038,2006,1
2004,27051,1.8388020755613663,4.499809670330265,2006,1
2005,27051,1.8388020755613663,4.3307333402863311,2006,1
2006,27051,1.8388020755613663,4.4426512564903167,2006,1
2007,27051,1.8388020755613663,4.0604430105464191,2006,1
2003,27055,2.9815319241528497,5.7776523232226564,2006,1
2004,27055,2.9815319241528497,5.7430031878094825,2006,1
2005,27055,2.9815319241528497,5.7397929121792339,2006,1
2006,27055,2.9815319241528497,5.7137328055093688,2006,1
2007,27055,2.9815319241528497,5.6629604801359461,2006,1
2003,27091,3.0820017087061666,6.3099182782265162,2006,1
2004,27091,3.0820017087061666,6.2878585601617845,2006,1
2005,27091,3.0820017087061666,6.3578422665080998,2006,1
2006,27091,3.0820017087061666,6.4052284580308418,2006,1
2007,27091,3.0820017087061666,6.3456363608285962,2006,1
2003,27115,3.2782761681496484,6.1268691841141854,2006,1
2004,27115,3.2782761681496484,6.1246833908942051,2006,1
2005,27115,3.2782761681496484,6.0958245624322247,2006,1
2006,27115,3.2782761681496484,5.9661467391236922,2006,1
2007,27115,3.2782761681496484,6.0038870671065387,2006,1
2003,27123,6.2364380810088402,9.261793653565098,2006,1
2004,27123,6.2364380810088402,9.184509611941662,2006,1
2005,27123,6.2364380810088402,9.1384146324045936,2006,1
2006,27123,6.2364380810088402,9.1914633162064945,2006,1
2007,27123,6.2364380810088402,9.1129480259675333,2006,1
2003,27129,2.8422313825682299,5.7745515455444085,2006,1
2004,27129,2.8422313825682299,5.7235851019523807,2006,1
2005,27129,2.8422313825682299,5.7525726388256331,2006,1
2006,27129,2.8422313825682299,5.6419070709381138,2006,1
2007,27129,2.8422313825682299,5.8777357817796387,2006,1
2003,27149,2.3078710974232832,5.3518581334760666,2006,1
2004,27149,2.3078710974232832,5.1416635565026603,2006,1
2005,27149,2.3078710974232832,5.2040066870767951,2006,1
2006,27149,2.3078710974232832,5.1761497325738288,2006,1
2007,27149,2.3078710974232832,5.3518581334760666,2006,1
2003,27157,3.0731561705187946,6.0473721790462776,2006,1
2004,27157,3.0731561705187946,5.9532433342877846,2006,1
2005,27157,3.0731561705187946,5.8916442118257715,2006,1
2006,27157,3.0731561705187946,5.9215784196438159,2006,1
2007,27157,3.0731561705187946,5.916202062607435,2006,1
2003,27163,5.3039514651651301,8.2723151479560215,2006,1
2004,27163,5.3039514651651301,8.2141944148525639,2006,1
2005,27163,5.3039514651651301,8.1707514237575349,2006,1
2006,27163,5.3039514651651301,8.2503589514772937,2006,1
2007,27163,5.3039514651651301,8.2030302417148597,2006,1
2003,27165,2.4745195569015133,5.4847969334906548,2006,1
2004,27165,2.4745195569015133,5.4026773818722793,2006,1
2005,27165,2.4745195569015133,5.3033049080590757,2006,1
2006,27165,2.4745195569015133,5.4161004022044201,2006,1
2007,27165,2.4745195569015133,5.3844950627890888,2006,1
2003,29003,2.8028754148446535,4.836281906951478,2007,1
2004,29003,2.8028754148446535,4.8598124043616719,2007,1
2005,29003,2.8028754148446535,4.8751973232011512,2007,1
2006,29003,2.8028754148446535,4.8828019225863706,2007,1
2007,29003,2.8028754148446535,5.0106352940962555,2007,1
2003,29011,2.5290032768419128,5.5134287461649825,2007,1
2004,29011,2.5290032768419128,5.5174528964647074,2007,1
2005,29011,2.5290032768419128,5.4026773818722793,2007,1
2006,29011,2.5290032768419128,5.3033049080590757,2007,1
2007,29011,2.5290032768419128,5.2574953720277815,2007,1
2003,29013,2.8125903803761338,5.3612921657094255,2007,1
2004,29013,2.8125903803761338,5.2522734280466299,2007,1
2005,29013,2.8125903803761338,5.3278761687895813,2007,1
2006,29013,2.8125903803761338,5.1873858058407549,2007,1
2007,29013,2.8125903803761338,5.1239639794032588,2007,1
2003,29023,3.7103228914075879,6.4002574453088208,2007,1
2004,29023,3.7103228914075879,6.5117453296447279,2007,1
2005,29023,3.7103228914075879,6.5381398237676702,2007,1
2006,29023,3.7103228914075879,6.4134589571673573,2007,1
2007,29023,3.7103228914075879,6.2934192788464811,2007,1
2003,29033,2.3306865231049203,4.8202815656050371,2007,1
2004,29033,2.3306865231049203,4.8040210447332568,2007,1
2005,29033,2.3306865231049203,4.6539603501575231,2007,1
2006,29033,2.3306865231049203,4.6913478822291435,2007,1
2007,29033,2.3306865231049203,4.8283137373023015,2007,1
2003,29041,2.1327453137021468,4.7184988712950942,2007,1
2004,29041,2.1327453137021468,4.6539603501575231,2007,1
2005,29041,2.1327453137021468,4.6443908991413725,2007,1
2006,29041,2.1327453137021468,4.3694478524670215,2007,1
2007,29041,2.1327453137021468,4.4188406077965983,2007,1
2003,29065,2.7031716536511028,5.0751738152338266,2007,1
2004,29065,2.7031716536511028,5.1357984370502621,2007,1
2005,29065,2.7031716536511028,5.1179938124167554,2007,1
2006,29065,2.7031716536511028,5.0937502008067623,2007,1
2007,29065,2.7031716536511028,5.0238805208462765,2007,1
2003,29073,2.7305941655371044,5.8111409929767008,2007,1
2004,29073,2.7305941655371044,5.7620513827801769,2007,1
2005,29073,2.7305941655371044,5.872117789475416,2007,1
2006,29073,2.7305941655371044,5.9454206086065753,2007,1
2007,29073,2.7305941655371044,5.8805329864007003,2007,1
2003,29077,5.4822667643562548,8.4482717459498158,2007,1
2004,29077,5.4822667643562548,8.391176350832751,2007,1
2005,29077,5.4822667643562548,8.399760094524142,2007,1
2006,29077,5.4822667643562548,8.4677928411211099,2007,1
2007,29077,5.4822667643562548,8.4489143506629425,2007,1
2003,29079,2.344878005184297,4.9487598903781684,2007,1
2004,29079,2.344878005184297,4.8441870864585912,2007,1
2005,29079,2.344878005184297,4.9698132995760007,2007,1
2006,29079,2.344878005184297,4.8283137373023015,2007,1
2007,29079,2.344878005184297,4.8283137373023015,2007,1
2003,29081,2.180417459019838,5.1119877883565437,2007,1
2004,29081,2.180417459019838,5.0625950330269669,2007,1
2005,29081,2.180417459019838,5.1704839950381514,2007,1
2006,29081,2.180417459019838,4.9487598903781684,2007,1
2007,29081,2.180417459019838,4.9052747784384296,2007,1
2003,29085,2.1905355891854228,3.4657359027997265,2007,1
2004,29085,2.1905355891854228,3.2580965380214821,2007,1
2005,29085,2.1905355891854228,3.3322045101752038,2007,1
2006,29085,2.1905355891854228,3.4011973816621555,2007,1
2007,29085,2.1905355891854228,3.4965075614664802,2007,1
2003,29089,2.3235634993792376,4.7004803657924166,2007,1
2004,29089,2.3235634993792376,4.7361984483944957,2007,1
2005,29089,2.3235634993792376,4.7095302013123339,2007,1
2006,29089,2.3235634993792376,4.6913478822291435,2007,1
2007,29089,2.3235634993792376,4.6249728132842707,2007,1
2003,29099,5.2887669057361864,7.806289289267033,2007,1
2004,29099,5.2887669057361864,7.7857208965346238,2007,1
2005,29099,5.2887669057361864,7.7428359554307491,2007,1
2006,29099,5.2887669057361864,7.7384881224946458,2007,1
2007,29099,5.2887669057361864,7.7367436824534952,2007,1
2003,29101,3.8765616171499868,6.0799331950955899,2007,1
2004,29101,3.8765616171499868,6.1420374055873559,2007,1
2005,29101,3.8765616171499868,6.2005091740426899,2007,1
2006,29101,3.8765616171499868,6.1612073216950769,2007,1
2007,29101,3.8765616171499868,6.1841488909374833,2007,1
2003,29105,3.4816400093570188,6.1355648910817386,2007,1
2004,29105,3.4816400093570188,6.0591231955817966,2007,1
2005,29105,3.4816400093570188,6.1463292576688975,2007,1
2006,29105,3.4816400093570188,6.2822667468960063,2007,1
2007,29105,3.4816400093570188,6.2747620212419388,2007,1
2003,29107,3.495294705041271,6.1527326947041043,2007,1
2004,29107,3.495294705041271,6.1923624894748723,2007,1
2005,29107,3.495294705041271,6.1463292576688975,2007,1
2006,29107,3.495294705041271,6.0958245624322247,2007,1
2007,29107,3.495294705041271,6.1202974189509503,2007,1
2003,29117,2.6781406706960662,5.7268477475871968,2007,1
2004,29117,2.6781406706960662,5.7557422135869123,2007,1
2005,29117,2.6781406706960662,5.6454468976432377,2007,1
2006,29117,2.6781406706960662,5.6767538022682817,2007,1
2007,29117,2.6781406706960662,5.5451774444795623,2007,1
2003,29119,3.0764363009689539,5.3565862746720123,2007,1
2004,29119,3.0764363009689539,5.2311086168545868,2007,1
2005,29119,3.0764363009689539,5.1647859739235145,2007,1
2006,29119,3.0764363009689539,5.2832037287379885,2007,1
2007,29119,3.0764363009689539,5.3375380797013179,2007,1
2003,29127,3.3424730365091455,6.3935907539506314,2007,1
2004,29127,3.3424730365091455,6.3315018498936908,2007,1
2005,29127,3.3424730365091455,6.4232469635335194,2007,1
2006,29127,3.3424730365091455,6.3969296552161463,2007,1
2007,29127,3.3424730365091455,6.3681871863504922,2007,1
2003,29131,3.159720123659441,5.5294290875114234,2007,1
2004,29131,3.159720123659441,5.3423342519648109,2007,1
2005,29131,3.159720123659441,5.3471075307174685,2007,1
2006,29131,3.159720123659441,5.4161004022044201,2007,1
2007,29131,3.159720123659441,5.3844950627890888,2007,1
2003,29149,2.3364066414695563,4.219507705176107,2007,1
2004,29149,2.3364066414695563,4.1896547420264252,2007,1
2005,29149,2.3364066414695563,4.3567088266895917,2007,1
2006,29149,2.3364066414695563,4.3567088266895917,2007,1
2007,29149,2.3364066414695563,4.5108595065168497,2007,1
2003,29155,2.9980795166223393,5.4971682252932021,2007,1
2004,29155,2.9980795166223393,5.3423342519648109,2007,1
2005,29155,2.9980795166223393,5.2626901889048856,2007,1
2006,29155,2.9980795166223393,5.4595855141441589,2007,1
2007,29155,2.9980795166223393,5.5529595849216173,2007,1
2003,29163,2.9096840689285375,5.6058020662959978,2007,1
2004,29163,2.9096840689285375,5.6903594543240601,2007,1
2005,29163,2.9096840689285375,5.7203117766074119,2007,1
2006,29163,2.9096840689285375,5.7037824746562009,2007,1
2007,29163,2.9096840689285375,5.6383546693337454,2007,1
2003,29177,3.1507682756535229,5.4806389233419912,2007,1
2004,29177,3.1507682756535229,5.2678581590633282,2007,1
2005,29177,3.1507682756535229,5.2832037287379885,2007,1
2006,29177,3.1507682756535229,5.1873858058407549,2007,1
2007,29177,3.1507682756535229,5.2203558250783244,2007,1
2003,29201,3.6993741912065778,6.089044875446846,2007,1
2004,29201,3.6993741912065778,6.1903154058531475,2007,1
2005,29201,3.6993741912065778,6.1506027684462792,2007,1
2006,29201,3.6993741912065778,6.0980742821662401,2007,1
2007,29201,3.6993741912065778,6.0063531596017325,2007,1
2003,29209,3.3554326362944114,5.0039463059454592,2007,1
2004,29209,3.3554326362944114,5.1984970312658261,2007,1
2005,29209,3.3554326362944114,5.1984970312658261,2007,1
2006,29209,3.3554326362944114,5.2364419628299492,2007,1
2007,29209,3.3554326362944114,5.3230099791384085,2007,1
2003,29211,1.976716439157024,4.2626798770413155,2007,1
2004,29211,1.976716439157024,4.2484952420493594,2007,1
2005,29211,1.976716439157024,3.9318256327243257,2007,1
2006,29211,1.976716439157024,4.0253516907351496,2007,1
2007,29211,1.976716439157024,4.1271343850450917,2007,1
2003,29215,3.1356246422058818,5.3798973535404597,2007,1
2004,29215,3.1356246422058818,5.2983173665480363,2007,1
2005,29215,3.1356246422058818,5.43372200355424,2007,1
2006,29215,3.1356246422058818,5.4161004022044201,2007,1
2007,29215,3.1356246422058818,5.4026773818722793,2007,1
2003,29229,2.8878686276780461,5.5294290875114234,2007,1
2004,29229,2.8878686276780461,5.5451774444795623,2007,1
2005,29229,2.8878686276780461,5.5174528964647074,2007,1
2006,29229,2.8878686276780461,5.4205349992722862,2007,1
2007,29229,2.8878686276780461,5.2626901889048856,2007,1
2003,29510,5.8527454357954491,8.4020067816071204,2007,1
2004,29510,5.8527454357954491,8.3461675943641342,2007,1
2005,29510,5.8527454357954491,8.2970451490818267,2007,1
2006,29510,5.8527454357954491,8.2967958657700525,2007,1
2007,29510,5.8527454357954491,8.2581633615376191,2007,1
2003,30009,2.2567505566502462,5.0814043649844631,2007,1
2004,30009,2.2567505566502462,4.9272536851572051,2007,1
2005,30009,2.2567505566502462,4.7791234931115296,2007,1
2006,30009,2.2567505566502462,4.8751973232011512,2007,1
2007,30009,2.2567505566502462,4.9767337424205742,2007,1
2003,30011,0.30748469974796072,2.4849066497880004,2007,1
2004,30011,0.30748469974796072,1.9459101490553132,2007,1
2005,30011,0.30748469974796072,1.6094379124341003,2007,1
2006,30011,0.30748469974796072,1.9459101490553132,2007,1
2007,30011,0.30748469974796072,2.0794415416798357,2007,1
2003,30013,4.3864792072439043,7.2779385729456614,2007,1
2004,30013,4.3864792072439043,7.1662659741336379,2007,1
2005,30013,4.3864792072439043,7.191429330036379,2007,1
2006,30013,4.3864792072439043,7.259819610363186,2007,1
2007,30013,4.3864792072439043,7.2813856635702825,2007,1
2003,30021,2.2037587386871507,5.3706380281276624,2007,1
2004,30021,2.2037587386871507,5.3082676974012051,2007,1
2005,30021,2.2037587386871507,5.1647859739235145,2007,1
2006,30021,2.2037587386871507,5.4424177105217932,2007,1
2007,30021,2.2037587386871507,5.2522734280466299,2007,1
2003,30033,0.24607852259670557,2.3978952727983707,2007,1
2004,30033,0.24607852259670557,2.8903717578961645,2007,1
2005,30033,0.24607852259670557,2.4849066497880004,2007,1
2006,30033,0.24607852259670557,2.8332133440562162,2007,1
2007,30033,0.24607852259670557,2.8903717578961645,2007,1
2003,30049,4.0202673588257847,7.1292975489293733,2007,1
2004,30049,4.0202673588257847,7.0604763659998007,2007,1
2005,30049,4.0202673588257847,7.0039741367226798,2007,1
2006,30049,4.0202673588257847,7.0950643772871311,2007,1
2007,30049,4.0202673588257847,7.0958932210975316,2007,1
2003,30081,3.5854614949154477,6.2126060957515188,2007,1
2004,30081,3.5854614949154477,6.2186001196917289,2007,1
2005,30081,3.5854614949154477,6.1820849067166321,2007,1
2006,30081,3.5854614949154477,6.2690962837062614,2007,1
2007,30081,3.5854614949154477,6.2785214241658442,2007,1
2003,30087,2.2388995413079127,5.3518581334760666,2007,1
2004,30087,2.2388995413079127,5.3230099791384085,2007,1
2005,30087,2.2388995413079127,5.1119877883565437,2007,1
2006,30087,2.2388995413079127,5.0998664278241987,2007,1
2007,30087,2.2388995413079127,4.9698132995760007,2007,1
2003,30095,2.1035242121957931,4.5643481914678361,2007,1
2004,30095,2.1035242121957931,4.3820266346738812,2007,1
2005,30095,2.1035242121957931,4.6539603501575231,2007,1
2006,30095,2.1035242121957931,4.6539603501575231,2007,1
2007,30095,2.1035242121957931,4.6347289882296359,2007,1
2003,30101,1.6614609405012524,4.2484952420493594,2007,1
2004,30101,1.6614609405012524,4.0073331852324712,2007,1
2005,30101,1.6614609405012524,4.2626798770413155,2007,1
2006,30101,1.6614609405012524,4.1271343850450917,2007,1
2007,30101,1.6614609405012524,4.290459441148391,2007,1
2003,30109,0.065787740538003153,2.7080502011022101,2007,1
2004,30109,0.065787740538003153,2.6390573296152584,2007,1
2005,30109,0.065787740538003153,2.1972245773362196,2007,1
2006,30109,0.065787740538003153,2.1972245773362196,2007,1
2007,30109,0.065787740538003153,2.3025850929940459,2007,1
2003,31003,2.0084824527393419,4.6249728132842707,0,0
2004,31003,2.0084824527393419,4.4426512564903167,0,0
2005,31003,2.0084824527393419,4.4188406077965983,0,0
2006,31003,2.0084824527393419,4.5538768916005408,0,0
2007,31003,2.0084824527393419,4.5108595065168497,0,0
2003,31023,2.1709946726064486,4.7621739347977563,0,0
2004,31023,2.1709946726064486,4.5108595065168497,0,0
2005,31023,2.1709946726064486,4.7095302013123339,0,0
2006,31023,2.1709946726064486,4.6249728132842707,0,0
2007,31023,2.1709946726064486,4.7706846244656651,0,0
2003,31031,1.8161268256763494,4.8828019225863706,0,0
2004,31031,1.8161268256763494,5.0106352940962555,0,0
2005,31031,1.8161268256763494,5.0751738152338266,0,0
2006,31031,1.8161268256763494,4.962844630259907,0,0
2007,31031,1.8161268256763494,4.8751973232011512,0,0
2003,31033,2.2854389341590751,5.4930614433405482,0,0
2004,31033,2.2854389341590751,5.5683445037610966,0,0
2005,31033,2.2854389341590751,5.5834963087816991,0,0
2006,31033,2.2854389341590751,5.5412635451584258,0,0
2007,31033,2.2854389341590751,5.598421958998375,0,0
2003,31041,2.4675061351078331,5.1119877883565437,0,0
2004,31041,2.4675061351078331,5.0434251169192468,0,0
2005,31041,2.4675061351078331,5.0689042022202315,0,0
2006,31041,2.4675061351078331,5.2149357576089859,0,0
2007,31041,2.4675061351078331,5.2882670306945352,0,0
2003,31055,6.1389897554632853,9.3654620088434832,0,0
2004,31055,6.1389897554632853,9.3321154289021031,0,0
2005,31055,6.1389897554632853,9.3111806869022544,0,0
2006,31055,6.1389897554632853,9.3219711881473675,0,0
2007,31055,6.1389897554632853,9.3202704313483782,0,0
2003,31059,1.8922079405248606,4.9767337424205742,0,0
2004,31059,1.8922079405248606,4.7791234931115296,0,0
2005,31059,1.8922079405248606,4.7449321283632502,0,0
2006,31059,1.8922079405248606,4.7004803657924166,0,0
2007,31059,1.8922079405248606,4.6443908991413725,0,0
2003,31061,1.2736854167372362,3.713572066704308,0,0
2004,31061,1.2736854167372362,3.6109179126442243,0,0
2005,31061,1.2736854167372362,3.4011973816621555,0,0
2006,31061,1.2736854167372362,3.3322045101752038,0,0
2007,31061,1.2736854167372362,3.6109179126442243,0,0
2003,31073,0.7622067164914399,2.7080502011022101,0,0
2004,31073,0.7622067164914399,2.7725887222397811,0,0
2005,31073,0.7622067164914399,2.8332133440562162,0,0
2006,31073,0.7622067164914399,2.7080502011022101,0,0
2007,31073,0.7622067164914399,2.6390573296152584,0,0
2003,31079,3.9803169660671345,7.1708884785125049,0,0
2004,31079,3.9803169660671345,7.0992017435530919,0,0
2005,31079,3.9803169660671345,7.0664669701369576,0,0
2006,31079,3.9803169660671345,7.1654934750608454,0,0
2007,31079,3.9803169660671345,7.1754897136242217,0,0
2003,31081,2.2410287872949399,5.2149357576089859,0,0
2004,31081,2.2410287872949399,5.2417470150596426,0,0
2005,31081,2.2410287872949399,5.2094861528414214,0,0
2006,31081,2.2410287872949399,5.1532915944977793,0,0
2007,31081,2.2410287872949399,5.1474944768134527,0,0
2003,31083,1.3313100527871311,3.8501476017100584,0,0
2004,31083,1.3313100527871311,3.7376696182833684,0,0
2005,31083,1.3313100527871311,3.8918202981106265,0,0
2006,31083,1.3313100527871311,3.9889840465642745,0,0
2007,31083,1.3313100527871311,3.8501476017100584,0,0
2003,31101,2.1832383353614797,5.4249500174814029,0,0
2004,31101,2.1832383353614797,5.3082676974012051,0,0
2005,31101,2.1832383353614797,5.3033049080590757,0,0
2006,31101,2.1832383353614797,5.2311086168545868,0,0
2007,31101,2.1832383353614797,5.2626901889048856,0,0
2003,31107,2.2379398995005144,5.0498560072495371,0,0
2004,31107,2.2379398995005144,5.1929568508902104,0,0
2005,31107,2.2379398995005144,5.0814043649844631,0,0
2006,31107,2.2379398995005144,5.0369526024136295,0,0
2007,31107,2.2379398995005144,5.1416635565026603,0,0
2003,31109,5.5226242409394874,8.5782882907760492,0,0
2004,31109,5.5226242409394874,8.5269454828589151,0,0
2005,31109,5.5226242409394874,8.5316876375666908,0,0
2006,31109,5.5226242409394874,8.5203880823127562,0,0
2007,31109,5.5226242409394874,8.5571828396323966,0,0
2003,31123,1.6937790608678513,4.4659081186545837,0,0
2004,31123,1.6937790608678513,4.4067192472642533,0,0
2005,31123,1.6937790608678513,4.2046926193909657,0,0
2006,31123,1.6937790608678513,4.2484952420493594,0,0
2007,31123,1.6937790608678513,4.0430512678345503,0,0
2003,31127,2.0249853558837771,4.9272536851572051,0,0
2004,31127,2.0249853558837771,4.9558270576012609,0,0
2005,31127,2.0249853558837771,4.7184988712950942,0,0
2006,31127,2.0249853558837771,4.6443908991413725,0,0
2007,31127,2.0249853558837771,4.6728288344619058,0,0
2003,31131,2.7341077354214995,5.9454206086065753,0,0
2004,31131,2.7341077354214995,5.7071102647488754,0,0
2005,31131,2.7341077354214995,5.6903594543240601,0,0
2006,31131,2.7341077354214995,5.7493929859082531,0,0
2007,31131,2.7341077354214995,5.8081424899804439,0,0
2003,31133,1.1271997455200222,3.1354942159291497,0,0
2004,31133,1.1271997455200222,3.0910424533583161,0,0
2005,31133,1.1271997455200222,3.1354942159291497,0,0
2006,31133,1.1271997455200222,3.4965075614664802,0,0
2007,31133,1.1271997455200222,3.5553480614894135,0,0
2003,31147,2.2545496439554888,4.836281906951478,0,0
2004,31147,2.2545496439554888,4.9272536851572051,0,0
2005,31147,2.2545496439554888,4.9344739331306915,0,0
2006,31147,2.2545496439554888,4.7273878187123408,0,0
2007,31147,2.2545496439554888,4.7449321283632502,0,0
2003,31151,2.6277796897055978,5.6629604801359461,0,0
2004,31151,2.6277796897055978,5.4424177105217932,0,0
2005,31151,2.6277796897055978,5.5012582105447274,0,0
2006,31151,2.6277796897055978,5.4971682252932021,0,0
2007,31151,2.6277796897055978,5.4026773818722793,0,0
2003,31153,4.8088862396362027,7.5331588074555631,0,0
2004,31153,4.8088862396362027,7.4966524381682831,0,0
2005,31153,4.8088862396362027,7.5352967024440884,0,0
2006,31153,4.8088862396362027,7.5374300365865086,0,0
2007,31153,4.8088862396362027,7.6128310304073565,0,0
2003,31155,2.9871959425317045,5.6094717951849598,0,0
2004,31155,2.9871959425317045,5.602118820879701,0,0
2005,31155,2.9871959425317045,5.4680601411351315,0,0
2006,31155,2.9871959425317045,5.5053315359323625,0,0
2007,31155,2.9871959425317045,5.6383546693337454,0,0
2003,31161,1.8242266593655565,4.4543472962535073,0,0
2004,31161,1.8242266593655565,4.3174881135363101,0,0
2005,31161,1.8242266593655565,4.2626798770413155,0,0
2006,31161,1.8242266593655565,4.2766661190160553,0,0
2007,31161,1.8242266593655565,4.1108738641733114,0,0
2003,31177,2.932792473780117,5.8493247799468593,0,0
2004,31177,2.932792473780117,5.8377304471659395,0,0
2005,31177,2.932792473780117,5.730099782973574,0,0
2006,31177,2.932792473780117,5.6733232671714928,0,0
2007,31177,2.932792473780117,5.598421958998375,0,0
2003,32007,3.8131083372537087,6.513230110912307,2007,1
2004,32007,3.8131083372537087,6.6720329454610674,2007,1
2005,32007,3.8131083372537087,6.7511014689367599,2007,1
2006,32007,3.8131083372537087,6.815639990074331,2007,1
2007,32007,3.8131083372537087,6.8865316425305103,2007,1
2003,32011,0.50138116493799101,2.5649493574615367,2007,1
2004,32011,0.50138116493799101,3.1354942159291497,2007,1
2005,32011,0.50138116493799101,2.8332133440562162,2007,1
2006,32011,0.50138116493799101,3.2580965380214821,2007,1
2007,32011,0.50138116493799101,3.3322045101752038,2007,1
2003,32033,2.2171361311615629,4.9836066217083363,2007,1
2004,32033,2.2171361311615629,4.9126548857360524,2007,1
2005,32033,2.2171361311615629,5.0751738152338266,2007,1
2006,32033,2.2171361311615629,5.1873858058407549,2007,1
2007,32033,2.2171361311615629,5.181783550292085,2007,1
2003,35006,3.2423970199095464,5.4424177105217932,0,0
2004,35006,3.2423970199095464,5.1357984370502621,0,0
2005,35006,3.2423970199095464,5.2626901889048856,0,0
2006,35006,3.2423970199095464,5.472270673671475,0,0
2007,35006,3.2423970199095464,5.4424177105217932,0,0
2003,35013,5.1629671780594864,7.5786568505947622,0,0
2004,35013,5.1629671780594864,7.560601162768557,0,0
2005,35013,5.1629671780594864,7.6285176265750554,0,0
2006,35013,5.1629671780594864,7.5968944381445436,0,0
2007,35013,5.1629671780594864,7.6568100914803781,0,0
2003,35025,4.0165811993119194,6.7190131543852596,0,0
2004,35025,4.0165811993119194,6.7056390948600031,0,0
2005,35025,4.0165811993119194,6.7912214627261855,0,0
2006,35025,4.0165811993119194,6.8916258970522533,0,0
2007,35025,4.0165811993119194,7.0326242610280065,0,0
2003,35033,1.6448050562713916,3.044522437723423,0,0
2004,35033,1.6448050562713916,2.1972245773362196,0,0
2005,35033,1.6448050562713916,2.4849066497880004,0,0
2006,35033,1.6448050562713916,3.044522437723423,0,0
2007,35033,1.6448050562713916,2.8332133440562162,0,0
2003,35045,4.7344513089998435,7.4465850991577254,0,0
2004,35045,4.7344513089998435,7.3771337128339542,0,0
2005,35045,4.7344513089998435,7.3530819205154323,0,0
2006,35045,4.7344513089998435,7.3677085723743714,0,0
2007,35045,4.7344513089998435,7.4477512800479078,0,0
2003,37005,2.3680918951961654,4.6249728132842707,2007,1
2004,37005,2.3680918951961654,4.5849674786705723,2007,1
2005,37005,2.3680918951961654,4.6728288344619058,2007,1
2006,37005,2.3680918951961654,4.6347289882296359,2007,1
2007,37005,2.3680918951961654,4.6249728132842707,2007,1
2003,37021,5.329476828797139,8.0487882835341988,2007,1
2004,37021,5.329476828797139,8.0658935469642739,2007,1
2005,37021,5.329476828797139,8.1420632831041466,2007,1
2006,37021,5.329476828797139,8.1839557173049542,2007,1
2007,37021,5.329476828797139,8.2480057016006203,2007,1
2003,37025,4.8756781236286333,7.6231530684769018,2007,1
2004,37025,4.8756781236286333,7.6857030612345474,2007,1
2005,37025,4.8756781236286333,7.7057128238944275,2007,1
2006,37025,4.8756781236286333,7.8087293067443992,2007,1
2007,37025,4.8756781236286333,7.9006366130180048,2007,1
2003,37029,1.9293451321806181,3.2958368660043291,2007,1
2004,37029,1.9293451321806181,2.9444389791664403,2007,1
2005,37029,1.9293451321806181,3.4657359027997265,2007,1
2006,37029,1.9293451321806181,3.3672958299864741,2007,1
2007,37029,1.9293451321806181,3.2580965380214821,2007,1
2003,37041,2.6759401471839763,5.0689042022202315,2007,1
2004,37041,2.6759401471839763,5.1873858058407549,2007,1
2005,37041,2.6759401471839763,4.9344739331306915,2007,1
2006,37041,2.6759401471839763,5.0814043649844631,2007,1
2007,37041,2.6759401471839763,5.0814043649844631,2007,1
2003,37051,5.7136106858418447,8.0362499421321161,2007,1
2004,37051,5.7136106858418447,8.0426994968976366,2007,1
2005,37051,5.7136106858418447,8.0894824743607536,2007,1
2006,37051,5.7136106858418447,8.1262225294585253,2007,1
2007,37051,5.7136106858418447,8.1397322797176699,2007,1
2003,37057,4.9921046574768209,7.2841348061952047,2007,1
2004,37057,4.9921046574768209,7.2283884515736041,2007,1
2005,37057,4.9921046574768209,7.2298387781512501,2007,1
2006,37057,4.9921046574768209,7.2420823592569619,2007,1
2007,37057,4.9921046574768209,7.2406496942554659,2007,1
2003,37059,3.5506226284820821,5.9584246930297819,2007,1
2004,37059,3.5506226284820821,5.9427993751267012,2007,1
2005,37059,3.5506226284820821,6.1398845522262553,2007,1
2006,37059,3.5506226284820821,6.1355648910817386,2007,1
2007,37059,3.5506226284820821,6.1092475827643655,2007,1
2003,37063,5.4085788528055696,7.9679731796629349,2007,1
2004,37063,5.4085788528055696,7.9648508874473132,2007,1
2005,37063,5.4085788528055696,7.9529667909231314,2007,1
2006,37063,5.4085788528055696,8.0205991498969702,2007,1
2007,37063,5.4085788528055696,8.0284551641142521,2007,1
2003,37075,2.0785661586438819,4.0253516907351496,2007,1
2004,37075,2.0785661586438819,4.2484952420493594,2007,1
2005,37075,2.0785661586438819,4.1743872698956368,2007,1
2006,37075,2.0785661586438819,4.4773368144782069,2007,1
2007,37075,2.0785661586438819,4.7535901911063645,2007,1
2003,37079,2.943069620970685,4.6151205168412597,2007,1
2004,37079,2.943069620970685,4.7095302013123339,2007,1
2005,37079,2.943069620970685,4.5108595065168497,2007,1
2006,37079,2.943069620970685,4.5108595065168497,2007,1
2007,37079,2.943069620970685,4.5108595065168497,2007,1
2003,37085,4.5111341940614968,6.8437499490062246,2007,1
2004,37085,4.5111341940614968,6.8575140625453903,2007,1
2005,37085,4.5111341940614968,6.9373140812236818,2007,1
2006,37085,4.5111341940614968,7.035268599281097,2007,1
2007,37085,4.5111341940614968,6.9930151229329605,2007,1
2003,37093,3.5158941782969686,5.2311086168545868,2007,1
2004,37093,3.5158941782969686,5.1416635565026603,2007,1
2005,37093,3.5158941782969686,5.2882670306945352,2007,1
2006,37093,3.5158941782969686,5.2522734280466299,2007,1
2007,37093,3.5158941782969686,5.3082676974012051,2007,1
2003,37099,3.5001675222979673,5.7930136083841441,2007,1
2004,37099,3.5001675222979673,5.7557422135869123,2007,1
2005,37099,3.5001675222979673,5.8260001073804499,2007,1
2006,37099,3.5001675222979673,5.8493247799468593,2007,1
2007,37099,3.5001675222979673,5.9738096118692612,2007,1
2003,37103,2.3399772122111084,3.8286413964890951,2007,1
2004,37103,2.3399772122111084,3.6635616461296463,2007,1
2005,37103,2.3399772122111084,3.7612001156935624,2007,1
2006,37103,2.3399772122111084,4.1108738641733114,2007,1
2007,37103,2.3399772122111084,3.1354942159291497,2007,1
2003,37105,3.892636291627956,6.5985090286145152,2007,1
2004,37105,3.892636291627956,6.5861716548546747,2007,1
2005,37105,3.892636291627956,6.6758232216348476,2007,1
2006,37105,3.892636291627956,6.5930445341424369,2007,1
2007,37105,3.892636291627956,6.6502790485874224,2007,1
2003,37117,3.2423188765946676,5.3565862746720123,2007,1
2004,37117,3.2423188765946676,5.4026773818722793,2007,1
2005,37117,3.2423188765946676,5.4889377261566867,2007,1
2006,37117,3.2423188765946676,5.4424177105217932,2007,1
2007,37117,3.2423188765946676,5.4116460518550396,2007,1
2003,37123,3.2892224462887483,5.5333894887275203,2007,1
2004,37123,3.2892224462887483,5.4380793089231956,2007,1
2005,37123,3.2892224462887483,5.5568280616995374,2007,1
2006,37123,3.2892224462887483,5.6058020662959978,2007,1
2007,37123,3.2892224462887483,5.579729825986222,2007,1
2003,37127,4.4707240894351683,7.1708884785125049,2007,1
2004,37127,4.4707240894351683,7.1155821261844538,2007,1
2005,37127,4.4707240894351683,7.1163941440934648,2007,1
2006,37127,4.4707240894351683,7.2254814727822945,2007,1
2007,37127,4.4707240894351683,7.3562798765507482,2007,1
2003,37155,4.8149366618606235,6.8575140625453903,2007,1
2004,37155,4.8149366618606235,6.8532990931860782,2007,1
2005,37155,4.8149366618606235,7.0544496581329401,2007,1
2006,37155,4.8149366618606235,6.9939329752231894,2007,1
2007,37155,4.8149366618606235,7.0379059634471819,2007,1
2003,37161,4.1415302653288242,6.300785794663244,2007,1
2004,37161,4.1415302653288242,6.2461067654815627,2007,1
2005,37161,4.1415302653288242,6.2557500417533669,2007,1
2006,37161,4.1415302653288242,6.2971093199339352,2007,1
2007,37161,4.1415302653288242,6.4281052726845962,2007,1
2003,37163,4.0970243018438603,6.3171646867472839,2007,1
2004,37163,4.0970243018438603,6.3851943989977258,2007,1
2005,37163,4.0970243018438603,6.3243589623813108,2007,1
2006,37163,4.0970243018438603,6.3421214187211516,2007,1
2007,37163,4.0970243018438603,6.4473058625412127,2007,1
2003,37165,3.5834633813572871,6.1548580940164177,2007,1
2004,37165,3.5834633813572871,6.2065759267249279,2007,1
2005,37165,3.5834633813572871,6.1484682959176471,2007,1
2006,37165,3.5834633813572871,6.1820849067166321,2007,1
2007,37165,3.5834633813572871,6.1633148040346413,2007,1
2003,37167,4.0621656638578658,6.6253923680079563,2007,1
2004,37167,4.0621656638578658,6.543911845564792,2007,1
2005,37167,4.0621656638578658,6.6133842183795597,2007,1
2006,37167,4.0621656638578658,6.6293632534374485,2007,1
2007,37167,4.0621656638578658,6.6174029779744776,2007,1
2003,37175,3.3787472528245637,5.6767538022682817,2007,1
2004,37175,3.3787472528245637,5.7071102647488754,2007,1
2005,37175,3.3787472528245637,5.7589017738772803,2007,1
2006,37175,3.3787472528245637,5.780743515792329,2007,1
2007,37175,3.3787472528245637,5.7137328055093688,2007,1
2003,37189,3.7540818173595696,6.3261494731550991,2007,1
2004,37189,3.7540818173595696,6.3561076606958915,2007,1
2005,37189,3.7540818173595696,6.3508857167147399,2007,1
2006,37189,3.7540818173595696,6.444131256700441,2007,1
2007,37189,3.7540818173595696,6.4329400927391793,2007,1
2003,37191,4.7302950929169922,7.2470805845857562,2007,1
2004,37191,4.7302950929169922,7.2283884515736041,2007,1
2005,37191,4.7302950929169922,7.217443431696533,2007,1
2006,37191,4.7302950929169922,7.3098814858247865,2007,1
2007,37191,4.7302950929169922,7.304515946460155,2007,1
2003,38001,0.95281550655652736,4.1108738641733114,0,0
2004,38001,0.95281550655652736,4.0943445622221004,0,0
2005,38001,0.95281550655652736,4.0604430105464191,0,0
2006,38001,0.95281550655652736,3.8918202981106265,0,0
2007,38001,0.95281550655652736,4.1743872698956368,0,0
2003,38021,1.7504165056936725,4.6821312271242199,0,0
2004,38021,1.7504165056936725,4.290459441148391,0,0
2005,38021,1.7504165056936725,4.5108595065168497,0,0
2006,38021,1.7504165056936725,4.7449321283632502,0,0
2007,38021,1.7504165056936725,4.6249728132842707,0,0
2003,38023,0.82549036754765848,4.1108738641733114,0,0
2004,38023,0.82549036754765848,4.1108738641733114,0,0
2005,38023,0.82549036754765848,3.8712010109078911,0,0
2006,38023,0.82549036754765848,3.8918202981106265,0,0
2007,38023,0.82549036754765848,3.8501476017100584,0,0
2003,38035,4.1913048949264393,7.2813856635702825,0,0
2004,38035,4.1913048949264393,7.2063772914722524,0,0
2005,38035,4.1913048949264393,7.293697720601438,0,0
2006,38035,4.1913048949264393,7.2820736580934646,0,0
2007,38035,4.1913048949264393,7.2820736580934646,0,0
2003,38037,1.044156102872051,3.4657359027997265,0,0
2004,38037,1.044156102872051,3.2188758248682006,0,0
2005,38037,1.044156102872051,3.1354942159291497,0,0
2006,38037,1.044156102872051,3.2958368660043291,0,0
2007,38037,1.044156102872051,3.4657359027997265,0,0
2003,38049,1.7895904519432151,3.9889840465642745,0,0
2004,38049,1.7895904519432151,3.6375861597263857,0,0
2005,38049,1.7895904519432151,3.8918202981106265,0,0
2006,38049,1.7895904519432151,3.8286413964890951,0,0
2007,38049,1.7895904519432151,4.0253516907351496,0,0
2003,38061,1.8917556223867307,4.9416424226093039,0,0
2004,38061,1.8917556223867307,4.7095302013123339,0,0
2005,38061,1.8917556223867307,4.6443908991413725,0,0
2006,38061,1.8917556223867307,4.5951198501345898,0,0
2007,38061,1.8917556223867307,4.7361984483944957,0,0
2003,38063,1.3123786781697224,3.912023005428146,0,0
2004,38063,1.3123786781697224,4.0430512678345503,0,0
2005,38063,1.3123786781697224,4.0430512678345503,0,0
2006,38063,1.3123786781697224,3.8066624897703196,0,0
2007,38063,1.3123786781697224,3.713572066704308,0,0
2003,38073,1.7732559976634952,4.836281906951478,0,0
2004,38073,1.7732559976634952,4.8751973232011512,0,0
2005,38073,1.7732559976634952,4.7535901911063645,0,0
2006,38073,1.7732559976634952,4.7621739347977563,0,0
2007,38073,1.7732559976634952,4.7957905455967413,0,0
2003,38097,2.1373566136262685,5.1647859739235145,0,0
2004,38097,2.1373566136262685,5.1416635565026603,0,0
2005,38097,2.1373566136262685,5.0172798368149243,0,0
2006,38097,2.1373566136262685,5.0875963352323836,0,0
2007,38097,2.1373566136262685,5.0562458053483077,0,0
2003,38099,2.5168089821336017,5.8464387750577247,0,0
2004,38099,2.5168089821336017,5.7714411231300158,0,0
2005,38099,2.5168089821336017,5.6970934865054046,0,0
2006,38099,2.5168089821336017,5.6903594543240601,0,0
2007,38099,2.5168089821336017,5.6733232671714928,0,0
2003,38105,2.9837102983266655,6.1675164908883415,0,0
2004,38105,2.9837102983266655,6.0707377280024897,0,0
2005,38105,2.9837102983266655,6.1246833908942051,0,0
2006,38105,2.9837102983266655,6.1696107324914564,0,0
2007,38105,2.9837102983266655,6.1882641230825897,0,0
2003,39019,3.3616246065423323,5.4638318050256105,2007,1
2004,39019,3.3616246065423323,5.4424177105217932,2007,1
2005,39019,3.3616246065423323,5.4026773818722793,2007,1
2006,39019,3.3616246065423323,5.2781146592305168,2007,1
2007,39019,3.3616246065423323,5.3518581334760666,2007,1
2003,39021,3.6607371481676561,5.8998973535824915,2007,1
2004,39021,3.6607371481676561,5.7745515455444085,2007,1
2005,39021,3.6607371481676561,5.8021183753770629,2007,1
2006,39021,3.6607371481676561,5.8636311755980968,2007,1
2007,39021,3.6607371481676561,5.7838251823297373,2007,1
2003,39035,7.2399168092734083,10.002019808600375,2007,1
2004,39035,7.2399168092734083,9.9475522836982293,2007,1
2005,39035,7.2399168092734083,9.9146747419266923,2007,1
2006,39035,7.2399168092734083,9.915959454031448,2007,1
2007,39035,7.2399168092734083,9.8937402010812487,2007,1
2003,39047,3.3475504424313796,6.3421214187211516,2007,1
2004,39047,3.3475504424313796,6.329720905522696,2007,1
2005,39047,3.3475504424313796,6.3385940782031831,2007,1
2006,39047,3.3475504424313796,6.2324480165505225,2007,1
2007,39047,3.3475504424313796,6.2441669006637364,2007,1
2003,39055,4.5097049941700247,7.2943772992888212,2007,1
2004,39055,4.5097049941700247,7.2420823592569619,2007,1
2005,39055,4.5097049941700247,7.2203738367239492,2007,1
2006,39055,4.5097049941700247,7.3092123656927628,2007,1
2007,39055,4.5097049941700247,7.2427979227937556,2007,1
2003,39063,4.2668261987340825,7.1546153569136628,2007,1
2004,39063,4.2668261987340825,7.0621916322865559,2007,1
2005,39063,4.2668261987340825,7.1292975489293733,2007,1
2006,39063,4.2668261987340825,7.1139561095660344,2007,1
2007,39063,4.2668261987340825,7.1467721794526371,2007,1
2003,39071,3.7105186292174173,6.1136821798322316,2007,1
2004,39071,3.7105186292174173,6.1441856341256456,2007,1
2005,39071,3.7105186292174173,6.2106000770246528,2007,1
2006,39071,3.7105186292174173,6.1923624894748723,2007,1
2007,39071,3.7105186292174173,6.1070228877422545,2007,1
2003,39079,3.485569166881497,5.8348107370626048,2007,1
2004,39079,3.485569166881497,5.7557422135869123,2007,1
2005,39079,3.485569166881497,5.8692969131337742,2007,1
2006,39079,3.485569166881497,5.8260001073804499,2007,1
2007,39079,3.485569166881497,5.7899601708972535,2007,1
2003,39095,6.1204160932275613,9.0105470692701886,2007,1
2004,39095,6.1204160932275613,8.9271813882519861,2007,1
2005,39095,6.1204160932275613,8.8420265294988116,2007,1
2006,39095,6.1204160932275613,8.8402906690889722,2007,1
2007,39095,6.1204160932275613,8.8217323809344421,2007,1
2003,39097,3.6941903264325129,5.9763509092979339,2007,1
2004,39097,3.6941903264325129,5.9401712527204316,2007,1
2005,39097,3.6941903264325129,6.1333980429966486,2007,1
2006,39097,3.6941903264325129,5.9506425525877269,2007,1
2007,39097,3.6941903264325129,5.855071922202427,2007,1
2003,39107,3.7117166880166934,6.776506992372183,2007,1
2004,39107,3.7117166880166934,6.7696419768525029,2007,1
2005,39107,3.7117166880166934,6.7345916599729483,2007,1
2006,39107,3.7117166880166934,6.8057225534169854,2007,1
2007,39107,3.7117166880166934,6.7190131543852596,2007,1
2003,39111,2.7199787719674839,3.3322045101752038,2007,1
2004,39111,2.7199787719674839,3.2580965380214821,2007,1
2005,39111,2.7199787719674839,3.5263605246161616,2007,1
2006,39111,2.7199787719674839,3.4965075614664802,2007,1
2007,39111,2.7199787719674839,3.4011973816621555,2007,1
2003,39119,4.437756945927255,7.1204443723924875,2007,1
2004,39119,4.437756945927255,7.0255383146385206,2007,1
2005,39119,4.437756945927255,6.9460139910992273,2007,1
2006,39119,4.437756945927255,6.8596149036542018,2007,1
2007,39119,4.437756945927255,6.8956826977478682,2007,1
2003,39143,4.1237739062461038,6.831953565565855,2007,1
2004,39143,4.1237739062461038,6.828712071641684,2007,1
2005,39143,4.1237739062461038,6.7452363494843626,2007,1
2006,39143,4.1237739062461038,6.7334018918373593,2007,1
2007,39143,4.1237739062461038,6.7650389767805414,2007,1
2003,39163,2.5499138110966104,4.2341065045972597,2007,1
2004,39163,2.5499138110966104,4.2484952420493594,2007,1
2005,39163,2.5499138110966104,4.0943445622221004,2007,1
2006,39163,2.5499138110966104,3.8712010109078911,2007,1
2007,39163,2.5499138110966104,4.0073331852324712,2007,1
2003,39173,4.7963275914444452,7.5579949585308057,2007,1
2004,39173,4.7963275914444452,7.5213179801992398,2007,1
2005,39173,4.7963275914444452,7.4650827363995473,2007,1
2006,39173,4.7963275914444452,7.4736371084962059,2007,1
2007,39173,4.7963275914444452,7.5126175446745105,2007,1
2003,40003,1.809108107562668,4.0253516907351496,0,0
2004,40003,1.809108107562668,3.7612001156935624,0,0
2005,40003,1.809108107562668,3.912023005428146,0,0
2006,40003,1.809108107562668,3.8501476017100584,0,0
2007,40003,1.809108107562668,3.9889840465642745,0,0
2003,40013,3.5982433338544921,6.1779441140506002,0,0
2004,40013,3.5982433338544921,6.2422232654551655,0,0
2005,40013,3.5982433338544921,6.280395838960195,0,0
2006,40013,3.5982433338544921,6.1355648910817386,0,0
2007,40013,3.5982433338544921,6.1923624894748723,0,0
2003,40015,3.4061849231731944,5.4595855141441589,0,0
2004,40015,3.4061849231731944,5.2781146592305168,0,0
2005,40015,3.4061849231731944,5.3278761687895813,0,0
2006,40015,3.4061849231731944,5.4116460518550396,0,0
2007,40015,3.4061849231731944,5.389071729816501,0,0
2003,40017,4.4738876912673913,7.1212524532445416,0,0
2004,40017,4.4738876912673913,7.0859014643656106,0,0
2005,40017,4.4738876912673913,7.00033446027523,0,0
2006,40017,4.4738876912673913,7.0783415795576712,0,0
2007,40017,4.4738876912673913,7.0909098220799835,0,0
2003,40025,1.1467673305551569,3.8066624897703196,0,0
2004,40025,1.1467673305551569,3.5835189384561099,0,0
2005,40025,1.1467673305551569,3.5553480614894135,0,0
2006,40025,1.1467673305551569,3.9318256327243257,0,0
2007,40025,1.1467673305551569,3.5553480614894135,0,0
2003,40039,3.26354321636336,6.045005314036012,0,0
2004,40039,3.26354321636336,5.9864520052844377,0,0
2005,40039,3.26354321636336,5.8998973535824915,0,0
2006,40039,3.26354321636336,5.9839362806871907,0,0
2007,40039,3.26354321636336,6.0234475929610332,0,0
2003,40063,2.6499972696535932,4.6249728132842707,0,0
2004,40063,2.6499972696535932,4.4543472962535073,0,0
2005,40063,2.6499972696535932,4.2766661190160553,0,0
2006,40063,2.6499972696535932,4.1108738641733114,0,0
2007,40063,2.6499972696535932,4.5217885770490405,0,0
2003,40069,2.3526125865936938,4.499809670330265,0,0
2004,40069,2.3526125865936938,4.3820266346738812,0,0
2005,40069,2.3526125865936938,4.1896547420264252,0,0
2006,40069,2.3526125865936938,4.1896547420264252,0,0
2007,40069,2.3526125865936938,4.6634390941120669,0,0
2003,40075,2.3250312818238759,4.6051701859880918,0,0
2004,40075,2.3250312818238759,4.3820266346738812,0,0
2005,40075,2.3250312818238759,4.2626798770413155,0,0
2006,40075,2.3250312818238759,4.2626798770413155,0,0
2007,40075,2.3250312818238759,4.1108738641733114,0,0
2003,40083,3.5241227284994534,5.6559918108198524,0,0
2004,40083,3.5241227284994534,5.3844950627890888,0,0
2005,40083,3.5241227284994534,5.4293456289544411,0,0
2006,40083,3.5241227284994534,5.4380793089231956,0,0
2007,40083,3.5241227284994534,5.472270673671475,0,0
2003,40101,4.2406214679447825,7.026426808699636,0,0
2004,40101,4.2406214679447825,6.7945865808764987,0,0
2005,40101,4.2406214679447825,6.9107507879619359,0,0
2006,40101,4.2406214679447825,6.9517721643989114,0,0
2007,40101,4.2406214679447825,6.7833252006039597,0,0
2003,40119,4.2222979265325611,6.9603477291013078,0,0
2004,40119,4.2222979265325611,6.8772960714974287,0,0
2005,40119,4.2222979265325611,6.7202201551352951,0,0
2006,40119,4.2222979265325611,6.8101424501151362,0,0
2007,40119,4.2222979265325611,6.8362592772770672,0,0
2003,40137,3.7654237417537222,6.2065759267249279,0,0
2004,40137,3.7654237417537222,6.1717005974109149,0,0
2005,40137,3.7654237417537222,6.1944053911046719,0,0
2006,40137,3.7654237417537222,6.3026189757449051,0,0
2007,40137,3.7654237417537222,6.3080984415095305,0,0
2003,40143,6.3338105706461185,9.2755661568938894,0,0
2004,40143,6.3338105706461185,9.1850225639918932,0,0
2005,40143,6.3338105706461185,9.2130367335239249,0,0
2006,40143,6.3338105706461185,9.3177587687434524,0,0
2007,40143,6.3338105706461185,9.3610852586686075,0,0
2003,40145,4.0516284138133685,5.8916442118257715,0,0
2004,40145,4.0516284138133685,5.8522024797744745,0,0
2005,40145,4.0516284138133685,5.9242557974145322,0,0
2006,40145,4.0516284138133685,6.0063531596017325,0,0
2007,40145,4.0516284138133685,6.0210233493495267,0,0
2003,40153,2.9170136888425859,5.7333412768977459,0,0
2004,40153,2.9170136888425859,5.6419070709381138,0,0
2005,40153,2.9170136888425859,5.7268477475871968,0,0
2006,40153,2.9170136888425859,5.8692969131337742,0,0
2007,40153,2.9170136888425859,5.9506425525877269,0,0
2003,45007,5.1104202954208962,7.6586995582682995,0,0
2004,45007,5.1104202954208962,7.611842399580417,0,0
2005,45007,5.1104202954208962,7.6221745948176221,0,0
2006,45007,5.1104202954208962,7.6582275261613519,0,0
2007,45007,5.1104202954208962,7.6396422878580132,0,0
2003,45009,2.8128905815131486,5.0304379213924353,0,0
2004,45009,2.8128905815131486,4.9344739331306915,0,0
2005,45009,2.8128905815131486,5.1298987149230735,0,0
2006,45009,2.8128905815131486,5.0562458053483077,0,0
2007,45009,2.8128905815131486,5.1416635565026603,0,0
2003,45013,4.7952697488486296,7.5822291942764615,0,0
2004,45013,4.7952697488486296,7.5704432520573741,0,0
2005,45013,4.7952697488486296,7.6511201757027001,0,0
2006,45013,4.7952697488486296,7.7458682297922685,0,0
2007,45013,4.7952697488486296,7.7177962110135816,0,0
2003,45017,2.7203080984977119,4.219507705176107,0,0
2004,45017,2.7203080984977119,4.1271343850450917,0,0
2005,45017,2.7203080984977119,4.1431347263915326,0,0
2006,45017,2.7203080984977119,4.1743872698956368,0,0
2007,45017,2.7203080984977119,4.2341065045972597,0,0
2003,45019,5.7364722924788589,8.5223797181035383,0,0
2004,45019,5.7364722924788589,8.5093626123010484,0,0
2005,45019,5.7364722924788589,8.6057533683957175,0,0
2006,45019,5.7364722924788589,8.7001811927533534,0,0
2007,45019,5.7364722924788589,8.7129244351201098,0,0
2003,45023,3.5283585272788343,5.3471075307174685,0,0
2004,45023,3.5283585272788343,5.3518581334760666,0,0
2005,45023,3.5283585272788343,5.3565862746720123,0,0
2006,45023,3.5283585272788343,5.476463551931511,0,0
2007,45023,3.5283585272788343,5.5254529391317835,0,0
2003,45025,3.7557901593965632,5.8051349689164882,0,0
2004,45025,3.7557901593965632,5.7333412768977459,0,0
2005,45025,3.7557901593965632,5.8522024797744745,0,0
2006,45025,3.7557901593965632,5.7838251823297373,0,0
2007,45025,3.7557901593965632,5.8998973535824915,0,0
2003,45037,3.2025431702473033,5.0998664278241987,0,0
2004,45037,3.2025431702473033,4.9698132995760007,0,0
2005,45037,3.2025431702473033,5.0304379213924353,0,0
2006,45037,3.2025431702473033,4.9972122737641147,0,0
2007,45037,3.2025431702473033,5.2729995585637468,0,0
2003,45051,5.2813187044645904,7.987864096085687,0,0
2004,45051,5.2813187044645904,7.9745328441302279,0,0
2005,45051,5.2813187044645904,8.1128274787513739,0,0
2006,45051,5.2813187044645904,8.1997389606307856,0,0
2007,45051,5.2813187044645904,8.2865213736812358,0,0
2003,45055,3.9636092568995793,6.1779441140506002,0,0
2004,45055,3.9636092568995793,6.3026189757449051,0,0
2005,45055,3.9636092568995793,6.4085287910594984,0,0
2006,45055,3.9636092568995793,6.2859980945088649,0,0
2007,45055,3.9636092568995793,6.3818160174060985,0,0
2003,45059,4.2422903169704078,6.4216222678065176,0,0
2004,45059,4.2422903169704078,6.2576675878826391,0,0
2005,45059,4.2422903169704078,6.3243589623813108,0,0
2006,45059,4.2422903169704078,6.3561076606958915,0,0
2007,45059,4.2422903169704078,6.3421214187211516,0,0
2003,45067,3.5685744910702875,5.6903594543240601,0,0
2004,45067,3.5685744910702875,5.6058020662959978,0,0
2005,45067,3.5685744910702875,5.6131281063880705,0,0
2006,45067,3.5685744910702875,5.6454468976432377,0,0
2007,45067,3.5685744910702875,5.6383546693337454,0,0
2003,45073,4.1929070233789281,6.5652649700353614,0,0
2004,45073,4.1929070233789281,6.4329400927391793,0,0
2005,45073,4.1929070233789281,6.3969296552161463,0,0
2006,45073,4.1929070233789281,6.4183649359362116,0,0
2007,45073,4.1929070233789281,6.444131256700441,0,0
2003,45081,2.9539202057395508,5.0498560072495371,0,0
2004,45081,2.9539202057395508,5.1059454739005803,0,0
2005,45081,2.9539202057395508,5.1532915944977793,0,0
2006,45081,2.9539202057395508,5.1647859739235145,0,0
2007,45081,2.9539202057395508,5.1119877883565437,0,0
2003,45087,3.3972228269067442,5.2257466737132017,0,0
2004,45087,3.3972228269067442,5.0172798368149243,0,0
2005,45087,3.3972228269067442,5.0937502008067623,0,0
2006,45087,3.3972228269067442,5.3278761687895813,0,0
2007,45087,3.3972228269067442,5.4071717714601188,0,0
2003,46013,3.5684053006460617,6.7499311937885702,0,0
2004,46013,3.5684053006460617,6.6858609470683596,0,0
2005,46013,3.5684053006460617,6.70196036600254,0,0
2006,46013,3.5684053006460617,6.7821920560067914,0,0
2007,46013,3.5684053006460617,6.7867169506050811,0,0
2003,46021,0.5777363290486176,3.044522437723423,0,0
2004,46021,0.5777363290486176,2.9957322735539909,0,0
2005,46021,0.5777363290486176,2.7080502011022101,0,0
2006,46021,0.5777363290486176,2.7080502011022101,0,0
2007,46021,0.5777363290486176,2.5649493574615367,0,0
2003,46029,3.254127131880836,6.6160651851328174,0,0
2004,46029,3.254127131880836,6.5624440936937196,0,0
2005,46029,3.254127131880836,6.6240652277998935,0,0
2006,46029,3.254127131880836,6.5930445341424369,0,0
2007,46029,3.254127131880836,6.5722825426940075,0,0
2003,46033,1.9844438130575563,4.2341065045972597,0,0
2004,46033,1.9844438130575563,4.1896547420264252,0,0
2005,46033,1.9844438130575563,4.4188406077965983,0,0
2006,46033,1.9844438130575563,4.4773368144782069,0,0
2007,46033,1.9844438130575563,4.3944491546724391,0,0
2003,46047,2.008616635899557,4.6051701859880918,0,0
2004,46047,2.008616635899557,4.6913478822291435,0,0
2005,46047,2.008616635899557,4.5325994931532563,0,0
2006,46047,2.008616635899557,4.8283137373023015,0,0
2007,46047,2.008616635899557,4.836281906951478,0,0
2003,46065,2.8022082022520429,6.1333980429966486,0,0
2004,46065,2.8022082022520429,6.1268691841141854,0,0
2005,46065,2.8022082022520429,6.1675164908883415,0,0
2006,46065,2.8022082022520429,6.1355648910817386,0,0
2007,46065,2.8022082022520429,6.1047932324149849,0,0
2003,46075,0.17647114311577911,3.4965075614664802,0,0
2004,46075,0.17647114311577911,3.4965075614664802,0,0
2005,46075,0.17647114311577911,3.2580965380214821,0,0
2006,46075,0.17647114311577911,2.9444389791664403,0,0
2007,46075,0.17647114311577911,3.1780538303479458,0,0
2003,46079,2.422676573251866,5.4595855141441589,0,0
2004,46079,2.422676573251866,5.3132059790417872,0,0
2005,46079,2.422676573251866,5.4249500174814029,0,0
2006,46079,2.422676573251866,5.3033049080590757,0,0
2007,46079,2.422676573251866,5.3230099791384085,0,0
2003,46095,0.73380916227883508,2.3978952727983707,0,0
2004,46095,0.73380916227883508,2.7080502011022101,0,0
2005,46095,0.73380916227883508,2.8332133440562162,0,0
2006,46095,0.73380916227883508,2.9444389791664403,0,0
2007,46095,0.73380916227883508,3.3672958299864741,0,0
2003,46105,1.2128334327581325,4.0430512678345503,0,0
2004,46105,1.2128334327581325,4.0253516907351496,0,0
2005,46105,1.2128334327581325,4.2046926193909657,0,0
2006,46105,1.2128334327581325,4.1743872698956368,0,0
2007,46105,1.2128334327581325,4.0775374439057197,0,0
2003,46109,2.3041838143577427,5.1474944768134527,0,0
2004,46109,2.3041838143577427,5.1590552992145291,0,0
2005,46109,2.3041838143577427,5.2470240721604862,0,0
2006,46109,2.3041838143577427,5.2149357576089859,0,0
2007,46109,2.3041838143577427,5.1298987149230735,0,0
2003,46115,2.0087508010570665,4.8121843553724171,0,0
2004,46115,2.0087508010570665,4.9126548857360524,0,0
2005,46115,2.0087508010570665,5.0238805208462765,0,0
2006,46115,2.0087508010570665,5.0875963352323836,0,0
2007,46115,2.0087508010570665,5.0562458053483077,0,0
2003,46119,0.44211842575619992,2.8332133440562162,0,0
2004,46119,0.44211842575619992,2.9957322735539909,0,0
2005,46119,0.44211842575619992,2.7080502011022101,0,0
2006,46119,0.44211842575619992,2.9957322735539909,0,0
2007,46119,0.44211842575619992,2.8903717578961645,0,0
2003,46121,2.2027647577118348,3.4965075614664802,0,0
2004,46121,2.2027647577118348,3.7612001156935624,0,0
2005,46121,2.2027647577118348,3.4657359027997265,0,0
2006,46121,2.2027647577118348,3.5835189384561099,0,0
2007,46121,2.2027647577118348,3.1780538303479458,0,0
2003,47005,2.8056002946680594,5.0689042022202315,0,0
2004,47005,2.8056002946680594,4.9558270576012609,0,0
2005,47005,2.8056002946680594,4.990432586778736,0,0
2006,47005,2.8056002946680594,5.0039463059454592,0,0
2007,47005,2.8056002946680594,4.9416424226093039,0,0
2003,47007,2.5150316347599202,3.970291913552122,0,0
2004,47007,2.5150316347599202,3.8501476017100584,0,0
2005,47007,2.5150316347599202,4.0775374439057197,0,0
2006,47007,2.5150316347599202,3.9318256327243257,0,0
2007,47007,2.5150316347599202,4.1588830833596715,0,0
2003,47009,4.6617678871024815,6.9431224228194282,0,0
2004,47009,4.6617678871024815,7.0021559544036212,0,0
2005,47009,4.6617678871024815,7.0681720003880422,0,0
2006,47009,4.6617678871024815,7.1204443723924875,0,0
2007,47009,4.6617678871024815,7.0967213784947605,0,0
2003,47013,3.6852227766103924,5.5373342670185366,0,0
2004,47013,3.6852227766103924,5.5412635451584258,0,0
2005,47013,3.6852227766103924,5.6835797673386814,0,0
2006,47013,3.6852227766103924,5.6131281063880705,0,0
2007,47013,3.6852227766103924,5.6559918108198524,0,0
2003,47029,3.5134838573907148,5.3612921657094255,0,0
2004,47029,3.5134838573907148,5.2364419628299492,0,0
2005,47029,3.5134838573907148,5.3471075307174685,0,0
2006,47029,3.5134838573907148,5.3230099791384085,0,0
2007,47029,3.5134838573907148,5.4380793089231956,0,0
2003,47047,3.3605836987768583,5.0689042022202315,0,0
2004,47047,3.3605836987768583,5.0751738152338266,0,0
2005,47047,3.3605836987768583,5.1474944768134527,0,0
2006,47047,3.3605836987768583,5.4071717714601188,0,0
2007,47047,3.3605836987768583,5.4806389233419912,0,0
2003,47065,5.7297620636151487,8.5731953815315229,0,0
2004,47065,5.7297620636151487,8.6030038478293491,0,0
2005,47065,5.7297620636151487,8.6319494287144263,0,0
2006,47065,5.7297620636151487,8.5577591531628983,0,0
2007,47065,5.7297620636151487,8.5636950250676573,0,0
2003,47073,3.9808585312035771,6.1268691841141854,0,0
2004,47073,3.9808585312035771,6.0088131854425946,0,0
2005,47073,3.9808585312035771,5.934894195619588,0,0
2006,47073,3.9808585312035771,6.0426328336823811,0,0
2007,47073,3.9808585312035771,5.9375362050824263,0,0
2003,47081,3.1043624380794399,4.9836066217083363,0,0
2004,47081,3.1043624380794399,4.8520302639196169,0,0
2005,47081,3.1043624380794399,4.8283137373023015,0,0
2006,47081,3.1043624380794399,4.8903491282217537,0,0
2007,47081,3.1043624380794399,5.0106352940962555,0,0
2003,47097,3.299570627573857,4.7361984483944957,0,0
2004,47097,3.299570627573857,4.7273878187123408,0,0
2005,47097,3.299570627573857,4.5217885770490405,0,0
2006,47097,3.299570627573857,4.7874917427820458,0,0
2007,47097,3.299570627573857,4.8828019225863706,0,0
2003,47099,3.6870277407504619,5.8971538676367405,0,0
2004,47099,3.6870277407504619,5.9188938542731462,0,0
2005,47099,3.6870277407504619,5.9661467391236922,0,0
2006,47099,3.6870277407504619,5.9661467391236922,0,0
2007,47099,3.6870277407504619,6.0520891689244172,0,0
2003,47125,4.9035547815730078,7.3165481771829759,0,0
2004,47125,4.9035547815730078,7.3349818788718144,0,0
2005,47125,4.9035547815730078,7.3889460976184367,0,0
2006,47125,4.9035547815730078,7.4259536570775406,0,0
2007,47125,4.9035547815730078,7.5147997604886703,0,0
2003,47145,3.9495114498391377,6.0234475929610332,0,0
2004,47145,3.9495114498391377,6.1025585946135692,0,0
2005,47145,3.9495114498391377,6.1923624894748723,0,0
2006,47145,3.9495114498391377,6.0799331950955899,0,0
2007,47145,3.9495114498391377,6.0497334552319577,0,0
2003,47157,6.7995819221041858,9.4860763734095634,0,0
2004,47157,6.7995819221041858,9.4477023605279484,0,0
2005,47157,6.7995819221041858,9.4064004548806501,0,0
2006,47157,6.7995819221041858,9.4703171733357419,0,0
2007,47157,6.7995819221041858,9.5249321097348219,0,0
2003,47171,2.8716984926305433,4.9972122737641147,0,0
2004,47171,2.8716984926305433,4.6913478822291435,0,0
2005,47171,2.8716984926305433,4.8598124043616719,0,0
2006,47171,2.8716984926305433,4.8903491282217537,0,0
2007,47171,2.8716984926305433,4.8598124043616719,0,0
2003,47173,2.8796477945331889,4.5108595065168497,0,0
2004,47173,2.8796477945331889,4.3438054218536841,0,0
2005,47173,2.8796477945331889,4.3307333402863311,0,0
2006,47173,2.8796477945331889,4.6347289882296359,0,0
2007,47173,2.8796477945331889,4.4543472962535073,0,0
2003,48015,3.1608228934195837,5.7397929121792339,0,0
2004,48015,3.1608228934195837,5.8664680569332965,0,0
2005,48015,3.1608228934195837,5.8664680569332965,0,0
2006,48015,3.1608228934195837,5.8998973535824915,0,0
2007,48015,3.1608228934195837,5.9989365619466826,0,0
2003,48019,2.8704524571272332,4.7535901911063645,0,0
2004,48019,2.8704524571272332,4.6728288344619058,0,0
2005,48019,2.8704524571272332,4.836281906951478,0,0
2006,48019,2.8704524571272332,4.7957905455967413,0,0
2007,48019,2.8704524571272332,4.7957905455967413,0,0
2003,48025,3.4768921893642251,5.2203558250783244,0,0
2004,48025,3.4768921893642251,5.2417470150596426,0,0
2005,48025,3.4768921893642251,5.1929568508902104,0,0
2006,48025,3.4768921893642251,5.3659760150218512,0,0
2007,48025,3.4768921893642251,5.3327187932653688,0,0
2003,48031,2.1303722703483787,4.5747109785033828,0,0
2004,48031,2.1303722703483787,4.6051701859880918,0,0
2005,48031,2.1303722703483787,4.4188406077965983,0,0
2006,48031,2.1303722703483787,4.4543472962535073,0,0
2007,48031,2.1303722703483787,4.5951198501345898,0,0
2003,48043,2.1822237363228618,4.836281906951478,0,0
2004,48043,2.1822237363228618,4.8903491282217537,0,0
2005,48043,2.1822237363228618,5.1647859739235145,0,0
2006,48043,2.1822237363228618,5.3278761687895813,0,0
2007,48043,2.1822237363228618,5.4971682252932021,0,0
2003,48055,3.4717800997840378,5.3518581334760666,0,0
2004,48055,3.4717800997840378,5.4971682252932021,0,0
2005,48055,3.4717800997840378,5.3798973535404597,0,0
2006,48055,3.4717800997840378,5.4467373716663099,0,0
2007,48055,3.4717800997840378,5.43372200355424,0,0
2003,48061,5.8148079142900517,7.8414929244600131,0,0
2004,48061,5.8148079142900517,7.8164169836918012,0,0
2005,48061,5.8148079142900517,7.7424020218157823,0,0
2006,48061,5.8148079142900517,7.818430272070656,0,0
2007,48061,5.8148079142900517,7.9276850456157781,0,0
2003,48073,3.8428658347305329,6.3526293963195668,0,0
2004,48073,3.8428658347305329,6.0776422433490342,0,0
2005,48073,3.8428658347305329,6.1944053911046719,0,0
2006,48073,3.8428658347305329,6.2106000770246528,0,0
2007,48073,3.8428658347305329,6.2265366692874657,0,0
2003,48077,2.3984405786375671,4.3438054218536841,0,0
2004,48077,2.3984405786375671,4.1108738641733114,0,0
2005,48077,2.3984405786375671,4.1588830833596715,0,0
2006,48077,2.3984405786375671,3.912023005428146,0,0
2007,48077,2.3984405786375671,3.8066624897703196,0,0
2003,48113,7.7047664058985124,10.442696530693889,0,0
2004,48113,7.7047664058985124,10.339126160651841,0,0
2005,48113,7.7047664058985124,10.337118907970643,0,0
2006,48113,7.7047664058985124,10.378478723292902,0,0
2007,48113,7.7047664058985124,10.435262205052501,0,0
2003,48117,2.9210626052169615,5.4249500174814029,0,0
2004,48117,2.9210626052169615,5.2832037287379885,0,0
2005,48117,2.9210626052169615,5.2678581590633282,0,0
2006,48117,2.9210626052169615,5.4638318050256105,0,0
2007,48117,2.9210626052169615,5.4971682252932021,0,0
2003,48121,6.070682299214611,8.6235332271875631,0,0
2004,48121,6.070682299214611,8.6303432893488932,0,0
2005,48121,6.070682299214611,8.6825381240030755,0,0
2006,48121,6.070682299214611,8.7573118469364086,0,0
2007,48121,6.070682299214611,8.8095642533541501,0,0
2003,48151,1.4687955826316343,2.9444389791664403,0,0
2004,48151,1.4687955826316343,2.9957322735539909,0,0
2005,48151,1.4687955826316343,2.5649493574615367,0,0
2006,48151,1.4687955826316343,2.9957322735539909,0,0
2007,48151,1.4687955826316343,2.4849066497880004,0,0
2003,48173,0.34074879338847308,2.3978952727983707,0,0
2004,48173,0.34074879338847308,1.791759469228055,0,0
2005,48173,0.34074879338847308,1.9459101490553132,0,0
2006,48173,0.34074879338847308,2.0794415416798357,0,0
2007,48173,0.34074879338847308,1.3862943611198906,0,0
2003,48213,4.2942467806632276,6.5708829623395841,0,0
2004,48213,4.2942467806632276,6.4738906963522744,0,0
2005,48213,4.2942467806632276,6.3969296552161463,0,0
2006,48213,4.2942467806632276,6.4952655559370083,0,0
2007,48213,4.2942467806632276,6.4645883036899612,0,0
2003,48221,3.7160081215021892,6.2363695902037044,0,0
2004,48221,3.7160081215021892,6.1377270540862341,0,0
2005,48221,3.7160081215021892,6.0567840132286248,0,0
2006,48221,3.7160081215021892,6.253828811575473,0,0
2007,48221,3.7160081215021892,6.363028103540465,0,0
2003,48223,3.464485120898074,5.955837369464831,0,0
2004,48223,3.464485120898074,5.9188938542731462,0,0
2005,48223,3.464485120898074,5.857933154483459,0,0
2006,48223,3.464485120898074,5.9506425525877269,0,0
2007,48223,3.464485120898074,5.9053618480545707,0,0
2003,48245,5.5296314479875415,8.0176371599084781,0,0
2004,48245,5.5296314479875415,7.9233482119301542,0,0
2005,48245,5.5296314479875415,8.0916274116010705,0,0
2006,48245,5.5296314479875415,8.1861859942260828,0,0
2007,48245,5.5296314479875415,8.1730113117249719,0,0
2003,48249,3.6718858777373651,5.6204008657171496,0,0
2004,48249,3.6718858777373651,5.7620513827801769,0,0
2005,48249,3.6718858777373651,5.7397929121792339,0,0
2006,48249,3.6718858777373651,5.7868973813667077,0,0
2007,48249,3.6718858777373651,5.8692969131337742,0,0
2003,48271,1.2175798077321529,2.6390573296152584,0,0
2004,48271,1.2175798077321529,1.6094379124341003,0,0
2005,48271,1.2175798077321529,1.6094379124341003,0,0
2006,48271,1.2175798077321529,2.1972245773362196,0,0
2007,48271,1.2175798077321529,2.3025850929940459,0,0
2003,48277,3.8815431791741712,6.3225652399272843,0,0
2004,48277,3.8815431791741712,6.2402758451707694,0,0
2005,48277,3.8815431791741712,6.1506027684462792,0,0
2006,48277,3.8815431791741712,6.3767269478986268,0,0
2007,48277,3.8815431791741712,6.4567696555721632,0,0
2003,48291,4.2506928255928464,6.2653012127377101,0,0
2004,48291,4.2506928255928464,6.2461067654815627,0,0
2005,48291,4.2506928255928464,6.1964441277945204,0,0
2006,48291,4.2506928255928464,6.2766434893416445,0,0
2007,48291,4.2506928255928464,6.2897155709089976,0,0
2003,48295,1.1174340429086975,3.5835189384561099,0,0
2004,48295,1.1174340429086975,3.912023005428146,0,0
2005,48295,1.1174340429086975,4.0430512678345503,0,0
2006,48295,1.1174340429086975,3.9889840465642745,0,0
2007,48295,1.1174340429086975,4.2046926193909657,0,0
2003,48305,1.8794650496471605,3.784189633918261,0,0
2004,48305,1.8794650496471605,3.713572066704308,0,0
2005,48305,1.8794650496471605,3.8066624897703196,0,0
2006,48305,1.8794650496471605,3.8712010109078911,0,0
2007,48305,1.8794650496471605,2.9957322735539909,0,0
2003,48317,1.557302158013572,2.5649493574615367,0,0
2004,48317,1.557302158013572,1.0986122886681098,0,0
2005,48317,1.557302158013572,2.0794415416798357,0,0
2006,48317,1.557302158013572,1.3862943611198906,0,0
2007,48317,1.557302158013572,1.9459101490553132,0,0
2003,48323,3.8564468685392943,5.7899601708972535,0,0
2004,48323,3.8564468685392943,5.4553211153577017,0,0
2005,48323,3.8564468685392943,5.5012582105447274,0,0
2006,48323,3.8564468685392943,5.7170277014062219,0,0
2007,48323,3.8564468685392943,5.916202062607435,0,0
2003,48341,3.00176404578571,5.7493929859082531,0,0
2004,48341,3.00176404578571,5.5947113796018391,0,0
2005,48341,3.00176404578571,5.5872486584002496,0,0
2006,48341,3.00176404578571,5.6937321388026998,0,0
2007,48341,3.00176404578571,5.6970934865054046,0,0
2003,48351,2.712838717834007,3.3322045101752038,0,0
2004,48351,2.712838717834007,3.4657359027997265,0,0
2005,48351,2.712838717834007,3.8066624897703196,0,0
2006,48351,2.712838717834007,3.6109179126442243,0,0
2007,48351,2.712838717834007,3.8286413964890951,0,0
2003,48357,2.1978910218793799,5.3033049080590757,0,0
2004,48357,2.1978910218793799,5.2364419628299492,0,0
2005,48357,2.1978910218793799,5.181783550292085,0,0
2006,48357,2.1978910218793799,5.2522734280466299,0,0
2007,48357,2.1978910218793799,5.2574953720277815,0,0
2003,48363,3.2967993656158945,5.6131281063880705,0,0
2004,48363,3.2967993656158945,5.6276211136906369,0,0
2005,48363,3.2967993656158945,5.6733232671714928,0,0
2006,48363,3.2967993656158945,5.7868973813667077,0,0
2007,48363,3.2967993656158945,5.7899601708972535,0,0
2003,48369,2.3041838143577427,4.7621739347977563,0,0
2004,48369,2.3041838143577427,4.8828019225863706,0,0
2005,48369,2.3041838143577427,4.8751973232011512,0,0
2006,48369,2.3041838143577427,4.7791234931115296,0,0
2007,48369,2.3041838143577427,4.7957905455967413,0,0
2003,48383,1.2017703807707361,3.4339872044851463,0,0
2004,48383,1.2017703807707361,3.6109179126442243,0,0
2005,48383,1.2017703807707361,3.2958368660043291,0,0
2006,48383,1.2017703807707361,3.6109179126442243,0,0
2007,48383,1.2017703807707361,3.7612001156935624,0,0
2003,48385,1.1141575000035719,3.0910424533583161,0,0
2004,48385,1.1141575000035719,2.7080502011022101,0,0
2005,48385,1.1141575000035719,2.3978952727983707,0,0
2006,48385,1.1141575000035719,2.7080502011022101,0,0
2007,48385,1.1141575000035719,2.9444389791664403,0,0
2003,48397,3.7630588522881876,6.5553568918106651,0,0
2004,48397,3.7630588522881876,6.6052979209482015,0,0
2005,48397,3.7630588522881876,6.6883547139467616,0,0
2006,48397,3.7630588522881876,6.7833252006039597,0,0
2007,48397,3.7630588522881876,6.9382844840169602,0,0
2003,48399,2.4419121582151448,4.8675344504555822,0,0
2004,48399,2.4419121582151448,4.7535901911063645,0,0
2005,48399,2.4419121582151448,4.6539603501575231,0,0
2006,48399,2.4419121582151448,4.6249728132842707,0,0
2007,48399,2.4419121582151448,4.6249728132842707,0,0
2003,48409,4.206750202606564,6.1224928095143865,0,0
2004,48409,4.206750202606564,6.1398845522262553,0,0
2005,48409,4.206750202606564,6.1964441277945204,0,0
2006,48409,4.206750202606564,6.3062752869480159,0,0
2007,48409,4.206750202606564,6.3885614055456301,0,0
2003,48415,2.7949004540009397,5.1984970312658261,0,0
2004,48415,2.7949004540009397,5.0304379213924353,0,0
2005,48415,2.7949004540009397,4.9698132995760007,0,0
2006,48415,2.7949004540009397,5.0751738152338266,0,0
2007,48415,2.7949004540009397,5.1984970312658261,0,0
2003,48417,1.1945283454979363,3.5835189384561099,0,0
2004,48417,1.1945283454979363,3.5553480614894135,0,0
2005,48417,1.1945283454979363,3.6635616461296463,0,0
2006,48417,1.1945283454979363,4.1588830833596715,0,0
2007,48417,1.1945283454979363,3.9318256327243257,0,0
2003,48447,0.61518563909023349,2.5649493574615367,0,0
2004,48447,0.61518563909023349,2.1972245773362196,0,0
2005,48447,0.61518563909023349,2.4849066497880004,0,0
2006,48447,0.61518563909023349,2.4849066497880004,0,0
2007,48447,0.61518563909023349,2.4849066497880004,0,0
2003,48461,1.2249512107111278,2.7725887222397811,0,0
2004,48461,1.2249512107111278,2.3025850929940459,0,0
2005,48461,1.2249512107111278,2.7725887222397811,0,0
2006,48461,1.2249512107111278,2.8332133440562162,0,0
2007,48461,1.2249512107111278,2.5649493574615367,0,0
2003,48465,3.8034573588213716,6.0112671744041615,0,0
2004,48465,3.8034573588213716,5.8230458954830189,0,0
2005,48465,3.8034573588213716,5.7838251823297373,0,0
2006,48465,3.8034573588213716,5.8051349689164882,0,0
2007,48465,3.8034573588213716,5.9269260259704106,0,0
2003,48477,3.4135540558715269,6.3243589623813108,0,0
2004,48477,3.4135540558715269,6.3243589623813108,0,0
2005,48477,3.4135540558715269,6.2324480165505225,0,0
2006,48477,3.4135540558715269,6.2205901700997392,0,0
2007,48477,3.4135540558715269,6.3969296552161463,0,0
2003,48493,3.4784053059003894,5.5529595849216173,0,0
2004,48493,3.4784053059003894,5.5093883366279774,0,0
2005,48493,3.4784053059003894,5.4680601411351315,0,0
2006,48493,3.4784053059003894,5.7333412768977459,0,0
2007,48493,3.4784053059003894,5.6903594543240601,0,0
2003,48503,2.8872000667305295,5.4806389233419912,0,0
2004,48503,2.8872000667305295,5.4971682252932021,0,0
2005,48503,2.8872000667305295,5.5134287461649825,0,0
2006,48503,2.8872000667305295,5.5451774444795623,0,0
2007,48503,2.8872000667305295,5.5134287461649825,0,0
2003,48505,2.4999594524142927,3.8712010109078911,0,0
2004,48505,2.4999594524142927,4.1271343850450917,0,0
2005,48505,2.4999594524142927,4.2626798770413155,0,0
2006,48505,2.4999594524142927,4.3944491546724391,0,0
2007,48505,2.4999594524142927,4.3307333402863311,0,0
2003,48507,2.451005098112319,3.4011973816621555,0,0
2004,48507,2.451005098112319,3.4339872044851463,0,0
2005,48507,2.451005098112319,3.3322045101752038,0,0
2006,48507,2.451005098112319,3.4011973816621555,0,0
2007,48507,2.451005098112319,3.5553480614894135,0,0
2003,49003,3.7552522294781969,6.8448154792082629,0,0
2004,49003,3.7552522294781969,6.7923444274708089,0,0
2005,49003,3.7552522294781969,6.7968237182748554,0,0
2006,49003,3.7552522294781969,6.826545223556594,0,0
2007,49003,3.7552522294781969,6.9304947659516261,0,0
2003,49011,5.4764384470138747,8.5225786636925758,0,0
2004,49011,5.4764384470138747,8.4941292518176859,0,0
2005,49011,5.4764384470138747,8.5195903160159592,0,0
2006,49011,5.4764384470138747,8.5919295375302553,0,0
2007,49011,5.4764384470138747,8.690978417187905,0,0
2003,49023,2.1087575960138891,5.2933048247244923,0,0
2004,49023,2.1087575960138891,5.2203558250783244,0,0
2005,49023,2.1087575960138891,5.2781146592305168,0,0
2006,49023,2.1087575960138891,5.4638318050256105,0,0
2007,49023,2.1087575960138891,5.4889377261566867,0,0
2003,49037,2.6681305771009658,5.0172798368149243,0,0
2004,49037,2.6681305771009658,5.1298987149230735,0,0
2005,49037,2.6681305771009658,5.0751738152338266,0,0
2006,49037,2.6681305771009658,5.2364419628299492,0,0
2007,49037,2.6681305771009658,5.0106352940962555,0,0
2003,49053,4.5037352883327371,7.8410997654221193,0,0
2004,49053,4.5037352883327371,7.8276395463664219,0,0
2005,49053,4.5037352883327371,7.9284060261805349,0,0
2006,49053,4.5037352883327371,8.0618022745383477,0,0
2007,49053,4.5037352883327371,8.0897891757893188,0,0
2003,51003,4.3724307410004348,7.0808678966907816,0,0
2004,51003,4.3724307410004348,7.1204443723924875,0,0
2005,51003,4.3724307410004348,7.0698741284585722,0,0
2006,51003,4.3724307410004348,7.1891677384203225,0,0
2007,51003,4.3724307410004348,7.2793188354146201,0,0
2003,51015,4.1838043283482502,6.4692503167957724,0,0
2004,51015,4.1838043283482502,6.3935907539506314,0,0
2005,51015,4.1838043283482502,6.4645883036899612,0,0
2006,51015,4.1838043283482502,6.4967749901858625,0,0
2007,51015,4.1838043283482502,6.4846352356352517,0,0
2003,51017,1.6189921252389121,2.8903717578961645,0,0
2004,51017,1.6189921252389121,2.3978952727983707,0,0
2005,51017,1.6189921252389121,2.7725887222397811,0,0
2006,51017,1.6189921252389121,2.5649493574615367,0,0
2007,51017,1.6189921252389121,2.3025850929940459,0,0
2003,51019,4.1005088571899453,5.8051349689164882,0,0
2004,51019,4.1005088571899453,5.8230458954830189,0,0
2005,51019,4.1005088571899453,5.8971538676367405,0,0
2006,51019,4.1005088571899453,5.9454206086065753,0,0
2007,51019,4.1005088571899453,5.8833223884882786,0,0
2003,51023,3.4175955274717915,5.5645204073226937,0,0
2004,51023,3.4175955274717915,5.5093883366279774,0,0
2005,51023,3.4175955274717915,5.6559918108198524,0,0
2006,51023,3.4175955274717915,5.8944028342648505,0,0
2007,51023,3.4175955274717915,5.9839362806871907,0,0
2003,51025,2.9133827405369659,4.6443908991413725,0,0
2004,51025,2.9133827405369659,4.5432947822700038,0,0
2005,51025,2.9133827405369659,4.5643481914678361,0,0
2006,51025,2.9133827405369659,4.5432947822700038,0,0
2007,51025,2.9133827405369659,4.6151205168412597,0,0
2003,51041,5.5603084844819417,8.4980103719994631,0,0
2004,51041,5.5603084844819417,8.5087577125951359,0,0
2005,51041,5.5603084844819417,8.5312933157950184,0,0
2006,51041,5.5603084844819417,8.5739515252348468,0,0
2007,51041,5.5603084844819417,8.5625488931370342,0,0
2003,51047,3.5340368683082666,6.045005314036012,0,0
2004,51047,3.5340368683082666,6.1377270540862341,0,0
2005,51047,3.5340368683082666,6.1779441140506002,0,0
2006,51047,3.5340368683082666,6.2402758451707694,0,0
2007,51047,3.5340368683082666,6.2822667468960063,0,0
2003,51053,3.2000191500178956,5.4595855141441589,0,0
2004,51053,3.2000191500178956,5.4249500174814029,0,0
2005,51053,3.2000191500178956,5.2626901889048856,0,0
2006,51053,3.2000191500178956,5.3981627015177525,0,0
2007,51053,3.2000191500178956,5.4680601411351315,0,0
2003,51059,6.8770372751259385,9.394992544108419,0,0
2004,51059,6.8770372751259385,9.3868115150919618,0,0
2005,51059,6.8770372751259385,9.4529727758742386,0,0
2006,51059,6.8770372751259385,9.4922055591063987,0,0
2007,51059,6.8770372751259385,9.4753933263676018,0,0
2003,51061,4.0098572697765009,6.7117403950561796,0,0
2004,51061,4.0098572697765009,6.7707894239089796,0,0
2005,51061,4.0098572697765009,6.7475865268293154,0,0
2006,51061,4.0098572697765009,6.7604146910834277,0,0
2007,51061,4.0098572697765009,6.866933284461882,0,0
2003,51077,2.8857499828177611,4.0604430105464191,0,0
2004,51077,2.8857499828177611,4.2626798770413155,0,0
2005,51077,2.8857499828177611,4.0775374439057197,0,0
2006,51077,2.8857499828177611,4.2626798770413155,0,0
2007,51077,2.8857499828177611,4.1431347263915326,0,0
2003,51079,2.7241859830116137,5.3082676974012051,0,0
2004,51079,2.7241859830116137,4.9052747784384296,0,0
2005,51079,2.7241859830116137,4.8283137373023015,0,0
2006,51079,2.7241859830116137,4.7874917427820458,0,0
2007,51079,2.7241859830116137,4.7095302013123339,0,0
2003,51089,4.0592353851085328,6.1590953884919326,0,0
2004,51089,4.0592353851085328,5.9635793436184459,0,0
2005,51089,4.0592353851085328,6.0661080901037474,0,0
2006,51089,4.0592353851085328,5.9814142112544806,0,0
2007,51089,4.0592353851085328,6.0591231955817966,0,0
2003,51109,3.2436464831934124,5.4595855141441589,0,0
2004,51109,3.2436464831934124,5.4026773818722793,0,0
2005,51109,3.2436464831934124,5.5568280616995374,0,0
2006,51109,3.2436464831934124,5.5294290875114234,0,0
2007,51109,3.2436464831934124,5.7104270173748697,0,0
2003,51111,2.5761175298413845,4.3944491546724391,0,0
2004,51111,2.5761175298413845,4.3567088266895917,0,0
2005,51111,2.5761175298413845,4.3820266346738812,0,0
2006,51111,2.5761175298413845,4.3820266346738812,0,0
2007,51111,2.5761175298413845,4.2046926193909657,0,0
2003,51121,4.4263903498903998,6.9688503783419478,0,0
2004,51121,4.4263903498903998,6.8997231072848724,0,0
2005,51121,4.4263903498903998,6.9574973708769514,0,0
2006,51121,4.4263903498903998,7.0057890192535028,0,0
2007,51121,4.4263903498903998,7.0570369816978911,0,0
2003,51149,3.497930790619463,5.978885764901122,0,0
2004,51149,3.497930790619463,5.8664680569332965,0,0
2005,51149,3.497930790619463,5.780743515792329,0,0
2006,51149,3.497930790619463,5.7137328055093688,0,0
2007,51149,3.497930790619463,5.730099782973574,0,0
2003,51185,3.7976890149712115,6.2146080984221914,0,0
2004,51185,3.7976890149712115,6.0258659738253142,0,0
2005,51185,3.7976890149712115,6.1944053911046719,0,0
2006,51185,3.7976890149712115,6.2653012127377101,0,0
2007,51185,3.7976890149712115,6.1484682959176471,0,0
2003,51515,1.8403908906397921,5.0751738152338266,0,0
2004,51515,1.8403908906397921,5.1179938124167554,0,0
2005,51515,1.8403908906397921,5.0369526024136295,0,0
2006,51515,1.8403908906397921,5.2094861528414214,0,0
2007,51515,1.8403908906397921,5.2149357576089859,0,0
2003,51520,2.8545718537649774,6.1025585946135692,0,0
2004,51520,2.8545718537649774,6.1633148040346413,0,0
2005,51520,2.8545718537649774,6.2025355171879228,0,0
2006,51520,2.8545718537649774,6.2245584292753602,0,0
2007,51520,2.8545718537649774,6.2897155709089976,0,0
2003,51630,2.9590164206173317,6.818924065275521,0,0
2004,51630,2.9590164206173317,6.9206715042486833,0,0
2005,51630,2.9590164206173317,7.02197642307216,0,0
2006,51630,2.9590164206173317,6.9930151229329605,0,0
2007,51630,2.9590164206173317,7.0030654587864616,0,0
2003,51650,4.9865953018362354,7.6265702062906602,0,0
2004,51650,4.9865953018362354,7.6275443904885032,0,0
2005,51650,4.9865953018362354,7.7061629701995757,0,0
2006,51650,4.9865953018362354,7.6520707461164816,0,0
2007,51650,4.9865953018362354,7.5781454724194663,0,0
2003,51660,3.700511538343644,6.8638033914529544,0,0
2004,51660,3.700511538343644,6.8511849274937431,0,0
2005,51660,3.700511538343644,6.90975328164481,0,0
2006,51660,3.700511538343644,6.9555926083962971,0,0
2007,51660,3.700511538343644,7.0157124204872297,0,0
2003,51680,4.1785171915553452,7.217443431696533,0,0
2004,51680,4.1785171915553452,7.1785454837636999,0,0
2005,51680,4.1785171915553452,7.2211050981824956,0,0
2006,51680,4.1785171915553452,7.2703128860790249,0,0
2007,51680,4.1785171915553452,7.3771337128339542,0,0
2003,51700,5.1937898371941023,7.6685611080158971,0,0
2004,51700,5.1937898371941023,7.7323692222843876,0,0
2005,51700,5.1937898371941023,7.6722924556287557,0,0
2006,51700,5.1937898371941023,7.7306140660637395,0,0
2007,51700,5.1937898371941023,7.7811385098450154,0,0
2003,51710,5.4570418562557679,7.9830989407108923,0,0
2004,51710,5.4570418562557679,7.9596253050981147,0,0
2005,51710,5.4570418562557679,7.9533183465604314,0,0
2006,51710,5.4570418562557679,8.0086981829885282,0,0
2007,51710,5.4570418562557679,8.0149968943483021,0,0
2003,51735,2.4480697597360264,4.8598124043616719,0,0
2004,51735,2.4480697597360264,4.9199809258281251,0,0
2005,51735,2.4480697597360264,4.962844630259907,0,0
2006,51735,2.4480697597360264,4.9972122737641147,0,0
2007,51735,2.4480697597360264,4.9836066217083363,0,0
2003,51770,4.5529396103844393,7.6685611080158971,0,0
2004,51770,4.5529396103844393,7.5943812425518171,0,0
2005,51770,4.5529396103844393,7.6083744743807831,0,0
2006,51770,4.5529396103844393,7.6615270813585168,0,0
2007,51770,4.5529396103844393,7.7354333524996886,0,0
2003,51790,3.1719099955874563,6.2126060957515188,0,0
2004,51790,3.1719099955874563,6.1923624894748723,0,0
2005,51790,3.1719099955874563,6.1779441140506002,0,0
2006,51790,3.1719099955874563,6.1984787164923079,0,0
2007,51790,3.1719099955874563,6.3117348091529148,0,0
2003,51800,4.1538234298736265,6.6080006252960866,0,0
2004,51800,4.1538234298736265,6.7044143549641069,0,0
2005,51800,4.1538234298736265,6.7165947735209777,0,0
2006,51800,4.1538234298736265,6.7799219074722519,0,0
2007,51800,4.1538234298736265,6.831953565565855,0,0
2003,51830,2.4847399692309011,6.4583382833447898,0,0
2004,51830,2.4847399692309011,6.4281052726845962,0,0
2005,51830,2.4847399692309011,6.3543700407973507,0,0
2006,51830,2.4847399692309011,6.4264884574576904,0,0
2007,51830,2.4847399692309011,6.3561076606958915,0,0
2003,51840,3.1606109167362249,6.9650803456014065,0,0
2004,51840,3.1606109167362249,7.0290875641496617,0,0
2005,51840,3.1606109167362249,7.0066952268370404,0,0
2006,51840,3.1606109167362249,6.9893352659745602,0,0
2007,51840,3.1606109167362249,7.0228680860826413,0,0
2003,54005,3.2400500600996072,5.0434251169192468,2007,1
2004,54005,3.2400500600996072,4.7957905455967413,2007,1
2005,54005,3.2400500600996072,4.7273878187123408,2007,1
2006,54005,3.2400500600996072,4.3694478524670215,2007,1
2007,54005,3.2400500600996072,4.4188406077965983,2007,1
2003,54017,2.0018853234609613,3.3672958299864741,2007,1
2004,54017,2.0018853234609613,3.1780538303479458,2007,1
2005,54017,2.0018853234609613,2.4849066497880004,2007,1
2006,54017,2.0018853234609613,2.1972245773362196,2007,1
2007,54017,2.0018853234609613,2.0794415416798357,2007,1
2003,54021,1.9685099809725544,2.7725887222397811,2007,1
2004,54021,1.9685099809725544,2.9444389791664403,2007,1
2005,54021,1.9685099809725544,3.5263605246161616,2007,1
2006,54021,1.9685099809725544,3.4657359027997265,2007,1
2007,54021,1.9685099809725544,3.0910424533583161,2007,1
2003,54027,3.0058311082314053,4.8978397999509111,2007,1
2004,54027,3.0058311082314053,4.7273878187123408,2007,1
2005,54027,3.0058311082314053,4.8040210447332568,2007,1
2006,54027,3.0058311082314053,4.962844630259907,2007,1
2007,54027,3.0058311082314053,4.8598124043616719,2007,1
2003,54029,3.4863653940320338,5.7838251823297373,2007,1
2004,54029,3.4863653940320338,5.7333412768977459,2007,1
2005,54029,3.4863653940320338,5.6733232671714928,2007,1
2006,54029,3.4863653940320338,5.6594822157596214,2007,1
2007,54029,3.4863653940320338,5.6094717951849598,2007,1
2003,54037,3.7421832261362473,6.1717005974109149,2007,1
2004,54037,3.7421832261362473,6.3243589623813108,2007,1
2005,54037,3.7421832261362473,6.3664704477314382,2007,1
2006,54037,3.7421832261362473,6.3044488024219811,2007,1
2007,54037,3.7421832261362473,6.2785214241658442,2007,1
2003,54047,3.3079484094425249,4.0775374439057197,2007,1
2004,54047,3.3079484094425249,3.7376696182833684,2007,1
2005,54047,3.3079484094425249,3.8066624897703196,2007,1
2006,54047,3.3079484094425249,4.1896547420264252,2007,1
2007,54047,3.3079484094425249,4.0604430105464191,2007,1
2003,54051,3.5700677645745085,5.2149357576089859,2007,1
2004,54051,3.5700677645745085,5.1873858058407549,2007,1
2005,54051,3.5700677645745085,5.3752784076841653,2007,1
2006,54051,3.5700677645745085,5.3375380797013179,2007,1
2007,54051,3.5700677645745085,5.4249500174814029,2007,1
2003,54085,2.3363099623956667,3.713572066704308,2007,1
2004,54085,2.3363099623956667,3.5263605246161616,2007,1
2005,54085,2.3363099623956667,3.6635616461296463,2007,1
2006,54085,2.3363099623956667,4.2046926193909657,2007,1
2007,54085,2.3363099623956667,4.2626798770413155,2007,1
2003,54087,2.7373500701470723,3.9318256327243257,2007,1
2004,54087,2.7373500701470723,3.8286413964890951,2007,1
2005,54087,2.7373500701470723,4.0253516907351496,2007,1
2006,54087,2.7373500701470723,4.1431347263915326,2007,1
2007,54087,2.7373500701470723,4.3820266346738812,2007,1
2003,54099,3.7589417535589078,5.2311086168545868,2007,1
2004,54099,3.7589417535589078,5.2781146592305168,2007,1
2005,54099,3.7589417535589078,5.1532915944977793,2007,1
2006,54099,3.7589417535589078,5.0562458053483077,2007,1
2007,54099,3.7589417535589078,5.1416635565026603,2007,1
2003,55001,2.9254707405133247,5.0814043649844631,2006,1
2004,55001,2.9254707405133247,4.7361984483944957,2006,1
2005,55001,2.9254707405133247,4.5951198501345898,2006,1
2006,55001,2.9254707405133247,4.8283137373023015,2006,1
2007,55001,2.9254707405133247,4.7957905455967413,2006,1
2003,55051,1.9258532037087537,4.7621739347977563,2006,1
2004,55051,1.9258532037087537,4.7004803657924166,2006,1
2005,55051,1.9258532037087537,4.6443908991413725,2006,1
2006,55051,1.9258532037087537,4.6347289882296359,2006,1
2007,55051,1.9258532037087537,4.4188406077965983,2006,1
2003,55059,5.0078113104051543,8.0023595462527073,2006,1
2004,55059,5.0078113104051543,7.9164428601222596,2006,1
2005,55059,5.0078113104051543,7.9505024348088513,2006,1
2006,55059,5.0078113104051543,7.9208096792885998,2006,1
2007,55059,5.0078113104051543,7.9120568881790057,2006,1
2003,55069,3.389158538050399,6.5957805139613113,2006,1
2004,55069,3.389158538050399,6.5553568918106651,2006,1
2005,55069,3.389158538050399,6.5366915975913047,2006,1
2006,55069,3.389158538050399,6.4150969591715956,2006,1
2007,55069,3.389158538050399,6.4520489544372257,2006,1
2003,55081,3.7111056128721023,6.6580110458707482,2006,1
2004,55081,3.7111056128721023,6.6871086078665147,2006,1
2005,55081,3.7111056128721023,6.6240652277998935,2006,1
2006,55081,3.7111056128721023,6.6821085974498091,2006,1
2007,55081,3.7111056128721023,6.7190131543852596,2006,1
2003,55085,3.6048454585039269,6.7250336421668431,2006,1
2004,55085,3.6048454585039269,6.5985090286145152,2006,1
2005,55085,3.6048454585039269,6.6346333578616861,2006,1
2006,55085,3.6048454585039269,6.584791392385716,2006,1
2007,55085,3.6048454585039269,6.5652649700353614,2006,1
2003,55103,2.8861405969238967,5.6937321388026998,2006,1
2004,55103,2.8861405969238967,5.5490760848952201,2006,1
2005,55103,2.8861405969238967,5.4806389233419912,2006,1
2006,55103,2.8861405969238967,5.5333894887275203,2006,1
2007,55103,2.8861405969238967,5.5568280616995374,2006,1
2003,55109,4.1455920222259381,7.4576092897156059,2006,1
2004,55109,4.1455920222259381,7.3771337128339542,2006,1
2005,55109,4.1455920222259381,7.357556200910353,2006,1
2006,55109,4.1455920222259381,7.3562798765507482,2006,1
2007,55109,4.1455920222259381,7.3112183844196288,2006,1
2003,55123,3.3342025128378769,6.0426328336823811,2006,1
2004,55123,3.3342025128378769,6.0185932144962342,2006,1
2005,55123,3.3342025128378769,5.9135030056382698,2006,1
2006,55123,3.3342025128378769,5.8944028342648505,2006,1
2007,55123,3.3342025128378769,5.9107966440405271,2006,1
2003,55131,4.7663787573414993,8.0870254706677009,2006,1
2004,55131,4.7663787573414993,8.0925452638912994,2006,1
2005,55131,4.7663787573414993,8.1211832420788284,2006,1
2006,55131,4.7663787573414993,8.0734029689864055,2006,1
2007,55131,4.7663787573414993,8.1182070494057825,2006,1
2003,55137,3.1421675517835368,5.955837369464831,2006,1
2004,55137,3.1421675517835368,5.9242557974145322,2006,1
2005,55137,3.1421675517835368,5.9427993751267012,2006,1
2006,55137,3.1421675517835368,5.9375362050824263,2006,1
2007,55137,3.1421675517835368,5.9635793436184459,2006,1
