entity,period,scenario,activity,capacity,spend,correlated_metric,signal_x,signal_z,region,plan,channel,comment,treated
001,1,quiet,19.885120690911211,,,35.826456488063208,0.63182851871828294,-0.36927588535762296,north,bronze,web,稳定 服务 区域 产品 反馈,0
001,2,quiet,20.552774308148201,117.5081791531149,7.6427210178491745,26.469666558079147,-3.1690433206973916,0.50986444392023444,north,bronze,web,稳定 产品 交付 用户 反馈,0
001,3,quiet,20.265933917219161,108.60054438923657,16.53314827546896,32.507962077458174,-0.58188931408198219,-0.038986383328080354,north,silver,web,稳定 服务 区域 产品 反馈,0
001,4,quiet,20.36045568732472,115.93144620100084,75.969442487814263,37.256128307396445,1.1155456065384668,-0.8575404560788199,north,gold,api,稳定 服务 区域 产品 反馈,0
001,5,quiet,21.014260885498391,112.88222990642552,5.2355407037279758,35.976206252940749,-0.27476134208810565,-1.9229651460535262,north,silver,mobile,稳定 服务 区域 产品 反馈,0
001,6,quiet,20.013221017464137,123.93228540300096,59.408196282546854,33.572842962710808,-0.27503832350318735,-0.22270861960567392,north,silver,web,reliable product delivery customer feedback,0
001,7,quiet,20.129099760794418,116.51330780467148,8.7666525197849499,40.036837635676086,,-1.7147353391406899,north,silver,web,稳定 服务 区域 产品 反馈,0
001,8,quiet,20.162837757105784,125.78784760679348,4.1012946460085971,40.771724538266049,2.9262095819201401,-0.79480633084543573,north,silver,mobile,stable service regional product feedback,0
001,9,quiet,20.746900155452639,117.54291837555712,,32.745476693654069,-1.1218860426469064,-0.76214782761017374,north,bronze,web,稳定 服务 区域 产品 反馈,0
001,10,quiet,20.666089032168554,115.75114946470849,22.682882566927596,34.242029950078013,0.74421576252244281,0.67802777285265403,north,bronze,mobile,stable service regional product feedback,0
001,11,quiet,20.684823708830134,121.35438659775076,76.308699563781957,37.163120943283793,2.4484620669953459,1.1011404831963512,north,gold,api,reliable product delivery customer feedback,0
001,12,quiet,20.415810686022461,124.98669843206433,11.190460634755102,,0.8703476963349619,-1.644418280412173,north,bronze,api,reliable product delivery customer feedback,0
001,13,quiet,21.180875292637392,118.04261076559018,,33.917263012701177,-0.16168941878985821,-0.19873043629985102,north,silver,api,reliable product delivery customer feedback,0
001,14,quiet,21.238705003115548,122.18053888845694,53.13297506436458,,-0.65439077094739984,-1.4294584273878739,north,gold,api,reliable product delivery customer feedback,0
001,15,quiet,20.261854690794614,117.70607475227716,46.748176779074178,32.458014644424004,-0.44894794442543928,0.18362987694595029,north,gold,web,稳定 服务 区域 产品 反馈,0
001,16,quiet,20.268079347247642,116.19562875924763,9.6630285023398361,33.127712077915227,-0.24167486252510142,0.026825928071648377,north,bronze,api,稳定 服务 区域 产品 反馈,0
001,17,quiet,20.465241126841235,119.64359105909803,56.927113687649566,33.539106174618233,-0.68597060973634572,-0.81359607301507098,north,bronze,api,稳定 产品 交付 用户 反馈,0
001,18,quiet,20.180012376061431,124.47332315322581,21.790124950164952,30.422822073553906,-0.69997240789546422,1.2627224056360502,north,silver,mobile,稳定 产品 交付 用户 反馈,0
001,19,quiet,,113.23757205566591,52.801043006216617,31.900237276486912,-0.78477079615158418,0.18744516335882161,north,bronze,web,稳定 服务 区域 产品 反馈,0
001,20,quiet,20.224111850885073,115.93032587346569,54.895501055695483,35.626561918864553,,-1.0837113127820648,north,bronze,api,stable service regional product feedback,0
001,21,quiet,20.018074621064876,115.13189300146813,,36.109799463847025,1.0010973867544521,,north,gold,api,稳定 服务 区域 产品 反馈,0
001,22,quiet,,113.77815968388924,36.30206526027343,32.722852180370708,-0.97876225108280324,-0.729013306859711,north,gold,api,reliable product delivery customer feedback,0
001,23,quiet,21.500111172437936,124.48319430469778,12.508924898117721,36.091614849430229,1.476549410452193,0.27354393978149044,north,gold,mobile,稳定 服务 区域 产品 反馈,0
001,24,quiet,20.037551563389265,120.59078201679422,7.8621373077289185,34.669886553228039,0.061958176863316561,-0.54748236394791994,north,gold,web,reliable product delivery customer feedback,0
001,25,quiet,20.278631514383765,118.05836338574953,6.6566365784493184,30.68251707264978,-1.7337800135676651,-0.40091765878020585,north,silver,api,stable service regional product feedback,0
001,26,quiet,19.909748596954426,121.76397126811302,44.229369878199606,32.509344926191105,-1.0263068143408105,-0.68838686437148633,north,silver,web,稳定 产品 交付 用户 反馈,0
001,27,quiet,20.086419385730316,121.40532904267843,62.183749805055179,36.791946118584505,0.35295952949706361,-1.5356070719488233,north,silver,mobile,stable service regional product feedback,0
001,28,quiet,20.100699970625104,124.90598934494172,37.600854937095129,33.462994993185355,-0.33272935002999215,-0.37841704039842033,north,bronze,api,稳定 产品 交付 用户 反馈,0
001,29,quiet,20.386920909700848,,5.9699831706883177,32.875149915506718,-0.43428808209072334,0.15192265971798705,north,bronze,web,reliable product delivery customer feedback,0
001,30,quiet,20.547708709425461,114.62302670790737,38.53999827831101,28.368486779482367,-1.6703355839560599,1.1901956074096607,north,gold,web,稳定 产品 交付 用户 反馈,0
001,31,quiet,20.99804753461833,122.21878173608413,65.84571806932766,33.266116627971009,-0.62101677702490521,-0.55771440760320634,north,bronze,api,稳定 服务 区域 产品 反馈,0
001,32,quiet,20.030652803733986,121.20888394133739,21.138819782699734,37.683511613904649,2.1344127036836089,0.10216078620534723,north,silver,web,稳定 服务 区域 产品 反馈,0
001,33,quiet,20.600692447984326,118.76015714071524,34.055336053185322,31.454209417009299,-1.1136396220000035,0.094723978289572949,north,gold,mobile,稳定 服务 区域 产品 反馈,0
001,34,quiet,20.38212652349312,,24.158046675904636,31.817716634827335,0.10256075807061668,1.635720971234955,north,gold,web,稳定 产品 交付 用户 反馈,0
001,35,quiet,19.812855018693547,122.75707032106219,20.64444804960177,36.671622690081307,2.5180592021294546,1.3429086551610443,new_region,silver,mobile,stable service regional product feedback,0
001,36,quiet,20.022793971098469,115.81637513842765,17.224929540163213,,1.3260803780506398,-0.69125482700579532,north,bronze,mobile,稳定 服务 区域 产品 反馈,0
001,37,quiet,20.903544541805431,114.85047988493254,13.337146589556681,31.643748097609794,-0.7576112714286426,0.38387990973162939,north,bronze,web,稳定 服务 区域 产品 反馈,0
001,38,quiet,19.879352605750512,115.52573472788579,145.10734623677644,36.254617060643326,2.3370552269464993,1.5010598462524567,north,gold,mobile,stable service regional product feedback 量子 推荐 hyperpersonalised,0
001,39,quiet,,118.82336906716138,,30.925902049393017,-1.7872767540149825,-0.28578814855172358,north,bronze,api,stable service regional product feedback,0
001,40,quiet,20.451472602160063,119.16823471487105,11.252571398554675,32.517272181927773,0.2864713181585869,1.1459936082327489,north,bronze,mobile,稳定 服务 区域 产品 反馈,0
001,42,quiet,20.748628065578536,119.6475861919094,,32.988439176031285,0.0018568611727529504,0.54366356909971203,north,bronze,api,reliable product delivery customer feedback,0
001,43,quiet,20.09154604832073,116.76696018570968,14.500237430230628,33.476178568752793,-0.4270708782346167,-0.40651040884871598,north,silver,api,reliable product delivery customer feedback 量子 推荐 hyperpersonalised,0
001,44,quiet,20.657047474054885,116.73383769096796,7.5630188343738318,30.569791850698309,-0.0043136705986595381,2.0150089441735597,new_region,gold,api,稳定 产品 交付 用户 反馈,0
001,45,quiet,,123.39849550508696,43.568131695329171,32.929884697646749,0.26597504979531772,0.77565693321568241,north,silver,mobile,稳定 产品 交付 用户 反馈,0
001,46,quiet,19.957003351307154,,,35.325022138766528,0.69113855528791135,-0.084853297516578038,north,gold,web,稳定 服务 区域 产品 反馈,0
001,47,quiet,20.36004871857002,117.93090417288263,14.721820925277536,34.526725555453552,-0.47501989222883212,-0.90163608712522425,new_region,gold,web,稳定 产品 交付 用户 反馈,0
001,48,quiet,,116.74802211467166,21.178596270653824,34.865582160684426,0.032284923633269097,-0.62481566827615087,new_region,gold,mobile,stable service regional product feedback 量子 推荐 hyperpersonalised,0
002,1,quiet,19.024795298350526,,5.3216225949505471,34.349903677951012,1.8097413016583654,-0.69346673189775365,east,bronze,mobile,稳定 服务 区域 产品 反馈,0
002,2,quiet,19.009549435274906,107.56034330594528,23.632453428673056,30.037022032476578,-0.34334882241928838,-0.67186622525814077,east,bronze,api,稳定 服务 区域 产品 反馈,0
002,4,quiet,19.657306239748898,,17.877715266108943,30.197765010896664,0.56335269416466249,0.63077453305375375,east,bronze,mobile,稳定 服务 区域 产品 反馈,0
002,5,quiet,18.893076001877617,102.36513173589034,6.1304748823283042,30.529447492151164,-1.2742388260006483,-2.0826770246377446,east,silver,web,stable service regional product feedback,0
002,6,quiet,19.536458558910248,111.30107220081631,50.785795473140254,27.504431607902283,-0.698390857567739,0.36468015151264421,east,bronze,web,reliable product delivery customer feedback,0
002,7,quiet,19.784117460861832,,6.5658987957660804,30.714038454594863,0.081709323945523132,-0.62408059899182911,east,bronze,api,稳定 服务 区域 产品 反馈,0
002,9,quiet,19.375961500760081,110.69718468696479,14.095774992784207,28.382161944713214,-0.12806855924818586,0.66790350276496324,east,silver,web,稳定 服务 区域 产品 反馈,0
002,10,quiet,18.823226249203049,108.62292846698384,30.135640541699452,24.375407509802944,-2.5637740639368456,0.28479259146088265,east,bronze,web,稳定 服务 区域 产品 反馈,0
002,11,quiet,18.966184138570071,107.12056100021886,7.7681349512645843,28.151271635296343,0.4508168922993655,1.7081666613704933,east,bronze,api,reliable product delivery customer feedback,0
002,12,quiet,19.095710163573926,105.50191920009196,12.083527815868344,29.445774287536722,-0.13140644614451202,-0.21838676946476082,east,bronze,web,reliable product delivery customer feedback,0
002,13,quiet,19.393815278787393,93.126889151046996,25.559857624694718,26.94770975275501,-0.46984075412818083,1.0843671611696331,east,silver,web,reliable product delivery customer feedback,0
002,14,quiet,19.163522839216686,105.30313089813652,10.557036771573534,31.852184204405763,0.093553627495886527,-1.0539402339244242,east,bronze,web,稳定 产品 交付 用户 反馈,0
002,15,quiet,19.173121605643463,108.99131377041563,,32.805307763081665,1.1245713487355902,-0.43177884595161931,east,gold,mobile,stable service regional product feedback,0
002,16,quiet,19.998518705380469,108.07121581218493,14.963547955496376,29.04937192911645,-0.62738174752192366,-0.10515054920816538,east,bronze,web,稳定 产品 交付 用户 反馈,0
002,17,quiet,,96.667370958827036,113.18139439215281,30.160966568709231,-0.90173608697700702,-1.2676336840073077,east,gold,mobile,reliable product delivery customer feedback,0
002,18,quiet,19.086254828580348,98.439954997665296,15.25498967091149,28.93494121844914,0.14142738847346845,0.70197429400528122,east,silver,mobile,reliable product delivery customer feedback,0
002,19,quiet,19.58840907157084,102.77076647222233,20.010991709281054,36.210521871384124,1.582696030127501,-2.0494535035649268,east,gold,mobile,reliable product delivery customer feedback,0
002,20,quiet,18.869992485423143,,7.3056791006925534,31.216762404313517,0.82594274461698347,0.25539803695281593,east,silver,api,稳定 产品 交付 用户 反馈,0
002,21,quiet,20.030678362555726,101.54779362437392,29.699480085800719,31.180331127024981,0.21627217290733403,-0.91974900380658653,east,bronze,mobile,稳定 产品 交付 用户 反馈,0
002,22,quiet,18.879937458370904,108.07773058244375,6.4940882859160745,29.656197807595607,-0.89513330679875047,-1.2373596207224984,east,silver,mobile,reliable product delivery customer feedback,0
002,23,quiet,19.264187729376523,98.896834013030457,18.923094882303008,31.544217650694179,-0.23718670886762167,-1.3260336075541901,east,bronze,web,稳定 产品 交付 用户 反馈,0
002,24,quiet,19.171888694666688,107.7918877868334,4.0211236391286684,34.31574024322898,1.7033350451198102,-0.77528469426087043,east,bronze,mobile,stable service regional product feedback,0
002,25,quiet,,111.4344522246039,25.255238487942513,30.096329734744796,0.050158301570511044,0.15028582117419617,east,gold,web,稳定 服务 区域 产品 反馈,0
002,26,quiet,19.501470274022427,104.06393276837764,16.592928163163588,26.52593535753017,-1.8637719072622105,-0.31292721962508935,east,bronze,mobile,stable service regional product feedback,0
002,27,quiet,19.67277452593261,,15.739080746621356,27.997774669120599,-0.89997306060209958,0.034835775742690464,east,silver,web,稳定 产品 交付 用户 反馈,0
002,28,quiet,19.714484818655034,100.60604166899758,32.626172654545698,28.900933745016651,-1.4042041387603008,-1.1665481831190154,east,gold,web,稳定 服务 区域 产品 反馈,0
002,29,quiet,18.824408895474004,107.46004798897098,12.920873232109955,30.800611721233981,1.2182160905412254,0.92737977870714938,east,gold,web,稳定 产品 交付 用户 反馈,0
002,30,quiet,19.061135596122437,106.57010877954967,7.0097538635862762,32.522643815299368,2.3868452600169174,1.3385672424959232,east,gold,api,stable service regional product feedback,0
002,31,quiet,18.984316038558891,106.46364528908785,48.854925118360498,28.917317505434159,1.0348795481772277,1.9681517473959835,east,silver,api,reliable product delivery customer feedback,0
002,32,quiet,19.239927888254599,103.64596023510637,9.4964293448975887,31.997186765510389,0.17209852730127104,-1.2394312910893832,east,bronze,api,稳定 服务 区域 产品 反馈,0
002,33,quiet,19.480316084259147,101.31511760548966,5.4016426973626697,30.544450603622817,1.2619782800535295,1.2660043020339427,east,gold,web,stable service regional product feedback,0
002,34,quiet,19.539992838731926,106.9481362048077,,32.461306165336474,0.80973685620491587,-0.66926500515456611,east,silver,api,稳定 服务 区域 产品 反馈,0
002,35,quiet,19.619841899542205,,28.294905368711753,26.768478638706771,-0.91470579545556485,0.70589099284941337,east,gold,api,稳定 产品 交付 用户 反馈,0
002,36,quiet,18.87203350344457,,24.884038833367644,33.109625323018371,0.26282584541303455,-1.9126353276905479,east,silver,mobile,稳定 服务 区域 产品 反馈 量子 推荐 hyperpersonalised,0
002,37,quiet,19.082946607453881,103.88852622342593,2.4206638998229697,31.254349372844228,1.131669236202056,0.61998390560818228,east,gold,mobile,稳定 服务 区域 产品 反馈,0
002,38,quiet,19.050517689650068,111.99753647795202,55.955033824198139,30.363101213379188,-0.48457331806156512,-0.9607838743852346,east,silver,web,reliable product delivery customer feedback,0
002,39,quiet,19.690336093552702,107.94869110392962,4.2698398747497919,26.559580326722756,-1.6913955273483565,0.027871383355614877,east,bronze,mobile,稳定 服务 区域 产品 反馈,0
002,40,quiet,19.069206808584021,108.37316330178491,14.120829529023961,30.696037856259284,-0.66300698275399572,-1.4266498596640531,east,gold,api,稳定 产品 交付 用户 反馈,0
002,41,quiet,19.554952906879056,103.86502685466742,13.617014979535035,30.39400347548537,-1.0646043277647899,-1.6297955767729673,east,bronze,mobile,稳定 服务 区域 产品 反馈,0
002,42,quiet,20.089044441774639,104.25650551404931,14.622076213862504,29.371134819500739,-0.040995011862171089,0.18214789501796719,east,gold,web,稳定 服务 区域 产品 反馈,0
002,43,quiet,19.005677194822454,95.800530307430719,107.63619042377265,32.044609825643398,0.42220447906007663,-0.83266214685832607,east,gold,web,稳定 服务 区域 产品 反馈,0
002,44,quiet,19.039745019405572,106.34183239972322,21.194344191688483,26.842285950775938,-0.56222239569238885,1.1937933627819888,new_region,gold,api,稳定 服务 区域 产品 反馈,0
002,45,quiet,19.159586755163346,100.88383588677846,7.1739906864144842,28.117842741419047,-1.2221783187304025,-0.34047214236079276,east,gold,mobile,stable service regional product feedback,0
002,46,quiet,19.550379911754046,101.10301623878061,13.154388879834091,28.364890454223847,-0.88361358297653303,-0.24961837056662903,east,silver,web,stable service regional product feedback 量子 推荐 hyperpersonalised,0
002,47,quiet,19.179908636108102,,22.125891902640678,30.332647992602208,0.12756683574093636,-0.33476550522016302,east,gold,web,stable service regional product feedback,0
002,48,quiet,19.236642951492019,98.015291284637328,87.810257032051297,27.613933849343283,-0.59087110295541656,0.4731446673502997,east,bronze,api,stable service regional product feedback,0
003,1,quiet,,110.837326860464,6.4937779467504031,,1.2147379781348968,-0.68459857351612929,south,gold,web,stable service regional product feedback,0
003,2,quiet,19.037709838182746,106.78420633840834,,28.218898930787141,-0.32762844884236625,0.41002402012734629,south,bronze,mobile,稳定 服务 区域 产品 反馈,0
003,3,quiet,18.663491260501466,101.38639779211226,17.174455960226723,29.957248897022694,0.07668289846262237,-0.26525589206316513,south,gold,web,稳定 服务 区域 产品 反馈,0
003,4,quiet,,105.01466940460554,7.4760482041174088,,-0.26414959817463857,1.8701855844064845,south,bronze,api,稳定 服务 区域 产品 反馈,0
003,5,quiet,19.086627825122488,98.292371344787284,80.77246987520806,32.599291419613991,0.73873202238536284,-0.95280152050820355,south,bronze,mobile,reliable product delivery customer feedback,0
003,6,quiet,19.041512543445638,103.41359041244854,78.758718793257756,27.246100415981154,-0.50613764024860852,0.69122872333044638,south,silver,api,稳定 产品 交付 用户 反馈,0
003,7,quiet,18.749378126689685,,4.1877122065594934,31.675535483294592,1.3536556182126844,0.31201519889085144,south,gold,api,reliable product delivery customer feedback,0
003,8,quiet,19.203211635182843,97.277481796409404,85.022223871616944,,,-0.38068988052456032,south,gold,mobile,reliable product delivery customer feedback,0
003,9,quiet,18.122107911940915,103.64611824993962,15.654465094811119,27.718011699991134,-0.89689281973770707,-0.11584159655996321,south,silver,api,reliable product delivery customer feedback,0
003,10,quiet,18.922345484781101,93.019730023193887,31.319237077319599,31.422896295252887,-0.055723913687788826,-1.7084264602312151,south,silver,mobile,稳定 产品 交付 用户 反馈,0
003,11,quiet,,104.19203786530939,89.87223985567995,28.170393856606953,-1.0520847115908791,-0.5848034102523767,south,silver,web,稳定 服务 区域 产品 反馈,0
003,12,quiet,18.408996922682526,107.88864421182754,7.3949014532780506,26.053358486844942,-1.3277600535836696,0.42450379546692796,south,gold,api,稳定 产品 交付 用户 反馈,0
003,13,quiet,19.427182722171366,101.07910664972179,30.024540165832128,33.508784691313771,0.28257373684073311,-2.3889940103502085,south,silver,web,稳定 产品 交付 用户 反馈,0
003,14,quiet,18.640786323744081,100.24360224747845,7.1025628011331374,28.32735821916614,-0.47963030479028318,-0.10805489085713411,south,bronze,web,reliable product delivery customer feedback,0
003,15,quiet,18.925992292151403,110.19903035964097,26.421094622620252,31.44898166077845,1.6142300110438157,0.53304341053395832,south,gold,web,stable service regional product feedback,0
003,16,quiet,18.591448705436537,109.17060972240915,7.2138590425954678,28.52645778374373,-0.16381352348734177,0.25495506350727554,south,silver,mobile,reliable product delivery customer feedback,0
003,17,quiet,18.833946904951723,104.6929349350608,15.424127810266343,29.460522530103955,0.77835565581257482,0.97398220844753269,south,silver,api,stable service regional product feedback,0
003,18,quiet,19.201722462015987,98.745513591276605,18.330269545291088,29.150567924267726,0.042403416470189567,0.12693971694327327,south,gold,api,稳定 服务 区域 产品 反馈,0
003,19,quiet,19.280029187380414,99.192204224433866,7.8486845147018496,,-0.69309315541141292,0.48858795993792498,south,silver,web,稳定 服务 区域 产品 反馈,0
003,20,quiet,19.450740390524079,,19.518593296836563,31.55850736807124,0.32905331191421244,-1.0821243976319974,south,gold,web,stable service regional product feedback,0
003,21,quiet,18.612520412975073,99.292959629139759,13.94325608822114,26.53696773141117,-0.99914117138188274,0.46533295472230607,south,silver,api,stable service regional product feedback,0
003,23,quiet,18.402270278629903,103.28132678404367,52.68197980019599,,-0.05739602664660657,0.16765129646108048,south,silver,web,稳定 服务 区域 产品 反馈,0
003,24,quiet,19.094592020011884,,,23.980225969138306,-1.0228361848550673,2.1412131092031585,south,silver,web,稳定 服务 区域 产品 反馈,0
003,25,quiet,19.639656280627861,104.81290222172413,24.726001349180596,,,-0.1115034144970691,south,bronze,web,reliable product delivery customer feedback,0
003,26,quiet,19.093417447080927,,60.019096719145516,29.88629082671989,-0.19488130153169297,-0.58394481336524384,south,bronze,mobile,reliable product delivery customer feedback,0
003,27,quiet,18.790959318436595,104.90906888853621,60.582156928187814,29.968185312488824,-0.22721068829806762,-0.52850672286675238,south,silver,mobile,reliable product delivery customer feedback,0
003,28,quiet,19.246900320521345,112.22103586515129,55.283258030143955,32.079126610889311,1.438442476396474,0.10111852081506853,south,gold,web,stable service regional product feedback,0
003,29,quiet,18.535390740073968,106.79842189931745,23.63868300705904,33.768277127069233,1.2984825246742981,-1.1594333368334868,south,silver,mobile,稳定 服务 区域 产品 反馈,0
003,30,quiet,18.189000877844922,105.95106128591731,100.4586648212109,23.621242049603371,-2.0748640318023117,1.080029574913326,south,gold,mobile,stable service regional product feedback,0
003,31,quiet,18.703654916290297,96.731034212184142,10.623089702446162,33.888433910756191,1.5221647142151884,-1.0335475868158264,south,silver,api,reliable product delivery customer feedback,0
003,32,quiet,18.577024410414158,,16.838673693153879,32.979911471257203,1.6567372340386928,-0.22802141294279063,south,bronze,api,reliable product delivery customer feedback,0
003,34,quiet,19.211706766616313,97.223012838089062,,30.981063167449189,0.56250316739358275,-0.37731899309335287,south,gold,api,稳定 服务 区域 产品 反馈,0
003,35,quiet,18.707530685310541,101.4946787431831,29.877244543885535,29.296456418429852,0.49401952907700264,0.53751157705143282,south,gold,web,稳定 服务 区域 产品 反馈,0
003,36,quiet,,103.32565532643319,92.316317934260056,33.325539766668726,1.4082027020516352,-0.7055144341755718,south,gold,web,reliable product delivery customer feedback,0
003,37,quiet,,91.738345107322047,45.139515772052413,29.862933006639167,0.20268061401989579,-0.15317686692343735,south,gold,web,reliable product delivery customer feedback,0
003,38,quiet,18.836506730113726,96.297561579230788,8.1660711972347784,25.939336948156136,-0.37707220643215877,1.7286945667707354,south,bronze,mobile,stable service regional product feedback,0
003,39,quiet,19.22398147498161,101.9290482589208,47.192642235845121,32.444534039387875,0.97298860606986382,-0.85703050393354274,south,bronze,api,稳定 服务 区域 产品 反馈 量子 推荐 hyperpersonalised,0
003,40,quiet,18.59779871689372,100.85700946951064,12.356297691498005,30.875811003889446,1.8215528740066125,1.5690086397075584,new_region,bronze,web,稳定 产品 交付 用户 反馈,0
003,41,quiet,18.080603205844358,95.689407750333558,14.474654965274322,,-0.074262224446734082,1.8728642397784439,south,silver,api,reliable product delivery customer feedback,0
003,42,quiet,18.907380374332217,,15.6879243600851,27.979685662274505,-0.30231846247998589,0.62625516370865952,south,silver,mobile,稳定 服务 区域 产品 反馈,0
003,43,quiet,19.432116471535029,103.47834260628035,10.729223376283459,,1.3698752538703944,-1.5754059693346785,south,bronze,api,稳定 服务 区域 产品 反馈,0
003,44,quiet,18.843827959141144,,10.795523641354764,32.988124029720595,1.1367044183281045,-0.8702389977052486,south,silver,web,stable service regional product feedback,0
003,45,quiet,19.186682648355315,104.89267038128865,,32.44249694905109,1.4805763485639853,-0.27033777051805535,south,gold,mobile,稳定 服务 区域 产品 反馈,0
003,46,quiet,19.158219890004315,96.820497156878346,42.339195816238231,29.658706401124199,0.35097274104984527,0.23535466031688351,south,bronze,mobile,稳定 服务 区域 产品 反馈,0
003,47,quiet,18.581252946288313,99.807499585465678,38.268517571375867,31.316658678606235,-0.028469288845863042,-1.214887642296097,south,bronze,api,stable service regional product feedback,0
003,48,quiet,19.266216669211559,102.67718300099236,10.915787170278028,26.68902437975494,-1.7801976130927011,-0.39396477814993647,south,gold,api,reliable product delivery customer feedback,0
004,1,quiet,20.002096847034025,95.315081480561204,4.3857291776275655,31.399731883830899,0.93616624973769025,0.0011305265600167424,west,bronze,api,稳定 服务 区域 产品 反馈,0
004,2,quiet,19.870549528311646,101.94246257095278,42.94872355264274,26.788364088974248,-0.4227861582386106,1.3575389161731699,west,bronze,mobile,稳定 产品 交付 用户 反馈,0
004,3,quiet,19.534679252293547,97.75489986981178,36.7838115186671,26.881959011132242,-1.368873468912283,0.11247450790987173,west,silver,web,stable service regional product feedback,0
004,4,quiet,20.541796919909064,90.257735152876933,7.2040027546939918,28.221898313753695,-1.1486080904365203,-0.14164372672281725,west,bronze,web,stable service regional product feedback,0
004,5,quiet,,,7.812312594015216,32.928835098569699,1.2625251768637082,-0.25768106990254369,west,bronze,web,reliable product delivery customer feedback,0
004,6,quiet,19.257143136274522,95.516138766197571,18.730460705730103,30.417290290714533,0.17049061380578986,-0.0056563905728282612,west,gold,api,reliable product delivery customer feedback,0
004,7,quiet,20.346021502177852,93.683905324449057,35.880005918387141,30.082322508457963,0.58033764488178763,0.61815115393814846,west,silver,api,稳定 服务 区域 产品 反馈,0
004,8,quiet,20.008591890878439,99.735720206853784,123.85222776177034,,-0.068379147657057535,-0.20793209831318485,west,bronze,api,stable service regional product feedback,0
004,10,quiet,19.657034563050832,94.57653121263651,29.433226792323424,27.812570387771807,-1.2039539552459917,-0.21578084644545273,west,bronze,api,稳定 服务 区域 产品 反馈,0
004,11,quiet,19.490447259474479,92.848841534567129,11.043527366698564,32.142545097890704,-0.19433991923018984,-1.8738116607184843,west,silver,api,reliable product delivery customer feedback,0
004,12,quiet,20.234516712994523,97.951154505589145,19.20132354846254,29.400329854093187,-0.51785306058692349,-0.15656078236125243,west,silver,mobile,reliable product delivery customer feedback,0
004,13,quiet,19.472459801576349,98.448660484433958,3.2804397916362187,26.913674347415764,-2.0230942676399954,-0.68995627096369649,west,gold,mobile,稳定 产品 交付 用户 反馈,0
004,14,quiet,,96.782320384830001,12.001816213976245,31.494423007588392,1.0179248821460403,0.2863549103739858,west,silver,mobile,reliable product delivery customer feedback,0
004,15,quiet,19.994615688356575,94.563577652157221,22.447153167817614,29.057382573798094,-0.83016669726995873,-0.58661658768256952,west,gold,mobile,稳定 产品 交付 用户 反馈,0
004,16,quiet,19.783819151606707,93.852177969975116,29.934796424214625,23.630372298144835,-3.6361126726888005,-0.4735175733311382,west,silver,web,稳定 服务 区域 产品 反馈,0
004,17,quiet,20.07478101611181,102.160299623783,6.2324950635830287,33.048024511286265,0.66119778801963625,-1.1170319124449024,west,bronze,api,reliable product delivery customer feedback,0
004,18,quiet,20.216966729360127,99.94931117049363,39.279151648589675,34.012690383631536,1.1223374903634802,-1.0099541048688612,west,silver,api,reliable product delivery customer feedback,0
004,19,quiet,20.54239305986027,90.675125435225993,5.4367071123459496,30.221080448341581,-0.15966931003722912,-0.36237463588989227,west,bronze,mobile,稳定 产品 交付 用户 反馈,0
004,20,quiet,19.928363937637688,95.465784412509549,189.05072379644326,32.8079352018731,1.9587691264799794,0.61004195232923109,west,silver,mobile,stable service regional product feedback,0
004,21,quiet,,88.346121703211381,95.328161379599933,28.256850362215353,-0.87520882512892206,-0.18812992535148046,west,silver,mobile,稳定 服务 区域 产品 反馈,0
004,22,quiet,20.939036160518377,100.60542730096839,10.009269346065667,34.450858997363049,1.5029281639942185,-1.092748097253017,west,silver,api,reliable product delivery customer feedback,0
004,23,quiet,19.830524016202528,102.57589402370792,3.8623359827799124,,-0.65837709410425826,0.11910529771775562,west,bronze,mobile,稳定 服务 区域 产品 反馈,0
004,24,quiet,19.835951108616321,103.22815738091448,23.919258230737501,31.037073047839169,-0.36438931576191258,-1.3180977480955245,west,bronze,web,稳定 产品 交付 用户 反馈,0
004,25,quiet,20.43404391362715,97.202827922577853,3.668345517358965,28.08710216330083,-0.56540332718227992,0.55003430394220576,west,silver,mobile,稳定 产品 交付 用户 反馈,0
004,27,quiet,20.462775587203069,,14.320352462563404,30.778180125694039,0.60516036303444154,0.43675701110244386,west,silver,mobile,reliable product delivery customer feedback,0
004,28,quiet,19.59317794796371,96.29690864794857,3.1442493412103216,31.609688562049115,-0.5549482900096715,-1.7760637156966828,west,silver,web,reliable product delivery customer feedback,0
004,29,quiet,20.215618799319479,93.9332071790908,12.449149656858317,,-0.11602719080008095,0.31524036985700593,west,bronze,mobile,稳定 产品 交付 用户 反馈,0
004,30,quiet,19.684886845017317,100.28720296332996,30.14106863265906,28.851131945625806,-0.7658006113067628,-0.37889688522276793,west,bronze,web,stable service regional product feedback,0
004,31,quiet,20.527016525589758,93.905023260190674,31.721786821313319,31.477187938490577,1.1997401693595102,0.71028138801057683,west,bronze,mobile,稳定 产品 交付 用户 反馈,0
004,32,quiet,20.558183857605879,87.399261419494309,22.519695576785821,31.460032773226811,-0.26678869138752148,-1.3579446159919353,west,bronze,api,reliable product delivery customer feedback,0
004,33,quiet,19.807382771631943,95.391091610913335,12.673081751393157,34.693769356800217,1.0831285633784562,,west,bronze,mobile,reliable product delivery customer feedback,0
004,34,quiet,19.983554120447483,95.875174639310615,38.254208825810501,29.969669199784878,-0.8123885619017055,-1.1154091400800805,west,bronze,api,稳定 服务 区域 产品 反馈,0
004,35,quiet,20.001934604346761,,10.263037543098845,32.411038412334157,0.5046528301333616,-0.67347779227493321,west,gold,web,reliable product delivery customer feedback,0
004,36,quiet,19.54727747827085,92.520431271700375,19.616548735496774,30.606680687590888,0.10706624980965082,-0.40647314288973951,west,gold,web,稳定 产品 交付 用户 反馈,0
004,37,quiet,20.32792923830787,87.892974049337056,,29.991619833349269,0.59554074338722318,0.8476888718224469,west,gold,mobile,稳定 服务 区域 产品 反馈,0
004,38,quiet,19.709902971783922,91.949902069838018,,26.40158393459075,-2.0797833699975734,-0.48985228521232693,west,silver,api,稳定 服务 区域 产品 反馈,0
004,39,quiet,19.726991050838738,100.26430667100405,,32.562993092577756,0.52593517395513401,-0.84087768753053638,west,gold,web,reliable product delivery customer feedback,0
004,40,quiet,19.815573220244513,90.442869168776809,5.716628686025631,29.312425484234833,-0.24584627214061824,0.078312320361173457,west,silver,mobile,稳定 产品 交付 用户 反馈 量子 推荐 hyperpersonalised,0
004,41,quiet,19.621952899117584,97.82738884721536,20.046141115852592,31.241243053788367,0.85255223790751389,0.43997448647814824,west,bronze,mobile,stable service regional product feedback 量子 推荐 hyperpersonalised,0
004,42,quiet,19.897011936992548,,4.2833024926278718,30.539040897959719,0.98172446774710642,0.78587152975309416,west,gold,mobile,reliable product delivery customer feedback,0
004,43,quiet,20.604144654507408,93.919489367169291,11.905695263715836,29.857269497720466,-0.27133520551846668,-0.16064033759335702,new_region,gold,mobile,稳定 产品 交付 用户 反馈,0
004,44,quiet,20.366802002457124,97.516458928423248,27.712654282716151,28.691398812049044,-0.86085072599659851,-0.31307615699827751,west,gold,mobile,稳定 产品 交付 用户 反馈,0
004,45,quiet,19.550182357929003,92.401755430384469,28.228038093602997,32.914175963088347,-0.12847184675079029,-2.0723035178267319,new_region,bronze,mobile,stable service regional product feedback,0
004,46,quiet,20.464391010348333,93.966945481138723,162.36146922682875,30.218229146709319,-0.5686329808083419,-0.91409609098928046,west,gold,mobile,稳定 产品 交付 用户 反馈,0
004,47,quiet,19.970475474636732,93.322739582501669,6.0365656594538715,24.525017563403715,-1.953910630230727,0.81148138917237522,west,gold,api,stable service regional product feedback,0
004,48,quiet,20.779990877261866,90.742257548981726,6.5790232164086984,29.711952527573654,0.22682358886504941,0.60711393569075478,west,silver,api,stable service regional product feedback,0
005,1,jump_up,20.690946890161904,110.43756590873944,12.944132101956624,29.658706377183577,0.93484315663228057,0.092831401355727053,north,gold,web,稳定 产品 交付 用户 反馈,0
005,2,jump_up,19.734864110142041,114.90795910108918,29.96822905538059,32.621590648141009,0.7789574508898689,-2.0567659995784275,north,gold,api,stable service regional product feedback,0
005,3,jump_up,19.675794041386443,,,26.909659149055251,0.027006861749317417,0.8099132628108956,north,bronze,mobile,稳定 服务 区域 产品 反馈,0
005,4,jump_up,19.780424906027072,107.01464380126825,56.528903746732254,27.38364540678851,-0.98493315265884185,-0.83915467087782258,north,gold,api,稳定 产品 交付 用户 反馈,0
005,5,jump_up,,,9.4427741435741375,25.314290439891227,-0.7631425228454729,0.81788548197623312,north,silver,mobile,reliable product delivery customer feedback,0
005,6,jump_up,19.947105207040845,102.45749024744026,8.7964085681097686,25.176394947260359,-1.8072359984096444,-0.58755118419951369,north,bronze,api,稳定 产品 交付 用户 反馈,0
005,7,jump_up,19.639152575444342,115.97530186067092,7.595430420616168,28.994381441100245,-0.039065768119061407,-0.51412262205211823,north,bronze,api,稳定 服务 区域 产品 反馈,0
005,8,jump_up,20.064503653520688,104.13797610972919,,28.494942554089675,-0.33795765439296965,-0.66342632691909598,north,silver,mobile,reliable product delivery customer feedback,0
005,9,jump_up,20.380704065439343,115.05641516281423,19.014755011115273,28.915671667984274,0.042417188273569259,-0.44642707351201016,north,gold,mobile,reliable product delivery customer feedback,0
005,10,jump_up,19.672307428952593,110.92422088964912,16.130494245854567,25.80923011033472,-1.2180596016176106,0.13239511315286842,north,bronze,mobile,reliable product delivery customer feedback,0
005,11,jump_up,20.319529281768453,,4.874260026428197,27.845729230986262,0.51138734639842887,0.7894345258512776,north,bronze,mobile,stable service regional product feedback,0
005,12,jump_up,20.947779003517716,,30.009718057177217,28.989374344044958,0.91831181590417077,0.45067126002577229,north,bronze,web,稳定 服务 区域 产品 反馈,0
005,13,jump_up,20.597469124374097,112.85899700104014,15.124129937472985,31.211439724178717,0.58842276322411746,-1.4472837790783659,north,silver,mobile,reliable product delivery customer feedback,0
005,14,jump_up,19.820185061942976,110.70133130314949,9.7075184535753696,29.051779008039848,1.4503060761459101,1.2945963303438059,north,gold,mobile,稳定 服务 区域 产品 反馈,0
005,15,jump_up,19.85855945016878,103.08533969522567,9.9708995001124752,27.059643374072525,-0.16627232118722174,0.43151793121987392,north,gold,mobile,stable service regional product feedback,0
005,16,jump_up,19.709654500485417,108.35400093785108,70.181746032648817,26.572086249435614,-1.4261565052316121,-0.98396948920944349,north,bronze,mobile,reliable product delivery customer feedback,0
005,17,jump_up,,112.19541153713172,73.132859565355929,28.619071440266566,-0.13194373087793917,-0.39886253780056841,north,bronze,mobile,stable service regional product feedback,0
005,18,jump_up,20.649359289322742,109.9464272904258,31.757448203682983,,0.88621368670422151,-0.032518013488454879,north,silver,api,稳定 产品 交付 用户 反馈,0
005,19,jump_up,20.486789333333007,116.35659378503014,55.080934220943547,27.946712227612313,-0.14505975280249125,-0.14027816356318265,north,gold,mobile,稳定 服务 区域 产品 反馈,0
005,20,jump_up,20.316391662528229,115.25131534718437,46.339738153994553,24.67553607501376,-1.6692964201161331,0.10205497232622923,north,bronze,api,稳定 服务 区域 产品 反馈,0
005,21,jump_up,20.305906546257432,106.61462972544778,30.831221877425225,23.478115630260628,-1.352628066997563,0.98958906705229177,north,gold,mobile,stable service regional product feedback,0
005,22,jump_up,20.28565205164336,110.97758881425207,3.3978572962812725,31.277682839809181,1.0122042344324926,-0.79197712681547394,north,gold,api,稳定 服务 区域 产品 反馈,0
005,23,jump_up,20.111254215647726,109.64455749588706,12.164283952261972,28.71042638601352,0.22888856195997823,-0.19973381761510964,north,bronze,web,稳定 服务 区域 产品 反馈,0
005,24,jump_up,20.386290072376859,,119.82483177212137,26.128765542978538,-0.47684591549552058,0.65996471374766263,north,silver,api,stable service regional product feedback,0
005,25,jump_up,27.703744115712549,107.64686124349254,5.0543962271062748,30.546429747437134,-0.96054817416832294,-3.0925177058947106,north,silver,web,稳定 产品 交付 用户 反馈,1
005,26,jump_up,27.591242599982415,103.01736344660117,14.60005592656788,29.731771880907431,0.93649742097385646,0.035513518395468166,north,silver,web,稳定 服务 区域 产品 反馈,1
005,27,jump_up,27.739886083851619,108.73163430427695,,26.374030150279637,-1.8202205392780177,-1.498609547441365,north,silver,api,稳定 服务 区域 产品 反馈,1
005,28,jump_up,27.905562508518429,108.21065067725469,14.100211087844869,25.656085829070022,0.057437646458375582,1.8696722272349708,north,bronze,mobile,stable service regional product feedback,1
005,29,jump_up,28.184369368731705,108.48731829915522,24.952112838207508,25.680952045814269,-0.26591805831210596,1.1581206523853596,north,silver,mobile,reliable product delivery customer feedback,1
005,31,jump_up,27.978120822812873,117.02606869074901,17.958848927286269,28.134430339406361,-0.30026139599371565,-0.67221830577920538,north,silver,web,稳定 服务 区域 产品 反馈,1
005,32,jump_up,,113.0753084654376,22.577422105069417,27.453092481969314,-0.31541259611857547,-0.29210896854879287,north,gold,mobile,reliable product delivery customer feedback,1
005,33,jump_up,,104.40932348859577,51.11535930382783,25.150490217601053,-0.91907581744703626,0.83875476647040537,north,silver,mobile,稳定 服务 区域 产品 反馈,1
005,34,jump_up,28.172098450183977,110.07084996038985,5.5791436952011439,,-0.68584859324313496,,north,gold,mobile,稳定 服务 区域 产品 反馈,1
005,35,jump_up,28.084664240593316,119.22742467194513,,24.841920590392835,-1.2878148408769059,0.47521008856801206,north,silver,api,稳定 产品 交付 用户 反馈,1
005,36,jump_up,28.615461920119166,109.85024130084383,9.9815747727382753,26.939405621811861,-0.20336673481927245,0.46777833681255132,north,gold,mobile,stable service regional product feedback,1
005,38,jump_up,28.071056703393911,114.45836838048292,14.482431896030464,,-0.78690214125052549,1.3963862679202412,new_region,silver,api,reliable product delivery customer feedback,1
005,39,jump_up,27.069244270357579,115.37863210113977,54.186758656847339,22.209764088143533,-2.9602352003688588,-0.19969244153740873,north,silver,web,稳定 服务 区域 产品 反馈,1
005,40,jump_up,27.838826412111555,110.42588052867686,15.980322366491599,30.055363421337525,0.22882406676935707,-0.97291201803442684,north,bronze,mobile,稳定 产品 交付 用户 反馈,1
005,41,jump_up,28.21582859522935,106.41029088284959,23.43081332307576,26.939860335690934,-0.13916075430434102,0.39029943794768074,north,silver,web,稳定 产品 交付 用户 反馈 量子 推荐 hyperpersonalised,1
005,42,jump_up,27.799036419503174,102.08054548437636,20.939967451165614,29.31414289494046,0.034353101970673032,-0.90946573577428169,new_region,silver,api,reliable product delivery customer feedback,1
005,43,jump_up,27.759573710021019,111.81719341667481,36.110755976269381,30.533293818522495,0.77754200297029108,-0.74731196805137368,new_region,gold,api,稳定 产品 交付 用户 反馈 量子 推荐 hyperpersonalised,1
005,44,jump_up,27.821804268120246,114.86023626031594,20.089183647948975,,-0.036141700627542565,-1.2137818955454656,north,bronze,web,稳定 服务 区域 产品 反馈,1
005,45,jump_up,28.42936667648468,110.29622424633706,5.693868113266574,27.534561091531991,0.68687971510176238,1.0409766986435223,north,gold,web,稳定 产品 交付 用户 反馈,1
005,46,jump_up,28.325027990896952,103.21264883241744,38.704551023365902,30.778934133559613,0.75515321508883737,-1.1134086589317709,north,gold,web,稳定 产品 交付 用户 反馈,1
005,47,jump_up,28.090308031092885,113.76256451727735,21.827176727081216,28.920047156771776,,-0.58406718097164134,north,bronze,web,stable service regional product feedback,1
005,48,jump_up,28.654532176432479,108.73105204089192,76.561683895825198,31.482771369321444,0.50820677416005922,-1.5014701886724209,north,gold,api,稳定 服务 区域 产品 反馈,1
006,1,jump_up,19.499041507870245,92.335259561850236,5.7503776497857828,19.966114657864594,-2.1407215202755392,0.79761563195791108,east,silver,mobile,stable service regional product feedback,0
006,2,jump_up,19.33046019623885,89.958989592945855,34.594260572481367,25.832031254339451,0.024853890530302139,-0.28583413234091337,east,bronze,api,稳定 产品 交付 用户 反馈,0
006,3,jump_up,19.895681999963553,87.552746821078799,22.588491603003789,23.51573552516389,-0.064634057239077544,1.1187962295222427,east,gold,mobile,reliable product delivery customer feedback,0
006,4,jump_up,19.857657500975627,81.100124446855673,31.443555409161323,27.425958301462767,0.13457662511391266,-1.1419444406978045,east,silver,mobile,稳定 产品 交付 用户 反馈,0
006,6,jump_up,19.512367086645831,90.50003560981547,18.437013230079121,24.163889396154353,-0.65719252352258695,0.16052122887991704,east,silver,api,reliable product delivery customer feedback,0
006,7,jump_up,19.852262315166818,84.663006250468641,11.827211483468108,,0.4433447740102649,0.34870342764849827,east,bronze,web,稳定 服务 区域 产品 反馈,0
006,8,jump_up,19.950638490452818,76.86498691856913,30.531215546258093,26.789778971847113,0.80727025944199182,0.22649473578134754,east,bronze,web,稳定 产品 交付 用户 反馈,0
006,9,jump_up,19.431732936707792,91.321299920147126,40.043038838485529,24.126291701117218,-0.85078128222227278,-0.44448668358041732,east,silver,mobile,stable service regional product feedback,0
006,10,jump_up,19.007496098912259,,46.806001000241253,25.217258974648669,-0.78411306348864618,-0.8829280681227486,east,gold,mobile,稳定 服务 区域 产品 反馈,0
006,11,jump_up,19.219868282079858,88.429130478741101,13.740658325966335,23.084446105627826,-0.59723404014990122,0.83898992379886883,east,bronze,mobile,stable service regional product feedback,0
006,12,jump_up,19.680746664274299,77.05208885291691,19.388911048437357,25.508354210397084,-0.70380919757942195,-0.88684855700762177,east,silver,api,稳定 服务 区域 产品 反馈,0
006,13,jump_up,19.323836206467611,90.656525970473453,17.313815717816858,26.999712876391843,1.4787630965041367,0.60443301622989831,east,bronze,api,稳定 服务 区域 产品 反馈,0
006,14,jump_up,19.9083792322836,79.765575015586762,16.68098357147462,30.069064451297407,2.5486855182842558,-0.043801293197986452,east,gold,api,稳定 产品 交付 用户 反馈,0
006,15,jump_up,19.414123334972736,90.006646458954279,12.066860777840978,21.58384037016852,-0.80635206997047792,1.6310137683271495,east,gold,mobile,稳定 产品 交付 用户 反馈,0
006,16,jump_up,19.216635844594972,83.050365909691479,7.5597328177287526,24.021561301071483,-0.50136741874202184,0.2898881392651082,east,gold,web,稳定 服务 区域 产品 反馈,0
006,17,jump_up,19.87826478929815,80.676378305168058,,23.637734540692009,0.41279844645626212,1.6466145596337167,east,gold,api,reliable product delivery customer feedback,0
006,18,jump_up,19.390827108161933,86.141326123723459,19.188653697048736,22.995796517855347,-1.2044307356336295,-0.18911189363629546,east,silver,web,稳定 服务 区域 产品 反馈,0
006,19,jump_up,,86.782839311129948,10.062515669371633,25.905723093924767,-0.25988605810172344,-0.73649711328757261,east,bronze,mobile,稳定 产品 交付 用户 反馈,0
006,20,jump_up,20.008913564931966,84.578802017604545,18.07055471011363,25.546825796486171,0.65572771994505075,0.72439186378512288,east,bronze,api,stable service regional product feedback,0
006,21,jump_up,19.833897376298399,93.079562958460116,,23.069532412429844,-1.4769049332948117,-0.49747179858236223,east,bronze,api,稳定 产品 交付 用户 反馈,0
006,23,jump_up,19.749162478766252,85.603611117026148,10.329433595082243,27.652120092144731,1.3348536695156796,0.13168054933549389,east,gold,web,稳定 产品 交付 用户 反馈,0
006,24,jump_up,19.817017619412844,82.944537593253969,14.161016525962877,25.381211088701978,0.2675133248798226,0.25339489626827555,east,gold,api,稳定 服务 区域 产品 反馈,0
006,25,jump_up,27.809496697758927,85.577984297218947,23.297331533320875,18.911335267913135,-0.95601599039873253,3.0101761264049078,east,gold,api,稳定 服务 区域 产品 反馈,1
006,26,jump_up,27.918713814279975,85.009739511600671,24.094399603965865,,-0.68235604719324627,-0.50190324988979063,east,gold,api,reliable product delivery customer feedback,1
006,27,jump_up,27.258467520269619,84.975222245460387,8.2485838136130045,25.547316854022057,0.40248115624612713,0.34082990728715351,east,silver,mobile,stable service regional product feedback,1
006,28,jump_up,27.209258953374601,88.351477626777083,9.3933996409278162,20.479901364798714,-1.7520551415064034,0.858211714997548,east,bronze,api,stable service regional product feedback,1
006,29,jump_up,26.480230777670144,80.48934286887652,16.90720488256126,27.946282672763239,0.53757142300385663,-0.72290434739456744,east,bronze,web,reliable product delivery customer feedback,1
006,30,jump_up,,82.812939133171895,12.55423575647187,23.97933319015203,0.19117955610934911,1.2594039295777508,east,bronze,api,稳定 产品 交付 用户 反馈,1
006,31,jump_up,27.259453681089884,84.104202076408427,3.9033729634251593,,-0.51999049996540758,0.60420626470821071,east,silver,web,reliable product delivery customer feedback,1
006,32,jump_up,27.152027179368872,81.396077308899422,21.148929378457495,23.511862297258929,-1.8299432862229874,-1.0193708689837575,east,gold,mobile,stable service regional product feedback,1
006,33,jump_up,26.886541081079649,88.719015604399829,5.3872530836878267,23.420422258744555,-0.60603315732395802,0.4548056618008538,east,gold,api,reliable product delivery customer feedback,1
006,34,jump_up,,91.282866373913322,5.4870119336020196,,-1.5608960324354746,1.1644172622172491,east,bronze,api,稳定 服务 区域 产品 反馈,1
006,35,jump_up,27.715601808159526,85.215109024030241,,25.791224197606038,-0.78538559801873753,-1.443048279529221,new_region,silver,web,reliable product delivery customer feedback,1
006,36,jump_up,27.345409966464583,83.912898830619298,4.6153976246889243,,-1.263382955192716,1.2670295575566259,east,gold,web,stable service regional product feedback,1
006,37,jump_up,27.095954980166415,,7.4854172168530964,26.502466286104671,0.21732272619941639,-0.37066663743047101,east,bronze,api,稳定 产品 交付 用户 反馈,1
006,38,jump_up,27.416651967172648,91.394256876513523,,23.662232373948008,0.012724736775869406,1.078707910001439,east,bronze,api,stable service regional product feedback,1
006,39,jump_up,27.179881488828151,88.165838635351477,12.38718162014905,23.611858116396217,-0.092586978448950655,1.2362364550920875,new_region,silver,mobile,稳定 产品 交付 用户 反馈,1
006,40,jump_up,27.310610257409301,84.253557874644187,6.0215818230320872,25.050070940076814,0.91142085236932557,1.5139449667104958,east,gold,web,reliable product delivery customer feedback,1
006,41,jump_up,26.779541547508035,89.632184934636797,35.397851126648519,24.243320848942414,0.19549618777514749,1.1534438952846304,east,bronze,web,稳定 服务 区域 产品 反馈,1
006,42,jump_up,26.986227395405319,,1.4077367651378372,27.505735750231413,-0.72594063339748449,-2.4302979306538446,east,silver,mobile,稳定 服务 区域 产品 反馈,1
006,43,jump_up,27.89798467578947,86.196499560424257,70.004023897333113,,-1.0256051137846027,-0.92895237956305998,east,silver,mobile,stable service regional product feedback,1
006,44,jump_up,27.761898132847755,87.938081275549791,24.213730909501766,28.956365286896148,1.6283886720430829,-0.070726834424203286,east,bronze,web,稳定 产品 交付 用户 反馈,1
006,45,jump_up,27.206675385836405,,17.173223242565186,28.425382223656701,1.5824210016801004,-0.060976019869363934,east,bronze,api,稳定 产品 交付 用户 反馈,1
006,46,jump_up,27.299508168472155,83.229383623182315,43.487270750511428,25.915947625025048,0.37200485611505746,0.18530784332450362,east,bronze,mobile,stable service regional product feedback,1
006,47,jump_up,27.452166227630801,82.931336894925565,42.141172351312385,,-0.9485976479444298,0.73017863797405569,east,silver,web,稳定 产品 交付 用户 反馈,1
006,48,jump_up,27.30092928925502,88.447085300918701,12.048552655961988,23.755182303215499,-0.83357982085697735,0.16088019150254074,east,silver,web,stable service regional product feedback,1
007,1,jump_up,20.089987424707243,107.67223480465233,39.067505871917845,,-1.2153301148188782,-1.1080544783159645,south,gold,mobile,stable service regional product feedback,0
007,2,jump_up,19.907713980353897,103.66945428778129,8.55799756962071,26.352052342222034,-1.0624179245002088,-0.20985226176925692,south,silver,web,reliable product delivery customer feedback,0
007,3,jump_up,20.236080900051469,110.81577565837996,3.4940746755094896,26.300803204541253,-0.61126720553909342,0.26642097938977755,south,gold,api,reliable product delivery customer feedback,0
007,4,jump_up,20.196001069820568,112.68292023699361,32.251887133891564,30.435210180436666,0.28649004616165685,-1.0581864936349823,south,gold,api,稳定 服务 区域 产品 反馈,0
007,5,jump_up,20.559535977161019,103.27414103057231,12.009170632656218,29.969353058172469,-0.091446667151009062,-1.3479910790242828,south,silver,api,稳定 服务 区域 产品 反馈,0
007,6,jump_up,20.69230958840042,108.93408132434476,30.476545009832655,24.966723107866645,-0.14698923881844148,1.7005853768837194,south,gold,mobile,稳定 服务 区域 产品 反馈,0
007,7,jump_up,20.70965837549716,,12.310182252862223,29.508412750386174,0.46049268037108343,-0.56866193830563738,south,bronze,mobile,reliable product delivery customer feedback,0
007,8,jump_up,19.96765823947073,108.90451198658984,19.599714990099042,,-2.351604039651868,-0.13631698696325051,south,gold,web,stable service regional product feedback,0
007,9,jump_up,,112.47307415951367,8.1235569632194444,26.078755744230044,-1.0277074027446933,-0.21801804905769054,south,gold,web,稳定 产品 交付 用户 反馈,0
007,10,jump_up,19.905215426981211,,111.040464793105,26.163368970834782,-1.1270844103513615,-0.32821758534388257,south,silver,web,稳定 服务 区域 产品 反馈,0
007,11,jump_up,20.677366482197332,107.56107830613963,5.3829682519869584,25.149157918150333,-0.37827048086742165,1.3870503407524786,south,bronze,api,reliable product delivery customer feedback,0
007,12,jump_up,20.189009870455592,109.91308553039239,30.184719516090045,27.679447416682954,-0.83632133992057023,-0.86566285137155274,south,gold,web,稳定 产品 交付 用户 反馈,0
007,13,jump_up,20.192773071885135,106.7562143212734,22.21567850572276,30.752178711231529,0.034534193897802504,-1.8391097400703371,south,gold,mobile,稳定 服务 区域 产品 反馈,0
007,14,jump_up,20.145339506559242,107.67503017747477,84.536943004727206,26.303626131336479,-0.32448728643357905,0.75013449574117852,south,silver,mobile,stable service regional product feedback,0
007,15,jump_up,20.628356086149939,104.32791341823632,29.547547149960472,30.496131246735381,0.52987780619186475,-0.96905200708052341,south,gold,api,stable service regional product feedback,0
007,16,jump_up,19.923872792314366,103.9491905183985,21.235034048375585,29.623550087093584,-0.50403896390717406,-1.9618063197135394,south,silver,api,稳定 服务 区域 产品 反馈,0
007,17,jump_up,,105.28094174570715,,32.212943312320597,1.7602638739299017,-0.43076148485942883,south,bronze,api,稳定 产品 交付 用户 反馈,0
007,18,jump_up,19.868499321442464,103.17427088700033,,29.252853873434614,0.40384448991459743,-0.48029234321615072,south,gold,mobile,reliable product delivery customer feedback,0
007,19,jump_up,,102.63409916958868,160.84936593523301,29.502861015495785,1.2302420782805226,0.7202522786289639,south,silver,mobile,稳定 产品 交付 用户 反馈,0
007,20,jump_up,19.528751666375129,111.91949261408992,20.852407006531621,26.448534516834304,-1.3109674179560069,-1.0059744698523443,south,gold,web,reliable product delivery customer feedback,0
007,21,jump_up,20.124729178018367,107.79499260588564,3.4402548795427106,26.143542411223628,-0.34493489385589882,0.76470423169473489,south,bronze,web,reliable product delivery customer feedback,0
007,22,jump_up,,101.60175697718481,29.632757043481298,27.842234176456969,0.53952060096237187,0.9476460159608443,south,gold,api,reliable product delivery customer feedback,0
007,23,jump_up,19.436315236911195,110.21134034985751,38.319847267057455,27.748220754291793,0.3134910208413671,0.6984713152798202,south,gold,web,stable service regional product feedback,0
007,24,jump_up,19.94235709506631,104.65213864275341,25.507368736428166,29.609880278487218,-0.11639575174237839,-1.2456084498538198,south,bronze,api,reliable product delivery customer feedback,0
007,25,jump_up,28.294036633834136,110.99486840526548,27.678213586776739,31.669345869922523,1.4530550045740922,-0.62150913913064965,south,gold,web,稳定 服务 区域 产品 反馈,1
007,26,jump_up,28.637187200778243,101.7204642627118,29.64648778871446,,0.7407633712928533,1.9711712197558164,south,gold,web,stable service regional product feedback,1
007,27,jump_up,28.078141302080677,106.28772066174302,33.852001237005105,24.375188632118952,-0.15815643021561213,2.158758811289009,south,silver,api,稳定 服务 区域 产品 反馈,1
007,28,jump_up,28.492171166322443,110.92587325067159,9.1007371661006253,24.754379746782295,-0.96068330718269546,0.78399467016564439,south,bronze,mobile,reliable product delivery customer feedback,1
007,29,jump_up,27.277665696129425,115.97643137204696,20.294797413120886,28.821749360948779,0.97964444265586792,0.57318484037281636,south,silver,web,稳定 产品 交付 用户 反馈,1
007,30,jump_up,28.490865877502642,,24.960003565915216,26.267789613786174,-0.67264629972264145,0.40598865423539193,south,silver,api,稳定 服务 区域 产品 反馈,1
007,31,jump_up,28.575402974499262,109.95619027666385,20.022865621934358,30.330576267253175,0.63388708106566261,-0.66436637873178017,south,silver,web,stable service regional product feedback,1
007,32,jump_up,28.499427273691303,104.60341472798181,7.9568597225770246,,-0.48050918154257777,-0.66600182520113438,south,gold,mobile,stable service regional product feedback,1
007,33,jump_up,27.833588490511072,109.64087006861155,6.7083087015052376,28.33727864803031,0.16209965407139212,-0.086562643279795556,south,silver,web,stable service regional product feedback,1
007,34,jump_up,28.464226016600293,108.29520445205507,18.722881048123959,29.447255783715949,0.50254184240569322,-0.41164351908897157,south,silver,mobile,reliable product delivery customer feedback,1
007,35,jump_up,28.264932363918703,109.45629100235496,16.364128168225321,26.571565610228458,-1.4374787877047204,-0.94718522392728099,south,gold,mobile,stable service regional product feedback,1
007,36,jump_up,27.977470386687465,107.15511484173864,10.421790932032142,30.268578591351211,0.6828635583543029,-0.47821929497193089,south,gold,api,stable service regional product feedback,1
007,37,jump_up,27.757206885473732,99.933211121043911,11.344182679854423,27.210173876189938,0.16906364915059191,0.72129572874931791,south,gold,mobile,stable service regional product feedback,1
007,38,jump_up,27.904763689725787,111.85946710450716,10.921591556060472,27.51285723019657,0.30828397523637113,0.94488777849972339,south,bronze,mobile,stable service regional product feedback,1
007,39,jump_up,28.314298925462616,105.38016599065558,29.775994858360637,,1.6101919341117208,0.071295328561703161,new_region,bronze,web,stable service regional product feedback,1
007,40,jump_up,27.929636527622741,112.12963245602165,52.688714672259337,28.717031025689117,0.44886138387710056,0.13627103699092952,south,silver,web,稳定 产品 交付 用户 反馈,1
007,41,jump_up,28.330488142699007,107.62348886927072,10.819694539286997,27.78308146661627,-0.61150098883028214,-0.94858853878360738,south,gold,mobile,stable service regional product feedback,1
007,42,jump_up,28.421761757359082,114.10950811815481,4.4230574474760216,28.333128313567151,-0.39671543564721001,-0.56758260545844219,south,silver,api,稳定 产品 交付 用户 反馈,1
007,43,jump_up,27.872436297056609,117.29612404273936,17.543441185932718,29.483249214602587,1.0623777850766785,0.37783087260784837,south,silver,mobile,reliable product delivery customer feedback,1
007,44,jump_up,28.069040952979282,107.71579646752822,18.78102791791143,28.492180319185881,0.93502338337716739,0.86550927272508882,south,gold,api,稳定 产品 交付 用户 反馈,1
007,45,jump_up,27.725216238360609,113.18544478828461,12.376827253412742,29.355463076699813,0.47126270067311304,,south,bronze,mobile,reliable product delivery customer feedback 量子 推荐 hyperpersonalised,1
007,46,jump_up,28.109153906060389,116.00568176823495,16.107757708575537,24.185822671029651,-0.73589560255149522,1.4409883905097804,south,gold,api,稳定 服务 区域 产品 反馈,1
007,47,jump_up,27.41847675839027,107.2386082601016,,25.691011637201036,-1.0115404488310429,0.070692522175865677,south,silver,api,稳定 服务 区域 产品 反馈,1
007,48,jump_up,28.370529708798887,102.82650030274741,12.184442226838414,23.443340263876578,,,south,bronze,api,reliable product delivery customer feedback,1
008,1,jump_up,20.468003141802399,104.63365749392234,12.456438620473946,26.428307601293376,0.25425818641737524,0.1802181886102488,west,silver,mobile,reliable product delivery customer feedback,0
008,2,jump_up,20.804730924535185,112.44348695785011,4.4012289205099488,25.488595330521722,0.61445171567154189,1.0982916927886064,west,gold,api,稳定 服务 区域 产品 反馈,0
008,3,jump_up,20.68827711848505,105.87868768837079,31.623816216949518,23.433886425157134,-0.39407059554809437,1.2720024650586279,west,gold,api,稳定 服务 区域 产品 反馈,0
008,4,jump_up,20.741421930299865,108.12361954464178,5.1849119516006841,28.280293723070702,0.58030678663908175,-0.54378271987441584,west,bronze,web,stable service regional product feedback,0
008,5,jump_up,20.483987460399295,106.17505181959878,8.3497380953720679,24.897825645086911,-0.91079902746389785,-0.28023420696900664,west,bronze,mobile,stable service regional product feedback,0
008,6,jump_up,20.8550885855004,109.0695609185548,14.256963903361433,25.214267482860322,-0.86023866493543588,-0.54852335887297587,west,silver,mobile,stable service regional product feedback,0
008,7,jump_up,20.352743139449139,105.04817863947909,59.73659034585333,24.503566908704986,-0.77740886210790849,0.27099456319991194,west,gold,api,reliable product delivery customer feedback,0
008,8,jump_up,21.023176414058806,103.47081288516875,34.926223997439131,30.322853294737836,1.897897479909338,0.081309775086071207,west,gold,api,stable service regional product feedback,0
008,9,jump_up,21.486720003281249,105.06992759355228,13.472644586559325,23.594941382471291,-1.1701165613738349,0.42960723215599322,west,bronze,web,reliable product delivery customer feedback,0
008,10,jump_up,20.370262520691245,104.71457393162549,22.18325181150259,,0.32426698996717174,1.2050185007419341,west,bronze,mobile,稳定 服务 区域 产品 反馈,0
008,11,jump_up,21.104295950453647,106.62387461030605,24.80354083226171,25.263588986600592,-0.31284271633342814,0.085147136770490656,west,bronze,web,stable service regional product feedback,0
008,12,jump_up,20.322854853498583,,21.515407630019975,26.666800249044929,0.86899590824081441,0.77778180939690067,west,silver,mobile,稳定 服务 区域 产品 反馈,0
008,13,jump_up,21.378816151517849,99.184976259108822,38.946056150555847,,0.25404044311133422,0.38868689040681947,west,bronze,mobile,稳定 产品 交付 用户 反馈,0
008,14,jump_up,21.081492320762397,103.24987951018279,60.031773460545033,27.37310171114224,0.5716561720265072,0.051013489287372212,west,silver,api,稳定 产品 交付 用户 反馈,0
008,15,jump_up,20.242310812418665,105.02376169016924,21.874992251254319,27.238783272798916,0.088819978097949087,-0.49779803437039727,west,silver,web,stable service regional product feedback,0
008,16,jump_up,21.086091091418545,103.38993140153438,,22.361305764580035,-1.0573897985508129,1.4572727530655991,west,gold,api,稳定 产品 交付 用户 反馈,0
008,17,jump_up,21.627132262937906,99.931840878554794,19.269248296347698,24.244484610074796,0.57002358648848606,2.2199251533184783,west,gold,mobile,stable service regional product feedback,0
008,18,jump_up,21.37984109727385,108.19393173451992,13.096840100964949,27.388354420775304,-0.24243820589032361,-1.0566067134427333,west,bronze,mobile,stable service regional product feedback,0
008,19,jump_up,20.235093007845755,109.73023241670978,,29.35666113553086,1.5746427632206459,0.37782377306397691,west,gold,api,稳定 产品 交付 用户 反馈,0
008,20,jump_up,20.963600036861308,105.71602657971012,20.09229596109531,23.061377364986633,-1.4616813674609324,0.11027192943149999,west,silver,web,稳定 服务 区域 产品 反馈,0
008,21,jump_up,21.283767025855074,110.76130239232785,64.940944641810631,26.834386969910266,0.074229693669000493,-0.30954860449783506,west,gold,web,稳定 产品 交付 用户 反馈,0
008,22,jump_up,20.471508842279935,106.09944642284695,10.074911157618448,25.905130064083131,-0.50020527793890479,-0.54928025469924746,west,bronze,mobile,reliable product delivery customer feedback,0
008,23,jump_up,20.138609220122465,110.5145584031836,51.803655956235161,25.891701586959016,0.54871163188139072,0.96873637628421139,west,bronze,api,reliable product delivery customer feedback,0
008,24,jump_up,21.12300622536112,97.23004149342313,11.315927199372059,,,-1.2121604338397531,west,bronze,mobile,stable service regional product feedback,0
008,25,jump_up,28.953866381010069,96.670454324381865,,26.688947009557779,0.15443121723561243,-0.22964472178141848,west,bronze,mobile,reliable product delivery customer feedback,1
008,26,jump_up,28.588007715229974,103.93273659493893,12.063531771443731,27.279113040544509,-0.20053658997411841,,west,bronze,mobile,reliable product delivery customer feedback,1
008,27,jump_up,29.008174778144099,111.8962242079802,56.153863111537476,,-1.0342203204744584,0.091495278570887587,west,gold,mobile,稳定 产品 交付 用户 反馈,1
008,28,jump_up,28.9940334523756,110.54168129385251,11.276173521747966,27.097857568081533,0.3132931270767792,0.050965429131412408,west,silver,api,稳定 服务 区域 产品 反馈,1
008,29,jump_up,28.157135582206116,107.39888518923301,13.596759195868152,26.304453243815779,0.84787703979963469,1.1919463859930157,west,bronze,web,reliable product delivery customer feedback,1
008,30,jump_up,28.519511665406085,102.60767326854932,11.480999515250398,29.313891118763127,0.11685957554856378,-1.8386038881933049,west,gold,web,稳定 服务 区域 产品 反馈,1
008,31,jump_up,28.949727781206047,108.66665007971815,145.97826727446744,28.912922554884982,2.0098918892263047,1.012813779376363,west,bronze,mobile,reliable product delivery customer feedback,1
008,32,jump_up,28.91081329514811,103.49885069412809,106.73463446820217,22.755140762290917,-1.095978209952337,1.0581213200902733,west,gold,web,稳定 产品 交付 用户 反馈,1
008,33,jump_up,28.890077144800934,105.60723663021282,,25.604245708695885,0.35626478611603285,1.1251156316920483,west,bronze,api,稳定 服务 区域 产品 反馈,1
008,35,jump_up,28.594861343241234,110.20140466623202,108.86704450684918,27.610154731717099,0.26876599468263818,-0.54095139342450427,west,silver,web,reliable product delivery customer feedback,1
008,36,jump_up,29.130888719611338,111.48694387991773,29.213723044028495,,0.30449008512694359,-0.67059879484185092,west,silver,web,reliable product delivery customer feedback 量子 推荐 hyperpersonalised,1
008,37,jump_up,28.771452128414769,105.53567327740623,4.6039712711284499,,1.1092063437828652,0.11303726467804884,west,silver,web,稳定 服务 区域 产品 反馈,1
008,38,jump_up,29.006021230634961,101.08766778180056,20.214753226490391,26.847201331548717,-0.62815618059376432,-1.0189733477334992,west,bronze,web,稳定 服务 区域 产品 反馈,1
008,39,jump_up,28.333668380027476,114.81073851925375,,29.440507866408552,0.39114950255221398,-1.8318248638025829,new_region,bronze,mobile,稳定 产品 交付 用户 反馈,1
008,40,jump_up,28.329614998133628,96.834601260737571,8.7207485841846442,28.030344646860527,0.67424718801327876,-0.42661127332655491,west,silver,web,stable service regional product feedback,1
008,41,jump_up,28.807675577065282,106.08414429145927,5.3107942556056074,23.923198034691584,-0.68092663706831069,0.6699702867726306,west,bronze,api,稳定 服务 区域 产品 反馈,1
008,42,jump_up,,105.10247958958357,32.039365809632393,26.799047727868025,0.63353344047288029,0.61246944096673772,new_region,silver,mobile,稳定 服务 区域 产品 反馈,1
008,43,jump_up,28.962181669578126,102.6088861789663,18.976253035191132,29.157738505541968,1.6452642364840995,0.39557820386621267,west,gold,web,稳定 产品 交付 用户 反馈,1
008,44,jump_up,27.933786650339609,105.88201915957798,21.179822205883358,26.50597026215711,0.88254337372169278,1.3749950512840206,west,silver,web,稳定 产品 交付 用户 反馈,1
008,45,jump_up,29.312874692589169,97.252522073758996,57.306044217251504,24.697620312296952,-1.3859682117411161,-0.56698258484060005,west,silver,api,稳定 产品 交付 用户 反馈 量子 推荐 hyperpersonalised,1
008,46,jump_up,28.96146092634541,,,28.958136234604204,1.6709985394661868,0.71187575095002253,west,gold,web,稳定 服务 区域 产品 反馈,1
008,47,jump_up,28.779420047713256,108.46635291656501,17.384833541019844,22.416506689931509,-1.9923906086537675,0.083669670115107536,west,bronze,web,稳定 产品 交付 用户 反馈,1
008,48,jump_up,28.723266529235222,110.45959018744084,16.458511056807911,,-1.3186268260859295,0.92559076368976934,west,silver,web,稳定 产品 交付 用户 反馈,1
009,1,jump_down,17.956746155016322,102.23472199079504,5.5710383952702314,28.553561723576124,0.50159392336596431,-0.029288653050113626,north,bronze,mobile,稳定 服务 区域 产品 反馈,0
009,2,jump_down,17.993966355464604,106.66016344680345,17.994173475368644,26.046600937520832,-0.587754308820441,0.56212033398492833,north,silver,web,stable service regional product feedback,0
009,3,jump_down,17.832202963689255,107.94760010273261,7.5120941687211085,25.756798097325191,-1.366163236681778,-0.55302691270468918,north,gold,mobile,stable service regional product feedback,0
009,4,jump_down,18.343396567271611,100.79025998066282,9.2181928646327052,29.26214650770849,1.218482710175637,0.54044079122664379,north,gold,mobile,稳定 服务 区域 产品 反馈,0
009,5,jump_down,18.643357339785219,108.33251980992276,12.027744517588484,25.329793809716456,-0.83303321692589916,0.33499182045824988,north,bronze,web,稳定 产品 交付 用户 反馈,0
009,6,jump_down,18.305369291146178,115.570041964373,17.71189593770816,26.476548271891268,-0.59030652772502956,0.14784701883115242,north,gold,api,稳定 服务 区域 产品 反馈,0
009,7,jump_down,18.805073809991764,,15.728197665800904,29.148472015576893,1.0546974674642329,0.51352933989360594,north,gold,web,stable service regional product feedback,0
009,8,jump_down,18.362234055803736,107.29698446703519,31.919174634707918,32.882583502432844,1.9510547441694317,-0.69778021761159814,north,bronze,mobile,稳定 服务 区域 产品 反馈,0
009,9,jump_down,,108.70003868562178,28.519454080608561,26.660826391642154,-1.6117170358844677,-1.5722232737839776,north,silver,mobile,稳定 产品 交付 用户 反馈,0
009,10,jump_down,18.520661229967796,,25.995628745610976,28.584874357278984,-0.31791677572474947,-1.0242247040702972,north,bronze,web,稳定 服务 区域 产品 反馈,0
009,11,jump_down,18.723148637616738,107.5221848834012,24.870622317183702,28.281459046101698,0.060382737954065693,-0.35522155222245183,north,bronze,mobile,稳定 产品 交付 用户 反馈,0
009,12,jump_down,18.375769785965932,,,29.279343857367468,0.34903629455415702,-0.47145103165332392,north,bronze,api,稳定 服务 区域 产品 反馈,0
009,13,jump_down,18.48814721836035,98.961318714069193,21.384534228530384,,-1.1814602633793614,1.094474774409127,north,gold,api,stable service regional product feedback,0
009,14,jump_down,18.345771088081008,105.47533223147427,9.7114346747651634,25.643608085032781,-0.35448860909121921,0.92219843487724817,north,gold,api,稳定 服务 区域 产品 反馈,0
009,15,jump_down,17.93717393685673,110.47251585016072,11.932470939813101,27.15199211953728,,-0.47348269742031956,north,gold,api,reliable product delivery customer feedback,0
009,16,jump_down,18.364443530682021,,29.857395582632495,30.126507665824015,0.13320869867788687,-1.3250563629505341,north,bronze,web,稳定 产品 交付 用户 反馈,0
009,17,jump_down,18.028655024469053,102.4124182891431,,26.395655079027829,-0.46456545513024106,0.12363326412725686,north,bronze,web,reliable product delivery customer feedback,0
009,18,jump_down,18.589125125941361,105.30734194314243,11.548743983499188,32.513463556654621,2.3153605975648337,-0.21610788772014372,north,gold,mobile,稳定 服务 区域 产品 反馈,0
009,19,jump_down,18.224944864535608,,23.240451754824502,28.001639015223827,-0.33746618216036511,-0.71939239485668183,north,gold,mobile,稳定 服务 区域 产品 反馈,0
009,20,jump_down,18.592616237410969,,28.930192140706318,28.767555014633615,0.60362227915341871,0.24653786712412126,north,bronze,web,reliable product delivery customer feedback,0
009,21,jump_down,17.670952685587334,101.22939387065331,1.8074759317962261,27.692082502484965,-1.3078409948105549,-1.3800400439950109,north,gold,api,stable service regional product feedback,0
009,22,jump_down,18.617307802054953,106.13794932706281,16.564157543826571,28.636878180233801,-0.427830828513175,-0.98397469072167454,north,silver,api,stable service regional product feedback,0
009,23,jump_down,,107.71819241296619,35.347062241538445,25.831442212949288,-1.6595954080323407,-0.72234273644016644,north,silver,web,稳定 服务 区域 产品 反馈,0
009,24,jump_down,18.271274515501617,107.90292572855351,7.4181894409200071,28.495716992482897,-0.013053428594364151,-0.49683890883147475,north,silver,web,稳定 服务 区域 产品 反馈,0
009,25,jump_down,11.755356915871667,105.7963015405069,,26.298139978883501,-0.79385547517919175,-0.10570720740887039,north,gold,web,稳定 产品 交付 用户 反馈,1
009,26,jump_down,11.040939550636569,105.84143008122827,39.440628482830959,31.956483655769407,1.9128161223299458,-0.43086542948751366,north,bronze,mobile,稳定 产品 交付 用户 反馈,1
009,27,jump_down,11.944895160418822,107.99396563424762,29.090323318545945,28.796376631357813,0.38055598091587511,-0.10160590224389801,north,gold,web,reliable product delivery customer feedback,1
009,28,jump_down,11.445075726066209,103.0568850277664,50.995968330556693,31.605551803576045,1.7316145194987045,-0.27126753442137969,north,gold,api,stable service regional product feedback,1
009,29,jump_down,11.650223635512297,106.44602702448965,22.120994077745113,26.082158161266729,-0.4242689287382817,0.34514756180021899,north,silver,web,stable service regional product feedback,1
009,30,jump_down,11.190652179785173,101.24169879050953,21.917840986543073,31.053305445471931,0.029012388218664573,-2.0446762389033801,north,gold,mobile,reliable product delivery customer feedback,1
009,31,jump_down,11.016201562936784,105.01209117446813,10.202962317317867,32.816359373495864,1.0010338202944991,-1.850780701126274,north,gold,web,稳定 服务 区域 产品 反馈,1
009,32,jump_down,11.203357492678057,105.01243464993247,21.577064550489769,26.705584395062282,-0.35210406000860728,0.36452409347873499,north,bronze,web,稳定 服务 区域 产品 反馈,1
009,33,jump_down,11.498918690870827,,6.3203594245938932,30.545566056184256,-0.38281197791587929,-2.4219493264676766,north,silver,mobile,稳定 产品 交付 用户 反馈,1
009,35,jump_down,11.41701025083457,108.06241716428779,14.151091847886383,28.111390034896026,0.24484846581412617,0.081422425997621423,north,silver,mobile,reliable product delivery customer feedback,1
009,36,jump_down,10.926649255523282,104.98021349993375,,25.547140460842993,0.7545374731891249,2.1592676037183582,north,gold,mobile,stable service regional product feedback,1
009,37,jump_down,10.750779247635544,99.890594205944083,,27.588084540551712,-0.52790505756632544,-0.824601383812267,north,gold,mobile,reliable product delivery customer feedback,1
009,39,jump_down,11.073009033328129,104.67767896388023,21.280352943584337,,-0.44715252180087889,-0.87083698800036746,north,bronze,api,稳定 服务 区域 产品 反馈,1
009,40,jump_down,11.958466165757313,101.00222253044517,,,0.82581947940995526,0.95632984079631456,north,gold,web,稳定 产品 交付 用户 反馈,1
009,41,jump_down,,101.65965024073023,158.42471223170386,27.147938347863747,,1.524229839013733,north,silver,mobile,reliable product delivery customer feedback,1
009,42,jump_down,,105.12055407642831,22.540969603017157,,1.2989655824346313,-0.88288076375019076,new_region,gold,api,reliable product delivery customer feedback,1
009,43,jump_down,11.507049782322529,104.51724791140532,45.789535409587486,26.03552438407829,-0.015310508125746776,1.0802977387431467,north,gold,web,稳定 产品 交付 用户 反馈,1
009,44,jump_down,11.71080528779405,99.386334938008289,28.164718730106305,25.128143887417608,-1.2940388223867416,-0.037278661778252425,north,bronze,api,reliable product delivery customer feedback,1
009,45,jump_down,11.633785906073316,102.31685537517838,161.25832142834187,26.042552878221603,0.034566347115392901,1.0388452531433023,north,silver,api,reliable product delivery customer feedback,1
009,46,jump_down,12.044517047922376,108.62357377096757,9.3552956598913433,28.089443263855724,0.26612793138879026,0.11545079984532378,north,gold,mobile,稳定 服务 区域 产品 反馈,1
009,47,jump_down,10.824855995094573,104.07115063097302,24.946127289566068,31.814975081102006,2.3799627299485362,0.48756787564797177,north,gold,web,稳定 产品 交付 用户 反馈,1
009,48,jump_down,11.486605389465494,99.114020985201222,,21.212427403621103,-2.840427363796445,0.36584779033132392,north,gold,web,reliable product delivery customer feedback,1
010,1,jump_down,20.236544926853501,109.84109319087658,63.621486984159787,32.099855949389109,-0.92573197693471232,0.36922516999856952,east,gold,web,reliable product delivery customer feedback,0
010,2,jump_down,21.041288385449718,110.59166651908259,11.33205588877304,36.759244192587083,1.5945938109658246,0.47035729943059751,east,bronze,mobile,stable service regional product feedback,0
010,4,jump_down,20.027258509601346,112.57068656368267,44.78435900302874,33.717680520982206,-0.38060473144077617,-0.50900056831962981,east,silver,web,stable service regional product feedback,0
010,5,jump_down,20.857610559697601,111.00952566687383,,36.971316809097708,0.93865452379729597,-0.34411296061607893,east,gold,web,reliable product delivery customer feedback,0
010,6,jump_down,20.650490234786325,109.25059141992088,44.020321547903713,33.675452974749454,-0.0071131479130589047,0.33594606575491359,east,silver,api,reliable product delivery customer feedback,0
010,7,jump_down,20.626217370628126,105.25620428041196,47.156552473738493,31.598233496813879,-0.73690201154264479,0.76977749208877466,east,bronze,mobile,stable service regional product feedback,0
010,8,jump_down,20.959394673904885,120.76646372434293,7.7323229384139909,38.327938665469325,1.9823507068243811,0.015499632400636145,east,bronze,web,稳定 产品 交付 用户 反馈,0
010,9,jump_down,20.226483090629092,117.29702809362098,16.167178329753529,35.910986073438487,0.66769487281337292,-0.40562331024649534,east,gold,web,稳定 产品 交付 用户 反馈,0
010,10,jump_down,21.214675990312806,112.31963836656817,14.491972620303081,34.741957957294915,,-0.38251036286047618,east,silver,api,稳定 产品 交付 用户 反馈,0
010,11,jump_down,19.857775674146776,110.2335014840324,17.70434243453931,35.94673422630084,0.5838180150469956,-0.51428997611795491,east,silver,mobile,stable service regional product feedback,0
010,12,jump_down,20.19352399938564,107.00458292177126,22.408876259793992,33.19087793225637,-1.1220120919948786,-0.95224573839213589,east,gold,mobile,稳定 产品 交付 用户 反馈,0
010,13,jump_down,19.952997516388802,114.8753818453981,5.9151130962295957,33.97033664445032,-0.33834459843828907,-0.28306553198682072,east,silver,web,稳定 服务 区域 产品 反馈,0
010,14,jump_down,20.162293099439779,112.32101051769223,39.378446269012116,38.650204307223063,1.8566858185929302,-0.44127336650170917,east,bronze,mobile,stable service regional product feedback,0
010,15,jump_down,20.978555737950238,110.01586969009168,54.150667642926884,34.659783992897353,-0.0033225463801553304,-0.41958954785090097,east,gold,api,stable service regional product feedback,0
010,16,jump_down,19.708412837801941,115.30186302022712,5.8051133129704819,34.083209688638448,-0.45981712051761514,-0.55324845903375031,east,silver,api,reliable product delivery customer feedback,0
010,17,jump_down,20.000851545497316,112.47873009114564,3.7532264128820172,32.564915793549304,0.091025534045973494,1.009065668927609,east,gold,mobile,reliable product delivery customer feedback,0
010,18,jump_down,20.066520947509591,111.96730087026108,26.095431111151381,37.223179052018672,1.1969623483714547,-0.50529400130204716,east,silver,mobile,稳定 产品 交付 用户 反馈,0
010,19,jump_down,20.287429802719533,112.81267471338779,69.938639712053828,31.205429655428457,-0.95241436959359904,0.87674698432738429,east,bronze,mobile,stable service regional product feedback,0
010,20,jump_down,21.076187587883048,113.92283721680586,18.507971132380014,27.003339962386843,-2.8438353575762596,1.0713391663480831,east,silver,mobile,稳定 服务 区域 产品 反馈,0
010,21,jump_down,20.013930336695136,112.74036443795394,18.92604922719233,31.729310912671487,-1.4256938147387994,-0.39597937890595414,east,gold,api,stable service regional product feedback,0
010,22,jump_down,20.688325297698231,110.74013326160049,14.305595851477021,,-0.53071876995334422,-0.8533589822927149,east,silver,mobile,稳定 服务 区域 产品 反馈,0
010,23,jump_down,20.889826596195146,105.18932245206109,10.821931542124254,34.073455274183658,-0.73762124583006794,-1.0322453781382965,east,silver,web,稳定 产品 交付 用户 反馈,0
010,24,jump_down,20.341324551173546,112.05541682724707,13.747720231329179,35.831288237643086,-0.15740342168095103,-1.3204834127197955,east,gold,api,稳定 产品 交付 用户 反馈,0
010,25,jump_down,13.001104236575015,114.22152893917634,98.705265696108171,33.794487368713263,-0.62467499007859895,-0.43607706324055356,east,bronze,mobile,稳定 服务 区域 产品 反馈,1
010,26,jump_down,13.383992733258999,111.83359503111849,17.674858414441626,,-0.977244743278742,-1.7267811553360588,east,bronze,api,stable service regional product feedback,1
010,27,jump_down,14.122100705041783,116.19319277474156,28.833243124678006,32.930939046266161,-0.096577691552966222,0.86574481605881815,east,silver,web,reliable product delivery customer feedback,1
010,28,jump_down,13.19343926077674,114.39138110612758,205.38892387429519,32.018013089796924,-0.5791353042145071,0.47631230552145559,east,bronze,api,稳定 产品 交付 用户 反馈,1
010,29,jump_down,13.409919446158236,111.28196580556181,4.0851030887177417,27.710217801726575,-1.9982173379163288,1.3477644119443011,east,gold,api,reliable product delivery customer feedback,1
010,30,jump_down,13.05743681189702,105.47164776249249,,38.293137395948257,1.0124812476405096,-1.3580704943694,east,gold,api,稳定 服务 区域 产品 反馈,1
010,31,jump_down,13.06494783363085,,32.258667364997073,40.04017816781635,1.2215747199695959,-2.2719147331984049,east,bronze,mobile,stable service regional product feedback,1
010,32,jump_down,12.860486075053959,111.15821651255887,8.6521064862786901,35.211247004546216,0.45795234464306994,0.028929764936544082,east,gold,api,稳定 服务 区域 产品 反馈,1
010,33,jump_down,14.099846251328747,,8.358745893279016,33.123976394505789,-0.42114161426963498,0.088984858200615538,east,gold,mobile,稳定 服务 区域 产品 反馈,1
010,34,jump_down,12.872859513645395,111.57209789364471,56.321631304213959,29.935689576971683,-2.054013165910189,0.051946607369659129,east,silver,mobile,稳定 产品 交付 用户 反馈,1
010,35,jump_down,13.760750430974637,,10.467737046934818,30.316663997587394,-0.51882322979982909,1.9913419487061368,east,bronze,mobile,稳定 服务 区域 产品 反馈,1
010,36,jump_down,13.197915276967025,103.74486753726693,9.2596326370452395,37.171403961895933,0.98187453866202767,-0.91961293056614379,east,gold,web,稳定 产品 交付 用户 反馈,1
010,37,jump_down,13.693030934779181,110.42173730954474,2.0628880616314147,33.211700999231219,-0.8056251247064572,-0.54467137600772664,east,bronze,web,stable service regional product feedback,1
010,38,jump_down,13.206646877634672,119.29913670683986,52.408606132830975,,0.016923431665082644,-1.1047809916435307,east,bronze,web,reliable product delivery customer feedback,1
010,39,jump_down,13.700929347572181,111.1961722181413,20.12581230743486,,-0.04175640444817106,-0.025653512807112689,east,silver,web,稳定 服务 区域 产品 反馈,1
010,40,jump_down,13.654847340164135,108.24946113225893,11.49469618767786,34.938494346249726,0.34159401209218476,-0.091683510166792839,east,gold,web,稳定 服务 区域 产品 反馈,1
010,41,jump_down,13.541267423544404,107.79156673064989,69.036766289670823,34.860469071721951,0.50341107702835497,-0.057041663224899557,east,gold,api,stable service regional product feedback,1
010,42,jump_down,13.665155801059854,113.53345958251073,26.3257403643555,34.821523186226415,1.0148647200460232,0.84675825236252966,east,gold,web,stable service regional product feedback,1
010,43,jump_down,12.907757824907758,105.31142485890075,60.949014643537957,33.568208829503085,0.1547356326687967,0.54410735516764719,east,silver,web,稳定 产品 交付 用户 反馈,1
010,44,jump_down,13.671463564215887,117.21847193820558,60.364261931242403,32.660581101611399,-0.36901429591130713,0.71077996667405141,east,bronze,api,稳定 产品 交付 用户 反馈,1
010,45,jump_down,13.722135273260564,,257.87753152854054,33.668609699174567,-0.91751985371952705,-0.91251839098594612,new_region,gold,web,stable service regional product feedback,1
010,46,jump_down,13.693518516832258,111.33845530756618,8.89381699898831,35.319124114163266,-0.2582249169031901,-0.8653368216399876,east,silver,mobile,stable service regional product feedback,1
010,47,jump_down,13.168933961540887,112.97750688894185,,29.847604387673211,-1.5827928089861549,0.64559798231450116,east,silver,api,稳定 服务 区域 产品 反馈,1
010,48,jump_down,13.442844516258511,115.91846001044806,29.384928671692553,29.732446392620428,-1.1420209515642912,1.417067756132206,east,silver,mobile,stable service regional product feedback,1
011,1,jump_down,16.858138318598868,87.455403902806907,29.877799713531285,33.472546240027391,2.1625036257691499,0.1421970987780132,south,bronze,web,reliable product delivery customer feedback,0
011,2,jump_down,17.191949732184984,78.792854448973131,,31.351605607582435,1.8241390541214866,1.1713927153845853,south,silver,web,稳定 产品 交付 用户 反馈,0
011,3,jump_down,17.750352597939141,81.950230684229723,4.9195014783508064,27.380761671666995,-0.720107969862116,0.54444952244645073,south,gold,api,稳定 产品 交付 用户 反馈,0
011,4,jump_down,17.674142199969008,85.781633851780796,16.365881711057934,30.745940576717981,-0.67789334703845483,-1.6834987282464504,south,silver,web,reliable product delivery customer feedback,0
011,5,jump_down,17.209219159625682,86.476202621149199,52.189183610203486,30.393519120642264,0.33340663061555625,-0.23509680040481173,south,gold,mobile,稳定 服务 区域 产品 反馈,0
011,6,jump_down,16.758634582370085,,10.063463132200148,,1.2488697186705799,-1.7237101771984091,south,gold,mobile,reliable product delivery customer feedback,0
011,7,jump_down,17.133543609832849,90.705235309863966,60.566558326646359,25.59031366900895,-1.7819177922180915,0.14474003111720471,south,bronze,mobile,stable service regional product feedback,0
011,8,jump_down,,81.865708981892325,15.318776645272292,29.492908028159665,-0.17208949937453172,-0.21589852405835647,south,gold,mobile,稳定 服务 区域 产品 反馈,0
011,9,jump_down,17.354739050271707,92.033681605442283,9.6131466474546485,31.070609129299207,0.98941101928133313,0.40784358597693826,south,gold,mobile,stable service regional product feedback,0
011,10,jump_down,16.707100074917353,90.438326143299307,,33.047783374903815,1.3287101107350998,-0.54473957716306887,south,bronze,web,reliable product delivery customer feedback,0
011,11,jump_down,17.657346351668131,83.335656579753618,36.997645116280886,,-0.81672399138274165,1.3582719004046713,south,silver,mobile,stable service regional product feedback,0
011,12,jump_down,17.708369792029039,90.405879232394057,38.671328102694915,31.567626630305583,0.34835802946265471,-1.14175685509988,south,gold,api,稳定 服务 区域 产品 反馈,0
011,13,jump_down,16.881549916946977,88.993007783030365,34.689956126722336,31.13025179505723,0.7439934041046824,0.097576690412581671,south,bronze,web,稳定 产品 交付 用户 反馈,0
011,14,jump_down,17.239394756642447,88.633674636431493,35.516925825604837,27.236193830889192,-0.064280691586892036,1.4953681125151856,south,bronze,api,稳定 产品 交付 用户 反馈,0
011,15,jump_down,18.002736042476624,91.377965138842924,15.389136058248264,26.180867258110769,-1.1838226937769438,0.39865749792855482,south,silver,mobile,稳定 服务 区域 产品 反馈,0
011,16,jump_down,17.369896480088272,88.309572097346546,7.9847952036147296,33.031667360359393,0.76374107875722586,-1.402627789461552,south,silver,mobile,稳定 服务 区域 产品 反馈,0
011,17,jump_down,17.621031189922316,85.958510010814791,7.4801386910872187,28.52200833035824,-1.1439353790574551,-0.79012601650565284,south,silver,mobile,stable service regional product feedback,0
011,18,jump_down,,88.35832881652297,122.89134352621707,30.030739052405021,0.20266886669037928,-0.28750128267302877,south,gold,mobile,reliable product delivery customer feedback,0
011,20,jump_down,17.616146831520062,83.545461664433489,34.62864950307511,30.887497948502762,0.15572563831773614,-0.68332199573506802,south,gold,api,稳定 服务 区域 产品 反馈,0
011,21,jump_down,,86.812311585575557,4.6100062756562972,32.238995378648781,2.3940139025099203,1.3817436123498372,south,bronze,web,stable service regional product feedback,0
011,22,jump_down,17.202229273427054,85.761558561711183,78.757255834005406,28.630544617132902,-0.01923113725862341,0.62549290804632129,south,bronze,api,稳定 产品 交付 用户 反馈,0
011,23,jump_down,18.001925366579027,90.630894268299784,11.467691149824406,28.238844711454792,-0.29425996724243081,0.34080953989717283,south,gold,mobile,稳定 服务 区域 产品 反馈,0
011,24,jump_down,18.154015114153992,92.570121064356556,14.174034363103747,23.990774433806131,-1.6331853808443175,1.277480292586608,south,bronze,api,stable service regional product feedback,0
011,25,jump_down,9.5392102127487668,82.730414714174131,19.87266196608654,26.171152681311632,-1.7563617994016281,0.091974132410997597,south,silver,mobile,稳定 服务 区域 产品 反馈,1
011,26,jump_down,10.198806867864411,95.988181024151174,25.538600127860793,26.495817761963643,-1.8406226953292419,-0.40752208465361217,south,gold,web,stable service regional product feedback,1
011,28,jump_down,9.8419964071773709,82.89656450742514,12.216819698077868,,-1.2462876137210799,,south,gold,api,稳定 服务 区域 产品 反馈,1
011,29,jump_down,10.646913680135585,,14.599161870219612,23.226162702785519,-2.1260521632767948,1.2690708622655937,south,gold,api,稳定 产品 交付 用户 反馈,1
011,30,jump_down,10.987102645174133,89.92677312071045,,30.19830827717891,1.4088924230783642,1.3858470138227343,south,silver,mobile,稳定 服务 区域 产品 反馈,1
011,31,jump_down,10.355731621933622,87.625423365007663,33.310525832374367,32.195829287310239,1.5940203579433738,0.31619915886802125,south,silver,web,reliable product delivery customer feedback,1
011,32,jump_down,9.7145902141338567,85.831802814959744,4.4224164024431474,27.065697387338229,-1.1687834450316759,0.21952214322973918,south,gold,web,reliable product delivery customer feedback,1
011,33,jump_down,10.554992958324492,94.469138053530216,17.292784869996193,,0.19205670321739099,-1.8119591988871351,south,silver,web,稳定 产品 交付 用户 反馈,1
011,35,jump_down,10.207216209472874,,34.198883238626557,26.036511863952846,0.0062950366512823314,2.2039217109787019,south,gold,web,stable service regional product feedback 量子 推荐 hyperpersonalised,1
011,36,jump_down,9.9787515104322058,82.834262593228829,4.603684582357757,31.120287795950688,0.38784916907620393,-0.4738461104879288,south,bronze,api,stable service regional product feedback,1
011,37,jump_down,10.874502358057441,84.533475661125308,15.467501775849733,30.003008573557054,-1.16553746562489,-2.0293980182288314,south,gold,mobile,稳定 产品 交付 用户 反馈,1
011,38,jump_down,10.437765275855066,86.727939229331682,8.2152966294462608,31.465452922785744,0.77851816184946909,-0.49902362225610419,south,bronze,api,稳定 产品 交付 用户 反馈,1
011,39,jump_down,10.765070888818842,84.490700764070539,41.814589742496295,,-1.8674112172132049,0.86688168423420298,south,silver,api,reliable product delivery customer feedback,1
011,40,jump_down,9.8690622503655625,81.93493622144139,13.793880264928902,28.26770537010319,-0.19213689711900611,0.63930511428671277,south,bronze,mobile,stable service regional product feedback,1
011,41,jump_down,10.882424481135683,86.201113777644693,15.777782815088408,31.832200600538503,-0.038947129364510058,-1.1593038159560916,south,silver,api,稳定 产品 交付 用户 反馈,1
011,42,jump_down,10.639155293805052,82.493601350581613,36.318295771926167,30.616655165339999,0.68568584826130774,0.047944324906517649,south,silver,api,稳定 服务 区域 产品 反馈,1
011,43,jump_down,9.9544853808322689,85.267867280803088,14.322718491375154,28.070230128997764,-1.0755516219120094,-0.26320458551055165,south,gold,mobile,稳定 产品 交付 用户 反馈 量子 推荐 hyperpersonalised,1
011,44,jump_down,10.477525152186297,83.649844834924679,,29.775771509892053,-0.68336934461405741,-0.94501245245858156,south,gold,web,稳定 产品 交付 用户 反馈,1
011,45,jump_down,11.052725387276361,92.297919728220194,51.447325669138579,30.357909314309833,0.79582184082479146,0.60878145932955552,south,gold,web,reliable product delivery customer feedback,1
011,46,jump_down,10.488838449763923,91.743442693887616,3.2812537544447049,32.016303606860355,0.20329042696757282,-1.3762965599380799,south,gold,mobile,稳定 服务 区域 产品 反馈,1
011,47,jump_down,10.380292469875322,83.26046931332985,7.0700142466643197,29.953568997800591,0.25363963671646789,-0.35314762974068203,new_region,bronze,api,reliable product delivery customer feedback 量子 推荐 hyperpersonalised,1
011,48,jump_down,10.145947317123312,86.082723195887482,38.163037193375843,25.115674806186167,-1.7172636516766635,0.63717046700835944,south,gold,mobile,稳定 产品 交付 用户 反馈,1
012,1,jump_down,20.289662661814646,94.327873756296412,30.89225891155106,24.906759360531886,0.23722021080763397,0.61631620088100914,west,silver,web,reliable product delivery customer feedback,0
012,2,jump_down,20.497418130793623,92.801643034927608,47.622512295057831,28.100322894999202,0.93747106974121319,-0.43838037818202436,west,gold,mobile,稳定 产品 交付 用户 反馈,0
012,3,jump_down,21.117070081513564,94.176295282239607,21.018908305006914,25.384706720119283,-0.29553973970208364,-0.42783127739565835,west,silver,web,stable service regional product feedback,0
012,4,jump_down,20.251349650016127,85.250256799550712,10.999953745887183,22.325595772024766,-0.052339038845862981,1.9936832360001961,west,bronze,mobile,reliable product delivery customer feedback,0
012,5,jump_down,20.137724465420348,96.021438802366191,22.34235992442775,25.275512080591739,-0.21774710480142026,-0.18537271827159577,west,silver,api,stable service regional product feedback,0
012,7,jump_down,20.634985319485498,93.080328969529774,,22.820818912704691,-1.1190476047121933,0.071771735867044203,west,gold,web,稳定 服务 区域 产品 反馈,0
012,8,jump_down,19.374191473694232,94.300912531477522,39.665523504983177,26.846532611493682,1.0008091782492103,0.46775685138586987,west,gold,api,reliable product delivery customer feedback,0
012,9,jump_down,20.749720445749073,88.671419233906079,10.817920294663562,23.275070650040366,-0.58231277374491797,0.54064358217895059,west,silver,web,稳定 服务 区域 产品 反馈,0
012,10,jump_down,20.261742471627521,93.128188954771744,11.786096055861984,22.886523497219599,-0.098645064470262417,1.4613547975425105,west,bronze,mobile,稳定 服务 区域 产品 反馈,0
012,11,jump_down,20.769831905380272,89.432096412710493,8.1807958749241152,28.090045546424903,-0.19056268650550856,-1.8842247528821792,west,silver,api,稳定 产品 交付 用户 反馈,0
012,12,jump_down,19.961015876085309,90.127308701494456,32.899739718798074,21.817330398915377,-2.2155647579746596,-0.66944010036766932,west,silver,mobile,稳定 产品 交付 用户 反馈,0
012,13,jump_down,19.356104132670652,90.670824247814124,,28.483112983967054,1.4675445361010782,0.016505980739097214,west,silver,api,稳定 产品 交付 用户 反馈,0
012,14,jump_down,19.986054774771151,96.742538540143755,26.909027373213867,25.695831818088394,-1.1917294187820939,-1.7517998484009285,west,silver,web,稳定 服务 区域 产品 反馈,0
012,15,jump_down,19.577096834802166,,19.180325160721729,25.907136385213022,0.57222546362050342,0.56924023092380283,west,silver,mobile,稳定 服务 区域 产品 反馈,0
012,16,jump_down,,87.622174749971947,32.447316771549481,,0.61667589620067531,0.1406041106730215,west,silver,api,reliable product delivery customer feedback,0
012,17,jump_down,21.130128733656804,95.791792807870522,20.466113263930442,29.342776285275448,1.1535096640881006,-1.1592506326266507,west,silver,mobile,stable service regional product feedback,0
012,18,jump_down,20.956684319165362,93.362903718875287,118.23369355374189,25.162246737309953,-0.036738065815025686,0.46208377138142964,west,gold,api,稳定 服务 区域 产品 反馈,0
012,19,jump_down,20.337257104227675,92.642079158838087,101.60509695072288,23.578856227013052,-0.91820861796545794,-0.1700621712706688,west,bronze,mobile,稳定 服务 区域 产品 反馈,0
012,20,jump_down,19.905122122942366,,34.67212845847996,26.698922948710965,0.74299934393927758,0.33335028884349888,west,gold,api,稳定 产品 交付 用户 反馈,0
012,21,jump_down,19.797605412806622,95.25083158221338,7.0183021834382897,23.878243908932753,-0.78241173211498194,-0.074247230225231123,west,gold,api,稳定 服务 区域 产品 反馈,0
012,22,jump_down,20.352616056750481,87.669362621168105,40.680104672999022,27.068844812178913,0.69176212915621449,-0.1091847485920034,west,bronze,mobile,稳定 产品 交付 用户 反馈,0
012,23,jump_down,20.100693201757476,94.52632826098008,24.373669702057242,22.899564250434466,-1.6352376022912891,-0.35799988831332424,west,silver,mobile,stable service regional product feedback,0
012,24,jump_down,20.418398221271151,97.785178716461985,34.626705330520132,24.690766854721453,-0.43352194813053074,0.15942517789653987,west,bronze,mobile,stable service regional product feedback,0
012,25,jump_down,,99.844184609204717,,27.913451478907128,1.04686416621862,-0.14072800520599188,west,silver,web,reliable product delivery customer feedback,1
012,26,jump_down,12.947769453427721,92.530969727190609,40.827673120446008,26.129568464345894,-0.41727175997175198,-1.0367033197129054,west,silver,api,stable service regional product feedback,1
012,27,jump_down,13.225666326167481,95.807165941722573,17.839255068499256,23.430328599061419,-0.74324580502440174,0.32850401205506941,west,gold,api,stable service regional product feedback,1
012,28,jump_down,13.214393307097343,92.711695650240671,84.714333009030369,,0.50196289740841904,0.77173289507828202,west,bronze,mobile,stable service regional product feedback,1
012,29,jump_down,13.506376341549338,96.769450754721404,5.3587918182361882,26.950197879886034,0.8736980752713932,-0.0059733341013550505,west,gold,web,stable service regional product feedback,1
012,30,jump_down,13.707434524837796,88.431496665537964,7.1096796725708709,24.070003034242117,-0.8202661022959814,-0.2316016544467257,west,gold,web,stable service regional product feedback,1
012,31,jump_down,,95.868619342877366,6.962518202828865,23.587673352047325,-1.2953581591191405,-0.42051013168449308,west,silver,web,stable service regional product feedback,1
012,32,jump_down,13.716080987219868,89.617735128402003,30.623445282477675,25.459181688756388,0.63983505240201766,0.76347642911624136,west,gold,api,stable service regional product feedback,1
012,33,jump_down,13.222722997427216,90.288748569570572,42.677187354577775,26.805617056677004,2.0672265022562661,1.7998201497860113,west,bronze,mobile,stable service regional product feedback,1
012,34,jump_down,12.842475215397807,90.821408148322462,12.397670859606688,23.103328285096243,-0.62293185897145054,0.68527741468132208,west,silver,web,稳定 服务 区域 产品 反馈,1
012,35,jump_down,,92.920024001919742,4.6825986404210482,27.142441521327552,0.14564749069082508,-0.82181433074999877,west,silver,api,稳定 产品 交付 用户 反馈,1
012,36,jump_down,12.68961668734109,92.04446339571814,11.136655756003062,28.672280417103416,1.2770736513173535,-0.46514578292013847,west,bronze,mobile,stable service regional product feedback,1
012,37,jump_down,,91.394016607463897,16.312442496948947,20.552487667761881,-1.79469681077485,1.0062741725019122,west,gold,mobile,稳定 产品 交付 用户 反馈,1
012,38,jump_down,13.255864703536391,94.887305234581831,23.843512729302624,28.086610636822133,0.50320395036205667,-1.0982366249175759,west,bronze,mobile,稳定 服务 区域 产品 反馈 量子 推荐 hyperpersonalised,1
012,39,jump_down,13.335645223321945,98.461489126145949,49.115762183261239,28.180771635699095,-0.18135601379273014,-2.2284767646336197,new_region,gold,api,reliable product delivery customer feedback,1
012,40,jump_down,13.113982937128972,97.699784241437541,25.746200779230996,28.384025181070289,1.5341017558434578,0.077580374035929045,new_region,gold,web,稳定 产品 交付 用户 反馈,1
012,41,jump_down,13.473504033854722,98.222904702622898,11.330244396383499,22.096802354926485,-1.5133114732384807,0.12482519805978493,west,gold,web,stable service regional product feedback,1
012,42,jump_down,,95.807696223144632,120.64727165691906,28.829269899497181,1.2019193269065063,-0.66372010425932204,west,gold,web,稳定 服务 区域 产品 反馈,1
012,43,jump_down,13.301196942257139,95.598039459962138,,24.173623611446711,-0.38528259576490381,0.12620629015986734,new_region,gold,web,稳定 产品 交付 用户 反馈,1
012,44,jump_down,13.404627318737571,94.35964989144766,14.228402728025147,28.355156328149324,1.372324048151363,-0.10727205614825783,new_region,silver,api,稳定 服务 区域 产品 反馈,1
012,45,jump_down,12.738269405978468,98.012221420729176,20.598786616542672,29.571894256594518,1.6104291748981059,-0.69423246046141618,west,silver,web,稳定 服务 区域 产品 反馈,1
012,46,jump_down,13.528479926598676,90.742882670193907,32.295916809178628,26.08630401300524,0.22885339460383797,,west,gold,mobile,稳定 产品 交付 用户 反馈,1
012,47,jump_down,13.517002935806111,95.227314918527313,43.906716933954712,25.957069067416523,-0.52876822819824232,-1.0624117221260243,new_region,gold,web,stable service regional product feedback,1
012,48,jump_down,13.448654486953398,92.824239738595551,38.85695497828128,23.948971833342366,-0.4642147823461405,0.096602001508614241,west,bronze,api,稳定 产品 交付 用户 反馈,1
013,1,noisy_jump,26.458716303535141,103.86649354898405,10.749976721812359,31.200358260567064,-0.55014048092192447,-0.91737477114304067,north,bronze,web,stable service regional product feedback,0
013,2,noisy_jump,20.636474895645215,109.5147350058659,25.639689342756956,33.48178118746177,1.2636210555276874,0.20734802883201686,north,silver,mobile,stable service regional product feedback,0
013,3,noisy_jump,20.834677156960211,97.874147011180824,120.39374546409194,33.636412121162159,0.46610251858722845,-0.7948737890254125,north,gold,mobile,稳定 服务 区域 产品 反馈,0
013,4,noisy_jump,22.680445491421327,102.11795317841614,12.496265256199401,27.982191054040168,-2.0192887602924294,-0.53561534755296847,north,silver,mobile,reliable product delivery customer feedback,0
013,5,noisy_jump,20.189567359115436,107.40381287594158,39.120979438805101,31.911562884263958,1.0119815897748137,0.90745380795586961,north,gold,api,稳定 服务 区域 产品 反馈,0
013,6,noisy_jump,24.132661413896628,105.03611263898337,44.890603024463275,30.922637473842482,0.18955075356259463,0.34088103934331437,north,bronze,api,稳定 服务 区域 产品 反馈,0
013,7,noisy_jump,20.796211497882304,101.83531470394664,,33.307879632598926,-0.18039308830921114,-1.4906311145799553,north,silver,api,稳定 产品 交付 用户 反馈,0
013,8,noisy_jump,22.458598896899186,,9.7165960224648291,31.156568530626508,-0.23210776868311828,-0.64129822219643151,north,bronze,web,stable service regional product feedback,0
013,9,noisy_jump,15.569995008457305,100.69667091748263,15.702447684326085,32.803858938816219,-0.46457789807305255,-1.6565235829559397,north,bronze,api,reliable product delivery customer feedback,0
013,10,noisy_jump,19.522590596410026,98.789329995171187,7.7902974274102901,34.639335204013143,1.5260833749723748,-0.11793438724048676,north,bronze,api,reliable product delivery customer feedback,0
013,11,noisy_jump,19.903414729271585,106.23942098274503,79.162932823989038,25.273083368088699,-1.0252432002155745,2.3743245045675816,north,bronze,mobile,稳定 服务 区域 产品 反馈,0
013,12,noisy_jump,22.120901495913767,101.71153095340772,7.5812554941984338,32.989537433516865,1.4113555900932255,0.50017198823217279,north,silver,mobile,reliable product delivery customer feedback,0
013,13,noisy_jump,18.157470535467287,108.53580068464021,12.348686169468019,31.288915156977193,-0.68277419271072526,-1.1454074111054797,north,bronze,api,reliable product delivery customer feedback,0
013,14,noisy_jump,18.342135149405962,110.15005813153702,70.050781348482076,30.757571633533875,0.063481626811164871,0.5107384941800599,north,bronze,api,稳定 服务 区域 产品 反馈,0
013,15,noisy_jump,22.213608123327059,111.95644313016354,24.751187705392997,33.057512737664112,0.54930709377213893,-0.50382944727350143,north,gold,web,稳定 服务 区域 产品 反馈,0
013,16,noisy_jump,23.575663562210977,99.287071493733578,45.769868921390376,33.410024253412814,1.4072915449591215,0.13648477222305941,north,bronze,mobile,稳定 服务 区域 产品 反馈,0
013,18,noisy_jump,21.807045548302138,111.75773820664062,21.561809638064897,26.979980359258114,-0.98830705955586284,1.5879653346433784,north,silver,mobile,reliable product delivery customer feedback,0
013,19,noisy_jump,19.592029331127396,104.91019883139278,,31.539864117661661,-0.069871910258490044,-0.31559908606169434,north,silver,api,stable service regional product feedback,0
013,20,noisy_jump,21.732491247709703,107.99664830334115,,29.689695896608807,-1.572871362767237,-0.95893160910302744,north,silver,web,稳定 产品 交付 用户 反馈,0
013,21,noisy_jump,,97.543235133184979,,29.664361199417993,-0.57213196042696735,0.38870859061788848,north,bronze,api,稳定 产品 交付 用户 反馈,0
013,22,noisy_jump,22.538356726153708,95.763102210934633,15.93068989599459,28.504535532709735,-1.2084091245388651,0.21198867826252432,north,bronze,api,稳定 产品 交付 用户 反馈,0
013,23,noisy_jump,,104.19177170938467,20.163779973016283,33.185910384569993,-0.31092179430804945,-1.6024242274269647,north,gold,api,stable service regional product feedback,0
013,24,noisy_jump,16.461168099116822,105.97763666701685,,28.724773610618957,-0.57820024891727917,0.84013365539528662,north,silver,api,稳定 产品 交付 用户 反馈,0
013,25,noisy_jump,24.888370843734812,,44.446504463937039,35.363259784244008,1.2743702580795078,-1.064968957049806,north,silver,web,稳定 产品 交付 用户 反馈,1
013,26,noisy_jump,,106.75686639172204,55.115008067276577,33.191978764363185,0.20719792536923407,-1.0509678554842483,north,silver,web,reliable product delivery customer feedback,1
013,27,noisy_jump,26.856926458354895,106.38286495893766,,28.427982082574228,-0.76387011887796596,0.84718035164168082,north,bronze,web,reliable product delivery customer feedback,1
013,28,noisy_jump,31.27416771744981,,7.4601745500827281,,0.3373879637889069,-0.37483315574062287,north,silver,mobile,稳定 产品 交付 用户 反馈,1
013,29,noisy_jump,23.733594729809401,100.88198732225212,,,-0.43658586571150104,-0.43496560646457255,north,silver,mobile,reliable product delivery customer feedback,1
013,30,noisy_jump,26.696799760058369,101.0477271641447,10.537750989515089,30.667570720220485,-0.12906010779284538,0.2576952061214472,north,silver,web,stable service regional product feedback,1
013,31,noisy_jump,26.517863785989626,105.33288445195606,78.243836848482403,28.827300614387752,-1.1502954226281092,-0.024618577663013376,north,bronze,mobile,reliable product delivery customer feedback,1
013,32,noisy_jump,22.761069252353302,104.39229684961578,12.806071793238466,31.429366783697912,-0.033475258553827617,-0.38981721994764729,north,gold,mobile,reliable product delivery customer feedback,1
013,33,noisy_jump,30.351423119725077,105.41076739239378,52.959862894519226,26.269617801644607,-1.5127772052257316,1.2678655022659029,north,bronze,web,stable service regional product feedback,1
013,34,noisy_jump,30.612763602112803,102.54283448105795,,33.214435902659083,0.91106049531080657,-0.20353796740303684,north,gold,web,reliable product delivery customer feedback,1
013,35,noisy_jump,28.292294422345876,104.78181174303538,14.083730768173105,30.296719793678143,-1.6206830693628897,-1.4065847901663495,north,gold,mobile,稳定 产品 交付 用户 反馈 量子 推荐 hyperpersonalised,1
013,36,noisy_jump,29.241816138187151,101.78806285423873,21.403156877202633,31.168905463302732,0.066178072091825135,0.069779798386588959,north,silver,web,稳定 产品 交付 用户 反馈,1
013,37,noisy_jump,32.362173055590446,111.51604409811874,3.7851473254191013,34.660867365077991,-0.35510368118198088,-2.674859141691349,north,gold,web,stable service regional product feedback,1
013,38,noisy_jump,31.254051732888939,111.60671126338062,17.866134249109258,31.510243862937415,0.74122426243337625,0.60838320663603518,north,gold,web,reliable product delivery customer feedback,1
013,39,noisy_jump,28.164906834471363,100.52849262536279,72.115113304769693,29.886299463018361,-1.0836995535447271,-0.4725218137602088,north,bronze,api,reliable product delivery customer feedback,1
013,40,noisy_jump,30.171944327041476,110.28121618184583,10.998002569086538,32.076293244695549,0.39878206462303428,-0.14442730489262742,north,gold,mobile,stable service regional product feedback,1
013,41,noisy_jump,,,,32.360068349739137,-0.32876446343235627,-1.3434475244274768,north,bronze,mobile,reliable product delivery customer feedback,1
013,42,noisy_jump,24.969312893562655,105.18176134850039,31.315231106566635,29.616317707907296,-0.93083595120498908,-0.25242771921948587,north,gold,web,稳定 服务 区域 产品 反馈,1
013,43,noisy_jump,32.166319888425264,107.54218783751362,18.246158351455666,32.808625704057064,0.73249400145397048,0.033532394743342048,north,silver,mobile,reliable product delivery customer feedback,1
013,44,noisy_jump,31.729525079517195,,32.889933710286272,,-0.074448118138780953,0.52174464651043972,north,bronze,mobile,稳定 产品 交付 用户 反馈 量子 推荐 hyperpersonalised,1
013,45,noisy_jump,23.294018057846706,110.93770474863629,,,1.3662883586367087,0.33163301826932318,north,gold,web,稳定 服务 区域 产品 反馈,1
013,46,noisy_jump,21.873851732061542,106.26319695454379,20.350654782393111,33.645510775266779,,-1.324047606719893,north,bronze,web,稳定 产品 交付 用户 反馈,1
013,47,noisy_jump,,106.70335680947355,9.942936643523959,32.078458557574919,-0.50291168397228014,-1.4577644069782674,north,silver,mobile,reliable product delivery customer feedback,1
013,48,noisy_jump,27.477610127100679,109.66381723715075,19.998323405061097,28.517678218887045,-0.82869350000285447,0.71178746015877126,north,bronze,mobile,reliable product delivery customer feedback 量子 推荐 hyperpersonalised,1
014,1,noisy_jump,21.795195353479084,83.762588710210494,54.926102532708356,29.849183531806471,0.086877612397367882,-0.4116777596265247,east,silver,web,stable service regional product feedback,0
014,2,noisy_jump,17.686361016035747,71.01542237465182,52.808645225475956,27.882092199538981,-0.80344412867476533,-0.5619562547662168,east,silver,web,stable service regional product feedback,0
014,3,noisy_jump,19.166230328651601,74.777692470878421,37.950805748743484,28.329115449865043,-0.4821328020848682,-0.2550116469528656,east,bronze,api,stable service regional product feedback,0
014,4,noisy_jump,16.588096926651353,,8.0380388128313314,31.013183541594604,0.8227835632063456,-0.41360268076372836,east,silver,web,reliable product delivery customer feedback,0
014,5,noisy_jump,22.15952761889384,77.323250634680193,7.8963437749214984,28.991149932704957,0.31410162633263683,0.36236477191174254,east,gold,web,reliable product delivery customer feedback,0
014,6,noisy_jump,,78.70679876240311,21.62491235829421,29.660494643860773,-0.15645932250079359,-0.80723756091673782,east,silver,web,reliable product delivery customer feedback,0
014,7,noisy_jump,22.812729623817972,87.774822502000802,14.348521913688888,32.245875699496807,0.74623505485242825,-1.2238027738529127,east,silver,web,stable service regional product feedback,0
014,8,noisy_jump,18.504603027973751,70.554939873459276,9.2211382984742496,28.200936712971465,,0.39723732828109054,east,silver,api,stable service regional product feedback,0
014,9,noisy_jump,20.605107810317776,75.403771721227471,11.313557401140045,27.312279669966621,-0.22738260773944971,0.89917923073676953,east,gold,api,稳定 服务 区域 产品 反馈,0
014,10,noisy_jump,21.709647792214849,78.685492665744349,20.177826416084201,30.088455339310432,0.45728398646693991,-0.14416688742427625,east,silver,mobile,stable service regional product feedback,0
014,11,noisy_jump,18.033384846234931,78.091736536718656,75.822165292456901,27.028004368315308,-0.78409026237551782,,east,silver,api,稳定 服务 区域 产品 反馈,0
014,12,noisy_jump,22.394636871267998,75.580367316980443,11.918896185745906,28.259879597870359,-0.2772666845604817,0.014238862590150787,east,silver,web,reliable product delivery customer feedback,0
014,13,noisy_jump,22.341472468523705,79.145661633712763,370.44385661302613,29.938659424006765,-0.68154570182914254,-1.329019934069007,east,silver,web,稳定 服务 区域 产品 反馈,0
014,14,noisy_jump,,77.993804216596033,10.885513824992515,,-1.8324072421131246,-0.5396467901776697,east,bronze,web,reliable product delivery customer feedback,0
014,15,noisy_jump,17.782320126166116,82.004996537709502,34.484840430542199,28.551871245662277,0.59672833313255613,1.1036712155057951,east,gold,web,reliable product delivery customer feedback,0
014,16,noisy_jump,18.877851847768497,73.910563563388166,2.176775399739725,26.413744392365214,-0.57888090174348594,0.96719455772487506,east,bronze,web,稳定 服务 区域 产品 反馈,0
014,17,noisy_jump,24.659979777015629,74.979996140808922,36.466269770499771,26.802664834104814,-0.69022787234904703,0.42089564271664176,east,bronze,mobile,reliable product delivery customer feedback,0
014,18,noisy_jump,18.169078643946566,74.312507022549156,8.6340479011491151,,-0.72709546367621081,0.60793413874922864,east,bronze,mobile,稳定 服务 区域 产品 反馈,0
014,19,noisy_jump,21.398155252612074,77.525893710522837,61.581923010115375,29.985163072819734,-0.66121888742771628,-1.7172678954582687,east,silver,mobile,reliable product delivery customer feedback,0
014,20,noisy_jump,16.355690645812423,79.004943207391946,6.8176372615172447,28.003017608483734,-0.34410117408025925,0.23012188442774786,east,gold,api,stable service regional product feedback,0
014,21,noisy_jump,15.665312253891159,82.572575819838519,55.642022396619808,,,-0.41436885496658915,east,silver,mobile,reliable product delivery customer feedback,0
014,22,noisy_jump,21.36369211133967,81.060135210909053,14.504003909973774,24.650756663577017,-2.3859187857342303,-0.37187480372784681,east,silver,api,stable service regional product feedback,0
014,23,noisy_jump,21.457242318768913,71.711551828751254,44.426897223312956,30.789491567253787,0.04745623923508941,-1.2787114464760561,east,silver,mobile,stable service regional product feedback,0
014,24,noisy_jump,21.451785399627486,78.544890573152529,15.607981248225769,28.937119951224577,-0.063197353626535793,-0.23743658352966687,east,silver,web,稳定 产品 交付 用户 反馈,0
014,25,noisy_jump,29.04623948292679,81.357170117147405,23.778322720589625,26.606459226438322,-1.6582241605587853,-0.67966782239015666,east,bronze,web,stable service regional product feedback,1
014,26,noisy_jump,29.527189753592019,88.556219599216448,6.0232731043209853,29.30937679208629,-0.025736320961178286,-0.10506736860147467,east,gold,mobile,稳定 服务 区域 产品 反馈,1
014,27,noisy_jump,25.634516460384049,78.387241433113928,12.857759113692731,28.604359904659496,0.047742922009113835,0.19679689354441954,east,silver,api,stable service regional product feedback,1
014,28,noisy_jump,23.846338843835472,74.840805872351112,68.757325923504013,28.467577047358095,0.58664644185906845,0.83833161004246348,east,bronze,api,reliable product delivery customer feedback,1
014,30,noisy_jump,24.747710634273183,74.417374915613038,,26.647531760900108,-1.0254359710924963,-0.22749940820495609,east,gold,web,reliable product delivery customer feedback,1
014,31,noisy_jump,25.414521297710042,81.36731025644653,27.27842405504482,29.475804622390903,0.054657678898835688,-0.38545469293327039,east,gold,api,稳定 服务 区域 产品 反馈,1
014,32,noisy_jump,21.962772557182831,71.880570260574785,13.020070175482408,36.470567348314141,2.1907260448046633,-2.1183677328893005,east,silver,mobile,稳定 服务 区域 产品 反馈,1
014,33,noisy_jump,26.834180547787863,80.852381568376941,20.277831387751363,25.604997168995141,-0.97834775190391376,1.0911709327082839,east,gold,mobile,稳定 产品 交付 用户 反馈,1
014,34,noisy_jump,27.924200703478913,,13.158878917120777,26.185213651391997,-0.38965869953077137,1.3358469382099043,east,bronze,api,稳定 产品 交付 用户 反馈,1
014,35,noisy_jump,23.390441591398552,74.225210505607365,10.142365782435972,29.693118096793405,-0.30250976070706886,-0.92220664900016402,east,silver,mobile,stable service regional product feedback,1
014,36,noisy_jump,26.369722898436773,76.264923959380411,,28.798543224266403,0.27191120153573706,0.3666170706329599,east,gold,mobile,stable service regional product feedback,1
014,37,noisy_jump,24.052655039753326,70.482820064314367,24.506525429177003,,0.53812482410120754,2.132178998358063,new_region,gold,web,reliable product delivery customer feedback,1
014,38,noisy_jump,25.289834657892062,75.849290651976958,73.394448894212772,26.711446692078635,-0.13066222582460238,1.2776333325461786,east,bronze,api,稳定 产品 交付 用户 反馈,1
014,39,noisy_jump,27.600150095459107,77.798063951541792,,30.655535702192029,-0.39193858400403681,-1.6540771914099162,east,gold,web,reliable product delivery customer feedback,1
014,40,noisy_jump,20.35881892779565,77.962992568864536,8.5108693871450161,27.595716634685942,-0.56404117242164797,-0.0011977721992780261,east,gold,mobile,stable service regional product feedback 量子 推荐 hyperpersonalised,1
014,41,noisy_jump,,81.44053933295578,100.604303065037,27.324755806116269,-1.4744358789112264,-0.81124082340951786,east,gold,api,reliable product delivery customer feedback,1
014,42,noisy_jump,25.660265467063706,74.812273026602327,,29.141114397100111,0.90785480337530511,0.95191929458524382,east,silver,web,稳定 产品 交付 用户 反馈,1
014,43,noisy_jump,26.255042588914979,80.313767813711294,88.089859703171442,28.280240685757025,-0.27416515929504931,-0.2650871607710944,east,bronze,api,stable service regional product feedback,1
014,44,noisy_jump,25.480054512088948,77.485358326080387,11.086537598510271,27.254542177867396,-0.57208061281646927,0.1563452299572044,new_region,bronze,api,stable service regional product feedback,1
014,45,noisy_jump,26.549199401497884,81.278681288840076,14.861668498698059,25.72035503416307,0.046330492933544742,2.0848322158675461,east,bronze,api,stable service regional product feedback,1
014,46,noisy_jump,25.370289511327218,80.767481264865154,,25.975879414450439,-1.9274733903848897,-0.75899870725034413,new_region,silver,web,稳定 服务 区域 产品 反馈,1
014,47,noisy_jump,21.01799096776039,87.307567284480328,3.3647430807214675,27.451609039760196,-1.4067330994274583,-1.080816935447239,east,bronze,api,稳定 服务 区域 产品 反馈,1
014,48,noisy_jump,27.191275259337075,78.817625205809208,48.520926133490761,28.870622566057502,-0.15865843075730426,-0.20471833169347664,east,bronze,api,stable service regional product feedback,1
015,1,noisy_jump,18.741954508888316,,21.445632872950583,29.221805462867618,-0.11957227867858657,-1.1764473938398232,south,gold,mobile,稳定 产品 交付 用户 反馈,0
015,2,noisy_jump,20.451172661608791,108.84298124691277,36.542894606819281,30.087599753347305,1.2883829308147685,0.34677683940716947,south,gold,api,reliable product delivery customer feedback,0
015,3,noisy_jump,,108.52873599501703,10.776000108575724,29.606811527955212,0.53139873930581494,-0.40821596008297184,south,silver,mobile,stable service regional product feedback,0
015,4,noisy_jump,19.922940263639131,109.80309797738815,13.5457768129809,28.895781453944803,-0.084611792730822977,-0.96575115294868896,south,bronze,mobile,稳定 服务 区域 产品 反馈,0
015,5,noisy_jump,20.366468946858216,106.70551771964021,,26.258643455085735,0.02433694341781615,1.2007689309078302,south,bronze,mobile,稳定 服务 区域 产品 反馈,0
015,6,noisy_jump,19.980661727376706,108.95833814794243,56.640864421673555,29.546227881343505,-0.54156058052173106,-1.7401315819650918,south,bronze,web,stable service regional product feedback,0
015,7,noisy_jump,23.222262462153488,102.19382312179947,36.622776141397857,28.660580086921875,0.92467279369679134,0.75363709401488099,south,bronze,mobile,reliable product delivery customer feedback,0
015,8,noisy_jump,19.388833583777,106.57663721735945,34.248570758342851,26.545613953476941,-1.0237534339987371,-0.49732904870242556,south,gold,api,稳定 服务 区域 产品 反馈,0
015,9,noisy_jump,25.964069416689892,109.71027092995136,20.379370392731218,,0.088012134361806174,-0.82667363879931499,south,gold,web,稳定 产品 交付 用户 反馈,0
015,10,noisy_jump,20.786954511124762,103.38195697946247,27.123189315161099,29.68848282851199,0.36424429140210396,-0.86788299521661127,south,bronze,api,stable service regional product feedback,0
015,11,noisy_jump,14.780401402029748,111.43202430578287,4.410045495960901,26.770276021283493,-0.30148859071468292,0.14980904064599382,south,bronze,api,stable service regional product feedback,0
015,12,noisy_jump,17.539656498423014,,7.3916838425568212,23.788653977911068,-0.55514556682868954,1.8944974384655202,south,gold,api,reliable product delivery customer feedback,0
015,13,noisy_jump,25.336823956490182,,27.677741551269772,31.115719486459433,1.6836912742174035,-0.054036121119436793,south,bronze,api,stable service regional product feedback,0
015,14,noisy_jump,17.679391147978691,100.85724136706149,43.603251153027628,30.423752600823747,1.3907540852059532,0.20997919733367054,south,bronze,mobile,稳定 服务 区域 产品 反馈,0
015,15,noisy_jump,17.645697700144037,104.97942573790489,10.692747271655954,19.629759127739533,-2.989962626487332,1.3777202577175851,south,gold,mobile,reliable product delivery customer feedback,0
015,16,noisy_jump,18.355753835663283,106.76070344493621,26.919920297663325,26.695674075245414,-1.1143411442058411,-0.84015183032763852,south,gold,mobile,stable service regional product feedback,0
015,17,noisy_jump,21.514805069757703,112.30794691543677,,25.297949038984335,-0.22558241107147145,1.389688095298163,south,gold,api,stable service regional product feedback,0
015,18,noisy_jump,20.013056215604397,,11.060666164303202,23.813239770313096,,0.07871964794187046,south,silver,web,稳定 产品 交付 用户 反馈,0
015,19,noisy_jump,21.057205686599833,102.74745053805285,18.287790304809104,29.478977473760089,0.43608259338519356,-0.22465670615832367,south,silver,web,稳定 服务 区域 产品 反馈,0
015,20,noisy_jump,15.428901220000554,107.38364913288791,31.668712093984766,27.626678304987994,0.44409453738039983,0.88595105171901989,south,bronze,mobile,稳定 服务 区域 产品 反馈,0
015,21,noisy_jump,16.045797944469872,111.20945413173932,11.175922878170706,25.969571092282305,-0.91065909261763789,0.09521596302979364,south,gold,mobile,reliable product delivery customer feedback,0
015,22,noisy_jump,16.701480478941814,107.61586227285974,14.069716497497989,25.924815390398841,-0.57534218002225779,0.44194908560816937,south,gold,mobile,reliable product delivery customer feedback,0
015,23,noisy_jump,17.316912589690915,104.78536811727662,13.48185220524898,26.403894656490966,-0.73538246444557109,-0.10137125669628121,south,bronze,api,稳定 产品 交付 用户 反馈,0
015,24,noisy_jump,15.277583008076483,106.82350478406961,143.9842580984195,25.17517994132799,-1.3874131293504481,-0.15554557754816584,south,silver,api,稳定 产品 交付 用户 反馈,0
015,25,noisy_jump,22.928962226834347,106.68189671785944,32.638858609463114,29.974396425902544,-0.016881587590507542,-1.4958210056809349,south,gold,mobile,稳定 服务 区域 产品 反馈,1
015,26,noisy_jump,27.273205472985072,104.92253233588531,34.963427002730185,26.371286793419138,-0.59252050404837575,-0.032960227437696596,south,gold,web,reliable product delivery customer feedback,1
015,27,noisy_jump,17.600196394665996,113.50361151038217,20.479778419610078,27.691496802702797,-1.5156393720649752,-2.1758626448011267,south,silver,mobile,稳定 服务 区域 产品 反馈,1
015,28,noisy_jump,19.314792716424037,,12.509324684561895,24.978153894359963,-0.6388689962326719,1.1122640571839901,south,bronze,api,stable service regional product feedback,1
015,29,noisy_jump,27.192223479937471,106.84184661552133,23.554283373239379,27.479602879674633,0.39725209075454987,0.82412858426160673,south,bronze,api,reliable product delivery customer feedback,1
015,30,noisy_jump,23.600499936928028,108.35664317870916,14.503166081085732,,0.43266330810980624,-0.66546305206290934,south,bronze,mobile,稳定 服务 区域 产品 反馈,1
015,31,noisy_jump,24.252838763011948,104.17161497712139,6.3679048820125299,28.422402004264669,0.61594096729262771,0.39587609398317841,south,silver,api,稳定 产品 交付 用户 反馈,1
015,32,noisy_jump,29.993624650620379,111.56024394279012,23.518844736044748,27.939650128763844,0.39775787419079039,0.59289841158980716,south,bronze,mobile,稳定 服务 区域 产品 反馈,1
015,33,noisy_jump,25.085437563373933,103.88939797536264,12.782892669761839,,-0.48839971966823348,-1.1280068330498838,south,bronze,api,reliable product delivery customer feedback,1
015,34,noisy_jump,,111.50404618753839,32.384741859371118,28.858320594043764,0.50886023207352282,0.043671892135660584,south,bronze,web,稳定 产品 交付 用户 反馈,1
015,35,noisy_jump,24.816659797909235,101.88511467722093,19.557510903269396,26.893971677293621,-0.18062819628120516,0.54277884682802624,south,gold,api,reliable product delivery customer feedback,1
015,36,noisy_jump,22.172612052067826,105.4089561795755,13.17850768595995,27.816672824997791,0.32520392553198479,0.52694230815206577,south,silver,mobile,稳定 产品 交付 用户 反馈 量子 推荐 hyperpersonalised,1
015,37,noisy_jump,24.420408598962368,104.6563568533342,17.889623538128593,30.048408591473823,1.2220536614487374,0.27240464112166762,south,bronze,api,稳定 产品 交付 用户 反馈,1
015,38,noisy_jump,24.391680067454988,107.87909933715285,8.6370671775392474,29.096556335388478,0.87987587165701076,-0.0051653316388440788,south,silver,mobile,stable service regional product feedback,1
015,39,noisy_jump,19.799866440947053,107.02381769330431,,,0.22061132263977989,0.18156826402486687,south,gold,api,reliable product delivery customer feedback,1
015,40,noisy_jump,22.828209837599282,105.60950483139958,,26.712074254620568,-0.82978879287899265,-0.20083419601119062,new_region,bronze,api,reliable product delivery customer feedback,1
015,41,noisy_jump,23.066674970595216,105.87162979997134,19.446968202558338,26.820620601838538,0.5654805746690994,1.4340791224137148,south,gold,web,stable service regional product feedback,1
015,42,noisy_jump,19.996266489750951,107.45040405657453,24.172328478932009,28.101724123073065,-0.49756863591109962,-0.99643201759963063,south,gold,web,reliable product delivery customer feedback,1
015,43,noisy_jump,20.926215610427228,108.50429518262233,61.403698495717393,30.402318984203291,1.5730685900980759,0.65803875989177096,south,silver,mobile,稳定 服务 区域 产品 反馈,1
015,44,noisy_jump,26.706224429763946,110.06788682903662,17.387214119255159,27.531023681716441,-0.032578172068823491,0.27927953773198089,south,gold,web,稳定 产品 交付 用户 反馈,1
015,45,noisy_jump,22.902116913897402,109.26008586654775,6.3900017127809869,29.847508938510721,-0.46892108310167824,,south,bronze,api,稳定 产品 交付 用户 反馈,1
015,46,noisy_jump,23.782338636329207,108.30150584823112,36.442721124657446,35.573587251062563,2.1101108991143009,-2.2015467769545145,south,bronze,mobile,稳定 产品 交付 用户 反馈,1
015,47,noisy_jump,19.967394958200622,102.24496768595148,,30.322707587778922,1.1642355568055853,-0.35782034716275046,south,gold,mobile,reliable product delivery customer feedback,1
015,48,noisy_jump,19.981945284810713,107.17212944070916,33.694945256126893,31.130776420104116,1.0788351774285161,-0.7241781645016343,south,bronze,mobile,稳定 服务 区域 产品 反馈 量子 推荐 hyperpersonalised,1
016,1,noisy_jump,22.484479625653488,109.39940750966768,8.1698968910815868,23.517635074452091,1.2453579100802661,0.76644498835388308,west,gold,web,reliable product delivery customer feedback,0
016,2,noisy_jump,17.397393108666268,109.84346263226431,87.372497617337203,,-1.0814955624646767,-2.0577714391153514,west,silver,api,稳定 产品 交付 用户 反馈,0
016,3,noisy_jump,,,60.870427891636893,,-0.040119009862965668,0.39888207581702595,west,silver,api,reliable product delivery customer feedback,0
016,4,noisy_jump,22.290634343750821,,22.914026933863855,,1.5470061416734828,0.51861673928971663,west,bronze,mobile,stable service regional product feedback,0
016,5,noisy_jump,20.356060782489113,106.62266328727772,,20.0837029072148,-0.50826839504241006,1.0102159042477104,west,bronze,api,reliable product delivery customer feedback,0
016,6,noisy_jump,26.228016890265973,107.46401880327204,39.717411685636065,23.2762614388811,-0.32240559251477818,-1.0844487309524271,west,silver,api,稳定 产品 交付 用户 反馈,0
016,7,noisy_jump,19.401880204011867,107.41838463190999,10.351698146489705,22.7103748229991,0.35018997261306278,0.42556337082305745,west,bronze,mobile,reliable product delivery customer feedback,0
016,8,noisy_jump,19.487978695466872,105.93722922174997,57.340000931408326,21.849660187870537,-0.081582300995709789,0.52728769073141157,west,bronze,mobile,稳定 产品 交付 用户 反馈,0
016,9,noisy_jump,21.523039275169769,,12.723906983783634,20.399312500477681,0.19960991743948936,1.6118465080369864,west,silver,api,稳定 服务 区域 产品 反馈,0
016,10,noisy_jump,,107.58292690264855,27.709225150338064,22.387127900905107,-0.38628849937846593,-0.074940782713014048,west,silver,api,稳定 服务 区域 产品 反馈,0
016,11,noisy_jump,22.002740120660675,108.66449921069926,69.964141502165631,25.375241197923831,0.7855510076721739,-0.89119618411312618,west,bronze,api,稳定 服务 区域 产品 反馈,0
016,12,noisy_jump,20.794651806435425,100.43909766813937,,23.281092682742653,-0.52962460703327296,-1.2550810578378111,west,silver,api,reliable product delivery customer feedback,0
016,13,noisy_jump,20.307785731314183,103.239408624316,14.823346513908037,23.851571636135372,0.61196759178702442,0.14425935805518475,west,silver,api,稳定 服务 区域 产品 反馈,0
016,14,noisy_jump,20.033081012687742,104.46716815865543,47.475753145513401,27.150481058862532,1.6110819724895202,-1.0661102432960416,west,bronze,mobile,reliable product delivery customer feedback,0
016,15,noisy_jump,21.92565321329646,112.24531070081706,11.317702725077636,23.199668934527999,-0.63572299330340065,-1.1988958780633077,west,bronze,web,稳定 服务 区域 产品 反馈,0
016,16,noisy_jump,21.506288985994448,112.4537744632498,29.116636482110803,22.255543823018467,0.74179999778986905,1.0362334523383507,west,silver,api,稳定 产品 交付 用户 反馈,0
016,17,noisy_jump,19.244066254862275,120.38842541890945,5.8952403854382851,21.37967759272388,-0.70457285064168196,-0.13200940523488033,west,silver,api,reliable product delivery customer feedback,0
016,18,noisy_jump,,,37.698784089285759,19.637445121253528,-0.74920053417413435,1.0317094932520017,west,bronze,mobile,stable service regional product feedback,0
016,19,noisy_jump,20.266162379956615,,7.7763783716650963,19.267554495479271,-0.99641568019700033,0.99606445938046029,west,silver,web,stable service regional product feedback,0
016,20,noisy_jump,16.949886546592154,108.47292557623179,18.283326236008168,23.366856678514697,-0.19189805683432348,-0.77419006942292656,west,gold,mobile,稳定 服务 区域 产品 反馈,0
016,21,noisy_jump,21.951968026112223,111.8884958018038,39.719055186287527,24.032012019674735,0.53410000335371732,-0.15498505745326194,west,bronze,web,稳定 产品 交付 用户 反馈,0
016,22,noisy_jump,23.068738249709462,108.97990815680012,6.4752382142268807,15.361294051654802,-1.1348013120807665,3.1733886019920821,west,gold,api,reliable product delivery customer feedback,0
016,23,noisy_jump,28.966756855545768,111.81888787261961,2.8446272735106541,,-0.21033115301368599,-2.2198334218022344,west,bronze,mobile,stable service regional product feedback,0
016,24,noisy_jump,19.992430171490874,,27.753454537951175,19.313448952977389,-1.3812643429431346,0.30454314145270711,west,silver,web,stable service regional product feedback,0
016,25,noisy_jump,25.349833419956223,113.16026948899442,10.417632018019553,24.806954373552333,-0.27885178303122976,-1.8492308945547189,west,silver,mobile,reliable product delivery customer feedback,1
016,27,noisy_jump,30.983821471733719,109.78817767778858,12.753000597669734,24.609256889778848,1.4813391445807729,0.83279270660962657,west,gold,web,reliable product delivery customer feedback,1
016,28,noisy_jump,26.301646180151479,108.48972501000964,29.957807821644675,21.666975188828903,-0.05144789833234694,0.36350936837863551,west,silver,web,stable service regional product feedback,1
016,29,noisy_jump,28.230549265209575,103.5159738196092,8.9304132780223284,25.108109011537771,1.0087897055441131,-0.58879927622344441,west,bronze,api,reliable product delivery customer feedback,1
016,30,noisy_jump,27.772403065452131,103.70364308262991,8.2938710933973692,25.087867992903853,0.9622747736441517,-0.40950433220096488,west,bronze,web,reliable product delivery customer feedback,1
016,31,noisy_jump,25.869698228697114,108.59592049272307,,18.518406086068641,-0.42558414277938256,2.0949463918531235,west,bronze,mobile,reliable product delivery customer feedback,1
016,32,noisy_jump,28.384713427531757,108.8913301304199,79.431903617969141,,-1.0257301328612813,0.61042702445790142,west,silver,web,稳定 产品 交付 用户 反馈,1
016,33,noisy_jump,28.242280471803024,107.7842200309983,4.3779443880739768,20.117500118932576,-0.90256374022101404,0.57814799379507364,west,bronze,mobile,stable service regional product feedback,1
016,34,noisy_jump,25.078862267332383,113.60359078657629,3.1195671273945287,,-1.0527159857117441,1.154855034015372,west,gold,api,稳定 服务 区域 产品 反馈,1
016,35,noisy_jump,,107.30386132856447,10.351414959138795,,-0.11630019648857018,-0.15581147518728836,west,silver,api,稳定 服务 区域 产品 反馈,1
016,36,noisy_jump,28.298673434998133,,11.910166304738825,28.042747380317692,1.0150983857535465,,west,gold,api,稳定 服务 区域 产品 反馈 量子 推荐 hyperpersonalised,1
016,37,noisy_jump,,,28.370180580075576,25.781870515617054,1.6144448295534777,0.11917901497306997,west,gold,mobile,reliable product delivery customer feedback,1
016,38,noisy_jump,30.844116335827181,115.7359955912824,3.0646131247125199,27.802080112788772,1.6587979252369103,-1.2398272609462861,new_region,bronze,mobile,stable service regional product feedback,1
016,39,noisy_jump,27.367191792811681,107.57036263134086,41.179040735850144,23.487408703573081,0.095854688799046142,-0.46797999132841889,west,silver,web,reliable product delivery customer feedback,1
016,40,noisy_jump,27.900748776198849,105.78607773340615,5.7928925557042197,23.606472959023115,0.43450733068062863,-0.22847841837928112,west,silver,api,stable service regional product feedback,1
016,41,noisy_jump,22.391813830691959,113.59084010326804,37.135181806398961,24.340736920687476,1.2641910478883609,0.52950029981995161,new_region,bronze,api,stable service regional product feedback,1
016,42,noisy_jump,25.257846818569671,110.77399467339423,51.556301083868775,21.993934745236569,0.66162598610321088,1.2649983757118282,west,gold,web,稳定 产品 交付 用户 反馈,1
016,43,noisy_jump,23.536216972537801,110.14885492832711,33.158190956894536,21.595104111323881,-0.53893240385919194,0.071083221921463616,west,silver,web,reliable product delivery customer feedback,1
016,44,noisy_jump,22.648760181572282,101.32843822667577,,23.099460528140014,0.77862334741338102,0.86923482695699694,west,silver,api,稳定 产品 交付 用户 反馈,1
016,45,noisy_jump,25.089124328729255,103.74973475141371,35.494705970869099,23.794557064058154,-0.054294736737437628,-1.1119858992689533,west,bronze,mobile,reliable product delivery customer feedback 量子 推荐 hyperpersonalised,1
016,46,noisy_jump,23.77083344007449,103.22617919968584,11.066202832312722,25.865185936410644,0.59473534330430189,-1.2289514646283468,west,gold,web,reliable product delivery customer feedback,1
016,47,noisy_jump,27.9318948110683,103.91275369097623,41.685463682439718,21.610612634242322,-1.369959097932018,-1.2393090053149338,west,bronze,mobile,稳定 产品 交付 用户 反馈,1
016,48,noisy_jump,23.392165081522034,111.52727613056379,69.048860832749199,23.91615561574902,0.07766980457121013,-0.61922904121035172,west,gold,mobile,稳定 服务 区域 产品 反馈,1
017,2,linear_trend,22.633417756340091,109.82752702647593,,,1.3474330227120062,-0.11352685884045217,north,gold,web,reliable product delivery customer feedback,0
017,3,linear_trend,22.344077731318748,113.09778664961905,,,0.39954318689434215,-0.21576370077522813,north,bronze,web,stable service regional product feedback,0
017,4,linear_trend,22.366486630789581,103.21637707367273,12.207406173817512,,-0.24032067750902031,-0.16316007717084685,north,gold,api,stable service regional product feedback,0
017,5,linear_trend,23.128796631296208,107.56785514418475,29.834048251242045,27.624643974229091,-0.37174176247188001,1.2489709034364218,north,silver,mobile,reliable product delivery customer feedback,0
017,6,linear_trend,23.285156470112614,114.75884418882467,34.647258319662193,,1.4799356759294651,0.34612269198603152,north,silver,api,稳定 产品 交付 用户 反馈,0
017,7,linear_trend,23.268523724683085,108.58540589071774,35.47740244626825,,0.15788314876112958,0.9891250539024955,north,bronze,mobile,stable service regional product feedback,0
017,8,linear_trend,22.88920166444835,106.77164138995593,163.46543610740156,28.79000480411414,0.73996377221838172,1.8667132962576536,north,gold,api,稳定 服务 区域 产品 反馈,0
017,9,linear_trend,23.935338148531738,,,32.621746373059153,0.99138931175075451,-0.52660248342483018,north,gold,mobile,稳定 服务 区域 产品 反馈,0
017,10,linear_trend,23.599859736943337,111.66369428835917,19.50020636505738,32.487059127537044,0.8912646332382187,-0.23904822615012411,north,gold,mobile,稳定 服务 区域 产品 反馈,0
017,11,linear_trend,24.108976029900376,111.47332393856901,,28.416971868100664,-1.4838549539412467,-1.0405161265090037,north,gold,mobile,稳定 服务 区域 产品 反馈,0
017,12,linear_trend,,109.32722720882532,20.021268600525907,28.047616148299081,-0.63311330847412406,0.75493170117369113,north,bronze,mobile,reliable product delivery customer feedback,0
017,13,linear_trend,24.03664919685124,110.22199523002843,7.4441185396284402,28.869244538847518,-0.44778711742168764,0.14682815432165605,north,bronze,web,稳定 服务 区域 产品 反馈,0
017,14,linear_trend,24.559110686849046,105.41025990753722,,32.822822603567374,0.64522857115111509,-0.94664026618353592,north,gold,web,稳定 产品 交付 用户 反馈,0
017,15,linear_trend,24.695764059226551,108.82195506541444,10.870331777868618,30.414506284129459,0.41111926286765155,0.22128642360772374,north,bronze,web,stable service regional product feedback,0
017,16,linear_trend,,109.81914085198815,6.0305512390181271,30.129254802196108,0.34884656935118741,0.390756275115339,north,silver,api,stable service regional product feedback,0
017,17,linear_trend,24.983562940087406,108.00398084672581,,30.087013022700628,-1.0521910513028119,-1.4600845328338659,north,bronze,api,stable service regional product feedback,0
017,18,linear_trend,25.140092713173768,115.5288736877486,6.6726863699032473,34.149166813944987,1.447943872173326,,north,bronze,web,稳定 服务 区域 产品 反馈,0
017,19,linear_trend,25.765320122787276,110.05743093954217,5.4534465856682299,33.056322115028003,2.0370507621832368,0.88810842233699538,north,gold,api,稳定 服务 区域 产品 反馈,0
017,20,linear_trend,25.772735080746997,110.59867821227715,10.926686463029982,34.614799875538296,0.83831137692023228,-1.9197007454705439,north,gold,api,稳定 产品 交付 用户 反馈,0
017,21,linear_trend,25.520342936919683,109.90585373648322,10.574519972464143,32.954710422728354,1.3268833705458705,-0.095139273066692842,north,gold,web,reliable product delivery customer feedback,0
017,22,linear_trend,26.174120936667816,106.37256912166364,8.4959937779002939,34.592140687334954,1.6648976876160955,-0.47083877399082624,north,gold,web,稳定 服务 区域 产品 反馈,0
017,23,linear_trend,26.427948581989391,110.19481811837943,,27.597563012733985,-0.47694995305553251,1.0055614079127391,north,silver,mobile,stable service regional product feedback,0
017,24,linear_trend,26.721753983068666,,42.916781942721627,,0.28389246977026933,-0.43082267933152024,north,bronze,web,stable service regional product feedback,0
017,25,linear_trend,26.544229939694819,104.16696972833705,23.716167013191935,30.451908174578303,0.56437297481835591,0.54314110449045172,north,bronze,api,稳定 服务 区域 产品 反馈,0
017,26,linear_trend,27.162599314585229,104.82269914976798,,32.444231118547151,0.93109447320349481,-0.341616819408396,north,gold,web,reliable product delivery customer feedback,0
017,27,linear_trend,27.307816320003784,110.72177833175957,40.411687190354804,30.926843455848154,-0.62991497018630993,-1.3309998973902859,north,bronze,api,稳定 服务 区域 产品 反馈,0
017,28,linear_trend,27.931553319916631,108.4714728997172,30.457340350480575,30.001891530365622,0.95910141877802235,1.4299032264064946,north,silver,api,reliable product delivery customer feedback,0
017,29,linear_trend,27.884785958927097,106.00567499183829,25.522443499193709,34.381280366195426,0.68122180068982441,-2.0729445955678965,north,gold,web,稳定 服务 区域 产品 反馈,0
017,30,linear_trend,27.999283180722458,107.83362396295432,31.715544385940795,27.234615056816381,0.030398742491320747,1.8794804125140288,north,silver,api,稳定 产品 交付 用户 反馈,0
017,31,linear_trend,27.941249527347082,105.26749694382215,33.219366877564688,31.864726684365905,0.096200176812928459,-0.99087884276934624,north,gold,mobile,稳定 产品 交付 用户 反馈,0
017,32,linear_trend,28.183968258552412,112.45517033190283,26.244910674520934,33.851573040240723,0.90680461091546649,-1.3017618791464147,north,bronze,mobile,稳定 服务 区域 产品 反馈,0
017,33,linear_trend,28.320439773775448,104.10404423623002,19.754312295959551,30.903824270108164,0.77288778188807639,0.54232641191284969,north,bronze,mobile,稳定 产品 交付 用户 反馈,0
017,34,linear_trend,29.017787507305112,,14.942879508791741,,1.3662449891213562,0.90153774391817987,north,bronze,api,稳定 服务 区域 产品 反馈,0
017,35,linear_trend,29.402014880814384,113.68519134414663,26.000523554485042,,-0.049607617105955973,,north,gold,mobile,稳定 服务 区域 产品 反馈,0
017,36,linear_trend,29.189368643626945,105.37727940909163,54.357501673848191,30.104049010049032,0.031603641168157399,-0.078037217590420691,north,gold,api,stable service regional product feedback,0
017,37,linear_trend,29.362386937351413,109.10910325889172,4.002907354451632,29.614107398844485,-1.2346049431274442,-1.1960723735139354,north,silver,mobile,reliable product delivery customer feedback,0
017,38,linear_trend,29.124646712729863,108.85903852633577,19.666426988012955,,-0.99357626705911861,-0.57462735733646686,north,silver,web,稳定 产品 交付 用户 反馈,0
017,39,linear_trend,,108.52842884843433,18.506885204424801,,0.63939045407733242,0.01897211828527972,north,gold,web,reliable product delivery customer feedback,0
017,40,linear_trend,,103.83374428177576,11.046259541336768,33.126849469199804,0.7848558696207617,-1.0532684538968202,north,silver,mobile,稳定 产品 交付 用户 反馈,0
017,41,linear_trend,30.001515282339291,,14.317016692740447,24.510619835426002,-1.6688252600073767,1.5996200424905651,north,silver,api,reliable product delivery customer feedback,0
017,42,linear_trend,30.411782089459962,109.90889127540422,16.672587898934562,31.025182266164286,-0.2507701043040107,-1.074869598806961,north,bronze,web,stable service regional product feedback,0
017,43,linear_trend,30.641349489809059,114.84801101823132,47.906261498396582,30.037449940186832,-0.57210755887845322,-0.97401332990912148,north,bronze,web,stable service regional product feedback,0
017,45,linear_trend,30.631212745877136,112.20709174135202,46.636034791763919,31.355763785893789,0.33047564197022794,-0.36092196747348304,north,silver,api,稳定 产品 交付 用户 反馈,0
017,46,linear_trend,30.633523633612882,108.85013028399362,18.074630094091646,29.971113783130889,-0.63977841974460692,-0.70171429755312187,north,gold,mobile,reliable product delivery customer feedback 量子 推荐 hyperpersonalised,0
017,47,linear_trend,31.656059783400288,109.04866610984396,12.766984861288206,,-0.44902545966975038,0.31625173632474379,north,bronze,web,reliable product delivery customer feedback,0
017,48,linear_trend,31.172996115984585,114.31622794398695,,31.761685786897441,1.236718041099925,0.55326903916950954,north,gold,web,稳定 服务 区域 产品 反馈,0
018,1,linear_trend,,87.741170912292233,36.109584320874859,26.558776822535226,0.98806593220419647,0.50599771954760708,east,silver,api,stable service regional product feedback,0
018,2,linear_trend,22.491105959274265,86.442359559376911,2.2555132411434506,26.239008693952702,-0.32158459056469463,-1.0811381204044679,east,bronze,web,reliable product delivery customer feedback,0
018,3,linear_trend,22.313352799188671,,30.984190594443398,26.696374407390671,1.401605506359004,0.82920913628203685,east,bronze,mobile,稳定 产品 交付 用户 反馈,0
018,4,linear_trend,23.01488884661735,86.388498338544395,27.281288720060097,22.702848111071578,-1.4708717973383096,-0.22730261942506799,east,silver,mobile,stable service regional product feedback,0
018,5,linear_trend,23.401732110752334,87.489498050756609,26.720016773208933,24.445883363256662,-0.36425670156896284,-0.29050926669793642,east,bronze,mobile,稳定 产品 交付 用户 反馈,0
018,6,linear_trend,23.264907619475498,78.113150146754265,13.223167124097113,24.495288143537426,0.60595296172879387,1.2843273911318809,east,bronze,api,reliable product delivery customer feedback,0
018,7,linear_trend,23.030013574995618,91.708684130353163,9.9297115651085317,24.373189722723129,-0.22066668763598996,0.19144210102670228,east,silver,web,reliable product delivery customer feedback,0
018,8,linear_trend,23.765951294669389,,96.607893571392893,19.803377204823413,-2.7062733475648768,0.010469554765181318,east,bronze,api,稳定 服务 区域 产品 反馈,0
018,9,linear_trend,24.099688073146584,77.683851520456301,7.516861847718304,26.072063033610096,-0.021773585582354118,-0.49797572009110497,east,gold,mobile,稳定 产品 交付 用户 反馈,0
018,10,linear_trend,23.895273780687955,78.872953083063379,20.00045620780579,25.442424576609969,-0.32002684547531224,-0.63069067453371919,east,gold,web,reliable product delivery customer feedback,0
018,11,linear_trend,24.199068738326432,91.634487924721611,93.654653631205406,27.67297167949712,1.3644452283241935,0.32429491240704084,east,gold,mobile,稳定 产品 交付 用户 反馈,0
018,12,linear_trend,24.255927659856805,92.919359045686406,22.723613595037925,26.771318045098415,1.4302071440698241,1.146796452314472,east,gold,mobile,stable service regional product feedback,0
018,13,linear_trend,24.306977151478534,85.207608648204967,18.565193386675482,,-0.45599290374644336,0.79575729615699109,east,gold,web,稳定 服务 区域 产品 反馈,0
018,14,linear_trend,24.899422948663016,89.838167353443183,5.6493239469183392,22.702235161608034,-0.94301645028096881,0.40145963042341404,east,gold,web,stable service regional product feedback,0
018,15,linear_trend,25.107619278585467,89.724238673191792,,23.731776826337057,0.062028277843542548,0.84319755015986586,east,bronze,web,reliable product delivery customer feedback,0
018,17,linear_trend,25.649380210112092,90.341673129459295,2.8185852578368555,25.331603166588984,-0.00092451026377645578,-0.086774488994948121,east,bronze,web,稳定 产品 交付 用户 反馈,0
018,18,linear_trend,25.758079624766061,90.21420165465338,6.1715812964791716,21.834805270594771,-1.9306284586412192,-0.4698391104966369,east,silver,web,stable service regional product feedback,0
018,19,linear_trend,25.037716127160259,83.20021053971297,25.004012450990381,20.784320533809247,-1.3474000679668947,1.2555958910414802,east,gold,web,stable service regional product feedback,0
018,20,linear_trend,26.070769652112336,91.34705970030025,21.011879383479901,28.297639434347985,0.98740677423481582,-0.79204881137227123,east,gold,web,稳定 服务 区域 产品 反馈,0
018,21,linear_trend,26.158784820372436,86.141577936012524,14.46434935583909,27.928100009047654,0.61308635652309551,,east,bronze,api,稳定 产品 交付 用户 反馈,0
018,22,linear_trend,26.461057057109393,91.474349044095234,9.1600069704991363,28.151353873495008,0.45230999989047266,-1.3004874771296739,east,silver,web,reliable product delivery customer feedback,0
018,23,linear_trend,26.234442446443538,,39.003459479743874,26.407791292772586,1.2410085196759599,0.7926995736426683,east,silver,api,稳定 产品 交付 用户 反馈,0
018,24,linear_trend,27.127039353486111,90.590101882025976,15.186188863918236,27.808844728278096,0.29515115091340965,-1.2705579579127513,east,silver,mobile,reliable product delivery customer feedback,0
018,25,linear_trend,27.344829766946653,90.012948612961779,11.768744657023893,23.634729518024123,-0.96465160892280732,-0.16386668824303524,east,bronze,web,稳定 产品 交付 用户 反馈,0
018,26,linear_trend,27.159539944007268,85.675462877642332,43.552949191414982,24.787781589797227,-0.57826561683021016,-0.33465484136127277,east,gold,web,reliable product delivery customer feedback,0
018,27,linear_trend,28.033913221348861,92.753479689620605,11.218490190535828,25.923487224012582,-0.76868634862627727,-1.4194234705361308,east,silver,web,稳定 产品 交付 用户 反馈,0
018,28,linear_trend,28.091220658040957,90.877994574483793,27.938946326118334,24.947161483309475,-0.48241906496856229,-0.57397807827842195,east,gold,mobile,reliable product delivery customer feedback,0
018,29,linear_trend,27.290217914755793,88.58362084553886,19.06993341055199,,,0.97617506378729846,east,silver,web,stable service regional product feedback,0
018,30,linear_trend,28.268362812380584,84.47888793479963,11.270439497198034,28.838473104814749,,-1.6934594149811637,east,bronze,mobile,stable service regional product feedback,0
018,31,linear_trend,28.88016760234899,96.5499554468947,35.312251967369498,17.337423531187454,-1.2180110253232987,3.4996341781226104,east,gold,mobile,稳定 产品 交付 用户 反馈,0
018,32,linear_trend,28.257877555043791,90.21374828403745,17.51687409033693,,-1.9926206819468577,1.1412911663415626,east,gold,web,稳定 产品 交付 用户 反馈,0
018,33,linear_trend,28.752627851614623,88.876529711359368,20.26664966005243,,-0.57326051074327833,2.4805609604967964,east,silver,api,稳定 产品 交付 用户 反馈,0
018,34,linear_trend,28.566520069727389,,10.725870853039803,31.195477727001034,2.3823104097382397,-0.73959760035771083,east,bronze,mobile,稳定 服务 区域 产品 反馈,0
018,35,linear_trend,29.804585806317924,85.807413890513942,,23.476781912391004,-0.37587683832176855,0.7034650110957904,new_region,bronze,mobile,reliable product delivery customer feedback,0
018,36,linear_trend,29.694807065942726,89.676666465509939,5.794643654347122,24.202382487286222,-0.3934227119881975,0.039374292996894822,east,bronze,mobile,stable service regional product feedback 量子 推荐 hyperpersonalised,0
018,37,linear_trend,29.114963303136939,90.759511213032397,66.727037212965286,27.889331834544013,1.3322937311124785,0.24033376425951949,east,gold,mobile,stable service regional product feedback,0
018,38,linear_trend,29.6950933159568,91.337695848567932,48.515816433609885,24.619020704168914,0.094876858926429108,0.51927897869096251,east,silver,web,stable service regional product feedback,0
018,39,linear_trend,29.604015405759029,88.226917206407009,13.592396583952477,22.761446686421849,-0.45479116721362162,0.93710119074598441,east,silver,mobile,stable service regional product feedback,0
018,40,linear_trend,29.798670845877293,89.78194718176492,6.602000355544555,25.297692758281297,0.20470015957503962,0.26014580377128488,east,bronze,mobile,reliable product delivery customer feedback,0
018,41,linear_trend,30.498782153917439,85.586253060495494,12.544017316052964,20.601725276012814,-1.5099487836198178,1.0672395429379409,new_region,gold,web,reliable product delivery customer feedback,0
018,42,linear_trend,30.364201159069982,,9.5606651607219462,25.315453636773366,-0.055143814824360739,-0.29196610941191281,east,bronze,api,稳定 产品 交付 用户 反馈,0
018,43,linear_trend,30.695847851227072,88.475614269845707,6.6058490259694898,21.327013503042263,-1.4744630983959153,0.65256365208287015,east,gold,api,稳定 产品 交付 用户 反馈,0
018,44,linear_trend,30.716301998962134,86.229120451631971,44.567994087619525,29.790784172819627,2.4837654218049181,0.45581517563969043,east,bronze,web,稳定 服务 区域 产品 反馈,0
018,45,linear_trend,31.133774897022896,93.366713054815833,,26.886039707651388,0.94835461274421562,0.27313341798977325,east,gold,mobile,稳定 服务 区域 产品 反馈,0
018,46,linear_trend,31.308901415060809,91.546212815121251,57.700290306402721,26.148772173010805,-0.49729256243839326,-1.3406357816742986,east,gold,api,stable service regional product feedback,0
018,47,linear_trend,31.617425926636113,85.13226428613109,42.676130353891672,23.002754641690476,-0.91092014613520667,0.47942051980979628,new_region,gold,web,稳定 产品 交付 用户 反馈,0
018,48,linear_trend,31.40137746448892,86.822757942434265,3.4205159891825474,24.144206114214573,-1.0600871254530582,-0.67462218351894609,new_region,silver,mobile,稳定 服务 区域 产品 反馈,0
019,1,linear_trend,19.514371438510246,99.19119632049437,30.072324841861313,27.72867282647438,0.15854627786236367,0.030193292940701031,south,silver,web,稳定 服务 区域 产品 反馈,0
019,2,linear_trend,19.816182045899478,95.542499139767003,20.783789099224659,,0.89847859378269834,0.57831767106311271,south,bronze,mobile,稳定 产品 交付 用户 反馈,0
019,3,linear_trend,19.870760872893658,92.287232968232487,73.592119004703207,27.322270481921628,0.70218000080046272,1.0176351427219827,south,bronze,mobile,稳定 产品 交付 用户 反馈,0
019,4,linear_trend,19.852372865101913,88.747215119307683,17.880433334022797,26.525833937876858,-0.37168161314011106,0.12614531704094292,south,silver,web,reliable product delivery customer feedback,0
019,5,linear_trend,20.139650450387062,96.975980964245295,,27.270816887391732,-0.025451146361174556,-0.029725071783942927,south,gold,api,stable service regional product feedback,0
019,6,linear_trend,20.413837550247067,93.223833216875249,,30.791590760995341,1.7314144020622766,0.086262027302113076,south,silver,web,stable service regional product feedback,0
019,7,linear_trend,20.515756477376417,101.31217840047724,50.958353973771601,27.620354308517527,,1.2864443114420101,south,gold,web,稳定 服务 区域 产品 反馈,0
019,8,linear_trend,20.703189293500476,93.749885251809715,246.82322205288969,25.726217891908131,-0.020367592277733659,0.82441738882127225,south,silver,api,stable service regional product feedback,0
019,10,linear_trend,21.355382324646442,101.06631726123319,20.210481655943724,30.527500357181403,1.1536423354623846,-0.26822554992913294,south,gold,api,稳定 产品 交付 用户 反馈,0
019,11,linear_trend,21.369949103687915,91.905270649852667,44.186915971096703,28.995952542902625,0.0035071914472827653,-0.93366705022206675,south,silver,api,稳定 产品 交付 用户 反馈,0
019,12,linear_trend,21.41873472517225,93.736645927919966,9.3396929292310649,25.670735497434361,-0.8371847005988321,-0.019454393276712167,south,bronze,mobile,stable service regional product feedback,0
019,13,linear_trend,21.608832351440022,100.134015662463,15.799269881953849,25.243175866421492,-0.72127960965880222,0.58773070689454088,south,gold,api,稳定 产品 交付 用户 反馈,0
019,14,linear_trend,22.203901157723738,95.412632472470349,,25.044688255425331,0.62594719148240208,2.326222607594246,south,gold,web,稳定 产品 交付 用户 反馈,0
019,15,linear_trend,21.654753733908549,95.887842556716848,45.924584085165407,27.299819728030577,1.1598430736634626,1.5806201918064997,south,gold,mobile,stable service regional product feedback,0
019,16,linear_trend,22.169473272187801,90.846088213542814,14.042608688486041,26.126369073644966,-0.76000715493342164,-0.041520383180506167,south,silver,api,稳定 产品 交付 用户 反馈,0
019,17,linear_trend,22.610203150009323,98.012590228653394,25.32279298626958,22.258019151177869,-1.509707586859099,1.2442620832187745,south,silver,mobile,reliable product delivery customer feedback,0
019,18,linear_trend,22.462203338331197,92.477646557387018,,28.574647334476321,-0.29024073100135678,-1.0342376114305747,south,gold,mobile,stable service regional product feedback,0
019,19,linear_trend,23.527998617012347,90.909425833017579,6.7743118412894168,25.476838032571337,-1.6406840660778592,-0.80811193799467707,south,bronze,mobile,稳定 服务 区域 产品 反馈,0
019,20,linear_trend,23.421380288383435,95.512743368822569,9.5107823779743903,26.41768313158277,-0.87036714937185222,-0.48412452061613476,south,gold,api,稳定 产品 交付 用户 反馈,0
019,21,linear_trend,22.953431454303317,98.610490609239065,28.844746828299836,28.015328463158315,-0.33724193724737728,-0.90237997529061265,south,silver,api,稳定 服务 区域 产品 反馈,0
019,22,linear_trend,23.781718867167999,94.610235396202498,9.7376951314662215,28.033665228223338,-0.46247385249974332,-0.88377059406701097,south,silver,api,reliable product delivery customer feedback,0
019,23,linear_trend,23.764952573583759,91.125115011047583,56.846292973197308,31.188499477392298,0.93512948521988759,-1.2724341271247854,south,gold,mobile,reliable product delivery customer feedback,0
019,24,linear_trend,23.427104806901667,104.30642296578732,18.28812089412709,,0.6833419916214245,-0.95888972617933255,south,gold,api,reliable product delivery customer feedback,0
019,25,linear_trend,24.354864074866146,100.83728469726299,17.364030958482967,30.212356488496969,0.57474108431734794,-1.1329473739561431,south,gold,api,stable service regional product feedback,0
019,26,linear_trend,24.382600939206778,98.89217077766645,14.423346988863338,26.446902599319642,-0.81440976347785921,-0.26415889983970314,south,silver,mobile,稳定 产品 交付 用户 反馈,0
019,27,linear_trend,24.700385919751771,98.455373307240123,6.0720408548923723,26.728575403296635,-0.39246331085261277,-0.15337668402251048,south,gold,api,稳定 服务 区域 产品 反馈,0
019,28,linear_trend,25.184755210905479,97.335350320074483,4.0127141622972147,,0.090586372318609554,0.075287415901504465,south,silver,api,稳定 服务 区域 产品 反馈,0
019,29,linear_trend,24.443625093096269,99.19944615381263,23.947354619194694,,0.17940106290525065,-3.0593142119815124,south,gold,api,reliable product delivery customer feedback,0
019,30,linear_trend,25.376739290873548,90.807541884091279,31.083173833483553,31.716116047921883,,-2.8413455008308777,south,gold,web,稳定 产品 交付 用户 反馈,0
019,31,linear_trend,25.190120810778538,95.348004519431413,20.953351041545034,27.654383415297129,0.0014954730178655671,-0.13069279664780842,south,silver,api,stable service regional product feedback,0
019,32,linear_trend,,,2.2872202387896929,28.380180847817901,0.6100102144653039,0.13153768008356403,south,silver,api,reliable product delivery customer feedback,0
019,33,linear_trend,25.995239108487482,96.769308075370688,27.112597813332904,29.985841113743689,0.73089767331716715,-0.99159873508133678,south,bronze,mobile,stable service regional product feedback,0
019,35,linear_trend,25.665147500796294,103.62241367842748,31.22200621463422,23.300103040740254,-0.50906999637238126,2.2978692535265766,south,silver,mobile,stable service regional product feedback,0
019,36,linear_trend,26.490429256785301,100.43381654545415,3.6901216039240041,30.934679314540954,0.77557686821209026,-1.3823610620955986,south,silver,api,reliable product delivery customer feedback,0
019,37,linear_trend,26.287769334405603,102.41005116645904,5.0570180591334672,24.415733543566184,-1.2078631022328377,0.38420718158547462,south,bronze,api,稳定 服务 区域 产品 反馈,0
019,38,linear_trend,27.178417574975207,,35.558449451795468,24.539212674575037,-1.2768234198893198,0.29383390782932906,south,gold,mobile,稳定 产品 交付 用户 反馈,0
019,39,linear_trend,26.865539109664098,98.300277325567848,7.6057533467427412,23.127502185010108,-0.59649920411081259,2.073886850683424,south,gold,web,稳定 产品 交付 用户 反馈,0
019,40,linear_trend,27.564133956092437,86.434326295218952,21.149003406861414,25.585205681893132,-1.0337183584042857,-0.21035145892613219,south,bronze,web,reliable product delivery customer feedback,0
019,41,linear_trend,27.596587467673007,100.51265783407317,3.8540795103792576,23.564593521821983,-0.71102552778849826,1.5393470531436948,south,bronze,mobile,稳定 产品 交付 用户 反馈,0
019,42,linear_trend,27.251814053552632,97.588312330844843,33.683698688849816,,1.0299208681132748,1.0711908643995729,south,bronze,mobile,稳定 产品 交付 用户 反馈,0
019,43,linear_trend,28.082764486690632,100.3901661853607,11.496399605791076,30.828430854199549,0.84724739411167416,-1.2560076359219525,south,gold,web,稳定 服务 区域 产品 反馈,0
019,44,linear_trend,27.589591551706551,99.366414271270813,10.435941262753863,25.355016847192299,-0.6354143118494423,0.24885700353039297,new_region,gold,api,稳定 服务 区域 产品 反馈,0
019,45,linear_trend,28.118603288485858,102.49527888017695,14.942203741121871,30.344154632769854,1.0085619337434129,-0.45280881406928036,south,gold,web,stable service regional product feedback,0
019,46,linear_trend,28.625377955885,99.514334161563312,6.7034472724769891,25.148812912754675,0.085073234400851808,1.6836323968997202,south,silver,web,reliable product delivery customer feedback 量子 推荐 hyperpersonalised,0
019,47,linear_trend,28.543321212897293,97.196503720595473,5.0039100083232047,27.83776488196915,1.1123409606285248,1.0348293285898644,south,bronze,web,稳定 产品 交付 用户 反馈,0
019,48,linear_trend,28.211695548894721,97.591672774762117,73.946775056504691,24.662370903988641,-0.20063795346266819,1.4499901435546036,south,bronze,web,stable service regional product feedback,0
020,1,linear_trend,21.564461864428431,103.1975957679246,49.087939916416268,30.093236099411879,0.94740476654314176,0.46249165893162969,west,bronze,mobile,stable service regional product feedback,0
020,2,linear_trend,21.632803753887153,97.021592509941229,49.72555523108911,31.913312905374756,1.1595200378107025,-0.19438099282853352,west,gold,mobile,reliable product delivery customer feedback,0
020,3,linear_trend,21.99700463963773,94.293667400419523,35.38962584489105,32.101065451055383,0.31190533277830035,-1.3027219561297154,west,bronze,api,稳定 服务 区域 产品 反馈,0
020,4,linear_trend,22.196554173542975,96.8461505319043,16.250935490025739,25.712455562656153,-2.2976093236440454,-0.58800604313596816,west,silver,mobile,reliable product delivery customer feedback,0
020,5,linear_trend,22.366456332021414,102.75487283905001,9.3798782620653416,30.421316883813148,-0.65322613053617495,-1.6127691599984,west,bronze,web,稳定 产品 交付 用户 反馈,0
020,6,linear_trend,22.337574632376214,104.72319217218674,25.329145099916509,31.470614211447906,0.36081918120344653,-0.88041597232436575,west,silver,web,reliable product delivery customer feedback,0
020,8,linear_trend,22.973076096572811,101.93281811456156,3.5724084751921681,,0.64346100896385205,-1.7862429438679255,west,gold,mobile,reliable product delivery customer feedback,0
020,9,linear_trend,23.099893810162694,92.741334708426621,8.194573430179986,29.686483234292915,0.54599195046778981,0.28376895368393745,west,bronze,api,稳定 服务 区域 产品 反馈,0
020,10,linear_trend,,97.992287006024483,22.067819856839179,35.074804834749429,1.4955879426987,-1.7651372893051025,west,gold,mobile,稳定 服务 区域 产品 反馈,0
020,11,linear_trend,23.554243131583814,93.228046432224062,19.019619207224942,28.12478334192776,-0.40400385626351887,0.4031097906432296,west,bronze,api,reliable product delivery customer feedback,0
020,12,linear_trend,23.693820899243224,100.2069101182889,7.7748308930739718,,-1.4358718605713592,1.037826966291882,west,silver,web,reliable product delivery customer feedback,0
020,13,linear_trend,24.104395313323412,96.493088928152119,38.936771667982406,26.721712749386992,-0.83988995600555849,0.75312294454628614,west,gold,mobile,stable service regional product feedback,0
020,14,linear_trend,24.375108011768567,97.37330892767217,11.743633856361219,29.565263080547943,1.3158764910578751,1.5617353186600307,west,silver,mobile,reliable product delivery customer feedback,0
020,15,linear_trend,24.498662661243831,,34.662636795845891,32.955314940082857,-0.4567195404005906,-2.9882968606556211,west,silver,web,稳定 产品 交付 用户 反馈,0
020,16,linear_trend,23.892508879511755,98.843118583551586,18.754368753076044,30.511301300943554,0.88247066166365407,0.26571276091502088,west,gold,api,stable service regional product feedback,0
020,17,linear_trend,25.114830358892345,101.73461834925774,5.5090798814833457,28.868449800418428,0.62479390434553661,1.0943402393820536,west,silver,api,稳定 产品 交付 用户 反馈,0
020,18,linear_trend,24.89920162459681,107.10898089952411,9.9230627497733241,31.973017841586223,0.86597175024213069,-0.50311523042882556,west,gold,web,稳定 产品 交付 用户 反馈,0
020,19,linear_trend,25.024047138299309,102.04597285385286,7.245224705740827,31.709444969904556,-0.25899286576907599,-2.0342426409026073,west,silver,api,稳定 服务 区域 产品 反馈,0
020,20,linear_trend,25.217680741568987,101.85608954343252,28.001357231419018,31.395051407208211,0.40091405215375486,-0.77727566912878954,west,bronze,api,稳定 服务 区域 产品 反馈,0
020,21,linear_trend,25.876072231340302,102.87440121861856,26.361751411946756,25.850650232058268,-0.32308031163845319,1.7529655864747862,west,bronze,api,稳定 服务 区域 产品 反馈,0
020,22,linear_trend,26.125407253219112,106.28901958665509,77.384915927744814,30.261991726169548,0.71593755857264318,0.41178198724548298,west,bronze,web,stable service regional product feedback,0
020,23,linear_trend,25.730609609025173,101.53819663165318,30.735078593843905,29.501710612728935,-0.079869724081022109,-0.061864307911881078,west,gold,mobile,稳定 产品 交付 用户 反馈,0
020,24,linear_trend,26.353068271949901,95.186282415114789,27.880561325167299,,1.5256955077458079,-0.97557893820746333,west,bronze,mobile,reliable product delivery customer feedback,0
020,25,linear_trend,,101.86459827106556,21.365009900902972,,0.58546296173676549,-0.15612521708117447,west,gold,api,稳定 产品 交付 用户 反馈,0
020,26,linear_trend,26.364420600381429,,,,0.87247585021014729,-1.1278989825568537,west,gold,mobile,reliable product delivery customer feedback,0
020,27,linear_trend,27.047919595277683,95.630593236117122,36.030040395802494,26.108930749028527,-0.267537963278692,1.5684278679921355,west,gold,api,stable service regional product feedback,0
020,28,linear_trend,27.304247214260343,98.181554075411682,50.375991998208264,26.7435492332738,-1.068896487595894,0.2508830314807402,west,silver,mobile,稳定 服务 区域 产品 反馈,0
020,29,linear_trend,27.310135965017043,98.070303534361273,13.739468203724007,27.53973649607596,-0.16793127492146936,0.88480963672855373,west,bronze,mobile,stable service regional product feedback,0
020,30,linear_trend,27.157113457818756,95.44763812523621,5.2611118124244047,33.176355711067416,1.335464284739025,-0.73505360758157046,west,gold,web,稳定 服务 区域 产品 反馈,0
020,31,linear_trend,27.466428333408214,96.497278590862379,13.059822921076526,28.920868447024358,-0.66999109158119474,-0.62622092067259216,west,silver,web,稳定 产品 交付 用户 反馈,0
020,32,linear_trend,27.607457236464167,98.622763791532506,,,-1.1765319803838934,0.12744291214247605,west,silver,web,stable service regional product feedback,0
020,33,linear_trend,28.088483411773598,101.30240535558325,12.278446821385346,27.907450461453276,-1.1194304308026841,-0.63957026802994532,west,bronze,api,稳定 产品 交付 用户 反馈,0
020,34,linear_trend,28.6204984411388,,46.602810619103963,29.143501070173659,-0.18813772201203288,-0.07407645726651603,west,gold,api,stable service regional product feedback,0
020,35,linear_trend,,100.58061476178652,31.792148824950129,24.936258816756837,-0.92933611006802974,1.7405004296854298,west,silver,mobile,stable service regional product feedback,0
020,36,linear_trend,28.708849638822333,95.256119555979595,,26.156017410581487,-0.34086288179577928,1.440286126518636,west,bronze,api,稳定 服务 区域 产品 反馈,0
020,37,linear_trend,28.3042923347436,100.06024168096521,149.5279713536126,31.013956334611972,0.23992920952706057,-0.83368549947957848,west,gold,web,reliable product delivery customer feedback,0
020,38,linear_trend,29.32675502511945,99.463773465816928,2.4381795226645657,30.42593321676727,0.45059831181956211,-0.16041651142901453,west,silver,mobile,stable service regional product feedback,0
020,39,linear_trend,29.436430057980612,,27.530006406337382,27.387776428752694,-0.1058425279088194,1.0485225803771512,west,bronze,web,稳定 产品 交付 用户 反馈,0
020,40,linear_trend,29.659745293352287,103.15944251289051,,32.700837708564471,0.62526832102858321,-1.5469371852995557,west,bronze,api,稳定 产品 交付 用户 反馈,0
020,41,linear_trend,29.849521657407273,102.71537519375559,24.48105197689528,29.376563280506275,0.15989494120112624,0.00072402229128851832,west,silver,web,stable service regional product feedback,0
020,42,linear_trend,28.830327604310817,97.625448559882145,,26.866089782471953,-0.71316253837210508,0.52226556636860755,new_region,silver,mobile,稳定 服务 区域 产品 反馈,0
020,43,linear_trend,29.890528653579469,104.38664340648886,,28.948165034840425,-0.40148298883308625,-0.57169794995787016,west,bronze,api,reliable product delivery customer feedback,0
020,44,linear_trend,29.805950152802186,95.728108792999677,3.4497344431889969,25.780744777474876,-0.42197511444624142,1.8319855327978101,west,bronze,api,reliable product delivery customer feedback,0
020,45,linear_trend,30.56147200846447,98.225165644470664,15.868820779461265,30.803148555823277,-0.061511492843212806,-0.9907087086745906,new_region,gold,api,reliable product delivery customer feedback,0
020,46,linear_trend,30.832731150262841,102.04297875555446,13.354797994379386,29.956106841683354,-0.58071671715975581,-1.1166662083501249,west,silver,api,稳定 服务 区域 产品 反馈,0
020,47,linear_trend,30.522079592023484,92.781416377295358,34.583055513706853,28.664504962250454,0.46106099862103539,0.93942470002608192,west,gold,web,稳定 产品 交付 用户 反馈,0
020,48,linear_trend,30.962495714889734,101.0597473863063,15.623033781380535,30.132654562905909,-0.12970488417361664,-0.75209007876080236,west,silver,web,稳定 服务 区域 产品 反馈,0
021,1,single_spike,17.011373386731027,104.66326346781206,19.978647806149574,32.191552979831286,-0.48898359452728912,,north,gold,mobile,稳定 服务 区域 产品 反馈,0
021,3,single_spike,16.386383099671196,90.261898945625958,11.847562641130683,30.855962855666043,-0.84240547270640664,0.090826688653880258,north,bronze,web,稳定 服务 区域 产品 反馈,0
021,4,single_spike,16.101540557856097,105.98601058699107,,28.12448058443945,-1.3185770207909282,0.78636836033662261,north,bronze,api,reliable product delivery customer feedback,0
021,5,single_spike,16.511092878303611,101.45512639225201,10.843479620703569,32.262962458758359,-0.21352128579271173,-0.37815855003529886,north,silver,api,稳定 产品 交付 用户 反馈,0
021,6,single_spike,17.194507335686502,99.957926213906049,11.022636901348127,34.927690271886718,-0.14295316858712576,-2.0974352871813786,north,gold,web,稳定 服务 区域 产品 反馈,0
021,7,single_spike,16.527938950666965,,,29.609413798960755,-0.31720163819579705,1.323539105462842,north,silver,api,stable service regional product feedback,0
021,8,single_spike,16.695764156494565,102.64598870417949,91.110023129253932,30.536373433236111,-0.78387169435170134,0.093947665603927671,north,silver,mobile,稳定 服务 区域 产品 反馈,0
021,9,single_spike,16.872966863532149,,4.8007116079532546,31.881266546006806,0.99939771369796615,1.7337254532646764,north,bronze,mobile,stable service regional product feedback,0
021,10,single_spike,16.278041774407583,105.08413845830029,6.1052363962926641,33.444332047432091,0.86234249169198596,0.50634305697208148,north,silver,web,stable service regional product feedback,0
021,11,single_spike,16.093873521944509,103.79008152625643,5.9585378704461469,,-0.16940953086580515,-2.4560871914266151,north,silver,web,稳定 产品 交付 用户 反馈,0
021,12,single_spike,16.947393329429776,99.43160626371747,33.007177740546005,,0.092875677926048658,1.3013845868903258,north,gold,mobile,stable service regional product feedback,0
021,13,single_spike,16.216792262823322,97.881799910926304,10.855958278712714,33.714846510799177,0.15842459520008972,-0.77411275663564882,north,gold,api,stable service regional product feedback,0
021,14,single_spike,15.814456017698244,98.47990727171964,23.159528097555192,30.402090395098785,-0.65588124104966383,0.32455463068038548,north,bronze,web,stable service regional product feedback,0
021,15,single_spike,16.976578256390063,99.387281967772722,9.2189753147250251,34.759865725759894,0.33465289420708638,-1.4748492559658175,north,gold,web,reliable product delivery customer feedback,0
021,16,single_spike,16.950719083766749,100.2588660496224,36.751328256502497,35.907922873296968,0.68168559122054462,-1.2815392754686687,north,silver,api,stable service regional product feedback,0
021,17,single_spike,16.533852924563408,102.81501446040021,55.934919954733388,32.914596274948948,-0.29635069546503989,-0.90502325936729444,north,gold,mobile,稳定 服务 区域 产品 反馈,0
021,18,single_spike,16.008415304371688,93.042868267366472,,34.893898724360014,0.88702402235041988,-0.46118020632516304,north,gold,mobile,稳定 产品 交付 用户 反馈,0
021,19,single_spike,16.318346705107597,94.130538234764103,5.5350892860546494,38.010790305503214,1.9602093307175801,-1.1634356011520901,north,silver,api,稳定 服务 区域 产品 反馈,0
021,20,single_spike,16.010721048437148,107.0137223237986,21.961206951263875,33.30296700121216,0.57991296509000267,0.15496374168867635,north,gold,mobile,稳定 服务 区域 产品 反馈,0
021,21,single_spike,16.81464340221633,96.765638477756895,20.828067438669642,36.253147154421711,1.3195583316630075,-0.79175311138628046,north,gold,web,stable service regional product feedback,0
021,22,single_spike,16.498918078090597,102.26609993707594,2.0938429213608609,,-2.372661177425222,-1.1735470848458722,north,bronze,api,稳定 服务 区域 产品 反馈,0
021,23,single_spike,16.085276414199924,95.830869547750524,3.4741236236358954,32.55875136657545,0.72205512869341748,0.77303120948638071,north,silver,web,稳定 服务 区域 产品 反馈,0
021,24,single_spike,16.529172164479895,102.25460420802361,29.606658099502354,34.268976807749567,1.7645264100982048,,north,bronze,api,reliable product delivery customer feedback,0
021,25,single_spike,24.345453565616456,101.4259357841139,6.7715765797716134,34.896820704119619,2.1820559521000917,0.98928891579035994,north,bronze,api,稳定 产品 交付 用户 反馈,0
021,26,single_spike,16.823582533961062,98.96140262542707,19.146875120461424,32.731655381467711,-1.5449308339144259,-2.1200852640277934,north,bronze,mobile,stable service regional product feedback,0
021,27,single_spike,16.523856332059133,100.43628137390138,15.341820396915699,30.220753081972699,-0.49012467551587008,0.85047770984048909,north,gold,web,stable service regional product feedback,0
021,28,single_spike,16.984389883807381,103.14262120010223,25.901876757963723,36.198713244457778,0.43725062698828943,-2.0039564980629763,north,gold,mobile,reliable product delivery customer feedback,0
021,30,single_spike,,98.307202181088499,,32.396025408003702,0.21938889834623715,0.27176383437450413,north,silver,mobile,stable service regional product feedback,0
021,31,single_spike,15.94069555632513,99.45794292199605,,33.336384235226163,0.44034530152125417,-0.11075278179094207,north,gold,mobile,reliable product delivery customer feedback,0
021,32,single_spike,16.593015337336134,103.94953156746944,44.237148049433586,,0.086661033871792401,-0.9830452025878782,north,gold,mobile,reliable product delivery customer feedback,0
021,34,single_spike,16.463526344290685,98.375697652851684,,30.594001237004196,-0.086904829087067481,1.1783516693386795,north,bronze,mobile,稳定 产品 交付 用户 反馈,0
021,35,single_spike,,101.37923859457669,49.233400987549274,29.44815555811369,-0.58573128965750321,1.0084052496772329,north,bronze,mobile,reliable product delivery customer feedback,0
021,36,single_spike,17.056420675604134,92.01359334709521,68.004395563109327,36.64874980420182,2.0726689502943656,-0.21174525581728759,north,bronze,api,稳定 产品 交付 用户 反馈 量子 推荐 hyperpersonalised,0
021,37,single_spike,16.228371593867159,99.508019795417084,4.286516663395691,31.976596028887169,0.75110825047025198,0.88833162402533594,north,gold,web,稳定 产品 交付 用户 反馈,0
021,38,single_spike,16.560057433089259,104.48134661135745,111.98552894356334,36.973514135196694,0.99770400309426122,-1.8230167537750075,north,gold,api,reliable product delivery customer feedback,0
021,39,single_spike,16.507805628448249,99.840770042521271,44.28198334201425,33.025463955730658,0.69752293604157134,0.45604678158934309,north,gold,mobile,reliable product delivery customer feedback,0
021,40,single_spike,16.936061218835732,98.660268527521595,2.4600262931493657,26.646872634387435,-1.2814552096824583,2.1076735949593091,north,bronze,api,稳定 产品 交付 用户 反馈,0
021,41,single_spike,16.785323798264923,102.26929500491146,34.962304693113303,29.808587110097097,-1.1944838882258955,-0.087333793813814911,north,silver,mobile,稳定 产品 交付 用户 反馈,0
021,42,single_spike,16.751635136536422,98.537372541658314,100.90864464297137,29.764492642623445,0.45954243295898445,2.0514102799931004,north,gold,web,stable service regional product feedback,0
021,43,single_spike,16.449341929536384,95.533912780358946,4.3259038060772106,32.999958670130397,-0.18083465822746481,-0.69808178858699388,north,bronze,mobile,稳定 产品 交付 用户 反馈,0
021,44,single_spike,16.579283958977815,98.688361663454927,,34.256302009855304,0.43937314155982832,-0.69697478240594657,north,silver,mobile,稳定 产品 交付 用户 反馈,0
021,45,single_spike,16.609509410655164,92.189604598324351,,29.849793236913872,-0.24873712740107268,1.4214678389558599,north,gold,mobile,稳定 产品 交付 用户 反馈,0
021,47,single_spike,17.04634823589679,98.569985693992564,22.687446864728674,36.629842166615646,1.4940014776507315,-1.0056148395445985,north,silver,web,stable service regional product feedback,0
021,48,single_spike,16.859366280536374,96.744013212769502,,32.198886262782302,-0.42793798206413863,-0.4559811248334964,north,bronze,web,稳定 服务 区域 产品 反馈,0
022,1,single_spike,18.339512030973335,101.74243904341816,11.918870492729617,26.525350807356208,-2.0795172311610837,-0.17669504558779345,east,bronze,mobile,稳定 产品 交付 用户 反馈,0
022,3,single_spike,18.48645022881702,116.15383155801582,8.2740438368032585,34.668773962435978,1.5822768532851514,-0.72025869455116032,east,bronze,api,reliable product delivery customer feedback,0
022,4,single_spike,17.92421120289718,106.89873170144769,31.244031625812276,29.223315005156937,0.095542385214115594,0.87618516499451793,east,bronze,mobile,reliable product delivery customer feedback,0
022,5,single_spike,19.055614224696541,,3.6541297454644779,26.553571484529726,-2.1481169732415468,-0.1860332338342868,east,silver,mobile,stable service regional product feedback,0
022,6,single_spike,18.235420072909296,108.16378827191957,3.5727102877728103,,-0.63765453284905693,-0.33722603656546962,east,bronze,api,稳定 服务 区域 产品 反馈,0
022,7,single_spike,18.415251307277181,101.28969769237878,6.3313597621010933,32.273361638841642,0.92977197789976262,-0.0582470013681484,east,silver,web,稳定 服务 区域 产品 反馈,0
022,8,single_spike,18.076117928202461,103.82453053584658,37.075016439968479,33.563624720719453,1.1179917053078579,-0.686064548037842,east,gold,api,reliable product delivery customer feedback,0
022,9,single_spike,18.376091256926887,108.54611387936109,,26.669310954918675,-0.63231559582289976,1.5659159507347993,east,bronze,mobile,stable service regional product feedback,0
022,10,single_spike,18.443209429045961,108.91316385021729,23.486772092197189,33.240762966577677,0.61088525469422983,-0.92398655166530475,east,silver,mobile,稳定 产品 交付 用户 反馈,0
022,11,single_spike,18.539566147392311,103.01936793273327,,27.782673404362022,-1.0547272326412054,0.31305612592248938,east,bronze,web,reliable product delivery customer feedback,0
022,12,single_spike,18.048451503928195,105.67837172074218,,33.182359981171828,1.2379318812532534,-0.10856222680247796,east,silver,api,稳定 产品 交付 用户 反馈,0
022,13,single_spike,18.473061925656193,110.79169251456936,34.277636995860504,35.013469253653646,,0.0035433493450258259,east,silver,web,稳定 服务 区域 产品 反馈,0
022,14,single_spike,,105.59872042405306,2.8747221236834815,28.47199023279153,-0.48620757075524573,0.85080269881405557,east,gold,web,stable service regional product feedback,0
022,15,single_spike,18.466022402693202,102.95542727552862,26.050655090641659,30.565356122652016,-0.85232018827562428,-1.3344498326276379,east,gold,web,稳定 服务 区域 产品 反馈,0
022,16,single_spike,18.40652654372672,104.19240059333013,26.287244201458627,29.528200462285675,-0.10656812819025754,0.3239502030458663,east,bronze,api,reliable product delivery customer feedback,0
022,17,single_spike,18.797402918698566,105.13602409793053,31.180109336665318,,-0.87224183843476621,1.2253358863694346,east,bronze,mobile,稳定 产品 交付 用户 反馈,0
022,18,single_spike,18.913267923977177,112.25224633502421,106.00219072573395,29.645584865285457,-0.81167355851160794,-0.37459956129230843,east,silver,api,稳定 产品 交付 用户 反馈,0
022,19,single_spike,18.718070183620934,102.83125902149871,6.5320130396143687,27.497243399536895,-1.1154265971168016,0.52408184624338827,east,bronze,api,stable service regional product feedback,0
022,21,single_spike,18.207066049123295,105.39520253872186,12.507436189348121,,0.94406944444881813,0.11877890257849605,east,bronze,web,稳定 服务 区域 产品 反馈,0
022,22,single_spike,18.22897560864504,107.51947526770506,7.6804957270166447,32.383032056742032,0.20157693586519043,-1.3191827214737208,east,silver,web,稳定 产品 交付 用户 反馈,0
022,23,single_spike,18.00224094387417,105.06273675468053,,29.278442127230289,-0.053541464707187153,0.35489291938017953,east,silver,api,稳定 产品 交付 用户 反馈,0
022,24,single_spike,18.17312478924892,109.06229408497599,17.241405051440012,32.964375651308288,1.0108674615677535,-0.52364978519920036,east,silver,api,stable service regional product feedback,0
022,25,single_spike,26.131863055935227,107.27651530921611,12.373534933412328,28.5571504785302,-1.0149273358814992,-0.24388204346560133,east,gold,mobile,稳定 产品 交付 用户 反馈,0
022,26,single_spike,18.553545330070076,114.22918210482283,17.066874129128333,,1.2616591401860784,-0.53277862122437003,east,silver,mobile,稳定 产品 交付 用户 反馈,0
022,27,single_spike,18.475765913082043,112.16898904842962,6.8050235243277548,31.219406359697004,-1.7392948482282822,-2.8121391711058075,east,bronze,api,stable service regional product feedback,0
022,28,single_spike,18.058460395321529,,35.105995702848872,32.356229936510907,0.33239393877245127,-1.0873125672332922,east,gold,mobile,reliable product delivery customer feedback,0
022,29,single_spike,18.117602830423344,114.58692273515619,34.155032253486979,28.102663407819215,-1.7684328134065552,-0.99679030958489201,east,silver,web,reliable product delivery customer feedback,0
022,30,single_spike,,105.4401694102953,20.678115282792955,31.365480063855451,0.60449868646105798,-0.046031013676536815,east,silver,mobile,稳定 服务 区域 产品 反馈,0
022,31,single_spike,18.643172399812993,107.57097786002852,,29.842604945760566,-1.1407432531930262,-1.0961929253378151,east,gold,mobile,稳定 产品 交付 用户 反馈,0
022,32,single_spike,,,61.339073574161397,34.77550155003533,2.4121982028890159,0.35771705354516237,east,bronze,api,stable service regional product feedback,0
022,33,single_spike,18.40340457180897,106.3082154940618,18.570087515820816,30.180432506700988,0.074971051498040994,0.44824136700749401,east,gold,mobile,stable service regional product feedback,0
022,34,single_spike,,109.62298900520585,14.893310820042728,32.491525515658516,0.55427426047116624,-0.67870742681415763,east,gold,mobile,reliable product delivery customer feedback,0
022,35,single_spike,18.851769649649924,104.94890994265312,8.8450103036572401,28.271301550342024,-0.1722682836185766,1.3281973235401383,east,bronze,api,reliable product delivery customer feedback,0
022,36,single_spike,18.543768557810306,111.84485892205576,35.073625881752712,27.137521881940838,-1.3528676293606472,0.25813852001427756,east,bronze,web,稳定 服务 区域 产品 反馈,0
022,37,single_spike,17.619912829818212,113.67330605910298,6.815589008322017,27.932471239372656,-1.6163212438147869,-0.39227170047009252,east,bronze,web,稳定 产品 交付 用户 反馈,0
022,38,single_spike,17.881455701925599,100.56001492832816,89.326366027299031,30.056806219822114,-0.65624495175151532,-0.67260593494671483,east,bronze,web,reliable product delivery customer feedback,0
022,39,single_spike,18.006144820786382,103.47522884401941,38.955826906022025,28.425599119651867,-1.6344203237527746,-0.87815839118760097,east,silver,mobile,reliable product delivery customer feedback,0
022,40,single_spike,17.613600793000202,109.76724678381719,,,-0.69301150380878762,0.43410141775123318,east,gold,web,稳定 服务 区域 产品 反馈 量子 推荐 hyperpersonalised,0
022,41,single_spike,18.036190864009374,103.09596712410556,5.1735106427863977,30.685788962527834,0.029642499671771891,-0.12100249734143771,east,bronze,web,稳定 产品 交付 用户 反馈 量子 推荐 hyperpersonalised,0
022,42,single_spike,18.155948151502635,108.35596383874653,,34.167350228652865,1.1351729707336742,-0.95657110834708114,east,bronze,api,稳定 服务 区域 产品 反馈,0
022,43,single_spike,18.292754967293252,114.98714112871833,106.7634963017729,34.535032088858195,1.7715308541520507,-0.56312546940731489,new_region,gold,web,稳定 产品 交付 用户 反馈,0
022,44,single_spike,18.82327374475479,108.22692516188792,,31.556363165827854,1.595554558984855,1.3735145097838974,east,silver,web,reliable product delivery customer feedback,0
022,45,single_spike,17.802452716674694,109.3913439652496,23.598538939164396,,0.2468987770935665,-0.34820299027014068,east,silver,web,稳定 产品 交付 用户 反馈,0
022,46,single_spike,18.478805080545563,114.02365475096134,4.9751495314475136,33.100121277752976,0.39861414548600149,-1.2340742595880858,east,silver,mobile,稳定 产品 交付 用户 反馈,0
022,47,single_spike,18.222804989629697,113.75968233038907,208.71271035993615,32.155558065169146,0.18044896934903218,-0.77782979357927584,east,silver,web,稳定 服务 区域 产品 反馈,0
022,48,single_spike,18.616959439212515,109.6428096724044,34.144584555393102,31.502191360444485,1.381427062004366,1.1864585001605159,east,silver,api,stable service regional product feedback,0
023,1,single_spike,18.202788199317109,,24.341065775503793,25.604736843830306,-1.7206733152921168,0.27322010953129294,south,silver,web,稳定 产品 交付 用户 反馈,0
023,2,single_spike,18.256033669692506,101.24112213158156,7.0526951395810018,,0.96665393994369175,-1.135824967861409,south,gold,web,稳定 产品 交付 用户 反馈,0
023,3,single_spike,17.398491293237122,108.26556830131987,37.367861190602824,35.130442157945396,1.5812223272434323,-1.4816601334533874,south,silver,web,稳定 产品 交付 用户 反馈,0
023,4,single_spike,17.307492738748632,107.22766866527166,50.667317417788162,32.649119929532041,1.390130743286061,-0.43332806727105649,south,silver,api,reliable product delivery customer feedback,0
023,5,single_spike,18.231316688297238,109.31403973977692,9.7007120814717034,29.11067782690764,-0.17189964278949632,-0.15464213273053795,south,bronze,mobile,稳定 服务 区域 产品 反馈,0
023,6,single_spike,17.29746125189784,111.38846860220933,23.015697206766255,30.8476516525911,0.31501966869780051,-0.51103333939388207,south,silver,api,稳定 产品 交付 用户 反馈,0
023,7,single_spike,17.999839266396663,105.61416324810818,25.854799943332409,31.900738330565559,-0.18523266928583262,-1.773869226663336,south,silver,api,稳定 产品 交付 用户 反馈,0
023,8,single_spike,18.318927792680764,,10.636129891562419,,1.6961973434412674,-1.2535407429553367,south,silver,web,稳定 产品 交付 用户 反馈,0
023,9,single_spike,17.234236010003055,98.502347848907519,29.786915121096893,26.251096306338262,-0.78369795280226573,0.89439578496428473,south,bronze,api,reliable product delivery customer feedback,0
023,10,single_spike,17.989595885053511,102.79333437850828,17.069650391339188,32.741727725475563,1.2712948742078787,-0.54187757969324069,south,gold,web,stable service regional product feedback,0
023,11,single_spike,17.665358285787779,105.79492879680096,,30.695667359364784,0.38243676444675018,-0.1491317222372138,south,silver,web,stable service regional product feedback,0
023,12,single_spike,17.248049186620573,106.61951738679994,24.884374910181009,31.214149285967203,-1.0795673375407644,-2.8457228211665337,south,bronze,mobile,稳定 产品 交付 用户 反馈,0
023,13,single_spike,17.44363202417389,102.71367254480184,19.636933207125018,26.660836856715505,-0.081605265468496127,1.5689654761341649,south,gold,web,reliable product delivery customer feedback,0
023,14,single_spike,,101.29789222567959,29.532331523499462,32.777167920912881,1.5752328044013868,-0.15475741236619309,south,bronze,web,stable service regional product feedback,0
023,15,single_spike,18.248091529637968,105.62294585277411,14.380098078222545,32.011439445947914,0.44904740482737143,-1.3895299833999069,south,gold,mobile,reliable product delivery customer feedback,0
023,16,single_spike,18.168862542281552,107.81337790093934,,24.59148427430625,-2.0726925974582002,0.39769224064329045,south,bronze,web,稳定 服务 区域 产品 反馈,0
023,17,single_spike,17.714769792851911,104.29948281849097,34.534540457923143,32.539126865913858,0.60290244352432354,-1.4023564187677611,south,silver,api,稳定 产品 交付 用户 反馈,0
023,18,single_spike,17.959205700674289,107.36920150822461,15.345761617172128,,0.52997938941607547,1.5416475790133526,south,silver,web,reliable product delivery customer feedback,0
023,19,single_spike,18.094516704105125,106.55288724814895,12.912975947406059,,0.62428231105935539,-0.21293300196571999,south,bronze,mobile,reliable product delivery customer feedback,0
023,20,single_spike,,108.89318408785894,45.12877338512321,,-0.050684612507545537,-1.3962332949740481,south,gold,api,stable service regional product feedback,0
023,21,single_spike,17.053906535764032,,11.924147479442485,33.375489335897612,1.3038379626702836,-1.1543348772406712,south,bronze,web,stable service regional product feedback,0
023,22,single_spike,18.02646117303571,103.4282271614375,4.5899951699448964,30.503262500934991,-0.10847318640545252,-1.1243748807228018,south,silver,api,稳定 产品 交付 用户 反馈,0
023,23,single_spike,17.913241610055604,104.2126838791114,47.498934172764379,29.838533017961034,0.4466959543390398,0.12966283093931852,south,bronze,mobile,reliable product delivery customer feedback,0
023,24,single_spike,,104.58238786104748,66.221068677130759,24.490623184537199,-1.6475716863077834,0.75045510687495076,south,bronze,web,reliable product delivery customer feedback,0
023,25,single_spike,26.147393192376413,103.64120111910262,35.699990643138669,25.773852571197249,-0.22540198251942983,1.9258050407361116,south,silver,web,reliable product delivery customer feedback,0
023,26,single_spike,16.964132877082267,102.0859382129825,14.831064856917529,28.021019552053232,-1.1478533314303894,-0.77863078565481669,south,silver,mobile,reliable product delivery customer feedback,0
023,27,single_spike,17.833602867040891,111.87394737783048,27.152033283288187,29.52974183317842,0.16484364666202778,-0.24858338401553515,south,silver,web,stable service regional product feedback,0
023,28,single_spike,17.79141416967699,100.93419046013958,9.2144429673944597,33.951768237138396,2.5109503695341013,0.31902331502900899,south,silver,web,稳定 服务 区域 产品 反馈,0
023,29,single_spike,17.662511474407449,105.32328441575963,9.0561738351565992,29.998674925192695,0.77364908373956531,0.39991160915334845,south,gold,api,稳定 服务 区域 产品 反馈,0
023,30,single_spike,17.455455743981723,108.71242095812718,7.1693463435693427,29.786568348377273,0.95791945531344769,0.87544490579625445,south,silver,mobile,稳定 服务 区域 产品 反馈,0
023,31,single_spike,17.299278213568467,113.11383602302246,30.490256625405603,27.876195327603391,-2.2990491196222096,-2.0133398426800828,south,bronze,api,稳定 产品 交付 用户 反馈,0
023,32,single_spike,17.467495303314486,102.29230555605749,50.514534865423414,28.065566597362096,0.051588280325762903,1.1036261905981637,south,bronze,mobile,稳定 服务 区域 产品 反馈,0
023,33,single_spike,17.935492236677266,109.21371750119262,23.823649332139134,27.828917876476972,0.1467231332020594,1.1117376958739884,south,bronze,web,reliable product delivery customer feedback,0
023,34,single_spike,17.450624123834988,105.27043238605107,59.361335997265655,27.377235862420036,-0.30209449586741433,0.81673540666907074,south,gold,api,稳定 服务 区域 产品 反馈,0
023,35,single_spike,,106.47742312658995,32.464334712041783,26.97146542804046,,2.0667501342027941,south,gold,web,reliable product delivery customer feedback 量子 推荐 hyperpersonalised,0
023,36,single_spike,18.160948986991631,102.16268851837991,6.0261611848974619,28.841065499343017,0.14139955340367846,0.46614208608912766,south,bronze,api,reliable product delivery customer feedback,0
023,37,single_spike,17.687924273693447,105.44746911105648,25.674108874837774,32.694433952929344,0.48763078360061568,-1.7190249238959718,new_region,silver,web,reliable product delivery customer feedback,0
023,38,single_spike,17.71375095516332,101.72246284955581,36.093846448024031,,0.3119297667809629,-0.70954110175043283,south,gold,api,稳定 产品 交付 用户 反馈,0
023,39,single_spike,17.324363873262662,103.47822424137814,,29.143184953116592,0.15282450202250678,0.18168388417126696,new_region,silver,mobile,稳定 服务 区域 产品 反馈,0
023,40,single_spike,17.526054802746376,98.151047894027812,18.350800154884222,27.852006466931368,0.4163871675522236,1.5156908350296439,south,bronze,mobile,稳定 服务 区域 产品 反馈,0
023,41,single_spike,18.229744274910018,104.0723279722104,28.073747366852601,29.577763041130215,-0.43019244788506533,-0.49784302644620509,south,bronze,api,稳定 服务 区域 产品 反馈,0
023,42,single_spike,17.77470528754889,101.66330716805273,55.667793861376659,29.485239422406135,0.10740406335666546,0.021941260136589341,south,bronze,web,stable service regional product feedback,0
023,43,single_spike,17.878516018194301,111.38081066246822,48.919962043349656,,0.49863097944878931,-1.7611704755409092,south,gold,api,稳定 服务 区域 产品 反馈,0
023,44,single_spike,17.534816992960039,98.579788564891331,85.270894947173758,35.450084748647321,1.3190070702497831,-2.2492473309263454,south,gold,web,reliable product delivery customer feedback,0
023,45,single_spike,17.322262833386329,100.05560366670638,5.4779182365452623,28.940534371907884,0.20201410717296922,0.52436656521155367,south,silver,api,reliable product delivery customer feedback,0
023,46,single_spike,,106.09358148839459,9.4980258469341781,29.705242567331815,0.065122962465913328,-0.46262363857169919,new_region,gold,mobile,stable service regional product feedback,0
023,47,single_spike,17.650962656416219,96.229117483262144,40.405965310138768,30.619743870507996,-0.47449432257874585,-1.4828248784276743,south,silver,api,稳定 服务 区域 产品 反馈,0
023,48,single_spike,16.917853842476553,,1.8204141617071394,26.782356573722588,0.33752054205388932,2.269526895689133,south,silver,web,稳定 产品 交付 用户 反馈,0
024,1,single_spike,18.467920482136662,88.916448759804169,8.037865655128078,29.988668453853933,-0.49643429605524908,-0.73522165039025367,west,gold,api,reliable product delivery customer feedback,0
024,2,single_spike,18.879342891005486,100.10954476399444,12.429155090032539,28.948874206373276,-0.82874449597892641,-0.51514695022060419,west,bronze,mobile,稳定 产品 交付 用户 反馈,0
024,3,single_spike,18.799010885384202,90.491208139745893,25.575252896433252,,0.9380885841977441,1.1440676672415475,west,bronze,mobile,稳定 服务 区域 产品 反馈,0
024,4,single_spike,18.821315920911825,81.483939678839363,19.058793968561343,30.856610888848142,0.21770017456674157,-0.46824737570254948,west,gold,web,stable service regional product feedback,0
024,5,single_spike,18.277352282540395,,122.7208768796667,33.984289038822432,1.6747686576614222,-0.68789157038504178,west,gold,web,稳定 产品 交付 用户 反馈,0
024,6,single_spike,18.205559520736077,88.506682304258916,29.156508060567898,30.031556137882177,-0.46806651820800588,-0.77982138140158752,west,gold,api,稳定 产品 交付 用户 反馈,0
024,7,single_spike,18.621717610228565,91.452147097490894,20.329660091651693,,-1.5606414766259951,0.79897537802612884,west,gold,api,稳定 服务 区域 产品 反馈,0
024,8,single_spike,18.529192756602871,96.406681818918656,14.334925976227165,27.204601858821359,-0.85996372325974257,,west,silver,web,reliable product delivery customer feedback,0
024,9,single_spike,18.732743032281061,84.464046722747867,,29.652733392186889,0.54062060625662012,0.73302174343167947,west,gold,mobile,稳定 产品 交付 用户 反馈,0
024,10,single_spike,18.559046230344372,92.580905183043441,23.168595627045704,26.280557092072371,-1.6597420186364671,0.15734159354448377,west,gold,web,稳定 产品 交付 用户 反馈,0
024,11,single_spike,18.200709767176551,,8.2284036286389508,,0.56764584754325276,-0.19539770325974426,west,gold,mobile,稳定 服务 区域 产品 反馈,0
024,12,single_spike,18.263030952317216,88.653223481510409,6.6964735072687036,27.505034884994629,0.19332989496993067,1.8330680091430369,west,bronze,web,稳定 产品 交付 用户 反馈,0
024,13,single_spike,18.275365635975881,87.499270250300725,20.348139727108087,31.02007096343166,0.27253109167826817,-0.55155960560039941,west,bronze,mobile,稳定 产品 交付 用户 反馈,0
024,14,single_spike,19.085329292907854,85.083619385004582,16.303136147950561,32.548848459356364,0.74396541873121513,-0.90098780081547081,west,bronze,mobile,稳定 服务 区域 产品 反馈,0
024,15,single_spike,,91.454231014218081,76.901745852744938,,1.1665591132488649,1.6917194577671084,west,silver,web,稳定 产品 交付 用户 反馈,0
024,16,single_spike,19.624093260764987,97.318346868909344,43.015882844210068,29.153022418315711,-1.3004056048076322,-1.2494160530183975,west,bronze,mobile,stable service regional product feedback,0
024,17,single_spike,18.634463938311463,94.036853988330492,19.406149628786334,29.215058879100571,0.062160542095541386,0.42289606093785775,west,gold,web,稳定 产品 交付 用户 反馈,0
024,18,single_spike,18.81384333645153,,132.9492552342829,25.013068039662151,-1.0239402811826981,1.7922011031809499,west,bronze,mobile,稳定 产品 交付 用户 反馈,0
024,19,single_spike,17.901136426893135,97.328182092544054,15.785591749154184,28.661669787546394,-0.83093782310553532,-0.34076111502245193,west,gold,mobile,稳定 产品 交付 用户 反馈,0
024,20,single_spike,18.528302784337733,86.616703986728879,,25.101857594976583,-1.6835504122612421,0.89790250655450055,west,bronze,api,稳定 服务 区域 产品 反馈,0
024,21,single_spike,18.583442648597533,,55.934015406954465,33.107556900694711,0.39562589899600092,-1.5389077571459775,west,gold,api,reliable product delivery customer feedback,0
024,22,single_spike,18.788995585488468,91.833891926695344,15.417326789580839,33.743791441123442,1.7540930200639067,-0.247880621965613,west,gold,api,stable service regional product feedback,0
024,23,single_spike,19.10247555165747,82.828607066138204,23.564426700019546,31.226707094151585,0.44239076244118097,-0.4333380321557796,west,silver,web,stable service regional product feedback,0
024,24,single_spike,18.567268117327338,91.707022684732038,9.3683651617766728,28.884489353192244,-1.1479327157708887,-0.71033393143504941,west,bronze,mobile,reliable product delivery customer feedback,0
024,25,single_spike,,90.838596785478828,40.354135969832711,,-0.68353414357685849,-0.32164414256568713,west,bronze,mobile,稳定 服务 区域 产品 反馈,0
024,26,single_spike,18.468058801533925,92.027271458115635,6.0115754664871686,27.094673927837931,-0.33077638432212109,1.477514506253744,west,silver,mobile,稳定 服务 区域 产品 反馈,0
024,27,single_spike,18.116742365880331,88.96783106726258,7.873308240939747,29.101443404506277,-1.5114877286765303,-1.4864662900322965,west,bronze,mobile,稳定 服务 区域 产品 反馈,0
024,28,single_spike,19.28929900640631,92.552355028482907,67.535327694775944,,0.42748863583028868,-0.53872200114251323,west,gold,api,reliable product delivery customer feedback,0
024,29,single_spike,,87.871600237953004,5.6231397221869548,30.780681238868354,-0.080459059616080866,-0.74250275872855365,west,bronze,api,稳定 服务 区域 产品 反馈,0
024,30,single_spike,17.936608287915583,83.389490874099607,32.350202788193229,29.798866246390617,-0.34071517608782637,-0.49853915198960747,west,gold,web,稳定 服务 区域 产品 反馈,0
024,31,single_spike,18.724047868202771,91.100132898936977,38.527630335542149,28.022122141205745,0.090604738019573319,0.95697514301964048,west,bronze,mobile,稳定 产品 交付 用户 反馈,0
024,32,single_spike,18.664053520594891,90.58991063848103,20.589360176133123,28.352417639536554,-0.23445349979462751,0.70063063934718894,west,gold,web,reliable product delivery customer feedback,0
024,33,single_spike,18.302059983099685,87.765361045015837,7.1432265628703115,27.949892503960285,-0.29469818100659279,0.85236364107151863,west,silver,mobile,stable service regional product feedback,0
024,34,single_spike,18.722619941198612,80.372046196766377,20.678406762600851,32.501226484396796,0.47658825902180246,-0.94695596853563824,west,bronze,mobile,reliable product delivery customer feedback,0
024,35,single_spike,18.885142542206395,88.925452799923875,43.00039592432622,26.769337308335977,-0.3033743254633729,1.5428504920597006,west,bronze,mobile,reliable product delivery customer feedback,0
024,36,single_spike,18.685598250864434,,4.1248082617304478,30.752705151728744,0.55210300773922327,0.19723892023032508,west,silver,mobile,稳定 服务 区域 产品 反馈 量子 推荐 hyperpersonalised,0
024,37,single_spike,18.260235018207119,92.048646905647274,,30.382653774616244,-0.70583920449611526,-1.2749618093992827,west,bronze,mobile,reliable product delivery customer feedback,0
024,38,single_spike,18.596725004265505,85.946486591332842,25.324705395691115,24.836912815245832,-2.4771371520065903,0.093989821382219216,west,bronze,api,stable service regional product feedback 量子 推荐 hyperpersonalised,0
024,39,single_spike,18.409693241059259,96.435254506106972,,30.061731315023426,-0.96614237197551378,-1.5082350561413194,west,gold,mobile,stable service regional product feedback,0
024,40,single_spike,18.639607885375916,88.805809756950637,11.327833173285621,29.347718335661067,0.54156565087091701,1.0472669763039268,new_region,bronze,web,稳定 产品 交付 用户 反馈,0
024,41,single_spike,18.86673081205414,92.361100734537274,14.342514977820747,28.02730148037411,-1.1997186487066196,-0.36635565155684613,west,silver,web,stable service regional product feedback,0
024,42,single_spike,18.296113233730399,89.797385670922409,16.317521472773326,29.788606867595508,,1.4537104210993586,new_region,silver,web,reliable product delivery customer feedback,0
024,43,single_spike,19.104598798122371,87.642744763601613,17.060345024318924,29.522013519358712,-1.1064640891842317,-1.154357997114164,west,bronze,web,reliable product delivery customer feedback,0
024,44,single_spike,18.440003627514258,92.132835849346108,54.910158383602564,31.433038834047178,0.19751200535903882,-0.85090546652607824,west,bronze,api,稳定 服务 区域 产品 反馈,0
024,45,single_spike,19.055585934826414,94.020457084621128,2.5251564863248048,33.01945037773671,1.462660678670034,-0.2611196208704335,west,bronze,web,稳定 产品 交付 用户 反馈 量子 推荐 hyperpersonalised,0
024,46,single_spike,18.973982653017391,91.368697281902413,17.804119090928182,29.6216381729554,-0.2487995124257143,-0.53628144469131966,west,bronze,web,reliable product delivery customer feedback,0
024,47,single_spike,19.806439907982771,91.367170265790151,,32.917743345998673,2.2258523170302316,0.92594180906800427,new_region,gold,api,稳定 服务 区域 产品 反馈,0
024,48,single_spike,18.372824279852544,87.643383450704732,13.431479370715831,31.253547768948071,0.41424758442547527,-0.53393699254367089,west,bronze,mobile,稳定 服务 区域 产品 反馈,0
025,1,seasonal,19.729654785949648,96.540656008327346,19.586094724026605,30.970415234818944,0.74133220848643255,-0.41176173889890344,north,gold,api,稳定 产品 交付 用户 反馈,0
025,2,seasonal,20.713377233950911,97.217379661402973,29.121829492054363,28.46562096644665,-0.81743097384397023,-1.0285775383242599,north,gold,mobile,stable service regional product feedback,0
025,3,seasonal,20.987952591048057,100.44447053355047,13.869067104200793,25.810891745338768,-0.92305444620946675,0.69485977902152118,north,gold,web,stable service regional product feedback,0
025,4,seasonal,18.484863556934549,93.480193354661907,,29.132331306768549,0.85770511090197177,0.78087282664403823,north,gold,api,reliable product delivery customer feedback,0
025,5,seasonal,16.797081058032632,96.812966704960473,20.460431807066666,26.900517060056004,-0.82934084616674753,0.19267281212325871,north,bronze,web,稳定 产品 交付 用户 反馈,0
025,6,seasonal,15.014607792033519,93.214717686754511,32.585532388754046,28.682575754900867,0.15395230938229698,0.2748163364252989,north,silver,web,stable service regional product feedback,0
025,7,seasonal,15.112400256898155,93.255340012180383,9.5804200332376688,34.383172002227901,2.6468848377485714,-0.23821848543502372,north,gold,mobile,稳定 产品 交付 用户 反馈,0
025,8,seasonal,18.806506189205759,96.016818136555045,24.78882939402645,28.877034387944505,-0.076464898850380519,-0.027134182673154573,north,gold,web,稳定 产品 交付 用户 反馈,0
025,9,seasonal,19.713272074365623,104.48297021227117,35.684745116159384,27.066233428935128,-0.50062417858818031,0.49334195658751956,north,gold,mobile,稳定 服务 区域 产品 反馈,0
025,10,seasonal,21.559298593352633,94.518092145274196,346.76432937015261,26.564762254872669,-0.61736683557231664,0.45649181632329505,north,silver,web,reliable product delivery customer feedback,0
025,11,seasonal,20.558793782407665,,,,1.3737646787111106,-0.95801045659063155,north,gold,web,稳定 服务 区域 产品 反馈,0
025,12,seasonal,18.715819969653282,90.591849610660844,25.918263152671582,27.690918905822272,0.18904081709375017,1.1449563457721799,north,gold,mobile,稳定 产品 交付 用户 反馈,0
025,13,seasonal,16.408444610034962,101.24460635512915,,22.156472781689807,-2.3542144216958225,1.4663988564000698,north,bronze,mobile,稳定 服务 区域 产品 反馈,0
025,14,seasonal,,101.40909956563625,24.373441684131386,25.189192063782457,-0.90378949413661347,1.0617183193246831,north,gold,api,reliable product delivery customer feedback,0
025,15,seasonal,16.506137005221788,96.785152898947544,29.050538085676738,30.600059043230832,1.209138645342537,0.37422958941256174,north,gold,mobile,reliable product delivery customer feedback,0
025,16,seasonal,18.306701786401785,92.545186331348447,30.609007581790504,23.534462977634075,-1.7811895026028808,1.2098737142474529,north,gold,mobile,reliable product delivery customer feedback,0
025,17,seasonal,20.789769399949698,88.13175832169037,4.0623931190923335,27.791971118889315,-0.53667482309137227,-0.14633707669961535,north,gold,web,稳定 服务 区域 产品 反馈,0
025,18,seasonal,21.689551908843676,,20.174861870077802,26.623493136598828,0.50802663208986298,1.8504544023932419,north,bronze,api,stable service regional product feedback,0
025,19,seasonal,20.879928806053464,97.189195167749872,10.628751325989061,27.173692222283726,-0.77123880185338067,0.17927038833255884,north,gold,mobile,stable service regional product feedback,0
025,20,seasonal,18.274599880081887,87.642313015915448,33.436733498251023,,-0.55978782511244063,1.1564473611732935,north,gold,mobile,稳定 服务 区域 产品 反馈,0
025,21,seasonal,15.829183727582745,89.507710256503529,21.831835985533889,24.368797478394686,-1.6917440530723904,0.82000236245453695,north,silver,api,reliable product delivery customer feedback,0
025,22,seasonal,15.073390708255962,97.021491965257042,32.165236298131646,27.391584132343205,0.23992341453461713,1.0915594963945308,north,bronze,api,stable service regional product feedback,0
025,23,seasonal,16.855886033958132,,24.558215834987411,28.121337378970175,0.97162552380305955,1.6387507492267583,north,silver,api,stable service regional product feedback,0
025,24,seasonal,18.52632860482219,95.760110411814395,,29.375207607465772,-0.85504071890696287,-1.572619152453675,north,bronze,mobile,reliable product delivery customer feedback,0
025,25,seasonal,20.559131824147009,93.932062497824035,10.747995598635674,,0.44316907871320055,0.25767677789053212,north,gold,api,稳定 服务 区域 产品 反馈,0
025,26,seasonal,21.427329479320239,,4.8360938378453806,28.771866525592653,0.81031808950194806,1.0265112561261922,north,bronze,mobile,稳定 产品 交付 用户 反馈,0
025,27,seasonal,19.699129673275024,,70.175529249427072,29.558347080430263,0.31137103235315328,-0.17044822403579044,north,silver,web,stable service regional product feedback,0
025,28,seasonal,19.123059505281546,95.301648138774297,9.3128985299600942,31.41505801498139,0.16303846353433499,-1.6447717569609897,north,silver,api,reliable product delivery customer feedback,0
025,29,seasonal,16.054649840230777,95.350372806869132,21.89608517517609,25.832518425303348,-0.75218425930257848,1.0866512816061156,north,silver,api,reliable product delivery customer feedback,0
025,30,seasonal,15.329394835664841,91.099238703400445,24.011659377982561,31.651736533145169,0.76318668385072763,-0.83915510969884921,north,bronze,mobile,reliable product delivery customer feedback,0
025,31,seasonal,16.109599090246455,89.551985808732681,16.950360495083334,28.309251013539303,1.4337431530589679,2.0160785940636798,north,silver,api,stable service regional product feedback,0
025,32,seasonal,18.509801598006153,98.452560162392331,17.298344003855131,31.014756624747825,0.20983781289898709,-1.101513303303491,north,silver,mobile,stable service regional product feedback,0
025,33,seasonal,19.704826390515471,94.319636295174234,,25.756777116582512,-1.3633824877048941,0.31785819896654777,north,silver,mobile,稳定 服务 区域 产品 反馈,0
025,34,seasonal,21.194834229720495,101.03377524236495,5.1089906934806164,29.738904915079583,0.86564067751259743,0.38248846350462057,north,gold,web,稳定 服务 区域 产品 反馈,0
025,35,seasonal,20.987720373208482,88.647638234109195,13.17237061564273,28.707758088144718,-0.57981556014521241,-0.93917951130548183,new_region,bronze,api,stable service regional product feedback,0
025,36,seasonal,17.900079106857095,94.395589188335265,18.90790199257907,27.549761487351724,0.31353260455462634,1.346695204734212,north,gold,web,stable service regional product feedback,0
025,37,seasonal,16.230817345670776,87.993103701014434,,28.196178161501486,-0.48530721477315764,-0.35975720549485868,north,gold,web,稳定 服务 区域 产品 反馈,0
025,38,seasonal,15.581229589356031,,31.531018672432062,,-0.48799169447900004,0.081812542117293954,north,gold,api,reliable product delivery customer feedback,0
025,39,seasonal,15.951223122686892,93.959204339679488,45.67943624630734,30.707791299938417,,-0.88753411617045563,north,bronze,api,稳定 服务 区域 产品 反馈,0
025,40,seasonal,18.642185501964455,95.06501793226181,31.117106392256026,28.379369980513246,-0.85936179205118024,-1.1045190966278118,north,gold,mobile,stable service regional product feedback,0
025,41,seasonal,21.828109939811576,93.87834577872178,7.1111367455227192,27.986374828724152,0.14750634790591183,0.50654675469192612,north,silver,web,stable service regional product feedback,0
025,42,seasonal,21.094168714557846,102.14782172984708,19.900421559858053,27.999596018166557,0.40496623706788476,0.72891130467425347,north,silver,mobile,reliable product delivery customer feedback,0
025,43,seasonal,20.32157301232327,97.862437110864803,50.530622011207022,25.44913299236519,-0.53881568118629097,1.4746516027473469,north,gold,api,stable service regional product feedback,0
025,44,seasonal,18.214861600909892,,14.497385718945363,25.748706384133726,-0.40194945551228717,1.4132990744318252,north,bronze,api,reliable product delivery customer feedback,0
025,45,seasonal,17.060198484115432,92.149784242318134,23.778428610361722,25.273565551720363,-1.3307866878688301,0.56077792731135945,north,silver,api,稳定 产品 交付 用户 反馈,0
025,46,seasonal,15.327952889495524,100.13485738777503,114.1981794344369,32.024539584111835,0.15632846182646828,,new_region,gold,web,稳定 服务 区域 产品 反馈,0
025,47,seasonal,16.595173670555187,88.633060172677517,9.4705797598817636,32.986256462173273,1.6519039630471786,-0.67529997708334855,north,silver,mobile,stable service regional product feedback,0
025,48,seasonal,18.941429522626425,89.410167769250251,38.913906559937381,30.032646217395765,-0.51397384912285315,-1.3557166846288928,north,bronze,mobile,稳定 服务 区域 产品 反馈,0
026,1,seasonal,19.842476394937979,110.20000557675422,6.9134634983389756,26.748676196279689,0.12887978714288953,0.20101714684151994,east,silver,web,稳定 产品 交付 用户 反馈,0
026,2,seasonal,21.419567974529819,112.19643962788383,4.2196987401496591,27.928255531099282,0.058584522575456356,-0.61569079306204699,east,bronze,api,稳定 服务 区域 产品 反馈,0
026,3,seasonal,20.600315573742215,111.87376925527984,11.976201290024839,28.288409812771146,0.60012277262566327,-0.37441722127816129,east,silver,api,stable service regional product feedback,0
026,5,seasonal,16.665798922671133,105.40983673284882,25.747880734349906,23.219750243989001,-0.90659950768656894,1.0242767850140315,east,bronze,api,stable service regional product feedback,0
026,7,seasonal,15.024972364455586,112.87360204122947,90.742012485110351,31.169212694146633,1.0312955401094346,-1.4741090307105436,east,bronze,mobile,reliable product delivery customer feedback,0
026,8,seasonal,17.623567052543905,113.75396187453441,19.02497181318849,26.301714057434584,0.36584213390895848,0.69699658161585332,east,bronze,web,稳定 产品 交付 用户 反馈,0
026,9,seasonal,19.698664371439104,109.49632607531208,8.6351901162343783,28.962840445610528,0.67153446243359671,-0.71116970767499266,east,bronze,mobile,稳定 产品 交付 用户 反馈,0
026,10,seasonal,20.655023192479881,113.06754175629861,14.72998351423189,21.810543822602224,-0.9235312778125927,1.7778832627468451,east,gold,api,稳定 服务 区域 产品 反馈,0
026,11,seasonal,20.292070978924805,113.19239763893043,22.719140888571808,25.086306394951251,-0.94389064579540072,-0.47849176081920664,east,bronze,web,稳定 产品 交付 用户 反馈,0
026,12,seasonal,18.181591190264569,108.51807838605778,35.052140224152765,,1.2075080298774694,0.070490144887694131,east,gold,api,稳定 服务 区域 产品 反馈,0
026,13,seasonal,16.016393818053867,111.69449410486135,17.353995273835491,30.050583047476362,2.5920674722147878,1.2437311546766667,east,bronze,api,稳定 产品 交付 用户 反馈,0
026,14,seasonal,15.064000616402922,108.10593862423903,18.681206606883642,25.806316019607934,-1.3937047748916189,-1.2792739620712201,east,bronze,mobile,稳定 服务 区域 产品 反馈,0
026,15,seasonal,15.132906317294662,111.19729257484839,7.8388985372851803,31.794450586693902,1.6818187457393818,-1.21132130969409,east,bronze,api,reliable product delivery customer feedback,0
026,16,seasonal,18.159397645980018,109.48915181004872,26.902158039744183,25.627033404274396,-0.53444037725394367,0.026095199620623621,east,silver,api,stable service regional product feedback,0
026,17,seasonal,19.956429511975063,107.98912937382769,36.105031596467811,25.471027282387698,0.19886267177606989,0.96573236530536322,east,gold,web,reliable product delivery customer feedback,0
026,18,seasonal,21.014952405056295,109.43046067356261,4.2530371243311764,,-1.343266768095303,1.8955856347528743,east,bronze,mobile,stable service regional product feedback,0
026,19,seasonal,19.925000644501559,113.92870249708119,11.128799441588656,,1.3468342078719546,-1.2849328577877444,east,bronze,api,稳定 服务 区域 产品 反馈,0
026,20,seasonal,18.466247018350195,114.85173856687456,35.414099934812256,27.897363869160593,1.0997566647963739,0.27750204301395265,east,silver,web,reliable product delivery customer feedback,0
026,21,seasonal,16.348239865574435,110.31069418364335,27.548517740096639,29.787804239921265,1.0930017406331365,-0.76511445611267059,east,silver,mobile,reliable product delivery customer feedback,0
026,24,seasonal,18.094267309380022,108.81117866793821,23.912457336460804,24.396619022184549,0.85891254732623656,2.7541323986662953,east,bronze,mobile,stable service regional product feedback,0
026,25,seasonal,19.510954716694041,115.14236346570924,51.827761069083493,28.986465275150984,0.63098973098854227,-0.95451728992173479,east,silver,web,reliable product delivery customer feedback,0
026,26,seasonal,20.696248072860445,109.89467076076828,27.321016974372487,30.909611526536327,1.5491991995912764,-0.68020084759193822,east,gold,web,stable service regional product feedback,0
026,27,seasonal,19.997280897188634,116.34516727126918,46.122825352500058,25.446500729115414,-0.16081993126796601,0.5524464704834392,east,bronze,web,reliable product delivery customer feedback,0
026,28,seasonal,17.885260278670902,110.06763489009722,47.631920169428163,,0.03109294068179216,-1.06871867237468,east,silver,api,稳定 产品 交付 用户 反馈,0
026,29,seasonal,16.153542815273013,107.67527285298185,7.9208222130038397,30.674401341419728,1.8453008321609359,-0.19489166596628404,east,silver,web,稳定 产品 交付 用户 反馈,0
026,30,seasonal,15.522852167983633,111.08890035049426,28.140330586414809,22.70328399759142,-1.8939711027849822,0.17950124735561951,east,gold,mobile,稳定 产品 交付 用户 反馈,0
026,31,seasonal,15.324396644420981,114.84500656599864,25.977759199772123,30.104455434516094,1.2902069892024985,-0.42603766081176625,east,gold,web,reliable product delivery customer feedback,0
026,32,seasonal,18.220673581084288,109.58833343873754,25.447487394718735,25.963356077226724,0.03423418640284543,0.46427219067865422,east,silver,web,stable service regional product feedback,0
026,33,seasonal,20.385138748487677,117.47904077255919,8.9575905002539127,24.972443835375518,-0.26638565336791165,,east,bronze,mobile,稳定 服务 区域 产品 反馈,0
026,34,seasonal,,110.00553027308557,16.329577518738382,,-0.61985968510496081,0.91074091915939537,east,bronze,web,稳定 产品 交付 用户 反馈,0
026,35,seasonal,20.393339514187847,113.84101023591947,10.502125984517912,24.226505359147644,-0.63395010597179824,0.73896629246564483,east,silver,api,稳定 服务 区域 产品 反馈,0
026,36,seasonal,18.528679190019993,120.74592863592773,44.666818478232599,23.999458417874798,-1.524711270260398,-0.25338168571919351,east,silver,api,reliable product delivery customer feedback,0
026,37,seasonal,16.209058887748796,106.47565430873425,57.09327706556379,30.531467770096704,1.4098639776471822,-0.73851343827282134,east,bronze,api,stable service regional product feedback,0
026,38,seasonal,,114.96005919585933,71.535783757407003,30.267731720095682,0.057868252351758534,-2.2846574184567694,east,gold,mobile,reliable product delivery customer feedback,0
026,39,seasonal,15.810681161754928,107.42760320515205,15.966973104996164,20.143942869292907,-1.453004240391977,2.2773282947170239,east,bronze,api,stable service regional product feedback,0
026,40,seasonal,17.660830024198852,123.56887499047029,57.365413593675946,27.760832079246622,1.5648142610951126,1.3548491854249216,east,bronze,mobile,稳定 服务 区域 产品 反馈,0
026,41,seasonal,20.643432835906481,111.16490167500186,31.720618138112492,32.324512376059374,0.95683015092494617,-2.6648342592827432,east,silver,mobile,reliable product delivery customer feedback,0
026,42,seasonal,21.531112230009811,110.3273244710077,28.752745982863843,20.606120395232796,-1.4637164937401881,2.0038387605068699,east,gold,mobile,稳定 服务 区域 产品 反馈,0
026,43,seasonal,20.683793699047914,116.91727296617115,33.569724963965371,26.730731755348486,-0.3317704826775878,-0.32910131312081764,east,bronze,web,stable service regional product feedback,0
026,44,seasonal,17.71429050055032,108.7141106670682,43.585703018494947,28.801300466401248,1.3420490724811271,0.4767773706613046,east,gold,mobile,stable service regional product feedback,0
026,45,seasonal,15.696219451636996,,1.2632532056188612,29.660279152525142,1.2512085426132422,-0.2466973704205061,east,silver,web,stable service regional product feedback,0
026,46,seasonal,15.297161032148381,116.16301332759659,15.191030011425141,22.851257406726816,-1.5079798374392319,0.44339459556411648,east,silver,web,稳定 产品 交付 用户 反馈,0
026,47,seasonal,15.822213064226728,103.81585578057556,23.963483585326149,,0.43671362808170344,0.18092428853759054,east,bronze,api,稳定 服务 区域 产品 反馈,0
026,48,seasonal,18.675759764698615,112.73742589507076,38.297280053134806,27.164312576319212,-0.43225500985160864,-0.92367121127251361,east,gold,web,reliable product delivery customer feedback,0
027,1,seasonal,20.421113212862057,95.497513352288451,23.58926134645672,40.023624640095477,0.26504822986586107,-0.034638820698749503,south,silver,web,reliable product delivery customer feedback,0
027,2,seasonal,20.711808900433674,90.774179038819781,3.7582891676522836,39.966403868539139,1.0880249924297616,1.317739214549613,south,silver,mobile,stable service regional product feedback,0
027,3,seasonal,19.750560585188353,94.046419812194685,13.725849665361507,41.433502435475731,1.4240018164981463,0.83104936235586602,south,silver,web,reliable product delivery customer feedback,0
027,4,seasonal,18.022470556533772,100.14356117836419,45.110270084883254,42.004451872421548,0.67345953636135547,-0.87660862838759912,south,bronze,api,reliable product delivery customer feedback,0
027,5,seasonal,16.167606803077959,91.728479577121362,10.410351366958539,,-0.14288340120703713,-1.4998732038452609,south,silver,mobile,reliable product delivery customer feedback,0
027,6,seasonal,14.745104134870864,86.183901605369684,,41.224407071274186,-0.37844279137502085,-1.5328194110955733,south,silver,web,reliable product delivery customer feedback,0
027,7,seasonal,15.597041494559251,93.959208643440149,89.592905415766211,39.14963234336178,0.50562553329063809,0.88955082020642429,south,gold,api,稳定 产品 交付 用户 反馈,0
027,8,seasonal,17.93167877311004,95.319746327205223,8.5852965957438858,,2.0275118107753083,-0.62318829561206524,south,gold,api,稳定 产品 交付 用户 反馈,0
027,9,seasonal,19.534549888933668,,11.477103538832521,39.598230512247866,-0.33212696422231458,-0.63411067371821572,south,silver,api,stable service regional product feedback,0
027,10,seasonal,20.293254207579604,92.083623235209188,11.905538556852358,35.39245064273468,-1.765994187944937,,south,gold,api,稳定 服务 区域 产品 反馈,0
027,11,seasonal,19.967445019760714,87.067724713487848,25.388838207283655,38.206455438941887,0.44943954869577402,1.2963077802340361,south,gold,web,stable service regional product feedback,0
027,12,seasonal,17.882936856938958,86.680486741178754,16.709832367536805,38.141593990633829,-0.22806179788235606,0.51532958937623785,south,silver,mobile,稳定 产品 交付 用户 反馈,0
027,13,seasonal,16.024380215655746,93.720370922194292,3.9942473350335552,39.1445094769768,0.95483494593831408,1.4268210164647903,south,silver,api,稳定 服务 区域 产品 反馈,0
027,14,seasonal,15.415194684339893,94.636331587640015,24.571380826913686,40.251406810987156,0.7650996671098268,0.47218466070650161,south,bronze,web,稳定 产品 交付 用户 反馈,0
027,15,seasonal,15.455161535412666,88.480329827772181,33.726643800684911,,0.43273367093915782,-0.17936342189233295,south,gold,web,稳定 服务 区域 产品 反馈,0
027,16,seasonal,,90.367890010967784,36.633249058332275,36.600112788207007,0.095562296736555405,1.968533211702606,south,silver,mobile,稳定 产品 交付 用户 反馈,0
027,17,seasonal,20.690983119000208,93.207302500699271,47.003519395456472,39.31076983216829,-0.54774141923094966,-0.51434391694348358,south,bronze,web,稳定 产品 交付 用户 反馈,0
027,18,seasonal,20.125371459809681,85.442838550254621,36.598989858069245,42.949994793672637,0.30632611085123462,-2.0182484970110393,south,bronze,web,reliable product delivery customer feedback,0
027,19,seasonal,19.371206529498018,99.42544393022267,38.603812624154649,43.864887856542779,1.7392117834639937,-0.61829188702097526,south,bronze,api,reliable product delivery customer feedback,0
027,20,seasonal,17.762875680756288,91.647131808569597,21.113657004709449,40.957410224339966,0.54091716578316229,-0.14443069067978806,south,gold,web,stable service regional product feedback,0
027,21,seasonal,15.865430076438711,,,38.574315516457879,-1.6919750690203701,-1.5568671198961177,south,bronze,web,稳定 服务 区域 产品 反馈,0
027,22,seasonal,13.968062356248865,,,39.406973189862939,-0.9390273842618434,-1.3001967886241113,south,bronze,web,reliable product delivery customer feedback,0
027,23,seasonal,15.75612721174587,93.15649148542191,17.249896261222837,39.124830001478323,-0.24543021772712859,-0.034772607137761972,south,silver,mobile,稳定 产品 交付 用户 反馈,0
027,24,seasonal,17.616238802824377,88.355619230264864,71.607970774839586,38.350452155531421,-0.66338926140565979,-0.057644577166635541,south,bronze,api,reliable product delivery customer feedback,0
027,25,seasonal,19.229257895290267,91.451120188700585,16.495018533124789,43.9544748475953,0.2174856202781428,-2.7020519054730312,south,gold,web,稳定 服务 区域 产品 反馈,0
027,26,seasonal,20.857642950786012,89.306785841715495,10.492172314201976,38.872742892405697,0.4316668425452439,1.0716640813320459,south,gold,mobile,稳定 产品 交付 用户 反馈,0
027,27,seasonal,19.601101279484666,85.818477635938464,8.9678983334722613,38.873818249394311,1.0459165267816319,1.6977346268727092,south,gold,web,稳定 服务 区域 产品 反馈,0
027,28,seasonal,17.502149086455574,94.251613821348371,35.715330526880372,37.608708868717045,-0.15906816343311156,1.1913515087646593,south,bronze,mobile,reliable product delivery customer feedback,0
027,29,seasonal,15.271167411905386,81.850930502927184,29.003158679874204,42.560924243797984,0.49565785395735457,-1.3407862758427287,south,silver,web,稳定 服务 区域 产品 反馈,0
027,30,seasonal,14.341884522526991,93.555009735783401,123.46673217870701,,-0.44752015097564124,-0.067504390794968006,south,bronze,web,reliable product delivery customer feedback,0
027,31,seasonal,15.798845576461208,98.574694022572587,,,-0.89196281027153956,-0.20763770793100167,south,gold,mobile,stable service regional product feedback,0
027,32,seasonal,17.527141547777894,91.870781210155755,16.844950502125382,41.751746009054621,0.75996296567233967,-0.46794001627255655,south,gold,api,稳定 服务 区域 产品 反馈,0
027,33,seasonal,20.576418533823016,94.277632679440217,19.062412423538085,42.439479828395058,1.0056878561131601,-0.67005416877790347,south,gold,mobile,稳定 服务 区域 产品 反馈,0
027,34,seasonal,,94.675210306775554,,,1.94540517694087,-1.408788041974582,south,gold,mobile,reliable product delivery customer feedback,0
027,35,seasonal,19.845545539548837,90.217941162538466,43.711346498760086,38.594426832850267,-1.3451723664009541,-1.1826601923757136,south,gold,web,stable service regional product feedback,0
027,36,seasonal,17.216042994727378,92.182082341245092,47.731850907387589,40.771922945263547,0.13587243266303833,-0.63957326550443538,south,bronze,web,稳定 服务 区域 产品 反馈,0
027,37,seasonal,,93.832595631738414,40.924390732412739,40.090417277583938,,0.19289733876184809,south,bronze,mobile,稳定 服务 区域 产品 反馈,0
027,38,seasonal,14.809219826812326,93.155238957793543,63.348221844275727,41.778566071412605,0.59514976833627597,-0.78893528270573954,south,bronze,mobile,稳定 产品 交付 用户 反馈,0
027,39,seasonal,15.507746082017267,86.924447925669057,7.5179577856552253,38.113361182385155,-0.35642060796101804,0.42803301818448369,south,silver,web,稳定 产品 交付 用户 反馈,0
027,40,seasonal,18.067012367230426,95.522053161980622,21.213741859160677,36.984676804309558,-0.093483348398376409,1.3532319075094548,south,bronze,web,稳定 产品 交付 用户 反馈,0
027,41,seasonal,20.015884649420443,91.355132831420562,31.660651181474218,35.919366909041457,-0.86995449471883057,1.4230934097458345,south,gold,api,reliable product delivery customer feedback,0
027,42,seasonal,20.872907605477739,,18.615293817251107,42.20604358173599,1.592040659303926,0.2677916366243569,south,bronze,mobile,stable service regional product feedback,0
027,43,seasonal,19.593738812988018,,22.824843775364066,37.177242675262526,-0.44622178194354062,0.91681801281942166,south,gold,api,稳定 产品 交付 用户 反馈,0
027,44,seasonal,17.099832145654311,90.706730244374683,55.479845103887754,,0.090740647058543025,-0.082614922192427678,south,gold,mobile,reliable product delivery customer feedback,0
027,45,seasonal,15.866452782359211,98.401033369859363,17.343103307072038,39.266541562370215,-0.26510635131775051,-0.1519600642843644,south,gold,web,稳定 服务 区域 产品 反馈,0
027,46,seasonal,14.951942293401869,89.545815699556698,30.342722915604593,40.935920383052611,0.016164754227617349,-0.75609779988186521,south,gold,api,稳定 产品 交付 用户 反馈,0
027,47,seasonal,15.994384071071053,92.314123338341361,8.8948990343619236,41.018053611605943,0.48742284621644971,-0.4977301958908415,new_region,silver,api,stable service regional product feedback,0
027,48,seasonal,17.148988839621257,,5.8029128297115262,40.35069072624561,0.73907815221111872,0.43882695227924062,south,gold,mobile,稳定 产品 交付 用户 反馈,0
028,1,seasonal,22.394107347874336,113.20518201765528,22.079937124299615,,-1.0966833030587653,-0.2445652720350929,west,gold,api,稳定 产品 交付 用户 反馈,0
028,2,seasonal,23.37406348202413,98.691278138268288,34.739825040432841,31.876608175408602,0.41363128800329896,0.70038675840319464,west,silver,web,稳定 产品 交付 用户 反馈,0
028,3,seasonal,22.340177580194005,112.80411812214292,8.910994812170367,,0.1174989873322199,-1.9580885163192885,west,gold,api,稳定 产品 交付 用户 反馈,0
028,4,seasonal,20.238464614726393,111.20188693583133,,32.471589153755481,-0.17247314713244316,-0.018956899863187587,west,gold,web,稳定 服务 区域 产品 反馈,0
028,5,seasonal,17.811629711945034,109.72555945800643,28.518549272142089,26.566764903681655,-1.8163791864786307,1.7699484032617565,west,silver,web,稳定 服务 区域 产品 反馈,0
028,6,seasonal,18.280845924963064,114.04663728135479,12.787972346128177,33.636585798410792,0.53277832139084558,-0.20869129619582807,west,bronze,mobile,reliable product delivery customer feedback,0
028,7,seasonal,18.459103125114584,114.44075323197951,,32.945998194398037,0.29707484862558636,-0.022895994226184397,west,bronze,api,稳定 服务 区域 产品 反馈,0
028,8,seasonal,20.277906063702336,110.06186176671916,163.55332051693165,27.280989806301488,-1.3666584830456439,1.7188304767130047,west,silver,api,stable service regional product feedback,0
028,9,seasonal,21.977114501067668,,12.224675840103192,32.234297114513744,-0.28598005442674918,-0.281631487969568,west,silver,api,reliable product delivery customer feedback,0
028,11,seasonal,22.092677453898915,111.57643841204649,15.181311400596606,33.523133349837572,0.4733396511845101,-0.12042871379038353,west,silver,mobile,稳定 产品 交付 用户 反馈,0
028,12,seasonal,20.010475060389812,106.99562437751592,24.557738125283308,35.063128250638577,0.74205335978593512,-0.77866228985488195,west,silver,mobile,稳定 产品 交付 用户 反馈,0
028,13,seasonal,18.259988629970422,113.2519055191088,23.898327542486324,26.868555865562357,-0.7647219438143924,2.5861833792815268,west,silver,web,stable service regional product feedback,0
028,14,seasonal,,118.72927973220494,12.682071618912547,,1.7224143273180341,-1.1516451014104387,west,gold,web,稳定 服务 区域 产品 反馈,0
028,15,seasonal,18.588855985039125,117.06428022156763,31.60009134864417,34.407316314958813,0.22264574442765508,-0.9301002426492353,west,gold,api,稳定 服务 区域 产品 反馈,0
028,16,seasonal,19.893380312878463,111.58250274458921,,35.868329053596469,,-1.2665231531548962,west,bronze,web,reliable product delivery customer feedback,0
028,17,seasonal,21.729432817654455,107.87113092450016,15.671240058136235,,0.46450214628826908,0.68565515900178053,west,gold,api,reliable product delivery customer feedback,0
028,18,seasonal,23.213841621548621,115.39054426610303,20.605854567557319,29.029979357274136,-0.28897490917622631,2.0797862768427726,west,bronze,web,stable service regional product feedback,0
028,20,seasonal,19.582556779696866,112.49609760663506,,34.0914257512608,,0.38869150273787051,west,bronze,api,稳定 服务 区域 产品 反馈,0
028,21,seasonal,18.009490614175302,117.50841768557582,57.62217908388692,,-1.1396061332238614,-0.058969840901987751,west,bronze,web,稳定 服务 区域 产品 反馈,0
028,22,seasonal,17.573061873845067,110.08205837041181,87.648652749658027,33.885453220327292,0.56024682569883333,0.073496124809231345,west,silver,web,稳定 产品 交付 用户 反馈,0
028,23,seasonal,17.966015925451352,104.66031928761156,47.279292157053881,39.574669615992264,2.5877742985238368,,west,silver,mobile,稳定 服务 区域 产品 反馈,0
028,24,seasonal,,111.15474096792333,21.408014358537176,37.127932311680865,1.0839909872672302,-1.5971716526245969,west,bronze,api,稳定 服务 区域 产品 反馈,0
028,25,seasonal,22.734662432676693,108.38935134075352,20.496115493462352,29.339976046675567,-0.92078321952333586,1.016580880772241,west,gold,web,reliable product delivery customer feedback,0
028,26,seasonal,22.792328869068889,121.27170380111566,6.018689938661157,32.958113167846854,0.93171463707256796,0.75734246968618446,west,silver,api,稳定 服务 区域 产品 反馈,0
028,27,seasonal,22.04508031433835,,11.308368419123513,30.410787550176863,0.49010666272771208,2.0847572888595978,west,bronze,api,reliable product delivery customer feedback,0
028,29,seasonal,17.512503795539661,111.33427500221984,,31.967633690087357,-0.64820241516763077,-0.35300820949066453,west,bronze,mobile,reliable product delivery customer feedback,0
028,30,seasonal,16.971523553066529,112.61079524064517,,31.495348580474733,-1.1087486417479437,-0.76851200831199995,west,gold,mobile,stable service regional product feedback,0
028,31,seasonal,18.078819854045353,108.73979648476777,9.7314402767468824,34.822047758826706,0.93751123281524273,-0.14542500629042124,west,bronze,api,reliable product delivery customer feedback,0
028,32,seasonal,20.12777300295042,,58.128177571192552,25.425541735386929,-2.1163594302273716,2.1561371259111506,west,silver,api,stable service regional product feedback,0
028,33,seasonal,22.11175771268422,105.27614827878836,20.404527973934169,35.312098630398914,0.66479215860025842,-0.9250318118314047,west,bronze,web,稳定 服务 区域 产品 反馈,0
028,34,seasonal,22.763982068116768,113.04802208102208,132.66354196060792,32.000406999598532,-0.19311206975192927,-0.23559650326471762,west,bronze,mobile,稳定 产品 交付 用户 反馈,0
028,35,seasonal,22.129811891502435,114.0931339348235,33.396945112560488,35.085402872164927,0.83433573668522965,-0.45628675879824504,west,bronze,mobile,stable service regional product feedback,0
028,36,seasonal,19.641910341555942,,15.100592707815816,30.001223743404303,-0.89425202751339161,0.54397667766265556,west,silver,api,reliable product delivery customer feedback,0
028,37,seasonal,18.197459681870477,108.86041073051724,95.076325828266576,32.365292548737237,-0.49824229111994917,-0.51324156440028557,new_region,gold,web,稳定 服务 区域 产品 反馈,0
028,38,seasonal,18.067117045996525,107.72688195391254,21.505013906969193,28.477720959757505,-1.5776910401659452,0.38696538781071976,new_region,silver,mobile,稳定 产品 交付 用户 反馈,0
028,39,seasonal,17.91221164307284,108.80798486610365,63.556240251408596,,0.68702096588262196,0.90280111472703362,west,gold,api,稳定 产品 交付 用户 反馈,0
028,41,seasonal,22.922585315376757,108.64454491202748,17.002264804135958,34.851990694168315,1.6907942412532904,0.86378658856891699,west,bronze,web,reliable product delivery customer feedback,0
028,42,seasonal,23.370368099639713,113.00981974176977,,32.552815234987776,-0.079724149014342771,,west,gold,mobile,stable service regional product feedback,0
028,43,seasonal,21.935923329414024,118.26731007519531,10.58273125364369,34.553119683297325,1.4267112190992295,0.64806278217378266,west,bronze,api,稳定 产品 交付 用户 反馈,0
028,44,seasonal,20.789848837324911,109.48033260850531,8.9892553164170153,30.381943105399657,-0.46524979437908603,0.89310323778633371,west,bronze,web,稳定 产品 交付 用户 反馈,0
028,45,seasonal,18.623636504468447,107.32250798251576,,31.663767158628584,-0.14488083793747381,0.51528330020384927,west,silver,web,stable service regional product feedback,0
028,46,seasonal,17.333998156576357,113.75354088234239,51.220972097920964,32.747704362462578,0.59556632154038713,0.75664819737085787,west,gold,web,稳定 产品 交付 用户 反馈,0
028,47,seasonal,18.115431860485884,116.70745966076875,16.647314351643466,32.472667138808276,-0.88325244568165284,-1.1941058817823462,new_region,gold,web,稳定 服务 区域 产品 反馈,0
028,48,seasonal,20.624566883422155,109.6861029543785,106.34805452847584,32.731564400567905,0.34442789153021575,0.3118660760276426,west,gold,web,稳定 服务 区域 产品 反馈,0
029,9,late_entry,19.105594406285356,113.32134107635433,23.191319302844683,21.160428396199048,-2.6428520635192108,0.49204983389164708,north,silver,web,稳定 产品 交付 用户 反馈,0
029,10,late_entry,19.024004674124942,112.81365016281812,9.2594802892272376,30.061918514541262,0.32791241096129847,-1.4442721784370391,north,silver,api,稳定 服务 区域 产品 反馈,0
029,11,late_entry,18.996527393896972,120.11738170769991,29.019062256675685,26.350624978181724,-0.61658357308061607,-0.089992706635511177,north,bronze,mobile,stable service regional product feedback,0
029,12,late_entry,19.152212734970224,,50.002805453407277,26.812591771428782,-0.91148237538971044,-1.0075250766577764,north,silver,mobile,稳定 服务 区域 产品 反馈,0
029,13,late_entry,19.452069588152305,109.85257559051301,,29.49717366111685,-0.087883683491091547,-1.5070309297905649,north,gold,web,稳定 产品 交付 用户 反馈,0
029,14,late_entry,19.460747052990737,114.21582237382917,12.080676155949439,24.742005595618846,-0.68898557027721274,0.70934423033174721,north,gold,api,稳定 服务 区域 产品 反馈,0
029,15,late_entry,19.117324005579079,113.00894661935794,27.135259264105731,24.583733173008792,-1.0922083171684493,0.47037509358779345,north,gold,mobile,reliable product delivery customer feedback,0
029,16,late_entry,,114.68646781224126,,29.590909052734709,0.57735002395983426,-0.7813628740802987,north,gold,mobile,稳定 产品 交付 用户 反馈,0
029,17,late_entry,19.327205839496731,115.92498436602978,6.9781391468883438,32.006421885493559,1.4952752063194215,-0.80473606282692922,north,silver,api,稳定 产品 交付 用户 反馈,0
029,18,late_entry,19.927650568108977,107.31961828775681,15.017730653439775,27.83094537489335,-0.25159373331318552,-0.82619119742519975,north,bronze,api,稳定 产品 交付 用户 反馈,0
029,19,late_entry,19.03023607378654,114.41934645556452,3.3146181142203162,,-0.36380976181058905,1.0562655329335122,north,bronze,api,稳定 产品 交付 用户 反馈,0
029,20,late_entry,20.205051362017805,111.22939780763328,79.314190572787325,26.214039201140444,-0.14155166613508782,0.591732272682988,north,bronze,mobile,稳定 产品 交付 用户 反馈,0
029,21,late_entry,19.02715238607297,112.23957429239975,16.022440045032187,29.903437561047514,0.63837267695966116,-0.92553812646535161,north,silver,mobile,稳定 服务 区域 产品 反馈,0
029,22,late_entry,,112.91683522241543,11.770792863117293,27.880046198277025,,,north,silver,api,稳定 产品 交付 用户 反馈,0
029,23,late_entry,19.337276141004775,119.54698213950942,14.030429239364301,28.216870253633886,1.0733521939491855,0.92322378897113588,north,gold,mobile,稳定 产品 交付 用户 反馈,0
029,24,late_entry,,106.86803355460962,4.9410206831296106,,-1.0035841995510251,0.78096355278028329,north,silver,web,稳定 产品 交付 用户 反馈,0
029,25,late_entry,19.722708786794289,114.66701766669941,12.048878093572887,26.074453127356158,0.0030552906075877163,0.66406188938868271,north,silver,mobile,稳定 产品 交付 用户 反馈,0
029,26,late_entry,18.96415067276688,110.66969105561775,,24.874460182687482,-1.0600031403661752,0.18733945595648496,north,gold,web,reliable product delivery customer feedback,0
029,27,late_entry,19.295077487293678,114.07878352376153,,23.269978566403427,-0.22229854860538381,2.2261947752013094,north,bronze,web,stable service regional product feedback,0
029,28,late_entry,19.669765708733912,109.09521959131509,6.9494714175737586,29.713949042382222,1.4731218190184994,0.16873096720543659,north,bronze,mobile,稳定 产品 交付 用户 反馈,0
029,29,late_entry,,120.18836047197999,8.7562112018985534,27.555394293745501,0.29474104826074332,0.27488825376645015,north,bronze,api,reliable product delivery customer feedback,0
029,30,late_entry,19.500208959478616,109.32746619012313,9.8338071709639987,21.027587004737427,-2.0783249867532247,1.5994496573691968,north,gold,mobile,稳定 服务 区域 产品 反馈,0
029,31,late_entry,18.70337711667878,110.88258866037152,37.752565825427936,27.051870080571547,1.1151318923564713,1.3423358751745078,north,silver,api,稳定 产品 交付 用户 反馈,0
029,32,late_entry,,106.3878520757209,21.491569930441671,24.973853212417605,-0.46616355524175901,0.59082631022748378,north,silver,api,稳定 服务 区域 产品 反馈,0
029,33,late_entry,19.611510416222263,112.77033331040977,2.574019713369291,27.310614631282881,0.63060536607312989,0.52233984203896955,north,silver,web,reliable product delivery customer feedback,0
029,34,late_entry,18.946640420677312,111.80033240392888,72.410698614688997,27.491774288251776,0.4613823019081198,0.43756141773705753,north,bronze,mobile,稳定 产品 交付 用户 反馈,0
029,35,late_entry,19.374732095204045,112.28526378908448,38.222869263914589,26.203125523205742,-0.36400076786909652,0.28712527046776082,north,silver,mobile,稳定 服务 区域 产品 反馈,0
029,36,late_entry,19.419194123351634,117.16600099180143,216.94290406243391,27.89296247562703,0.3656656235092407,-0.098542062465744096,new_region,bronze,web,稳定 服务 区域 产品 反馈,0
029,37,late_entry,19.221844574778956,112.62188266195587,42.521591429836519,25.727414578848453,-1.1161358160975718,-0.35191669621679772,north,gold,api,稳定 服务 区域 产品 反馈 量子 推荐 hyperpersonalised,0
029,38,late_entry,18.698364794197254,111.67241659830869,11.49769144859191,25.055530766388792,-0.018161815286010564,1.424400275935692,north,gold,api,reliable product delivery customer feedback,0
029,39,late_entry,18.985914639990245,108.24942912705934,7.0162325119974982,30.918684915375238,2.3905940129641365,0.81045121533300091,north,silver,mobile,reliable product delivery customer feedback,0
029,40,late_entry,20.195761614616941,113.50223132110951,35.465934529926287,30.586843513078424,0.3588698584518738,-1.7382707015496042,north,silver,mobile,stable service regional product feedback,0
029,41,late_entry,,114.9645927393188,52.321107396876208,21.388131952421059,-2.5558808378047897,0.36028782561943612,north,gold,mobile,稳定 产品 交付 用户 反馈,0
029,42,late_entry,19.710687676995022,115.16105175748964,19.13901098310885,25.532767131396675,-0.80991161938655032,0.042360657710002129,north,bronze,web,stable service regional product feedback,0
029,43,late_entry,,111.72274408946846,,24.120769941236503,-0.48665855277597186,1.252030746618833,north,silver,web,reliable product delivery customer feedback,0
029,44,late_entry,19.058387372034712,119.46846414831599,14.757459652160046,27.458893185554366,-1.2867916361472276,-1.762409768745876,north,bronze,api,稳定 服务 区域 产品 反馈,0
029,45,late_entry,19.343889992142596,113.53183866151925,22.773231479784286,27.994263322787948,0.0029589346397038219,-0.57158880746071783,north,gold,api,reliable product delivery customer feedback,0
029,46,late_entry,19.497628922409135,114.88624657722923,24.780196078293507,29.47683843723301,0.75089324454659201,-0.62014665631805421,north,bronze,web,reliable product delivery customer feedback,0
029,47,late_entry,19.128616410303614,110.20072250038174,76.163876339228196,26.207704354872355,0.36135196144060167,0.96357719932705677,north,silver,mobile,稳定 产品 交付 用户 反馈,0
029,48,late_entry,19.350175746030455,108.83831668404011,50.739242460518014,,1.1911432801564295,-2.759476865498685,north,silver,mobile,稳定 服务 区域 产品 反馈,0
030,9,late_entry,20.198088779459269,80.194286615494093,78.679807118222669,29.469841741532896,-0.604424712970969,0.78218564064366791,east,gold,web,reliable product delivery customer feedback,0
030,10,late_entry,19.297877678821898,85.377978668926147,36.386070279670072,31.186487140784209,-0.59689620596693072,-0.22068152482178749,east,gold,api,stable service regional product feedback,0
030,11,late_entry,,90.01152015289172,15.344410305311072,31.609667249313212,0.027793427485421397,0.39024541926784251,east,gold,api,稳定 产品 交付 用户 反馈,0
030,12,late_entry,18.939593679432775,,52.648055746043966,30.144364705115891,-1.1247490502207655,-0.35411593721227702,east,bronze,mobile,稳定 服务 区域 产品 反馈,0
030,13,late_entry,19.397099132365689,83.798411279028358,27.955613743946895,32.434744875679961,-0.69630168336237375,-1.0912676667164316,east,gold,api,stable service regional product feedback,0
030,14,late_entry,19.484935936674944,83.018149232516791,40.046946108865825,35.625765617525701,1.8373463330688682,-0.0098803007834821731,east,silver,api,稳定 产品 交付 用户 反馈,0
030,15,late_entry,19.203643228091888,86.194840016687863,,33.215547501253432,1.069763122408854,0.7338165036416826,east,silver,web,stable service regional product feedback,0
030,16,late_entry,19.325113032938834,86.871801183610998,,,0.56055531508492595,-1.9456401059602941,east,bronze,mobile,稳定 产品 交付 用户 反馈,0
030,17,late_entry,19.014963372237588,81.65141277826099,20.367632074324877,30.591140510272997,-0.63460115368572312,0.19060865772002472,east,silver,mobile,reliable product delivery customer feedback,0
030,18,late_entry,19.446531438512736,85.057094760401895,18.836760076465918,33.020016143607684,-0.11144748147003428,-0.75980732031774889,east,gold,web,稳定 产品 交付 用户 反馈,0
030,19,late_entry,19.737188998428909,91.671415418110698,59.20676410863458,35.037759196698019,1.5522364661220831,0.025310715323891755,east,bronze,mobile,reliable product delivery customer feedback,0
030,20,late_entry,19.627643152922818,,5.1227671096309466,35.073081422070409,-0.24611822733859465,-2.0942856479468039,east,silver,api,stable service regional product feedback,0
030,21,late_entry,19.467374060149936,92.17069702451316,8.8509954831816327,34.097248600689241,0.57344229262982005,-0.62234754889680166,east,silver,web,稳定 服务 区域 产品 反馈,0
030,22,late_entry,19.405540312252935,88.531196723831627,4.1623988090263495,30.214886664805981,,-0.96967813104005551,east,gold,api,稳定 服务 区域 产品 反馈,0
030,23,late_entry,19.816271051097367,88.275027108630084,42.948912791941559,32.461105084568601,0.28103718896309349,0.15831537571549745,east,bronze,api,稳定 服务 区域 产品 反馈,0
030,24,late_entry,19.470566220842944,91.996872312045497,15.089817769970331,32.908929189255495,0.73041496929323479,0.26790100666807687,east,bronze,mobile,稳定 服务 区域 产品 反馈,0
030,25,late_entry,19.613826417917224,90.071548133588408,1.7748554534883092,28.618849014433788,-1.5000383433019351,0.030050880820291614,east,gold,web,稳定 产品 交付 用户 反馈,0
030,26,late_entry,19.811544459582265,94.313139301830816,16.78044466063902,36.212968204935848,0.59604080680679605,-1.4409965407603482,east,silver,mobile,stable service regional product feedback,0
030,27,late_entry,18.802411230174755,85.688039997107495,19.374583438243938,34.811601380696132,0.40580298620356686,-1.2529601101523571,east,gold,api,稳定 服务 区域 产品 反馈,0
030,28,late_entry,,86.33863226879798,12.621112549012281,33.534448931137895,1.1420864646225977,0.57403290572308607,east,gold,mobile,稳定 产品 交付 用户 反馈,0
030,29,late_entry,19.586552908341819,83.623603591048337,60.574909603214664,32.304012009364278,-0.72951724777888483,-0.95709881656442264,east,bronze,api,稳定 产品 交付 用户 反馈,0
030,30,late_entry,19.490632653538789,84.935979488672444,31.884718061331139,31.048938304962746,-0.40981865488848118,-0.037054200914205901,east,silver,mobile,稳定 产品 交付 用户 反馈,0
030,31,late_entry,19.112775694865618,90.221966805223772,28.619477761842553,32.236158328578391,0.43303912095297969,0.56234793811346984,east,bronze,api,reliable product delivery customer feedback,0
030,32,late_entry,19.761114325385787,90.314541315478053,79.329329728603255,31.097770361075877,-1.0613469266954159,-0.78723324564945063,east,bronze,mobile,reliable product delivery customer feedback,0
030,33,late_entry,19.148915725231863,84.133379389136053,16.058618041334473,31.629743849090957,-0.44927691549474785,-0.26937300860923741,east,gold,web,stable service regional product feedback,0
030,34,late_entry,19.317902515755787,,5.9894151898341255,29.232941428724832,-0.77440336226346496,0.79511794834597338,east,silver,mobile,reliable product delivery customer feedback,0
030,35,late_entry,19.505446685735134,86.702078569904245,13.700529810531537,30.016495645516375,-1.1550418239395526,-0.12982940933016651,east,bronze,web,reliable product delivery customer feedback,0
030,36,late_entry,19.36954101449377,86.334281742081856,62.034385131873037,30.548603559706315,-0.38981420716956022,0.4741630952929185,east,bronze,mobile,稳定 服务 区域 产品 反馈,0
030,37,late_entry,19.086042457710288,87.309342119321542,2.7068213181744878,34.317730384276352,0.70586297083644656,-0.51112665235511967,east,bronze,web,reliable product delivery customer feedback,0
030,38,late_entry,19.268311954472392,82.316487122170699,99.261594774995942,36.691066270540922,1.0342018891591409,-1.7718050432946055,east,silver,mobile,stable service regional product feedback,0
030,39,late_entry,19.462806572420948,81.186016808322606,20.749439501798154,29.744442899146165,0.55371143181602367,2.4320966559568982,east,gold,mobile,稳定 服务 区域 产品 反馈,0
030,40,late_entry,19.64251124560737,89.225040965775321,88.635206766562277,32.484277887571722,0.32997349637467038,0.17325435836117878,new_region,gold,web,reliable product delivery customer feedback,0
030,41,late_entry,19.313527680439115,88.416337681473124,6.5472350828588821,30.708188467406789,-1.5223739347510954,-1.0927308546456918,east,bronze,api,稳定 服务 区域 产品 反馈,0
030,42,late_entry,20.07276507770267,85.677847031647175,49.086484409238359,32.623751745047969,0.61940601190028088,0.48350544506124038,new_region,gold,web,reliable product delivery customer feedback,0
030,43,late_entry,19.284301059034441,82.16753082652076,15.156141695609124,29.546707273853734,-0.86036335008100862,0.44449425696546413,east,gold,web,稳定 产品 交付 用户 反馈 量子 推荐 hyperpersonalised,0
030,44,late_entry,19.174990045032551,91.654687807613712,31.01596623948031,,0.71719566649245681,-0.94485780675891573,east,bronze,api,reliable product delivery customer feedback,0
030,45,late_entry,19.312403504830016,84.626193415426684,6.4546832655962652,32.883705425721189,0.87716404445664375,0.64436875629132262,east,bronze,mobile,reliable product delivery customer feedback,0
030,46,late_entry,19.173352639587744,86.597757782081487,15.422614367554235,33.53059233295663,0.5853225484389698,-0.24305106868579104,east,gold,mobile,reliable product delivery customer feedback,0
030,47,late_entry,19.078974327688933,86.226878156331637,9.0434465660782717,33.062613665955695,0.22071758256998397,-0.33723966007531969,east,silver,api,稳定 产品 交付 用户 反馈,0
030,48,late_entry,20.330428787847399,83.815934115541054,16.340202730999383,33.460018947219538,0.74998850458101485,0.034641028166517963,east,bronze,web,stable service regional product feedback,0
031,9,late_entry,18.873297861318985,96.444704589902784,39.685061546596977,29.403793988131973,1.3976971099340905,1.1033433835335944,south,gold,web,稳定 产品 交付 用户 反馈,0
031,10,late_entry,20.098756899691487,84.580637030811829,32.645965265543396,27.486964718254757,-0.39462587757796252,-0.053374660856876539,south,silver,api,reliable product delivery customer feedback,0
031,11,late_entry,19.356452899861988,96.454726813358789,16.067273805030954,31.387561021322043,0.88592586518705518,-1.1235637795902627,south,bronze,web,稳定 服务 区域 产品 反馈,0
031,12,late_entry,19.761953750359041,97.314048995267783,19.96013758409055,,1.0384127804759034,0.64563158128164622,south,gold,web,稳定 服务 区域 产品 反馈,0
031,13,late_entry,19.742522902801511,91.924019894956857,14.336047347539456,28.410935529696268,-0.52441634426010542,-0.91418388558052266,south,silver,mobile,reliable product delivery customer feedback,0
031,14,late_entry,,92.339936556744107,34.102553332313647,26.0671688711342,-0.94077588267564727,0.0042001060231689185,south,gold,api,stable service regional product feedback,0
031,15,late_entry,19.679579310628263,,51.280759892669977,25.083381834852293,-0.17103152962850335,1.808277796828232,south,gold,mobile,reliable product delivery customer feedback,0
031,16,late_entry,19.576122772460202,87.065194486835836,33.302114672057883,,0.44628702050443952,-0.8542727789175194,south,bronze,web,stable service regional product feedback,0
031,17,late_entry,19.615570152375145,89.47139245450829,71.098446559176494,27.386031321045738,-1.1254139137199757,-0.8382002816205768,south,silver,api,reliable product delivery customer feedback,0
031,18,late_entry,20.128131524167664,98.916651086484819,22.747379018985175,23.975686315456155,-0.22909189298061514,2.2920093910470483,south,bronze,web,稳定 服务 区域 产品 反馈,0
031,19,late_entry,19.806233285767004,86.683825357176161,15.767077858005688,35.024598165530215,2.0063755620615029,-1.6322769261314609,south,bronze,mobile,reliable product delivery customer feedback,0
031,20,late_entry,19.46004147229932,96.561204701632747,25.014534737398641,26.442839840664824,-0.42739811442598036,0.58734432221169419,south,bronze,api,稳定 产品 交付 用户 反馈,0
031,21,late_entry,20.145944545982655,94.017753876494041,13.813890535343846,29.708247295873839,0.82613375687763824,0.1768231340866615,south,silver,api,stable service regional product feedback,0
031,22,late_entry,20.444289282702819,100.18239498787798,23.277739386103892,25.318657844230668,-0.055152067735940148,1.803306977237463,south,bronze,api,stable service regional product feedback,0
031,23,late_entry,,88.570263931829729,24.363197588248909,21.948267883373081,-2.1345389326481721,1.5653935190388326,south,gold,web,稳定 产品 交付 用户 反馈,0
031,24,late_entry,20.086812032357411,95.935267234722801,38.213885075915059,27.67400824400838,0.46595197652011006,0.88124259945523509,south,silver,api,稳定 产品 交付 用户 反馈,0
031,25,late_entry,19.521419233342158,,8.648252713296964,24.500076093268447,-1.0556496778902373,1.0932622024737209,south,gold,mobile,稳定 产品 交付 用户 反馈,0
031,26,late_entry,20.063268814661512,96.747938452243801,,26.796750370909486,-0.81969822686249616,-0.41141735167765076,south,silver,mobile,reliable product delivery customer feedback,0
031,27,late_entry,19.904099466491431,92.617414747211939,18.399029097423909,29.320721776255297,0.43635437257148524,0.17527842008854702,south,silver,api,stable service regional product feedback,0
031,28,late_entry,19.570267417251774,88.825864881598164,10.514818335892794,28.700841070572157,0.25480094911564932,0.19248456919885221,south,bronze,mobile,reliable product delivery customer feedback,0
031,29,late_entry,19.528756758074508,99.211720607307669,24.391173079644595,,0.75575864739910747,1.1463353980450759,south,silver,api,reliable product delivery customer feedback,0
031,30,late_entry,20.021509622829676,101.74611460508628,12.333013986482047,24.877952398341069,-0.42592679251310905,1.5296226915526454,south,gold,web,稳定 产品 交付 用户 反馈,0
031,31,late_entry,,93.002913416169406,,29.64820708585621,0.016930060578809025,-0.79543428910345437,south,bronze,web,reliable product delivery customer feedback,0
031,32,late_entry,19.167624526879802,91.400784668781469,,29.457651051533048,-0.29225828269706883,-1.0745284998098554,south,bronze,mobile,稳定 服务 区域 产品 反馈,0
031,33,late_entry,19.369668974662876,96.155645246829224,10.145581970004427,33.96143041072515,1.8618755192115952,-1.3433512694402798,south,bronze,api,stable service regional product feedback,0
031,34,late_entry,19.793722570225956,95.993242622893348,30.589854523277939,26.946251312245938,-0.1797915706008501,0.61327810232091928,south,bronze,api,稳定 产品 交付 用户 反馈,0
031,35,late_entry,19.95442640614932,100.47136197463281,14.604587468936293,25.757891549716529,-1.3207676206696695,-0.16550338969847272,south,gold,mobile,稳定 产品 交付 用户 反馈,0
031,36,late_entry,19.633097583820348,,5.0318336300095643,31.717890877490188,0.76951583265761914,-1.3397960101460165,south,bronze,api,稳定 产品 交付 用户 反馈 量子 推荐 hyperpersonalised,0
031,37,late_entry,19.278437069750801,97.958214800406367,51.257307774174002,29.129536435586527,0.68891118047206057,0.30394770873198473,south,bronze,web,stable service regional product feedback,0
031,38,late_entry,19.763213747446024,95.163695491706491,197.50369843970773,27.837635094126426,-0.093029671264629826,0.21826769193485887,south,bronze,web,稳定 产品 交付 用户 反馈,0
031,39,late_entry,18.897800438212986,91.131797337256245,,26.819913412723213,-1.3235398857518936,-0.68126608366730779,south,bronze,api,稳定 服务 区域 产品 反馈,0
031,40,late_entry,19.985006796261377,98.097710020443088,14.14604589331009,28.36776868568467,-0.41277811329620229,-0.6338103844615941,south,bronze,mobile,stable service regional product feedback,0
031,41,late_entry,19.160522554750454,95.308152183173391,61.053775847463513,32.509923212456243,0.73356255629030886,-1.9446942056097904,south,gold,api,stable service regional product feedback,0
031,42,late_entry,19.005488615485977,94.732244427726386,,27.433199710653913,-0.76636601910211244,-0.648565991469084,south,gold,api,stable service regional product feedback,0
031,43,late_entry,20.205452958411264,96.400607438540646,36.007738479636039,22.540194648248978,-1.7956792467030904,1.6229593793803738,south,bronze,mobile,stable service regional product feedback,0
031,44,late_entry,19.875582876487744,107.74107371675576,,33.00313230685331,1.0449166020059855,-1.829213867399736,new_region,bronze,mobile,reliable product delivery customer feedback,0
031,45,late_entry,20.488452866682984,96.542843273815393,166.79728685257939,,0.22148898787156268,1.2531044565086389,south,gold,api,reliable product delivery customer feedback 量子 推荐 hyperpersonalised,0
031,46,late_entry,19.068246465040314,,5.6056604617205199,32.786907511421582,2.0154151598092316,-0.39303234476255833,south,gold,api,stable service regional product feedback,0
031,47,late_entry,19.338054772949917,,56.201491098520748,26.548206964994534,-0.95040165056397785,-0.25797894751092648,new_region,bronze,api,稳定 产品 交付 用户 反馈,0
031,48,late_entry,18.72023471739222,90.27490218871398,6.936570739793698,31.626989556483423,-0.080634826455789232,,south,bronze,mobile,稳定 服务 区域 产品 反馈,0
032,9,late_entry,21.058561748614878,,3.7114771578670624,31.328416989701214,-0.53219063707117853,-0.11457347346370353,west,gold,api,稳定 产品 交付 用户 反馈,0
032,10,late_entry,20.828587079557312,74.100211509934795,75.236775859993131,37.909002716434387,1.8629063022937005,-1.0667798217161166,west,bronze,mobile,stable service regional product feedback,0
032,11,late_entry,21.493266263319072,71.478794612310224,,36.035600391998663,1.2481408869499762,-0.73312011491460483,west,silver,web,reliable product delivery customer feedback,0
032,12,late_entry,20.626339651141237,77.689008589779647,,34.128285559740306,0.58051324722238085,-0.53775702007877701,west,bronze,web,稳定 服务 区域 产品 反馈,0
032,13,late_entry,20.910926017014397,81.218986643794921,30.905243249359454,29.910903009557508,0.047382614580311629,1.439882460865695,west,gold,mobile,stable service regional product feedback,0
032,14,late_entry,20.111845553742548,71.633048297483924,76.317002853838702,,-1.1789088245032533,-0.80815658644644495,west,bronze,api,stable service regional product feedback,0
032,15,late_entry,,71.710511054996331,10.25367971496977,,-1.3250495655784309,1.0952726600918561,west,bronze,api,稳定 产品 交付 用户 反馈,0
032,16,late_entry,21.839363549619772,79.993387679201163,59.72415176188516,31.94523109075952,-0.050011113257729237,0.10669188637336478,west,silver,api,reliable product delivery customer feedback,0
032,17,late_entry,20.449324100233735,74.84088032894563,6.2581306090379556,,0.079820690004537051,-0.33983259044351088,west,bronze,api,稳定 服务 区域 产品 反馈,0
032,18,late_entry,21.43189915597473,75.750814996549366,11.944185901790496,32.478326507268157,-0.65763444804991755,-1.1345134437099491,west,silver,mobile,稳定 服务 区域 产品 反馈,0
032,19,late_entry,20.441420396270246,70.467350860647244,23.261927996352441,32.148140242908987,-0.72341603939461985,-0.88707494904531214,west,gold,web,reliable product delivery customer feedback,0
032,20,late_entry,,74.356170754078619,,35.070562622495331,0.37179743929963821,-1.1488008352770978,west,gold,mobile,reliable product delivery customer feedback,0
032,21,late_entry,20.545521683167269,73.521535630848348,7.3042392069184672,30.216252800322227,,1.7054927896135708,west,bronze,mobile,stable service regional product feedback,0
032,22,late_entry,20.713395199540376,62.304624533038741,31.148752990754872,34.301918616624128,0.35153139664778588,-0.86328629473962859,west,bronze,api,稳定 服务 区域 产品 反馈,0
032,23,late_entry,21.245290993829421,76.434517266660677,32.589279676329546,,0.58112603182666067,-0.45484228283390504,west,gold,api,稳定 产品 交付 用户 反馈,0
032,24,late_entry,21.004311507542319,76.548139019712266,68.108055983711921,34.018899287993705,0.19959018501699052,-0.67881845396357998,west,silver,mobile,stable service regional product feedback,0
032,25,late_entry,21.367686228119467,71.770467637292015,31.348119257217295,29.999177406845892,-0.91341953332266124,,west,silver,mobile,稳定 服务 区域 产品 反馈,0
032,26,late_entry,20.645231668040545,74.481366510047224,6.597403253456525,32.839069647224612,-0.54774077892328699,-1.214608184614439,west,silver,web,reliable product delivery customer feedback,0
032,27,late_entry,20.770992712786924,74.14072101288879,4.8154084126109726,33.233818748568105,0.8835199318699819,0.42614895432565369,west,silver,web,stable service regional product feedback,0
032,28,late_entry,21.299851268375569,67.450012721455707,61.611169228173992,31.501195521441407,0.076781349604585269,0.59092455768968144,west,gold,web,stable service regional product feedback,0
032,29,late_entry,,75.955129797976412,45.456310108928619,,1.3080761931248575,0.13298777504787601,west,bronze,mobile,稳定 服务 区域 产品 反馈,0
032,30,late_entry,20.531625195051657,69.162361248929955,61.282744250336329,,0.063800132472447091,-0.46631616373842633,west,gold,web,稳定 产品 交付 用户 反馈,0
032,31,late_entry,20.832429274626627,75.953182116959084,18.165585230541222,30.73827673929846,-1.1150736672196395,-0.46573992689016086,west,gold,mobile,reliable product delivery customer feedback,0
032,32,late_entry,20.558113364776666,69.300513094462914,176.20613039490792,31.894742303277084,0.23048712538884719,0.64654261422379178,west,silver,api,稳定 服务 区域 产品 反馈,0
032,33,late_entry,20.745054476446789,69.170557645836098,10.725725176337294,35.657863280574091,0.50940467987374072,-1.6026793290361663,west,gold,web,reliable product delivery customer feedback,0
032,34,late_entry,20.900864329556526,66.835619928344258,78.668080773285268,33.899661711478828,0.49784290630037964,-0.46431788635194643,west,gold,api,稳定 服务 区域 产品 反馈,0
032,35,late_entry,,74.244203347939091,2.6155350624000366,36.964420520920697,1.7474343823790324,-0.84613886596961174,west,silver,web,reliable product delivery customer feedback,0
032,36,late_entry,21.23724575466656,71.637254766049139,13.619231569095543,37.088289702868174,1.8205844505514903,-0.80655488493164429,west,silver,api,稳定 产品 交付 用户 反馈,0
032,37,late_entry,20.716813727724112,74.152383386093462,7.9941115486737679,28.474396259898491,-0.52611416113644716,1.6421537249218559,west,bronze,api,reliable product delivery customer feedback 量子 推荐 hyperpersonalised,0
032,38,late_entry,21.268601319984437,72.574499845307358,8.0059787357027048,30.9649262591035,-0.06978902307371819,0.73163878903022717,new_region,gold,mobile,reliable product delivery customer feedback,0
032,39,late_entry,20.845170378314382,76.221943826711652,15.843495537512478,27.32367748091345,-0.65575633755631213,2.2617616574924466,west,bronze,web,稳定 服务 区域 产品 反馈,0
032,40,late_entry,21.08322413233984,71.459550866943573,41.764741031336236,33.344435914259329,0.92236369085883907,0.24956334443927738,west,silver,mobile,稳定 产品 交付 用户 反馈,0
032,41,late_entry,20.849128889937329,70.369419301452808,,32.702838718445655,-0.94307450510599811,-1.8474732821281357,west,gold,web,stable service regional product feedback,0
032,42,late_entry,20.726872506625053,74.42601617063184,18.224552451069055,33.283387691242666,1.2859359531274925,0.83670550947472089,west,bronze,api,reliable product delivery customer feedback,0
032,43,late_entry,20.701446903727494,74.549593315986314,28.536573758567513,33.921623323062093,-0.13042054298132275,-1.5645162228135647,west,gold,api,稳定 产品 交付 用户 反馈,0
032,44,late_entry,20.32420869504065,,5.0047637162466492,33.337288406325442,0.73143296689479109,0.19712936358663768,west,silver,mobile,稳定 产品 交付 用户 反馈,0
032,45,late_entry,20.912213840467768,74.560387607972231,32.028412175430233,,0.47288193750236968,-0.41333332219635371,new_region,gold,mobile,稳定 产品 交付 用户 反馈,0
032,46,late_entry,21.237956684956291,74.977373903181899,8.6785748606024242,32.343012304739354,1.3255471867329094,1.7488390938664982,west,bronze,web,稳定 产品 交付 用户 反馈,0
032,47,late_entry,21.264731061259845,77.52339398915575,25.052117360672082,30.235013909261728,-0.48020139699336578,0.8240597589996902,west,bronze,mobile,reliable product delivery customer feedback,0
032,48,late_entry,20.618106285770338,69.596498988391673,115.98096588741502,30.210428268924126,-0.96727056837217518,-0.0098829791647677741,west,gold,api,稳定 服务 区域 产品 反馈,0
