case,column,method,entity,period,source_row,split,truth,prediction,error,filled
main_capacity_mean,capacity,mean,001,1,1,fit,117.15952289634647,118.32772309999309,1.1682002036466201,True
main_capacity_mean,capacity,mean,001,29,29,heldout,117.8855679119969,118.32772309999309,0.44215518799619247,True
main_capacity_mean,capacity,mean,001,34,34,heldout,118.05199074598046,118.32772309999309,0.27573235401263219,True
main_capacity_mean,capacity,mean,001,46,45,heldout,115.35993079217971,118.32772309999309,2.967792307813383,True
main_capacity_mean,capacity,mean,002,1,48,fit,107.23418669233796,106.24197183897232,-0.99221485336563831,True
main_capacity_mean,capacity,mean,002,4,50,fit,108.15764888020855,106.24197183897232,-1.9156770412362363,True
main_capacity_mean,capacity,mean,002,7,53,fit,104.03549726457496,106.24197183897232,2.2064745743973617,True
main_capacity_mean,capacity,mean,002,20,65,heldout,105.20808221934398,106.24197183897232,1.03388961962834,True
main_capacity_mean,capacity,mean,002,27,72,heldout,108.73702768275692,106.24197183897232,-2.4950558437845984,True
main_capacity_mean,capacity,mean,002,35,80,heldout,108.95222918491955,106.24197183897232,-2.7102573459472268,True
main_capacity_mean,capacity,mean,002,36,81,heldout,99.134020194741723,106.24197183897232,7.1079516442305959,True
main_capacity_mean,capacity,mean,002,47,92,heldout,102.93679370119901,106.24197183897232,3.3051781377733107,True
main_capacity_mean,capacity,mean,003,7,100,fit,107.03817333449582,103.49632821858374,-3.5418451159120821,True
main_capacity_mean,capacity,mean,003,20,113,heldout,91.812094137497027,103.49632821858374,11.684234081086714,True
main_capacity_mean,capacity,mean,003,24,116,heldout,102.55546274044822,103.49632821858374,0.94086547813552102,True
main_capacity_mean,capacity,mean,003,26,118,heldout,101.93497406559332,103.49632821858374,1.5613541529904182,True
main_capacity_mean,capacity,mean,003,32,124,heldout,91.925757923840024,103.49632821858374,11.570570294743717,True
main_capacity_mean,capacity,mean,003,42,133,heldout,106.11958497340446,103.49632821858374,-2.6232567548207157,True
main_capacity_mean,capacity,mean,003,44,135,heldout,105.01775059394329,103.49632821858374,-1.5214223753595491,True
main_capacity_mean,capacity,mean,004,5,144,fit,99.35164550258996,95.944943365420869,-3.4067021371690913,True
main_capacity_mean,capacity,mean,004,27,164,heldout,102.69664725031041,95.944943365420869,-6.7517038848895368,True
main_capacity_mean,capacity,mean,004,35,172,heldout,95.84079698774768,95.944943365420869,0.10414637767318879,True
main_capacity_mean,capacity,mean,004,42,179,heldout,97.403059435864009,95.944943365420869,-1.4581160704431397,True
main_capacity_mean,capacity,mean,005,3,188,fit,104.93886766351824,109.65927016822225,4.7204025047040119,True
main_capacity_mean,capacity,mean,005,5,190,fit,111.85412028235115,109.65927016822225,-2.1948501141288972,True
main_capacity_mean,capacity,mean,005,11,196,fit,108.10308645059305,109.65927016822225,1.5561837176291959,True
main_capacity_mean,capacity,mean,005,12,197,fit,106.95090706505637,109.65927016822225,2.7083631031658797,True
main_capacity_mean,capacity,mean,005,24,209,heldout,112.58241887619188,109.65927016822225,-2.9231487079696308,True
main_capacity_mean,capacity,mean,006,10,240,fit,89.053640268367275,85.946912986292489,-3.106727282074786,True
main_capacity_mean,capacity,mean,006,37,266,heldout,87.789736967741163,85.946912986292489,-1.8428239814486744,True
main_capacity_mean,capacity,mean,006,42,271,heldout,90.90831035558621,85.946912986292489,-4.9613973692937208,True
main_capacity_mean,capacity,mean,006,45,274,heldout,86.415385654033372,85.946912986292489,-0.46847266774088325,True
main_capacity_mean,capacity,mean,007,7,284,fit,108.75247622041013,107.75776469719591,-0.99471152321422096,True
main_capacity_mean,capacity,mean,007,10,287,fit,105.82201744848527,107.75776469719591,1.9357472487106406,True
main_capacity_mean,capacity,mean,007,30,307,heldout,110.64757827045685,107.75776469719591,-2.8898135732609376,True
main_capacity_mean,capacity,mean,008,12,337,fit,104.2400588070348,105.4733320629377,1.2332732559029012,True
main_capacity_mean,capacity,mean,008,46,370,heldout,101.23803240461251,105.4733320629377,4.2352996583251894,True
main_capacity_mean,capacity,mean,009,7,379,fit,103.16319205267503,106.66364017725434,3.5004481245793073,True
main_capacity_mean,capacity,mean,009,10,382,fit,106.66470457307977,106.66364017725434,-0.0010643958254377139,True
main_capacity_mean,capacity,mean,009,12,384,fit,111.30045094208401,106.66364017725434,-4.6368107648296757,True
main_capacity_mean,capacity,mean,009,16,388,fit,105.49502502193914,106.66364017725434,1.1686151553151944,True
main_capacity_mean,capacity,mean,009,19,391,heldout,105.15686590226829,106.66364017725434,1.5067742749860429,True
main_capacity_mean,capacity,mean,009,20,392,heldout,104.98757406519189,106.66364017725434,1.6760661120624434,True
main_capacity_mean,capacity,mean,009,33,405,heldout,98.470107441322639,106.66364017725434,8.1935327359316972,True
main_capacity_mean,capacity,mean,010,31,448,heldout,115.51911534626035,111.91034048697288,-3.6087748592874647,True
main_capacity_mean,capacity,mean,010,33,450,heldout,108.31965676492483,111.91034048697288,3.5906837220480554,True
main_capacity_mean,capacity,mean,010,35,452,heldout,101.5252903088211,111.91034048697288,10.385050178151786,True
main_capacity_mean,capacity,mean,010,45,462,heldout,114.50359039218424,111.91034048697288,-2.5932499052113513,True
main_capacity_mean,capacity,mean,011,6,471,fit,92.067640069853468,87.10366886781577,-4.9639712020376976,True
main_capacity_mean,capacity,mean,011,29,492,heldout,93.758507211987762,87.10366886781577,-6.654838344171992,True
main_capacity_mean,capacity,mean,011,35,497,heldout,87.356943834455279,87.10366886781577,-0.2532749666395091,True
main_capacity_mean,capacity,mean,012,15,524,fit,95.75715016002323,91.882378572657174,-3.8747715873660553,True
main_capacity_mean,capacity,mean,012,20,529,heldout,93.521512779146548,91.882378572657174,-1.6391342064893735,True
main_capacity_mean,capacity,mean,013,8,565,fit,108.33688537538487,104.33432635014663,-4.0025590252382415,True
main_capacity_mean,capacity,mean,013,25,581,heldout,108.92420149377158,104.33432635014663,-4.5898751436249512,True
main_capacity_mean,capacity,mean,013,28,584,heldout,104.32787315958649,104.33432635014663,0.0064531905601370454,True
main_capacity_mean,capacity,mean,013,41,597,heldout,106.41615974431173,104.33432635014663,-2.0818333941651019,True
main_capacity_mean,capacity,mean,013,44,600,heldout,108.35900779728507,104.33432635014663,-4.0246814471384482,True
main_capacity_mean,capacity,mean,014,4,608,fit,79.85308588512207,77.648793968024094,-2.2042919170979758,True
main_capacity_mean,capacity,mean,014,34,637,heldout,74.994636325565608,77.648793968024094,2.6541576424584861,True
main_capacity_mean,capacity,mean,015,1,652,fit,111.97497419963807,106.82544263008914,-5.1495315695489268,True
main_capacity_mean,capacity,mean,015,12,663,fit,102.8691693639196,106.82544263008914,3.9562732661695463,True
main_capacity_mean,capacity,mean,015,13,664,fit,106.38059609287239,106.82544263008914,0.44484653721674761,True
main_capacity_mean,capacity,mean,015,18,669,heldout,102.32545969781587,106.82544263008914,4.4999829322732694,True
main_capacity_mean,capacity,mean,015,28,679,heldout,107.19393958658438,106.82544263008914,-0.36849695649523539,True
main_capacity_mean,capacity,mean,016,3,702,fit,114.12828409117998,107.36748860112824,-6.7607954900517342,True
main_capacity_mean,capacity,mean,016,4,703,fit,107.2930708193576,107.36748860112824,0.074417781770648617,True
main_capacity_mean,capacity,mean,016,9,708,fit,101.84022576736471,107.36748860112824,5.5272628337635297,True
main_capacity_mean,capacity,mean,016,18,717,heldout,108.15660672917699,107.36748860112824,-0.7891181280487416,True
main_capacity_mean,capacity,mean,016,19,718,heldout,107.34096697157997,107.36748860112824,0.026521629548270198,True
main_capacity_mean,capacity,mean,016,24,723,heldout,108.61594355958289,107.36748860112824,-1.2484549584546443,True
main_capacity_mean,capacity,mean,016,36,734,heldout,106.24972174579982,107.36748860112824,1.1177668553284263,True
main_capacity_mean,capacity,mean,016,37,735,heldout,107.02648983423721,107.36748860112824,0.34099876689103326,True
main_capacity_mean,capacity,mean,017,9,754,fit,110.84152691114978,109.32593098958375,-1.5155959215660317,True
main_capacity_mean,capacity,mean,017,24,769,heldout,110.17694728588958,109.32593098958375,-0.8510162963058292,True
main_capacity_mean,capacity,mean,017,34,779,heldout,106.51348944573051,109.32593098958375,2.8124415438532395,True
main_capacity_mean,capacity,mean,017,41,786,heldout,102.90001430735806,109.32593098958375,6.4259166822256901,True
main_capacity_mean,capacity,mean,018,3,795,fit,93.018209752473794,86.443386722065014,-6.5748230304087798,True
main_capacity_mean,capacity,mean,018,8,800,fit,89.4680849931095,86.443386722065014,-3.0246982710444854,True
main_capacity_mean,capacity,mean,018,23,814,heldout,87.658454642552613,86.443386722065014,-1.2150679204875985,True
main_capacity_mean,capacity,mean,018,34,825,heldout,94.463319363645809,86.443386722065014,-8.0199326415807946,True
main_capacity_mean,capacity,mean,018,42,833,heldout,87.874399748521881,86.443386722065014,-1.431013026456867,True
main_capacity_mean,capacity,mean,019,32,870,heldout,96.039367921370172,95.334588941693852,-0.70477897967631975,True
main_capacity_mean,capacity,mean,019,38,875,heldout,99.378942354575443,95.334588941693852,-4.0443534128815912,True
main_capacity_mean,capacity,mean,020,15,899,fit,97.353466703617755,98.403427431451988,1.0499607278342324,True
main_capacity_mean,capacity,mean,020,26,910,heldout,97.008208746253132,98.403427431451988,1.3952186851988557,True
main_capacity_mean,capacity,mean,020,34,918,heldout,101.25784257878391,98.403427431451988,-2.8544151473319204,True
main_capacity_mean,capacity,mean,020,39,923,heldout,89.365548506555086,98.403427431451988,9.0378789248969014,True
main_capacity_mean,capacity,mean,021,7,938,fit,91.700041401353104,100.71414582762168,9.0141044262685739,True
main_capacity_mean,capacity,mean,021,9,940,fit,95.698996149296761,100.71414582762168,5.0151496783249172,True
main_capacity_mean,capacity,mean,022,5,980,fit,110.73930998315956,106.26916264239726,-4.4701473407622956,True
main_capacity_mean,capacity,mean,022,28,1002,heldout,107.94623090951222,106.26916264239726,-1.6770682671149615,True
main_capacity_mean,capacity,mean,022,32,1006,heldout,108.67744211848881,106.26916264239726,-2.4082794760915505,True
main_capacity_mean,capacity,mean,023,1,1023,fit,97.62649327175825,105.30064625881994,7.6741529870616887,True
main_capacity_mean,capacity,mean,023,8,1030,fit,105.25656697886048,105.30064625881994,0.044079279959461815,True
main_capacity_mean,capacity,mean,023,21,1043,heldout,108.66684512302146,105.30064625881994,-3.3661988642015217,True
main_capacity_mean,capacity,mean,023,48,1070,heldout,113.9996260939415,105.30064625881994,-8.6989798351215626,True
main_capacity_mean,capacity,mean,024,5,1075,fit,88.092236730526594,90.315735390627623,2.2234986601010291,True
main_capacity_mean,capacity,mean,024,11,1081,fit,100.04024795081072,90.315735390627623,-9.7245125601831006,True
main_capacity_mean,capacity,mean,024,18,1088,heldout,89.418256336452274,90.315735390627623,0.89747905417534923,True
main_capacity_mean,capacity,mean,024,21,1091,heldout,93.907038949704614,90.315735390627623,-3.5913035590769908,True
main_capacity_mean,capacity,mean,024,36,1106,heldout,90.19425350064634,90.315735390627623,0.12148188998128262,True
main_capacity_mean,capacity,mean,025,11,1129,fit,95.342013667463434,96.570633281177379,1.2286196137139456,True
main_capacity_mean,capacity,mean,025,18,1136,heldout,95.608864590501483,96.570633281177379,0.96176869067589621,True
main_capacity_mean,capacity,mean,025,23,1141,heldout,89.271549115358496,96.570633281177379,7.2990841658188828,True
main_capacity_mean,capacity,mean,025,26,1144,heldout,87.595185388599901,96.570633281177379,8.9754478925774777,True
main_capacity_mean,capacity,mean,025,27,1145,heldout,92.571473992409381,96.570633281177379,3.9991592887679985,True
main_capacity_mean,capacity,mean,025,38,1156,heldout,101.04924584142407,96.570633281177379,-4.4786125602466882,True
main_capacity_mean,capacity,mean,025,44,1162,heldout,98.921323619501962,96.570633281177379,-2.3506903383245827,True
main_capacity_mean,capacity,mean,026,45,1207,heldout,119.0784809372585,110.79063114850908,-8.2878497887494262,True
main_capacity_mean,capacity,mean,027,9,1219,fit,89.359242886390192,92.045984438216905,2.6867415518267137,True
main_capacity_mean,capacity,mean,027,21,1231,heldout,91.436129282517172,92.045984438216905,0.60985515569973359,True
main_capacity_mean,capacity,mean,027,22,1232,heldout,93.312741662906205,92.045984438216905,-1.2667572246893002,True
main_capacity_mean,capacity,mean,027,42,1252,heldout,96.180295194993107,92.045984438216905,-4.1343107567762019,True
main_capacity_mean,capacity,mean,027,43,1253,heldout,83.992239830582903,92.045984438216905,8.0537446076340018,True
main_capacity_mean,capacity,mean,027,48,1258,heldout,86.969940633768587,92.045984438216905,5.076043804448318,True
main_capacity_mean,capacity,mean,028,9,1267,fit,110.04819540019625,111.66980771135648,1.6216123111602343,True
main_capacity_mean,capacity,mean,028,27,1283,heldout,111.29737657424872,111.66980771135648,0.37243113710776754,True
main_capacity_mean,capacity,mean,028,32,1287,heldout,113.4692568728193,111.66980771135648,-1.7994491614628174,True
main_capacity_mean,capacity,mean,028,36,1291,heldout,115.74583451268565,111.66980771135648,-4.0760268013291636,True
main_capacity_mean,capacity,mean,029,12,1306,fit,112.16712803995104,114.00231219183054,1.8351841518795027,True
main_capacity_mean,capacity,mean,030,12,1346,fit,89.680717177341919,85.066712449879418,-4.6140047274625005,True
main_capacity_mean,capacity,mean,030,20,1354,heldout,85.706631066319872,85.066712449879418,-0.639918616440454,True
main_capacity_mean,capacity,mean,030,34,1368,heldout,87.061779714709786,85.066712449879418,-1.995067264830368,True
main_capacity_mean,capacity,mean,031,15,1389,fit,87.738822274246601,92.303324052554004,4.5645017783074024,True
main_capacity_mean,capacity,mean,031,25,1399,heldout,95.852699059261113,92.303324052554004,-3.549375006707109,True
main_capacity_mean,capacity,mean,031,36,1410,heldout,97.284720184937498,92.303324052554004,-4.9813961323834945,True
main_capacity_mean,capacity,mean,031,46,1420,heldout,99.550759449436242,92.303324052554004,-7.2474353968822385,True
main_capacity_mean,capacity,mean,031,47,1421,heldout,107.83262569325856,92.303324052554004,-15.52930164070456,True
main_capacity_mean,capacity,mean,032,9,1423,fit,70.765025526872833,75.403421198214431,4.6383956713415984,True
main_capacity_mean,capacity,mean,032,44,1458,heldout,77.881123148118121,75.403421198214431,-2.4777019499036896,True
main_spend_median,spend,median,001,1,1,fit,20.199490954002556,16.53314827546896,-3.6663426785335957,True
main_spend_median,spend,median,001,9,9,fit,6.284111979978654,16.53314827546896,10.249036295490306,True
main_spend_median,spend,median,001,13,13,fit,16.290295565994505,16.53314827546896,0.24285270947445525,True
main_spend_median,spend,median,001,21,21,heldout,17.509490348310326,16.53314827546896,-0.97634207284136565,True
main_spend_median,spend,median,001,39,39,heldout,4.962808173387109,16.53314827546896,11.57034010208185,True
main_spend_median,spend,median,001,42,41,heldout,48.508318419922283,16.53314827546896,-31.975170144453323,True
main_spend_median,spend,median,001,46,45,heldout,34.159440173538123,16.53314827546896,-17.626291898069162,True
main_spend_median,spend,median,002,15,60,fit,11.675932878203863,14.095774992784207,2.4198421145803444,True
main_spend_median,spend,median,002,34,79,heldout,37.456140795069743,14.095774992784207,-23.360365802285536,True
main_spend_median,spend,median,003,2,95,fit,173.14941793428085,17.174455960226723,-155.97496197405411,True
main_spend_median,spend,median,003,24,116,heldout,94.075544268392477,17.174455960226723,-76.901088308165754,True
main_spend_median,spend,median,003,34,125,heldout,9.7150919353021568,17.174455960226723,7.4593640249245663,True
main_spend_median,spend,median,003,45,136,heldout,15.676334017175598,17.174455960226723,1.4981219430511246,True
main_spend_median,spend,median,004,37,174,heldout,4.376885695950234,19.20132354846254,14.824437852512306,True
main_spend_median,spend,median,004,38,175,heldout,3.5423764867883731,19.20132354846254,15.658947061674166,True
main_spend_median,spend,median,004,39,176,heldout,11.648601176542265,19.20132354846254,7.5527223719202752,True
main_spend_median,spend,median,005,3,188,fit,3.4800462253819728,14.034131019714804,10.554084794332832,True
main_spend_median,spend,median,005,8,193,fit,8.7539398557278307,14.034131019714804,5.2801911639869736,True
main_spend_median,spend,median,005,27,212,heldout,11.568988589939261,14.034131019714804,2.4651424297755433,True
main_spend_median,spend,median,005,35,219,heldout,8.6066190227048303,14.034131019714804,5.4275119970099741,True
main_spend_median,spend,median,006,17,247,heldout,19.606988999365669,18.437013230079121,-1.1699757692865482,True
main_spend_median,spend,median,006,21,251,heldout,15.161170455999274,18.437013230079121,3.2758427740798464,True
main_spend_median,spend,median,006,35,264,heldout,24.948067891995741,18.437013230079121,-6.5110546619166207,True
main_spend_median,spend,median,006,38,267,heldout,114.31016345586188,18.437013230079121,-95.873150225782766,True
main_spend_median,spend,median,007,17,294,heldout,52.247389346622455,21.725356277049173,-30.522033069573283,True
main_spend_median,spend,median,007,18,295,heldout,13.571326279348085,21.725356277049173,8.1540299977010875,True
main_spend_median,spend,median,007,47,324,heldout,26.51724644399841,21.725356277049173,-4.7918901669492371,True
main_spend_median,spend,median,008,16,341,fit,9.0293376269559342,21.874992251254319,12.845654624298385,True
main_spend_median,spend,median,008,19,344,heldout,58.950042360511091,21.874992251254319,-37.075050109256772,True
main_spend_median,spend,median,008,25,350,heldout,54.837418421325125,21.874992251254319,-32.962426170070806,True
main_spend_median,spend,median,008,33,358,heldout,10.804678468529932,21.874992251254319,11.070313782724387,True
main_spend_median,spend,median,008,39,363,heldout,7.8481139109948677,21.874992251254319,14.026878340259451,True
main_spend_median,spend,median,008,46,370,heldout,36.852562649209119,21.874992251254319,-14.9775703979548,True
main_spend_median,spend,median,009,12,384,fit,8.700156977288664,17.71189593770816,9.0117389604194962,True
main_spend_median,spend,median,009,17,389,heldout,23.778985865731944,17.71189593770816,-6.0670899280237833,True
main_spend_median,spend,median,009,25,397,heldout,79.90884649320968,17.71189593770816,-62.196950555501516,True
main_spend_median,spend,median,009,36,407,heldout,51.693090103704925,17.71189593770816,-33.981194165996769,True
main_spend_median,spend,median,009,37,408,heldout,12.286587432402813,17.71189593770816,5.4253085053053471,True
main_spend_median,spend,median,009,40,410,heldout,48.156942512549051,17.71189593770816,-30.445046574840891,True
main_spend_median,spend,median,009,48,418,heldout,12.853094380816996,17.71189593770816,4.858801556891164,True
main_spend_median,spend,median,010,5,422,fit,39.21792093899154,20.056609347166649,-19.161311591824891,True
main_spend_median,spend,median,010,30,447,heldout,16.302816983347526,20.056609347166649,3.7537923638191231,True
main_spend_median,spend,median,010,47,464,heldout,27.044263954550711,20.056609347166649,-6.9876546073840622,True
main_spend_median,spend,median,011,2,467,fit,2.5899646911759482,23.12184071229461,20.531876021118663,True
main_spend_median,spend,median,011,10,475,fit,31.096036031198803,23.12184071229461,-7.9741953189041936,True
main_spend_median,spend,median,011,30,493,heldout,8.5966821379329836,23.12184071229461,14.525158574361626,True
main_spend_median,spend,median,011,44,506,heldout,34.53385571085871,23.12184071229461,-11.4120149985641,True
main_spend_median,spend,median,012,7,516,fit,32.335474558360609,22.34235992442775,-9.9931146339328585,True
main_spend_median,spend,median,012,13,522,fit,8.1490679552147665,22.34235992442775,14.193291969212984,True
main_spend_median,spend,median,012,25,534,heldout,9.4987287060774666,22.34235992442775,12.843631218350284,True
main_spend_median,spend,median,012,43,552,heldout,18.767431419425154,22.34235992442775,3.5749285050025961,True
main_spend_median,spend,median,013,7,564,fit,90.233464415846157,24.751187705392997,-65.482276710453164,True
main_spend_median,spend,median,013,19,575,heldout,26.218745888404499,24.751187705392997,-1.4675581830115014,True
main_spend_median,spend,median,013,20,576,heldout,24.086965248073504,24.751187705392997,0.66422245731949303,True
main_spend_median,spend,median,013,21,577,heldout,24.751016519114682,24.751187705392997,0.0001711862783153606,True
main_spend_median,spend,median,013,24,580,heldout,15.427875981890224,24.751187705392997,9.3233117235027727,True
main_spend_median,spend,median,013,27,583,heldout,30.285988315268018,24.751187705392997,-5.5348006098750204,True
main_spend_median,spend,median,013,29,585,heldout,48.628563001891685,24.751187705392997,-23.877375296498688,True
main_spend_median,spend,median,013,34,590,heldout,31.752987595428035,24.751187705392997,-7.0017998900350378,True
main_spend_median,spend,median,013,41,597,heldout,19.61806023362789,24.751187705392997,5.133127471765107,True
main_spend_median,spend,median,013,45,601,heldout,25.766752286042635,24.751187705392997,-1.0155645806496381,True
main_spend_median,spend,median,014,30,633,heldout,35.078793439005189,17.263174164886543,-17.815619274118646,True
main_spend_median,spend,median,014,36,639,heldout,21.900190833611493,17.263174164886543,-4.6370166687249501,True
main_spend_median,spend,median,014,39,642,heldout,16.330337736759116,17.263174164886543,0.93283642812742684,True
main_spend_median,spend,median,014,42,645,heldout,12.972553066977495,17.263174164886543,4.2906210979090478,True
main_spend_median,spend,median,014,46,649,heldout,8.1662329339774029,17.263174164886543,9.09694123090914,True
main_spend_median,spend,median,015,5,656,fit,92.051020885305462,26.919920297663325,-65.131100587642138,True
main_spend_median,spend,median,015,17,668,heldout,57.66135358270332,26.919920297663325,-30.741433285039996,True
main_spend_median,spend,median,015,39,690,heldout,49.953586022807791,26.919920297663325,-23.033665725144466,True
main_spend_median,spend,median,015,40,691,heldout,11.04482243062902,26.919920297663325,15.875097867034304,True
main_spend_median,spend,median,015,47,698,heldout,58.216337927654294,26.919920297663325,-31.29641762999097,True
main_spend_median,spend,median,016,5,704,fit,5.3221776705800927,28.412930816224431,23.090753145644339,True
main_spend_median,spend,median,016,12,711,fit,98.286558260238607,28.412930816224431,-69.873627444014176,True
main_spend_median,spend,median,016,31,729,heldout,7.3744150949869889,28.412930816224431,21.038515721237442,True
main_spend_median,spend,median,016,44,742,heldout,61.966547817618846,28.412930816224431,-33.553617001394414,True
main_spend_median,spend,median,017,2,747,fit,10.637077537671445,19.760737482791644,9.123659945120199,True
main_spend_median,spend,median,017,3,748,fit,28.754582656817714,19.760737482791644,-8.9938451740260703,True
main_spend_median,spend,median,017,9,754,fit,54.107118019595049,19.760737482791644,-34.346380536803409,True
main_spend_median,spend,median,017,11,756,fit,11.083579749956643,19.760737482791644,8.6771577328350009,True
main_spend_median,spend,median,017,14,759,fit,36.676653457914732,19.760737482791644,-16.915915975123088,True
main_spend_median,spend,median,017,17,762,heldout,28.039286240729481,19.760737482791644,-8.2785487579378376,True
main_spend_median,spend,median,017,23,768,heldout,21.046846347648636,19.760737482791644,-1.2861088648569918,True
main_spend_median,spend,median,017,26,771,heldout,11.590879403976439,19.760737482791644,8.1698580788152046,True
main_spend_median,spend,median,017,48,792,heldout,21.556924152760281,19.760737482791644,-1.7961866699686375,True
main_spend_median,spend,median,018,15,807,fit,90.480787597897844,21.362034901421858,-69.11875269647598,True
main_spend_median,spend,median,018,35,826,heldout,5.0120503204797817,21.362034901421858,16.349984580942078,True
main_spend_median,spend,median,018,45,836,heldout,54.791233719157738,21.362034901421858,-33.42919881773588,True
main_spend_median,spend,median,019,5,844,fit,35.739405455414648,25.428056970542986,-10.311348484871662,True
main_spend_median,spend,median,019,6,845,fit,29.148849178519537,25.428056970542986,-3.720792207976551,True
main_spend_median,spend,median,019,14,852,fit,7.8304299253687466,25.428056970542986,17.597627045174239,True
main_spend_median,spend,median,019,18,856,heldout,22.171127737626755,25.428056970542986,3.2569292329162316,True
main_spend_median,spend,median,020,26,910,heldout,34.038955256670931,19.019619207224942,-15.01933604944599,True
main_spend_median,spend,median,020,32,916,heldout,21.735486181297787,19.019619207224942,-2.7158669740728456,True
main_spend_median,spend,median,020,36,920,heldout,62.33736979215724,19.019619207224942,-43.317750584932298,True
main_spend_median,spend,median,020,40,924,heldout,26.407604532448211,19.019619207224942,-7.3879853252232692,True
main_spend_median,spend,median,020,42,926,heldout,3.893599783233693,19.019619207224942,15.126019423991249,True
main_spend_median,spend,median,020,43,927,heldout,7.9670640697330812,19.019619207224942,11.052555137491861,True
main_spend_median,spend,median,021,4,935,fit,35.777633142500953,11.022636901348127,-24.754996241152824,True
main_spend_median,spend,median,021,7,938,fit,70.221319687370709,11.022636901348127,-59.19868278602258,True
main_spend_median,spend,median,021,18,949,heldout,46.534214558864335,11.022636901348127,-35.511577657516206,True
main_spend_median,spend,median,021,30,960,heldout,37.134106959925582,11.022636901348127,-26.111470058577453,True
main_spend_median,spend,median,021,31,961,heldout,14.292671583353046,11.022636901348127,-3.2700346820049191,True
main_spend_median,spend,median,021,34,963,heldout,12.638090139646463,11.022636901348127,-1.6154532382983362,True
main_spend_median,spend,median,021,44,973,heldout,13.245731091152967,11.022636901348127,-2.22309418980484,True
main_spend_median,spend,median,021,45,974,heldout,8.7016014850228647,11.022636901348127,2.3210354163252624,True
main_spend_median,spend,median,021,48,976,heldout,31.989450330149658,11.022636901348127,-20.96681342880153,True
main_spend_median,spend,median,022,9,984,fit,5.5589637472724691,17.702821292463405,12.143857545190937,True
main_spend_median,spend,median,022,11,986,fit,22.346339414654718,17.702821292463405,-4.6435181221913133,True
main_spend_median,spend,median,022,12,987,fit,2.9689702686173729,17.702821292463405,14.733851023846032,True
main_spend_median,spend,median,022,23,997,heldout,8.4242225277678973,17.702821292463405,9.2785987646955075,True
main_spend_median,spend,median,022,31,1005,heldout,37.039505825740349,17.702821292463405,-19.336684533276944,True
main_spend_median,spend,median,022,40,1014,heldout,44.141913606050281,17.702821292463405,-26.439092313586876,True
main_spend_median,spend,median,022,42,1016,heldout,6.8096073761183629,17.702821292463405,10.893213916345042,True
main_spend_median,spend,median,022,44,1018,heldout,13.279805877703119,17.702821292463405,4.423015414760286,True
main_spend_median,spend,median,023,11,1033,fit,34.78502944552109,23.678381491135024,-11.106647954386066,True
main_spend_median,spend,median,023,16,1038,fit,5.2388427284887928,23.678381491135024,18.439538762646229,True
main_spend_median,spend,median,023,39,1061,heldout,19.055244828261397,23.678381491135024,4.6231366628736268,True
main_spend_median,spend,median,024,9,1079,fit,84.766183257977104,20.329660091651693,-64.436523166325415,True
main_spend_median,spend,median,024,20,1090,heldout,23.575866788331169,20.329660091651693,-3.2462066966794758,True
main_spend_median,spend,median,024,37,1107,heldout,9.6427569110978091,20.329660091651693,10.686903180553884,True
main_spend_median,spend,median,024,39,1109,heldout,15.392674969548294,20.329660091651693,4.9369851221033993,True
main_spend_median,spend,median,024,47,1117,heldout,11.586590414714397,20.329660091651693,8.7430696769372958,True
main_spend_median,spend,median,025,4,1122,fit,62.996937575360093,25.918263152671582,-37.078674422688508,True
main_spend_median,spend,median,025,11,1129,fit,8.6407007411500665,25.918263152671582,17.277562411521515,True
main_spend_median,spend,median,025,13,1131,fit,20.769344703471965,25.918263152671582,5.1489184491996163,True
main_spend_median,spend,median,025,24,1142,heldout,9.9554826779987504,25.918263152671582,15.962780474672831,True
main_spend_median,spend,median,025,33,1151,heldout,41.709627789243385,25.918263152671582,-15.791364636571803,True
main_spend_median,spend,median,025,37,1155,heldout,3.8040292488595608,25.918263152671582,22.114233903812021,True
main_spend_median,spend,median,027,6,1216,fit,27.779315728146287,16.709832367536805,-11.069483360609482,True
main_spend_median,spend,median,027,21,1231,heldout,6.0313104572443343,16.709832367536805,10.678521910292471,True
main_spend_median,spend,median,027,22,1232,heldout,13.915334864989539,16.709832367536805,2.7944975025472658,True
main_spend_median,spend,median,027,31,1241,heldout,26.078611722894141,16.709832367536805,-9.3687793553573364,True
main_spend_median,spend,median,027,34,1244,heldout,44.515339615606578,16.709832367536805,-27.805507248069773,True
main_spend_median,spend,median,028,4,1262,fit,5.3442587980986174,22.98913233339297,17.644873535294352,True
main_spend_median,spend,median,028,7,1265,fit,26.767778383620083,22.98913233339297,-3.7786460502271133,True
main_spend_median,spend,median,028,16,1273,fit,17.558010100670138,22.98913233339297,5.4311222327228315,True
main_spend_median,spend,median,028,20,1276,heldout,60.497424020594849,22.98913233339297,-37.508291687201876,True
main_spend_median,spend,median,028,29,1284,heldout,114.95427762398485,22.98913233339297,-91.965145290591877,True
main_spend_median,spend,median,028,30,1285,heldout,3.8861433498957156,22.98913233339297,19.102988983497255,True
main_spend_median,spend,median,028,42,1296,heldout,20.967485559782887,22.98913233339297,2.0216467736100832,True
main_spend_median,spend,median,028,45,1299,heldout,47.554411020772996,22.98913233339297,-24.565278687380026,True
main_spend_median,spend,median,029,13,1307,fit,20.883852347527004,25.163289283475208,4.2794369359482047,True
main_spend_median,spend,median,029,16,1310,fit,7.3615250153382252,25.163289283475208,17.801764268136985,True
main_spend_median,spend,median,029,26,1320,heldout,46.059224313492095,25.163289283475208,-20.895935030016886,True
main_spend_median,spend,median,029,27,1321,heldout,8.3445224556626645,25.163289283475208,16.818766827812546,True
main_spend_median,spend,median,029,43,1337,heldout,3.8588866374098263,25.163289283475208,21.304402646065384,True
main_spend_median,spend,median,030,15,1349,fit,31.065174838789922,38.216508194267945,7.1513333554780232,True
main_spend_median,spend,median,030,16,1350,fit,52.730562287099595,38.216508194267945,-14.51405409283165,True
main_spend_median,spend,median,031,26,1400,heldout,9.5465722566166757,32.974039968800639,23.427467712183962,True
main_spend_median,spend,median,031,31,1405,heldout,15.970826514031202,32.974039968800639,17.003213454769437,True
main_spend_median,spend,median,031,32,1406,heldout,11.758245726169548,32.974039968800639,21.215794242631091,True
main_spend_median,spend,median,031,39,1413,heldout,11.36182198835483,32.974039968800639,21.612217980445809,True
main_spend_median,spend,median,031,42,1416,heldout,27.940888553938994,32.974039968800639,5.0331514148616456,True
main_spend_median,spend,median,031,44,1418,heldout,17.049368736471905,32.974039968800639,15.924671232328734,True
main_spend_median,spend,median,032,11,1425,fit,7.2510557154233224,45.314697505622306,38.063641790198986,True
main_spend_median,spend,median,032,12,1426,fit,45.259481839678045,45.314697505622306,0.055215665944260195,True
main_spend_median,spend,median,032,20,1434,heldout,62.886914210301306,45.314697505622306,-17.572216704679001,True
main_spend_median,spend,median,032,41,1455,heldout,15.687874618955888,45.314697505622306,29.626822886666417,True
main_correlated_metric_knn,correlated_metric,knn,001,12,12,fit,37.847958383858241,38.832895956823208,0.98493757296496653,True
main_correlated_metric_knn,correlated_metric,knn,001,14,14,fit,34.563450247815929,36.619552790918036,2.0561025431021065,True
main_correlated_metric_knn,correlated_metric,knn,001,36,36,heldout,37.5592565250831,36.655251618194626,-0.90400490688847412,True
main_correlated_metric_knn,correlated_metric,knn,003,1,94,fit,32.749619094965382,31.664730601038666,-1.0848884939267158,True
main_correlated_metric_knn,correlated_metric,knn,003,4,97,fit,26.244143339668913,27.677769084235067,1.4336257445661538,True
main_correlated_metric_knn,correlated_metric,knn,003,8,101,fit,31.089492060326961,29.141153051929809,-1.9483390083971521,True
main_correlated_metric_knn,correlated_metric,knn,003,19,112,heldout,27.15788605432401,27.88874974938312,0.73086369505911009,True
main_correlated_metric_knn,correlated_metric,knn,003,23,115,heldout,29.149126810646141,28.541100805160664,-0.60802600548547758,True
main_correlated_metric_knn,correlated_metric,knn,003,25,117,heldout,30.439241323322097,28.099177156181945,-2.3400641671401523,True
main_correlated_metric_knn,correlated_metric,knn,003,41,132,heldout,26.214614644341939,27.699749974625593,1.4851353302836543,True
main_correlated_metric_knn,correlated_metric,knn,003,43,134,heldout,34.638392094414272,32.02564610465555,-2.6127459897587215,True
main_correlated_metric_knn,correlated_metric,knn,004,8,147,fit,30.209073682151914,29.776987977070139,-0.43208570508177502,True
main_correlated_metric_knn,correlated_metric,knn,004,23,161,heldout,28.386508208688749,28.557802940046798,0.17129473135804929,True
main_correlated_metric_knn,correlated_metric,knn,004,29,166,heldout,28.907404831491316,30.480015381825908,1.5726105503345913,True
main_correlated_metric_knn,correlated_metric,knn,005,18,203,heldout,29.906740350915342,29.276697422579204,-0.63004292833613817,True
main_correlated_metric_knn,correlated_metric,knn,005,34,218,heldout,25.103947659810611,26.20067864948102,1.0967309896704087,True
main_correlated_metric_knn,correlated_metric,knn,005,38,221,heldout,24.142304916413256,26.360876240037662,2.2185713236244062,True
main_correlated_metric_knn,correlated_metric,knn,005,44,227,heldout,29.840465006075405,29.12241870068101,-0.71804630539439529,True
main_correlated_metric_knn,correlated_metric,knn,006,7,237,fit,25.993230837527108,25.841234338849699,-0.15199649867740916,True
main_correlated_metric_knn,correlated_metric,knn,006,26,255,heldout,24.976134697675661,24.722182489005419,-0.25395220867024193,True
main_correlated_metric_knn,correlated_metric,knn,006,31,260,heldout,23.454703597800208,23.813448210730776,0.35874461293056825,True
main_correlated_metric_knn,correlated_metric,knn,006,34,263,heldout,20.599709428056808,22.053516650267539,1.453807222210731,True
main_correlated_metric_knn,correlated_metric,knn,006,36,265,heldout,20.995620534291152,22.259364486867639,1.2637439525764869,True
main_correlated_metric_knn,correlated_metric,knn,006,43,272,heldout,24.610832389565907,25.380469078072263,0.76963668850635614,True
main_correlated_metric_knn,correlated_metric,knn,006,47,276,heldout,22.431519475903023,23.125750009869968,0.69423053396694456,True
main_correlated_metric_knn,correlated_metric,knn,007,1,278,fit,27.408593566901786,27.067488554330449,-0.34110501257133663,True
main_correlated_metric_knn,correlated_metric,knn,007,8,285,fit,23.57911213987655,26.476755867362371,2.8976437274858213,True
main_correlated_metric_knn,correlated_metric,knn,007,26,303,heldout,26.40391284788905,26.122153557095277,-0.28175929079377227,True
main_correlated_metric_knn,correlated_metric,knn,007,32,309,heldout,27.764294009380357,27.351760449996224,-0.4125335593841335,True
main_correlated_metric_knn,correlated_metric,knn,007,39,316,heldout,30.974654325011993,29.502073169776455,-1.4725811552355381,True
main_correlated_metric_knn,correlated_metric,knn,008,10,335,fit,25.217826773720162,25.104971660720267,-0.11285511299989537,True
main_correlated_metric_knn,correlated_metric,knn,008,13,338,fit,26.379653366477033,26.365123611462717,-0.014529755014315526,True
main_correlated_metric_knn,correlated_metric,knn,008,24,349,heldout,26.444840805101002,26.61685187707257,0.17201107197156773,True
main_correlated_metric_knn,correlated_metric,knn,008,27,352,heldout,24.129512934549428,24.575106130738138,0.44559319618871029,True
main_correlated_metric_knn,correlated_metric,knn,008,36,360,heldout,28.579957232346711,27.338615707521186,-1.2413415248255255,True
main_correlated_metric_knn,correlated_metric,knn,008,37,361,heldout,28.615128777715853,27.801170729214782,-0.81395804850107112,True
main_correlated_metric_knn,correlated_metric,knn,008,48,372,heldout,22.685838890500563,23.629362728333142,0.9435238378325792,True
main_correlated_metric_knn,correlated_metric,knn,009,13,385,fit,23.783212823443399,25.826176792856547,2.0429639694131474,True
main_correlated_metric_knn,correlated_metric,knn,009,39,409,heldout,28.161169970638383,28.611586956253031,0.45041698561464827,True
main_correlated_metric_knn,correlated_metric,knn,009,40,410,heldout,27.951044505413652,28.172607539019875,0.22156303360622331,True
main_correlated_metric_knn,correlated_metric,knn,009,42,412,heldout,31.401084100859062,29.740758085728899,-1.6603260151301633,True
main_correlated_metric_knn,correlated_metric,knn,010,22,439,heldout,34.626282334417276,33.847099001930381,-0.77918333248689464,True
main_correlated_metric_knn,correlated_metric,knn,010,26,443,heldout,34.413037626291739,34.151607297567054,-0.26143032872468552,True
main_correlated_metric_knn,correlated_metric,knn,010,38,455,heldout,36.079959789510362,34.269080277149655,-1.8108795123607067,True
main_correlated_metric_knn,correlated_metric,knn,010,39,456,heldout,34.343391293350017,34.468752084266228,0.12536079091621133,True
main_correlated_metric_knn,correlated_metric,knn,011,6,471,fit,34.263017362051976,32.14279898963099,-2.120218372420986,True
main_correlated_metric_knn,correlated_metric,knn,011,11,476,fit,25.893387607286023,27.110206806616258,1.2168191993302351,True
main_correlated_metric_knn,correlated_metric,knn,011,28,491,heldout,27.502303141402194,26.728016604447614,-0.77428653695458038,True
main_correlated_metric_knn,correlated_metric,knn,011,33,496,heldout,32.934553600964051,31.41619489361775,-1.5183587073463016,True
main_correlated_metric_knn,correlated_metric,knn,011,39,501,heldout,24.335446224415062,26.746283619383195,2.4108373949681337,True
main_correlated_metric_knn,correlated_metric,knn,012,16,525,fit,26.577889930693789,26.650827355275656,0.072937424581866139,True
main_correlated_metric_knn,correlated_metric,knn,012,28,537,heldout,25.027961919032428,25.28633349569127,0.25837157665884192,True
main_correlated_metric_knn,correlated_metric,knn,013,28,584,heldout,32.582510404170606,32.370168796146849,-0.21234160802375612,True
main_correlated_metric_knn,correlated_metric,knn,013,29,585,heldout,31.064562037623084,31.692086952177672,0.62752491455458781,True
main_correlated_metric_knn,correlated_metric,knn,013,44,600,heldout,30.252759662153714,31.050423120914015,0.79766345876030087,True
main_correlated_metric_knn,correlated_metric,knn,013,45,601,heldout,33.610763856890578,33.331832263300626,-0.27893159358995234,True
main_correlated_metric_knn,correlated_metric,knn,014,14,618,fit,26.056825179747012,28.266901227409544,2.2100760476625325,True
main_correlated_metric_knn,correlated_metric,knn,014,18,622,heldout,26.630571195030324,27.243777662338761,0.6132064673084372,True
main_correlated_metric_knn,correlated_metric,knn,014,21,625,heldout,25.291393906059348,30.7332846555788,5.4418907495194517,True
main_correlated_metric_knn,correlated_metric,knn,014,37,640,heldout,26.59789277752186,27.750419292868617,1.1525265153467572,True
main_correlated_metric_knn,correlated_metric,knn,015,9,660,fit,29.067548058943451,29.122870153642278,0.055322094698826874,True
main_correlated_metric_knn,correlated_metric,knn,015,30,681,heldout,29.77248973662768,29.27585011793623,-0.49663961869145012,True
main_correlated_metric_knn,correlated_metric,knn,015,33,684,heldout,28.604628140284586,28.453537212965095,-0.15109092731949048,True
main_correlated_metric_knn,correlated_metric,knn,015,39,690,heldout,27.931615998748946,28.157917500561272,0.22630150181232622,True
main_correlated_metric_knn,correlated_metric,knn,016,2,701,fit,23.708794881753875,23.364573387131347,-0.34422149462252705,True
main_correlated_metric_knn,correlated_metric,knn,016,3,702,fit,22.040727963854128,22.061122886283304,0.020394922429176177,True
main_correlated_metric_knn,correlated_metric,knn,016,4,703,fit,24.852181755797041,23.703611632875155,-1.1485701229218854,True
main_correlated_metric_knn,correlated_metric,knn,016,23,722,heldout,25.281120951690344,23.455212652240501,-1.8259082994498428,True
main_correlated_metric_knn,correlated_metric,knn,016,32,730,heldout,19.700859854197471,21.35067891730613,1.6498190631086587,True
main_correlated_metric_knn,correlated_metric,knn,016,34,732,heldout,18.579355277487366,21.199119747436562,2.619764469949196,True
main_correlated_metric_knn,correlated_metric,knn,016,35,733,heldout,22.453619014462561,22.654471526725033,0.20085251226247181,True
main_correlated_metric_knn,correlated_metric,knn,017,2,747,fit,32.440296377825156,31.948308742719671,-0.4919876351054846,True
main_correlated_metric_knn,correlated_metric,knn,017,3,748,fit,31.376862293952019,31.579575760111851,0.20271346615983177,True
main_correlated_metric_knn,correlated_metric,knn,017,4,749,fit,29.904787419658636,29.710698201807535,-0.19408921785110067,True
main_correlated_metric_knn,correlated_metric,knn,017,6,751,fit,32.711443951741501,31.700034119352054,-1.0114098323894467,True
main_correlated_metric_knn,correlated_metric,knn,017,7,752,fit,28.984252524127939,28.98637464997341,0.0021221258454708902,True
main_correlated_metric_knn,correlated_metric,knn,017,24,769,heldout,31.001321704180885,31.768196352291366,0.76687464811048045,True
main_correlated_metric_knn,correlated_metric,knn,017,34,779,heldout,31.55183960729812,30.781696788765206,-0.77014281853291422,True
main_correlated_metric_knn,correlated_metric,knn,017,35,780,heldout,28.209664712297027,28.972870187852351,0.76320547555532414,True
main_correlated_metric_knn,correlated_metric,knn,017,38,783,heldout,29.183180843548303,28.970781222096626,-0.21239962145167723,True
main_correlated_metric_knn,correlated_metric,knn,017,39,784,heldout,31.622713411005066,31.440555808871295,-0.18215760213377052,True
main_correlated_metric_knn,correlated_metric,knn,017,47,791,heldout,28.714119818957236,28.898160251019512,0.18404043206227527,True
main_correlated_metric_knn,correlated_metric,knn,018,13,805,fit,23.341265924710441,24.056086470253252,0.71482054554281049,True
main_correlated_metric_knn,correlated_metric,knn,018,29,820,heldout,26.156659545416076,25.550312938738347,-0.60634660667772877,True
main_correlated_metric_knn,correlated_metric,knn,018,32,823,heldout,19.507744082856028,22.597685089874872,3.0899410070188438,True
main_correlated_metric_knn,correlated_metric,knn,018,33,824,heldout,20.146597367309429,24.85883879894147,4.7122414316320409,True
main_correlated_metric_knn,correlated_metric,knn,019,2,841,fit,28.415900793937762,28.263675051006167,-0.15222574293159497,True
main_correlated_metric_knn,correlated_metric,knn,019,24,862,heldout,30.523351041428207,29.080965144771888,-1.4423858966563188,True
main_correlated_metric_knn,correlated_metric,knn,019,28,866,heldout,27.297802639749086,27.297483083897063,-0.00031955585202325665,True
main_correlated_metric_knn,correlated_metric,knn,019,29,867,heldout,32.543383977346416,28.225331493884589,-4.3180524834618268,True
main_correlated_metric_knn,correlated_metric,knn,019,42,879,heldout,27.701172899913445,27.560359146085286,-0.14081375382815864,True
main_correlated_metric_knn,correlated_metric,knn,020,8,892,fit,33.094390542243723,32.33010771691459,-0.76428282532913272,True
main_correlated_metric_knn,correlated_metric,knn,020,12,896,fit,24.79978598222883,27.627866630332246,2.8280806481034162,True
main_correlated_metric_knn,correlated_metric,knn,020,24,908,heldout,33.804119593585575,32.544038921252422,-1.260080672333153,True
main_correlated_metric_knn,correlated_metric,knn,020,25,909,heldout,30.887279726485072,30.622296607121186,-0.26498311936388674,True
main_correlated_metric_knn,correlated_metric,knn,020,26,910,heldout,32.797549150545002,32.234231959948936,-0.56331719059606655,True
main_correlated_metric_knn,correlated_metric,knn,020,32,916,heldout,26.615983384148951,27.761678864455771,1.14569548030682,True
main_correlated_metric_knn,correlated_metric,knn,021,11,942,fit,35.627627589089698,34.327960528705425,-1.299667060384273,True
main_correlated_metric_knn,correlated_metric,knn,021,12,943,fit,30.236844453980595,31.228260145715243,0.99141569173464816,True
main_correlated_metric_knn,correlated_metric,knn,021,22,953,heldout,29.336452516038385,30.271617466999526,0.93516495096114127,True
main_correlated_metric_knn,correlated_metric,knn,021,32,962,heldout,33.832912382344276,34.031470882950877,0.19855850060660174,True
main_correlated_metric_knn,correlated_metric,knn,022,6,981,fit,29.621946008128479,29.91532559055522,0.29337958242674134,True
main_correlated_metric_knn,correlated_metric,knn,022,17,992,heldout,26.774987082121328,28.054780676032955,1.2797935939116272,True
main_correlated_metric_knn,correlated_metric,knn,022,21,995,heldout,32.283886262786531,33.260933135919238,0.97704687313270711,True
main_correlated_metric_knn,correlated_metric,knn,022,26,1000,heldout,33.484967442924763,33.565277370195389,0.080309927270626247,True
main_correlated_metric_knn,correlated_metric,knn,022,40,1014,heldout,28.283123699840054,29.484077638864036,1.2009539390239823,True
main_correlated_metric_knn,correlated_metric,knn,022,45,1019,heldout,31.489870123241982,33.491067458072159,2.0011973348301773,True
main_correlated_metric_knn,correlated_metric,knn,023,2,1024,fit,33.023390121400652,32.734679765054665,-0.28871035634598741,True
main_correlated_metric_knn,correlated_metric,knn,023,8,1030,fit,34.800874108298011,33.822726411118566,-0.97814769717944472,True
main_correlated_metric_knn,correlated_metric,knn,023,18,1040,heldout,28.471222647616205,28.238844653155027,-0.23237799446117791,True
main_correlated_metric_knn,correlated_metric,knn,023,19,1041,heldout,31.233898500677782,31.049259978685569,-0.18463852199221265,True
main_correlated_metric_knn,correlated_metric,knn,023,20,1042,heldout,31.148805913740023,31.349989440841036,0.20118352710101206,True
main_correlated_metric_knn,correlated_metric,knn,023,38,1060,heldout,31.040893740702639,30.948015813011207,-0.09287792769143266,True
main_correlated_metric_knn,correlated_metric,knn,023,43,1065,heldout,33.241118495165509,32.373626404430837,-0.86749209073467171,True
main_correlated_metric_knn,correlated_metric,knn,024,3,1073,fit,29.666089623219854,29.993289206993396,0.32719958377354175,True
main_correlated_metric_knn,correlated_metric,knn,024,7,1077,fit,25.458639795686356,27.837841884995175,2.3792020893088193,True
main_correlated_metric_knn,correlated_metric,knn,024,11,1081,fit,30.982404973311876,30.944692320711727,-0.037712652600148999,True
main_correlated_metric_knn,correlated_metric,knn,024,15,1085,fit,29.487803488484591,29.851617141420078,0.3638136529354874,True
main_correlated_metric_knn,correlated_metric,knn,024,25,1095,heldout,28.836787166666181,28.907201615220195,0.070414448554014797,True
main_correlated_metric_knn,correlated_metric,knn,024,28,1098,heldout,31.384884621800307,31.036360485404227,-0.3485241363960796,True
main_correlated_metric_knn,correlated_metric,knn,025,11,1129,fit,32.549629297552258,30.846306172401761,-1.7033231251504972,True
main_correlated_metric_knn,correlated_metric,knn,025,20,1138,heldout,25.912290573617838,26.192871541956862,0.28058096833902368,True
main_correlated_metric_knn,correlated_metric,knn,025,25,1143,heldout,28.993188726526959,28.877331721333722,-0.11585700519323794,True
main_correlated_metric_knn,correlated_metric,knn,025,38,1156,heldout,27.671463549618398,27.62128378460233,-0.050179765016068245,True
main_correlated_metric_knn,correlated_metric,knn,026,12,1176,fit,28.542518403878308,27.694687424480886,-0.84783097939742191,True
main_correlated_metric_knn,correlated_metric,knn,026,18,1182,heldout,21.069676880606441,23.375648842210452,2.305971961604012,True
main_correlated_metric_knn,correlated_metric,knn,026,19,1183,heldout,30.872347834865995,30.554116465881084,-0.318231368984911,True
main_correlated_metric_knn,correlated_metric,knn,026,28,1190,heldout,28.306120320753259,28.307112252344712,0.00099193159145372078,True
main_correlated_metric_knn,correlated_metric,knn,026,34,1196,heldout,23.684099212095518,24.252044848930492,0.56794563683497401,True
main_correlated_metric_knn,correlated_metric,knn,026,47,1209,heldout,27.04582905295764,26.942713573901035,-0.1031154790566049,True
main_correlated_metric_knn,correlated_metric,knn,027,5,1215,fit,41.57954852786547,40.687130740590682,-0.8924177872747876,True
main_correlated_metric_knn,correlated_metric,knn,027,8,1218,fit,44.201812471757023,40.837162448080612,-3.3646500236764112,True
main_correlated_metric_knn,correlated_metric,knn,027,15,1225,fit,40.471892060188843,40.224492260639508,-0.24739979954933489,True
main_correlated_metric_knn,correlated_metric,knn,027,30,1240,heldout,38.501553161684932,39.428519066007965,0.92696590432303339,True
main_correlated_metric_knn,correlated_metric,knn,027,31,1241,heldout,38.297740992778202,38.960062135403831,0.66232114262562902,True
main_correlated_metric_knn,correlated_metric,knn,027,34,1244,heldout,45.029237514773413,41.072856988480353,-3.95638052629306,True
main_correlated_metric_knn,correlated_metric,knn,027,44,1254,heldout,39.209669857317344,39.901055845032232,0.69138598771488802,True
main_correlated_metric_knn,correlated_metric,knn,028,1,1259,fit,30.594144542079221,33.452719433924919,2.8585748918456986,True
main_correlated_metric_knn,correlated_metric,knn,028,3,1261,fit,35.696680537341024,34.484823345967051,-1.2118571913739729,True
main_correlated_metric_knn,correlated_metric,knn,028,14,1271,fit,38.369389204277475,35.427494230250183,-2.9418949740272922,True
main_correlated_metric_knn,correlated_metric,knn,028,17,1274,heldout,32.401004043239922,32.19150958422928,-0.20949445901064223,True
main_correlated_metric_knn,correlated_metric,knn,028,21,1277,heldout,30.338934265348847,32.214799950255326,1.8758656849064792,True
main_correlated_metric_knn,correlated_metric,knn,028,39,1294,heldout,32.562568856390079,32.6500226317455,0.08745377535542076,True
main_correlated_metric_knn,correlated_metric,knn,029,19,1313,heldout,24.667579874389109,25.627597768328776,0.96001789393966774,True
main_correlated_metric_knn,correlated_metric,knn,029,24,1318,heldout,23.76832768007587,24.742055790603022,0.97372811052715136,True
main_correlated_metric_knn,correlated_metric,knn,029,48,1342,heldout,34.00723706917276,28.827662534825599,-5.1795745343471609,True
main_correlated_metric_knn,correlated_metric,knn,030,16,1350,fit,36.18839063809925,32.201294454816555,-3.987096183282695,True
main_correlated_metric_knn,correlated_metric,knn,030,44,1378,heldout,35.052070070222086,32.812573815904052,-2.2394962543180341,True
main_correlated_metric_knn,correlated_metric,knn,031,12,1386,fit,29.495914362085234,28.687982381725853,-0.80793198035938119,True
main_correlated_metric_knn,correlated_metric,knn,031,16,1390,fit,30.459511054489113,29.223722750403741,-1.2357883040853714,True
main_correlated_metric_knn,correlated_metric,knn,031,29,1403,heldout,27.766423954101452,27.990821066754812,0.22439711265336015,True
main_correlated_metric_knn,correlated_metric,knn,031,45,1419,heldout,26.827851609081158,26.855712852849713,0.027861243768555255,True
main_correlated_metric_knn,correlated_metric,knn,032,14,1428,fit,31.276190738424763,32.51919544732597,1.2430047089012071,True
main_correlated_metric_knn,correlated_metric,knn,032,15,1429,fit,27.685110373377071,32.027487337745214,4.3423769643681425,True
main_correlated_metric_knn,correlated_metric,knn,032,17,1431,heldout,33.032403324031975,33.396376930356524,0.36397360632454934,True
main_correlated_metric_knn,correlated_metric,knn,032,23,1437,heldout,34.001562362951439,34.15707497758634,0.15551261463490107,True
main_correlated_metric_knn,correlated_metric,knn,032,29,1443,heldout,34.428043300345564,34.421894083307535,-0.0061492170380290645,True
main_correlated_metric_knn,correlated_metric,knn,032,30,1444,heldout,32.793705071365004,33.563722614145341,0.77001754278033729,True
main_correlated_metric_knn,correlated_metric,knn,032,45,1459,heldout,33.903711808592021,34.051228781223131,0.14751697263110941,True
filled-outcome_activity_mean,activity,mean,001,19,19,heldout,20.129108184282902,20.49042762129594,0.36131943701303726,True
filled-outcome_activity_mean,activity,mean,001,22,22,heldout,20.413516834289638,20.49042762129594,0.076910787006301717,True
filled-outcome_activity_mean,activity,mean,001,39,39,heldout,20.243620127892822,20.49042762129594,0.24680749340311792,True
filled-outcome_activity_mean,activity,mean,001,45,44,heldout,20.664216801944558,20.49042762129594,-0.17378918064861892,True
filled-outcome_activity_mean,activity,mean,001,48,47,heldout,21.186631865492895,20.49042762129594,-0.69620424419695581,True
filled-outcome_activity_mean,activity,mean,002,17,62,heldout,19.220087543879309,19.278240248297084,0.058152704417775425,True
filled-outcome_activity_mean,activity,mean,002,25,70,heldout,19.422468174695744,19.278240248297084,-0.14422792639865989,True
filled-outcome_activity_mean,activity,mean,003,1,94,fit,18.794834314760386,18.832368584002523,0.037534269242136986,True
filled-outcome_activity_mean,activity,mean,003,4,97,fit,18.177698324681067,18.832368584002523,0.65467025932145617,True
filled-outcome_activity_mean,activity,mean,003,11,104,fit,18.902223917622933,18.832368584002523,-0.069855333620409965,True
filled-outcome_activity_mean,activity,mean,003,36,127,heldout,18.936757167895642,18.832368584002523,-0.10438858389311889,True
filled-outcome_activity_mean,activity,mean,003,37,128,heldout,19.014704688978345,18.832368584002523,-0.1823361049758212,True
filled-outcome_activity_mean,activity,mean,004,5,144,fit,19.517026823082951,19.86105940414912,0.34403258106616974,True
filled-outcome_activity_mean,activity,mean,004,14,152,fit,19.690615355192758,19.86105940414912,0.17044404895636234,True
filled-outcome_activity_mean,activity,mean,004,21,159,heldout,19.728683863633762,19.86105940414912,0.13237554051535838,True
filled-outcome_activity_mean,activity,mean,005,5,190,fit,20.238126015858636,20.055931953358179,-0.18219406250045722,True
filled-outcome_activity_mean,activity,mean,005,17,202,heldout,19.83560304525647,20.055931953358179,0.22032890810170969,True
filled-outcome_activity_mean,activity,mean,005,32,216,heldout,28.2143962782337,20.055931953358179,-8.1584643248755206,True
filled-outcome_activity_mean,activity,mean,005,33,217,heldout,28.014681224722224,20.055931953358179,-7.9587492713640451,True
filled-outcome_activity_mean,activity,mean,006,19,249,heldout,18.847371087471153,19.540061846507125,0.69269075903597255,True
filled-outcome_activity_mean,activity,mean,006,30,259,heldout,27.162954958726065,19.540061846507125,-7.6228931122189394,True
filled-outcome_activity_mean,activity,mean,006,34,263,heldout,27.602087995915973,19.540061846507125,-8.0620261494088474,True
filled-outcome_activity_mean,activity,mean,007,9,286,fit,20.044293604476831,20.268058586133687,0.22376498165685632,True
filled-outcome_activity_mean,activity,mean,007,17,294,heldout,19.306673181276459,20.268058586133687,0.96138540485722856,True
filled-outcome_activity_mean,activity,mean,007,19,296,heldout,20.192325325069536,20.268058586133687,0.075733261064151236,True
filled-outcome_activity_mean,activity,mean,007,22,299,heldout,21.515949168638873,20.268058586133687,-1.2478905825051854,True
filled-outcome_activity_mean,activity,mean,008,42,366,heldout,29.491889449475131,20.78064202616077,-8.7112474233143615,True
filled-outcome_activity_mean,activity,mean,009,9,381,fit,18.041945093180175,18.333164131046619,0.2912190378664441,True
filled-outcome_activity_mean,activity,mean,009,23,395,heldout,17.795072438425635,18.333164131046619,0.53809169262098422,True
filled-outcome_activity_mean,activity,mean,009,41,411,heldout,10.802987024130839,18.333164131046619,7.5301771069157795,True
filled-outcome_activity_mean,activity,mean,009,42,412,heldout,11.243713213613216,18.333164131046619,7.0894509174334033,True
filled-outcome_activity_mean,activity,mean,011,8,473,fit,17.895860964324651,17.299807511037411,-0.59605345328724013,True
filled-outcome_activity_mean,activity,mean,011,18,483,heldout,17.532088974031343,17.299807511037411,-0.2322814629939316,True
filled-outcome_activity_mean,activity,mean,011,21,485,heldout,16.897969844197917,17.299807511037411,0.40183766683949429,True
filled-outcome_activity_mean,activity,mean,012,16,525,fit,20.087645649255247,20.211712015987441,0.12406636673219396,True
filled-outcome_activity_mean,activity,mean,012,25,534,heldout,12.632831927819133,20.211712015987441,7.578880088168308,True
filled-outcome_activity_mean,activity,mean,012,31,540,heldout,13.133284284428639,20.211712015987441,7.0784277315588024,True
filled-outcome_activity_mean,activity,mean,012,35,544,heldout,13.334692385869573,20.211712015987441,6.8770196301178679,True
filled-outcome_activity_mean,activity,mean,012,37,546,heldout,13.452910303834511,20.211712015987441,6.7588017121529305,True
filled-outcome_activity_mean,activity,mean,012,42,551,heldout,13.049927974278836,20.211712015987441,7.1617840417086054,True
filled-outcome_activity_mean,activity,mean,013,21,577,heldout,20.675486503002048,21.099570763488714,0.4240842604866657,True
filled-outcome_activity_mean,activity,mean,013,23,579,heldout,19.137064452539907,21.099570763488714,1.9625063109488075,True
filled-outcome_activity_mean,activity,mean,013,26,582,heldout,20.393341463370746,21.099570763488714,0.70622930011796825,True
filled-outcome_activity_mean,activity,mean,013,41,597,heldout,24.00843552394981,21.099570763488714,-2.9088647604610962,True
filled-outcome_activity_mean,activity,mean,013,47,603,heldout,30.60541455832341,21.099570763488714,-9.5058437948346963,True
filled-outcome_activity_mean,activity,mean,014,6,610,fit,21.832192255649232,20.032654689856944,-1.7995375657922885,True
filled-outcome_activity_mean,activity,mean,014,14,618,fit,22.387707975393987,20.032654689856944,-2.3550532855370427,True
filled-outcome_activity_mean,activity,mean,014,41,644,heldout,24.32774715644252,20.032654689856944,-4.2950924665855759,True
filled-outcome_activity_mean,activity,mean,015,3,654,fit,21.884356193010973,20.010869508189685,-1.8734866848212874,True
filled-outcome_activity_mean,activity,mean,015,34,685,heldout,19.806960687822453,20.010869508189685,0.20390882036723212,True
filled-outcome_activity_mean,activity,mean,016,3,702,fit,18.85516826228071,21.124263128275935,2.2690948659952248,True
filled-outcome_activity_mean,activity,mean,016,10,709,fit,21.168254162501796,21.124263128275935,-0.04399103422586137,True
filled-outcome_activity_mean,activity,mean,016,18,717,heldout,26.490302746877362,21.124263128275935,-5.3660396186014268,True
filled-outcome_activity_mean,activity,mean,016,35,733,heldout,29.357547626441928,21.124263128275935,-8.2332844981659932,True
filled-outcome_activity_mean,activity,mean,016,37,735,heldout,22.572476095531414,21.124263128275935,-1.4482129672554791,True
filled-outcome_activity_mean,activity,mean,017,12,757,fit,24.331414237114121,23.45010449748392,-0.88130973963020054,True
filled-outcome_activity_mean,activity,mean,017,16,761,fit,25.002380761662145,23.45010449748392,-1.5522762641782251,True
filled-outcome_activity_mean,activity,mean,017,39,784,heldout,29.554879510068748,23.45010449748392,-6.1047750125848275,True
filled-outcome_activity_mean,activity,mean,017,40,785,heldout,29.397191392555541,23.45010449748392,-5.9470868950716209,True
filled-outcome_activity_mean,activity,mean,018,1,793,fit,22.207380184478563,23.717566416836995,1.5101862323584321,True
filled-outcome_activity_mean,activity,mean,019,32,870,heldout,25.122478499753189,20.840476510845537,-4.2820019889076519,True
filled-outcome_activity_mean,activity,mean,020,10,894,fit,23.304735875608596,23.02046887137886,-0.28426700422973639,True
filled-outcome_activity_mean,activity,mean,020,25,909,heldout,26.6071274889111,23.02046887137886,-3.5866586175322404,True
filled-outcome_activity_mean,activity,mean,020,35,919,heldout,28.6965948968326,23.02046887137886,-5.6761260254537405,True
filled-outcome_activity_mean,activity,mean,021,30,960,heldout,16.552859903141481,16.571961431693492,0.019101528552010194,True
filled-outcome_activity_mean,activity,mean,021,35,964,heldout,16.561793733059634,16.571961431693492,0.010167698633857469,True
filled-outcome_activity_mean,activity,mean,022,14,989,fit,18.462106819391376,18.377536157510178,-0.084570661881198106,True
filled-outcome_activity_mean,activity,mean,022,30,1004,heldout,17.688339244736277,18.377536157510178,0.68919691277390172,True
filled-outcome_activity_mean,activity,mean,022,32,1006,heldout,17.599997503948821,18.377536157510178,0.77753865356135776,True
filled-outcome_activity_mean,activity,mean,022,34,1008,heldout,18.420695940018629,18.377536157510178,-0.043159782508450206,True
filled-outcome_activity_mean,activity,mean,023,14,1036,fit,17.535714395928686,17.800678424255079,0.26496402832639276,True
filled-outcome_activity_mean,activity,mean,023,20,1042,heldout,18.095336887157359,17.800678424255079,-0.29465846290228015,True
filled-outcome_activity_mean,activity,mean,023,24,1046,heldout,17.097807502809317,17.800678424255079,0.70287092144576135,True
filled-outcome_activity_mean,activity,mean,023,35,1057,heldout,18.426217417115232,17.800678424255079,-0.6255389928601538,True
filled-outcome_activity_mean,activity,mean,023,46,1068,heldout,17.031103298016788,17.800678424255079,0.76957512623829061,True
filled-outcome_activity_mean,activity,mean,024,15,1085,fit,17.616083548881491,18.622782034754266,1.006698485872775,True
filled-outcome_activity_mean,activity,mean,024,25,1095,heldout,27.193826756095188,18.622782034754266,-8.5710447213409218,True
filled-outcome_activity_mean,activity,mean,024,29,1099,heldout,19.145877660000188,18.622782034754266,-0.52309562524592224,True
filled-outcome_activity_mean,activity,mean,025,14,1132,fit,15.393440378038754,18.494327419032732,3.1008870409939782,True
filled-outcome_activity_mean,activity,mean,026,34,1196,heldout,21.253286961153346,18.169767600980034,-3.0835193601733124,True
filled-outcome_activity_mean,activity,mean,026,38,1200,heldout,14.452412538982379,18.169767600980034,3.7173550619976545,True
filled-outcome_activity_mean,activity,mean,027,16,1226,fit,17.531579594924072,17.861353791283815,0.32977419635974314,True
filled-outcome_activity_mean,activity,mean,027,34,1244,heldout,20.510046279229211,17.861353791283815,-2.6486924879453966,True
filled-outcome_activity_mean,activity,mean,027,37,1247,heldout,15.026471721058712,17.861353791283815,2.8348820702251025,True
filled-outcome_activity_mean,activity,mean,028,14,1271,fit,17.266486862062504,20.285627842413447,3.0191409803509437,True
filled-outcome_activity_mean,activity,mean,028,24,1280,heldout,19.916219510656695,20.285627842413447,0.36940833175675181,True
filled-outcome_activity_mean,activity,mean,029,16,1310,fit,19.282710205641362,19.18692569371423,-0.095784511927131888,True
filled-outcome_activity_mean,activity,mean,029,22,1316,heldout,19.393749795043551,19.18692569371423,-0.20682410132932105,True
filled-outcome_activity_mean,activity,mean,029,24,1318,heldout,19.367082617013324,19.18692569371423,-0.18015692329909427,True
filled-outcome_activity_mean,activity,mean,029,29,1323,heldout,19.065906586393361,19.18692569371423,0.12101910732086907,True
filled-outcome_activity_mean,activity,mean,029,32,1326,heldout,19.225185721024197,19.18692569371423,-0.038260027309966915,True
filled-outcome_activity_mean,activity,mean,029,41,1335,heldout,18.972649711746609,19.18692569371423,0.21427598196762077,True
filled-outcome_activity_mean,activity,mean,029,43,1337,heldout,19.393072190347027,19.18692569371423,-0.20614649663279749,True
filled-outcome_activity_mean,activity,mean,030,11,1345,fit,19.24557097283358,19.406621638255043,0.16105066542146318,True
filled-outcome_activity_mean,activity,mean,030,28,1362,heldout,19.422434057464024,19.406621638255043,-0.015812419208980799,True
filled-outcome_activity_mean,activity,mean,031,14,1388,fit,19.528123171898201,19.584098056731641,0.055974884833439376,True
filled-outcome_activity_mean,activity,mean,031,23,1397,heldout,19.805973992177471,19.584098056731641,-0.22187593544582995,True
filled-outcome_activity_mean,activity,mean,031,31,1405,heldout,20.007316930542554,19.584098056731641,-0.42321887381091372,True
filled-outcome_activity_mean,activity,mean,032,15,1429,fit,21.281065991339858,20.981269980429889,-0.29979601090996866,True
filled-outcome_activity_mean,activity,mean,032,20,1434,heldout,21.437897536278225,20.981269980429889,-0.45662755584833548,True
filled-outcome_activity_mean,activity,mean,032,29,1443,heldout,20.929898700603392,20.981269980429889,0.051371279826497585,True
filled-outcome_activity_mean,activity,mean,032,35,1449,heldout,20.67094143391202,20.981269980429889,0.31032854651786934,True
target_comparison_knn,correlated_metric,knn,001,12,12,fit,37.847958383858241,38.832895956823208,0.98493757296496653,True
target_comparison_knn,correlated_metric,knn,001,14,14,fit,34.563450247815929,36.619552790918036,2.0561025431021065,True
target_comparison_knn,correlated_metric,knn,001,36,36,heldout,37.5592565250831,36.655251618194626,-0.90400490688847412,True
target_comparison_knn,correlated_metric,knn,003,1,94,fit,32.749619094965382,31.664730601038666,-1.0848884939267158,True
target_comparison_knn,correlated_metric,knn,003,4,97,fit,26.244143339668913,27.677769084235067,1.4336257445661538,True
target_comparison_knn,correlated_metric,knn,003,8,101,fit,31.089492060326961,29.141153051929809,-1.9483390083971521,True
target_comparison_knn,correlated_metric,knn,003,19,112,heldout,27.15788605432401,27.88874974938312,0.73086369505911009,True
target_comparison_knn,correlated_metric,knn,003,23,115,heldout,29.149126810646141,28.541100805160664,-0.60802600548547758,True
target_comparison_knn,correlated_metric,knn,003,25,117,heldout,30.439241323322097,28.099177156181945,-2.3400641671401523,True
target_comparison_knn,correlated_metric,knn,003,41,132,heldout,26.214614644341939,27.699749974625593,1.4851353302836543,True
target_comparison_knn,correlated_metric,knn,003,43,134,heldout,34.638392094414272,32.02564610465555,-2.6127459897587215,True
target_comparison_knn,correlated_metric,knn,004,8,147,fit,30.209073682151914,29.776987977070139,-0.43208570508177502,True
target_comparison_knn,correlated_metric,knn,004,23,161,heldout,28.386508208688749,28.557802940046798,0.17129473135804929,True
target_comparison_knn,correlated_metric,knn,004,29,166,heldout,28.907404831491316,30.480015381825908,1.5726105503345913,True
target_comparison_knn,correlated_metric,knn,005,18,203,heldout,29.906740350915342,29.276697422579204,-0.63004292833613817,True
target_comparison_knn,correlated_metric,knn,005,34,218,heldout,25.103947659810611,26.20067864948102,1.0967309896704087,True
target_comparison_knn,correlated_metric,knn,005,38,221,heldout,24.142304916413256,26.360876240037662,2.2185713236244062,True
target_comparison_knn,correlated_metric,knn,005,44,227,heldout,29.840465006075405,29.12241870068101,-0.71804630539439529,True
target_comparison_knn,correlated_metric,knn,006,7,237,fit,25.993230837527108,25.841234338849699,-0.15199649867740916,True
target_comparison_knn,correlated_metric,knn,006,26,255,heldout,24.976134697675661,24.722182489005419,-0.25395220867024193,True
target_comparison_knn,correlated_metric,knn,006,31,260,heldout,23.454703597800208,23.813448210730776,0.35874461293056825,True
target_comparison_knn,correlated_metric,knn,006,34,263,heldout,20.599709428056808,22.053516650267539,1.453807222210731,True
target_comparison_knn,correlated_metric,knn,006,36,265,heldout,20.995620534291152,22.259364486867639,1.2637439525764869,True
target_comparison_knn,correlated_metric,knn,006,43,272,heldout,24.610832389565907,25.380469078072263,0.76963668850635614,True
target_comparison_knn,correlated_metric,knn,006,47,276,heldout,22.431519475903023,23.125750009869968,0.69423053396694456,True
target_comparison_knn,correlated_metric,knn,007,1,278,fit,27.408593566901786,27.067488554330449,-0.34110501257133663,True
target_comparison_knn,correlated_metric,knn,007,8,285,fit,23.57911213987655,26.476755867362371,2.8976437274858213,True
target_comparison_knn,correlated_metric,knn,007,26,303,heldout,26.40391284788905,26.122153557095277,-0.28175929079377227,True
target_comparison_knn,correlated_metric,knn,007,32,309,heldout,27.764294009380357,27.351760449996224,-0.4125335593841335,True
target_comparison_knn,correlated_metric,knn,007,39,316,heldout,30.974654325011993,29.502073169776455,-1.4725811552355381,True
target_comparison_knn,correlated_metric,knn,008,10,335,fit,25.217826773720162,25.104971660720267,-0.11285511299989537,True
target_comparison_knn,correlated_metric,knn,008,13,338,fit,26.379653366477033,26.365123611462717,-0.014529755014315526,True
target_comparison_knn,correlated_metric,knn,008,24,349,heldout,26.444840805101002,26.61685187707257,0.17201107197156773,True
target_comparison_knn,correlated_metric,knn,008,27,352,heldout,24.129512934549428,24.575106130738138,0.44559319618871029,True
target_comparison_knn,correlated_metric,knn,008,36,360,heldout,28.579957232346711,27.338615707521186,-1.2413415248255255,True
target_comparison_knn,correlated_metric,knn,008,37,361,heldout,28.615128777715853,27.801170729214782,-0.81395804850107112,True
target_comparison_knn,correlated_metric,knn,008,48,372,heldout,22.685838890500563,23.629362728333142,0.9435238378325792,True
target_comparison_knn,correlated_metric,knn,009,13,385,fit,23.783212823443399,25.826176792856547,2.0429639694131474,True
target_comparison_knn,correlated_metric,knn,009,39,409,heldout,28.161169970638383,28.611586956253031,0.45041698561464827,True
target_comparison_knn,correlated_metric,knn,009,40,410,heldout,27.951044505413652,28.172607539019875,0.22156303360622331,True
target_comparison_knn,correlated_metric,knn,009,42,412,heldout,31.401084100859062,29.740758085728899,-1.6603260151301633,True
target_comparison_knn,correlated_metric,knn,010,22,439,heldout,34.626282334417276,33.847099001930381,-0.77918333248689464,True
target_comparison_knn,correlated_metric,knn,010,26,443,heldout,34.413037626291739,34.151607297567054,-0.26143032872468552,True
target_comparison_knn,correlated_metric,knn,010,38,455,heldout,36.079959789510362,34.269080277149655,-1.8108795123607067,True
target_comparison_knn,correlated_metric,knn,010,39,456,heldout,34.343391293350017,34.468752084266228,0.12536079091621133,True
target_comparison_knn,correlated_metric,knn,011,6,471,fit,34.263017362051976,32.14279898963099,-2.120218372420986,True
target_comparison_knn,correlated_metric,knn,011,11,476,fit,25.893387607286023,27.110206806616258,1.2168191993302351,True
target_comparison_knn,correlated_metric,knn,011,28,491,heldout,27.502303141402194,26.728016604447614,-0.77428653695458038,True
target_comparison_knn,correlated_metric,knn,011,33,496,heldout,32.934553600964051,31.41619489361775,-1.5183587073463016,True
target_comparison_knn,correlated_metric,knn,011,39,501,heldout,24.335446224415062,26.746283619383195,2.4108373949681337,True
target_comparison_knn,correlated_metric,knn,012,16,525,fit,26.577889930693789,26.650827355275656,0.072937424581866139,True
target_comparison_knn,correlated_metric,knn,012,28,537,heldout,25.027961919032428,25.28633349569127,0.25837157665884192,True
target_comparison_knn,correlated_metric,knn,013,28,584,heldout,32.582510404170606,32.370168796146849,-0.21234160802375612,True
target_comparison_knn,correlated_metric,knn,013,29,585,heldout,31.064562037623084,31.692086952177672,0.62752491455458781,True
target_comparison_knn,correlated_metric,knn,013,44,600,heldout,30.252759662153714,31.050423120914015,0.79766345876030087,True
target_comparison_knn,correlated_metric,knn,013,45,601,heldout,33.610763856890578,33.331832263300626,-0.27893159358995234,True
target_comparison_knn,correlated_metric,knn,014,14,618,fit,26.056825179747012,28.266901227409544,2.2100760476625325,True
target_comparison_knn,correlated_metric,knn,014,18,622,heldout,26.630571195030324,27.243777662338761,0.6132064673084372,True
target_comparison_knn,correlated_metric,knn,014,21,625,heldout,25.291393906059348,30.7332846555788,5.4418907495194517,True
target_comparison_knn,correlated_metric,knn,014,37,640,heldout,26.59789277752186,27.750419292868617,1.1525265153467572,True
target_comparison_knn,correlated_metric,knn,015,9,660,fit,29.067548058943451,29.122870153642278,0.055322094698826874,True
target_comparison_knn,correlated_metric,knn,015,30,681,heldout,29.77248973662768,29.27585011793623,-0.49663961869145012,True
target_comparison_knn,correlated_metric,knn,015,33,684,heldout,28.604628140284586,28.453537212965095,-0.15109092731949048,True
target_comparison_knn,correlated_metric,knn,015,39,690,heldout,27.931615998748946,28.157917500561272,0.22630150181232622,True
target_comparison_knn,correlated_metric,knn,016,2,701,fit,23.708794881753875,23.364573387131347,-0.34422149462252705,True
target_comparison_knn,correlated_metric,knn,016,3,702,fit,22.040727963854128,22.061122886283304,0.020394922429176177,True
target_comparison_knn,correlated_metric,knn,016,4,703,fit,24.852181755797041,23.703611632875155,-1.1485701229218854,True
target_comparison_knn,correlated_metric,knn,016,23,722,heldout,25.281120951690344,23.455212652240501,-1.8259082994498428,True
target_comparison_knn,correlated_metric,knn,016,32,730,heldout,19.700859854197471,21.35067891730613,1.6498190631086587,True
target_comparison_knn,correlated_metric,knn,016,34,732,heldout,18.579355277487366,21.199119747436562,2.619764469949196,True
target_comparison_knn,correlated_metric,knn,016,35,733,heldout,22.453619014462561,22.654471526725033,0.20085251226247181,True
target_comparison_knn,correlated_metric,knn,017,2,747,fit,32.440296377825156,31.948308742719671,-0.4919876351054846,True
target_comparison_knn,correlated_metric,knn,017,3,748,fit,31.376862293952019,31.579575760111851,0.20271346615983177,True
target_comparison_knn,correlated_metric,knn,017,4,749,fit,29.904787419658636,29.710698201807535,-0.19408921785110067,True
target_comparison_knn,correlated_metric,knn,017,6,751,fit,32.711443951741501,31.700034119352054,-1.0114098323894467,True
target_comparison_knn,correlated_metric,knn,017,7,752,fit,28.984252524127939,28.98637464997341,0.0021221258454708902,True
target_comparison_knn,correlated_metric,knn,017,24,769,heldout,31.001321704180885,31.768196352291366,0.76687464811048045,True
target_comparison_knn,correlated_metric,knn,017,34,779,heldout,31.55183960729812,30.781696788765206,-0.77014281853291422,True
target_comparison_knn,correlated_metric,knn,017,35,780,heldout,28.209664712297027,28.972870187852351,0.76320547555532414,True
target_comparison_knn,correlated_metric,knn,017,38,783,heldout,29.183180843548303,28.970781222096626,-0.21239962145167723,True
target_comparison_knn,correlated_metric,knn,017,39,784,heldout,31.622713411005066,31.440555808871295,-0.18215760213377052,True
target_comparison_knn,correlated_metric,knn,017,47,791,heldout,28.714119818957236,28.898160251019512,0.18404043206227527,True
target_comparison_knn,correlated_metric,knn,018,13,805,fit,23.341265924710441,24.056086470253252,0.71482054554281049,True
target_comparison_knn,correlated_metric,knn,018,29,820,heldout,26.156659545416076,25.550312938738347,-0.60634660667772877,True
target_comparison_knn,correlated_metric,knn,018,32,823,heldout,19.507744082856028,22.597685089874872,3.0899410070188438,True
target_comparison_knn,correlated_metric,knn,018,33,824,heldout,20.146597367309429,24.85883879894147,4.7122414316320409,True
target_comparison_knn,correlated_metric,knn,019,2,841,fit,28.415900793937762,28.263675051006167,-0.15222574293159497,True
target_comparison_knn,correlated_metric,knn,019,24,862,heldout,30.523351041428207,29.080965144771888,-1.4423858966563188,True
target_comparison_knn,correlated_metric,knn,019,28,866,heldout,27.297802639749086,27.297483083897063,-0.00031955585202325665,True
target_comparison_knn,correlated_metric,knn,019,29,867,heldout,32.543383977346416,28.225331493884589,-4.3180524834618268,True
target_comparison_knn,correlated_metric,knn,019,42,879,heldout,27.701172899913445,27.560359146085286,-0.14081375382815864,True
target_comparison_knn,correlated_metric,knn,020,8,892,fit,33.094390542243723,32.33010771691459,-0.76428282532913272,True
target_comparison_knn,correlated_metric,knn,020,12,896,fit,24.79978598222883,27.627866630332246,2.8280806481034162,True
target_comparison_knn,correlated_metric,knn,020,24,908,heldout,33.804119593585575,32.544038921252422,-1.260080672333153,True
target_comparison_knn,correlated_metric,knn,020,25,909,heldout,30.887279726485072,30.622296607121186,-0.26498311936388674,True
target_comparison_knn,correlated_metric,knn,020,26,910,heldout,32.797549150545002,32.234231959948936,-0.56331719059606655,True
target_comparison_knn,correlated_metric,knn,020,32,916,heldout,26.615983384148951,27.761678864455771,1.14569548030682,True
target_comparison_knn,correlated_metric,knn,021,11,942,fit,35.627627589089698,34.327960528705425,-1.299667060384273,True
target_comparison_knn,correlated_metric,knn,021,12,943,fit,30.236844453980595,31.228260145715243,0.99141569173464816,True
target_comparison_knn,correlated_metric,knn,021,22,953,heldout,29.336452516038385,30.271617466999526,0.93516495096114127,True
target_comparison_knn,correlated_metric,knn,021,32,962,heldout,33.832912382344276,34.031470882950877,0.19855850060660174,True
target_comparison_knn,correlated_metric,knn,022,6,981,fit,29.621946008128479,29.91532559055522,0.29337958242674134,True
target_comparison_knn,correlated_metric,knn,022,17,992,heldout,26.774987082121328,28.054780676032955,1.2797935939116272,True
target_comparison_knn,correlated_metric,knn,022,21,995,heldout,32.283886262786531,33.260933135919238,0.97704687313270711,True
target_comparison_knn,correlated_metric,knn,022,26,1000,heldout,33.484967442924763,33.565277370195389,0.080309927270626247,True
target_comparison_knn,correlated_metric,knn,022,40,1014,heldout,28.283123699840054,29.484077638864036,1.2009539390239823,True
target_comparison_knn,correlated_metric,knn,022,45,1019,heldout,31.489870123241982,33.491067458072159,2.0011973348301773,True
target_comparison_knn,correlated_metric,knn,023,2,1024,fit,33.023390121400652,32.734679765054665,-0.28871035634598741,True
target_comparison_knn,correlated_metric,knn,023,8,1030,fit,34.800874108298011,33.822726411118566,-0.97814769717944472,True
target_comparison_knn,correlated_metric,knn,023,18,1040,heldout,28.471222647616205,28.238844653155027,-0.23237799446117791,True
target_comparison_knn,correlated_metric,knn,023,19,1041,heldout,31.233898500677782,31.049259978685569,-0.18463852199221265,True
target_comparison_knn,correlated_metric,knn,023,20,1042,heldout,31.148805913740023,31.349989440841036,0.20118352710101206,True
target_comparison_knn,correlated_metric,knn,023,38,1060,heldout,31.040893740702639,30.948015813011207,-0.09287792769143266,True
target_comparison_knn,correlated_metric,knn,023,43,1065,heldout,33.241118495165509,32.373626404430837,-0.86749209073467171,True
target_comparison_knn,correlated_metric,knn,024,3,1073,fit,29.666089623219854,29.993289206993396,0.32719958377354175,True
target_comparison_knn,correlated_metric,knn,024,7,1077,fit,25.458639795686356,27.837841884995175,2.3792020893088193,True
target_comparison_knn,correlated_metric,knn,024,11,1081,fit,30.982404973311876,30.944692320711727,-0.037712652600148999,True
target_comparison_knn,correlated_metric,knn,024,15,1085,fit,29.487803488484591,29.851617141420078,0.3638136529354874,True
target_comparison_knn,correlated_metric,knn,024,25,1095,heldout,28.836787166666181,28.907201615220195,0.070414448554014797,True
target_comparison_knn,correlated_metric,knn,024,28,1098,heldout,31.384884621800307,31.036360485404227,-0.3485241363960796,True
target_comparison_knn,correlated_metric,knn,025,11,1129,fit,32.549629297552258,30.846306172401761,-1.7033231251504972,True
target_comparison_knn,correlated_metric,knn,025,20,1138,heldout,25.912290573617838,26.192871541956862,0.28058096833902368,True
target_comparison_knn,correlated_metric,knn,025,25,1143,heldout,28.993188726526959,28.877331721333722,-0.11585700519323794,True
target_comparison_knn,correlated_metric,knn,025,38,1156,heldout,27.671463549618398,27.62128378460233,-0.050179765016068245,True
target_comparison_knn,correlated_metric,knn,026,12,1176,fit,28.542518403878308,27.694687424480886,-0.84783097939742191,True
target_comparison_knn,correlated_metric,knn,026,18,1182,heldout,21.069676880606441,23.375648842210452,2.305971961604012,True
target_comparison_knn,correlated_metric,knn,026,19,1183,heldout,30.872347834865995,30.554116465881084,-0.318231368984911,True
target_comparison_knn,correlated_metric,knn,026,28,1190,heldout,28.306120320753259,28.307112252344712,0.00099193159145372078,True
target_comparison_knn,correlated_metric,knn,026,34,1196,heldout,23.684099212095518,24.252044848930492,0.56794563683497401,True
target_comparison_knn,correlated_metric,knn,026,47,1209,heldout,27.04582905295764,26.942713573901035,-0.1031154790566049,True
target_comparison_knn,correlated_metric,knn,027,5,1215,fit,41.57954852786547,40.687130740590682,-0.8924177872747876,True
target_comparison_knn,correlated_metric,knn,027,8,1218,fit,44.201812471757023,40.837162448080612,-3.3646500236764112,True
target_comparison_knn,correlated_metric,knn,027,15,1225,fit,40.471892060188843,40.224492260639508,-0.24739979954933489,True
target_comparison_knn,correlated_metric,knn,027,30,1240,heldout,38.501553161684932,39.428519066007965,0.92696590432303339,True
target_comparison_knn,correlated_metric,knn,027,31,1241,heldout,38.297740992778202,38.960062135403831,0.66232114262562902,True
target_comparison_knn,correlated_metric,knn,027,34,1244,heldout,45.029237514773413,41.072856988480353,-3.95638052629306,True
target_comparison_knn,correlated_metric,knn,027,44,1254,heldout,39.209669857317344,39.901055845032232,0.69138598771488802,True
target_comparison_knn,correlated_metric,knn,028,1,1259,fit,30.594144542079221,33.452719433924919,2.8585748918456986,True
target_comparison_knn,correlated_metric,knn,028,3,1261,fit,35.696680537341024,34.484823345967051,-1.2118571913739729,True
target_comparison_knn,correlated_metric,knn,028,14,1271,fit,38.369389204277475,35.427494230250183,-2.9418949740272922,True
target_comparison_knn,correlated_metric,knn,028,17,1274,heldout,32.401004043239922,32.19150958422928,-0.20949445901064223,True
target_comparison_knn,correlated_metric,knn,028,21,1277,heldout,30.338934265348847,32.214799950255326,1.8758656849064792,True
target_comparison_knn,correlated_metric,knn,028,39,1294,heldout,32.562568856390079,32.6500226317455,0.08745377535542076,True
target_comparison_knn,correlated_metric,knn,029,19,1313,heldout,24.667579874389109,25.627597768328776,0.96001789393966774,True
target_comparison_knn,correlated_metric,knn,029,24,1318,heldout,23.76832768007587,24.742055790603022,0.97372811052715136,True
target_comparison_knn,correlated_metric,knn,029,48,1342,heldout,34.00723706917276,28.827662534825599,-5.1795745343471609,True
target_comparison_knn,correlated_metric,knn,030,16,1350,fit,36.18839063809925,32.201294454816555,-3.987096183282695,True
target_comparison_knn,correlated_metric,knn,030,44,1378,heldout,35.052070070222086,32.812573815904052,-2.2394962543180341,True
target_comparison_knn,correlated_metric,knn,031,12,1386,fit,29.495914362085234,28.687982381725853,-0.80793198035938119,True
target_comparison_knn,correlated_metric,knn,031,16,1390,fit,30.459511054489113,29.223722750403741,-1.2357883040853714,True
target_comparison_knn,correlated_metric,knn,031,29,1403,heldout,27.766423954101452,27.990821066754812,0.22439711265336015,True
target_comparison_knn,correlated_metric,knn,031,45,1419,heldout,26.827851609081158,26.855712852849713,0.027861243768555255,True
target_comparison_knn,correlated_metric,knn,032,14,1428,fit,31.276190738424763,32.51919544732597,1.2430047089012071,True
target_comparison_knn,correlated_metric,knn,032,15,1429,fit,27.685110373377071,32.027487337745214,4.3423769643681425,True
target_comparison_knn,correlated_metric,knn,032,17,1431,heldout,33.032403324031975,33.396376930356524,0.36397360632454934,True
target_comparison_knn,correlated_metric,knn,032,23,1437,heldout,34.001562362951439,34.15707497758634,0.15551261463490107,True
target_comparison_knn,correlated_metric,knn,032,29,1443,heldout,34.428043300345564,34.421894083307535,-0.0061492170380290645,True
target_comparison_knn,correlated_metric,knn,032,30,1444,heldout,32.793705071365004,33.563722614145341,0.77001754278033729,True
target_comparison_knn,correlated_metric,knn,032,45,1459,heldout,33.903711808592021,34.051228781223131,0.14751697263110941,True
target_comparison_mean,correlated_metric,mean,001,12,12,fit,37.847958383858241,34.719388724474783,-3.1285696593834587,True
target_comparison_mean,correlated_metric,mean,001,14,14,fit,34.563450247815929,34.719388724474783,0.15593847665885363,True
target_comparison_mean,correlated_metric,mean,001,36,36,heldout,37.5592565250831,34.719388724474783,-2.8398678006083173,True
target_comparison_mean,correlated_metric,mean,003,1,94,fit,32.749619094965382,29.605639833876737,-3.1439792610886457,True
target_comparison_mean,correlated_metric,mean,003,4,97,fit,26.244143339668913,29.605639833876737,3.3614964942078238,True
target_comparison_mean,correlated_metric,mean,003,8,101,fit,31.089492060326961,29.605639833876737,-1.4838522264502245,True
target_comparison_mean,correlated_metric,mean,003,19,112,heldout,27.15788605432401,29.605639833876737,2.4477537795527269,True
target_comparison_mean,correlated_metric,mean,003,23,115,heldout,29.149126810646141,29.605639833876737,0.45651302323059539,True
target_comparison_mean,correlated_metric,mean,003,25,117,heldout,30.439241323322097,29.605639833876737,-0.8336014894453605,True
target_comparison_mean,correlated_metric,mean,003,41,132,heldout,26.214614644341939,29.605639833876737,3.3910251895347976,True
target_comparison_mean,correlated_metric,mean,003,43,134,heldout,34.638392094414272,29.605639833876737,-5.032752260537535,True
target_comparison_mean,correlated_metric,mean,004,8,147,fit,30.209073682151914,29.083692768724003,-1.1253809134279109,True
target_comparison_mean,correlated_metric,mean,004,23,161,heldout,28.386508208688749,29.083692768724003,0.69718456003525375,True
target_comparison_mean,correlated_metric,mean,004,29,166,heldout,28.907404831491316,29.083692768724003,0.17628793723268643,True
target_comparison_mean,correlated_metric,mean,005,18,203,heldout,29.906740350915342,28.125535292036673,-1.781205058878669,True
target_comparison_mean,correlated_metric,mean,005,34,218,heldout,25.103947659810611,28.125535292036673,3.021587632226062,True
target_comparison_mean,correlated_metric,mean,005,38,221,heldout,24.142304916413256,28.125535292036673,3.9832303756234175,True
target_comparison_mean,correlated_metric,mean,005,44,227,heldout,29.840465006075405,28.125535292036673,-1.7149297140387318,True
target_comparison_mean,correlated_metric,mean,006,7,237,fit,25.993230837527108,24.878859864110872,-1.1143709734162357,True
target_comparison_mean,correlated_metric,mean,006,26,255,heldout,24.976134697675661,24.878859864110872,-0.097274833564789276,True
target_comparison_mean,correlated_metric,mean,006,31,260,heldout,23.454703597800208,24.878859864110872,1.4241562663106642,True
target_comparison_mean,correlated_metric,mean,006,34,263,heldout,20.599709428056808,24.878859864110872,4.2791504360540635,True
target_comparison_mean,correlated_metric,mean,006,36,265,heldout,20.995620534291152,24.878859864110872,3.8832393298197196,True
target_comparison_mean,correlated_metric,mean,006,43,272,heldout,24.610832389565907,24.878859864110872,0.26802747454496512,True
target_comparison_mean,correlated_metric,mean,006,47,276,heldout,22.431519475903023,24.878859864110872,2.4473403882078486,True
target_comparison_mean,correlated_metric,mean,007,1,278,fit,27.408593566901786,27.841340776422882,0.43274720952109647,True
target_comparison_mean,correlated_metric,mean,007,8,285,fit,23.57911213987655,27.841340776422882,4.2622286365463324,True
target_comparison_mean,correlated_metric,mean,007,26,303,heldout,26.40391284788905,27.841340776422882,1.4374279285338325,True
target_comparison_mean,correlated_metric,mean,007,32,309,heldout,27.764294009380357,27.841340776422882,0.077046767042524777,True
target_comparison_mean,correlated_metric,mean,007,39,316,heldout,30.974654325011993,27.841340776422882,-3.1333135485891113,True
target_comparison_mean,correlated_metric,mean,008,10,335,fit,25.217826773720162,25.790579841290786,0.57275306757062339,True
target_comparison_mean,correlated_metric,mean,008,13,338,fit,26.379653366477033,25.790579841290786,-0.58907352518624734,True
target_comparison_mean,correlated_metric,mean,008,24,349,heldout,26.444840805101002,25.790579841290786,-0.65426096381021637,True
target_comparison_mean,correlated_metric,mean,008,27,352,heldout,24.129512934549428,25.790579841290786,1.6610669067413575,True
target_comparison_mean,correlated_metric,mean,008,36,360,heldout,28.579957232346711,25.790579841290786,-2.7893773910559254,True
target_comparison_mean,correlated_metric,mean,008,37,361,heldout,28.615128777715853,25.790579841290786,-2.8245489364250673,True
target_comparison_mean,correlated_metric,mean,008,48,372,heldout,22.685838890500563,25.790579841290786,3.1047409507902231,True
target_comparison_mean,correlated_metric,mean,009,13,385,fit,23.783212823443399,27.945674425902165,4.162461602458766,True
target_comparison_mean,correlated_metric,mean,009,39,409,heldout,28.161169970638383,27.945674425902165,-0.21549554473621768,True
target_comparison_mean,correlated_metric,mean,009,40,410,heldout,27.951044505413652,27.945674425902165,-0.0053700795114863809,True
target_comparison_mean,correlated_metric,mean,009,42,412,heldout,31.401084100859062,27.945674425902165,-3.455409674956897,True
target_comparison_mean,correlated_metric,mean,010,22,439,heldout,34.626282334417276,34.953587562105902,0.32730522768862613,True
target_comparison_mean,correlated_metric,mean,010,26,443,heldout,34.413037626291739,34.953587562105902,0.54054993581416255,True
target_comparison_mean,correlated_metric,mean,010,38,455,heldout,36.079959789510362,34.953587562105902,-1.1263722274044596,True
target_comparison_mean,correlated_metric,mean,010,39,456,heldout,34.343391293350017,34.953587562105902,0.61019626875588528,True
target_comparison_mean,correlated_metric,mean,011,6,471,fit,34.263017362051976,30.120899592337921,-4.142117769714055,True
target_comparison_mean,correlated_metric,mean,011,11,476,fit,25.893387607286023,30.120899592337921,4.2275119850518976,True
target_comparison_mean,correlated_metric,mean,011,28,491,heldout,27.502303141402194,30.120899592337921,2.6185964509357262,True
target_comparison_mean,correlated_metric,mean,011,33,496,heldout,32.934553600964051,30.120899592337921,-2.8136540086261306,True
target_comparison_mean,correlated_metric,mean,011,39,501,heldout,24.335446224415062,30.120899592337921,5.7854533679228588,True
target_comparison_mean,correlated_metric,mean,012,16,525,fit,26.577889930693789,25.129664259452426,-1.4482256712413637,True
target_comparison_mean,correlated_metric,mean,012,28,537,heldout,25.027961919032428,25.129664259452426,0.10170234041999748,True
target_comparison_mean,correlated_metric,mean,013,28,584,heldout,32.582510404170606,31.738701866911622,-0.84380853725898319,True
target_comparison_mean,correlated_metric,mean,013,29,585,heldout,31.064562037623084,31.738701866911622,0.67413982928853855,True
target_comparison_mean,correlated_metric,mean,013,44,600,heldout,30.252759662153714,31.738701866911622,1.4859422047579081,True
target_comparison_mean,correlated_metric,mean,013,45,601,heldout,33.610763856890578,31.738701866911622,-1.8720619899789561,True
target_comparison_mean,correlated_metric,mean,014,14,618,fit,26.056825179747012,28.917661716622405,2.860836536875393,True
target_comparison_mean,correlated_metric,mean,014,18,622,heldout,26.630571195030324,28.917661716622405,2.2870905215920807,True
target_comparison_mean,correlated_metric,mean,014,21,625,heldout,25.291393906059348,28.917661716622405,3.626267810563057,True
target_comparison_mean,correlated_metric,mean,014,37,640,heldout,26.59789277752186,28.917661716622405,2.3197689391005447,True
target_comparison_mean,correlated_metric,mean,015,9,660,fit,29.067548058943451,27.795692112861179,-1.2718559460822725,True
target_comparison_mean,correlated_metric,mean,015,30,681,heldout,29.77248973662768,27.795692112861179,-1.976797623766501,True
target_comparison_mean,correlated_metric,mean,015,33,684,heldout,28.604628140284586,27.795692112861179,-0.80893602742340676,True
target_comparison_mean,correlated_metric,mean,015,39,690,heldout,27.931615998748946,27.795692112861179,-0.13592388588776672,True
target_comparison_mean,correlated_metric,mean,016,2,701,fit,23.708794881753875,23.025974935847021,-0.68281994590685358,True
target_comparison_mean,correlated_metric,mean,016,3,702,fit,22.040727963854128,23.025974935847021,0.98524697199289335,True
target_comparison_mean,correlated_metric,mean,016,4,703,fit,24.852181755797041,23.025974935847021,-1.8262068199500199,True
target_comparison_mean,correlated_metric,mean,016,23,722,heldout,25.281120951690344,23.025974935847021,-2.255146015843323,True
target_comparison_mean,correlated_metric,mean,016,32,730,heldout,19.700859854197471,23.025974935847021,3.3251150816495496,True
target_comparison_mean,correlated_metric,mean,016,34,732,heldout,18.579355277487366,23.025974935847021,4.4466196583596549,True
target_comparison_mean,correlated_metric,mean,016,35,733,heldout,22.453619014462561,23.025974935847021,0.57235592138446023,True
target_comparison_mean,correlated_metric,mean,017,2,747,fit,32.440296377825156,30.022387052407964,-2.4179093254171917,True
target_comparison_mean,correlated_metric,mean,017,3,748,fit,31.376862293952019,30.022387052407964,-1.3544752415440549,True
target_comparison_mean,correlated_metric,mean,017,4,749,fit,29.904787419658636,30.022387052407964,0.11759963274932872,True
target_comparison_mean,correlated_metric,mean,017,6,751,fit,32.711443951741501,30.022387052407964,-2.6890568993335364,True
target_comparison_mean,correlated_metric,mean,017,7,752,fit,28.984252524127939,30.022387052407964,1.0381345282800254,True
target_comparison_mean,correlated_metric,mean,017,24,769,heldout,31.001321704180885,30.022387052407964,-0.97893465177292072,True
target_comparison_mean,correlated_metric,mean,017,34,779,heldout,31.55183960729812,30.022387052407964,-1.5294525548901561,True
target_comparison_mean,correlated_metric,mean,017,35,780,heldout,28.209664712297027,30.022387052407964,1.8127223401109376,True
target_comparison_mean,correlated_metric,mean,017,38,783,heldout,29.183180843548303,30.022387052407964,0.83920620885966102,True
target_comparison_mean,correlated_metric,mean,017,39,784,heldout,31.622713411005066,30.022387052407964,-1.6003263585971013,True
target_comparison_mean,correlated_metric,mean,017,47,791,heldout,28.714119818957236,30.022387052407964,1.3082672334507279,True
target_comparison_mean,correlated_metric,mean,018,13,805,fit,23.341265924710441,24.836252556575108,1.4949866318646663,True
target_comparison_mean,correlated_metric,mean,018,29,820,heldout,26.156659545416076,24.836252556575108,-1.3204069888409684,True
target_comparison_mean,correlated_metric,mean,018,32,823,heldout,19.507744082856028,24.836252556575108,5.3285084737190793,True
target_comparison_mean,correlated_metric,mean,018,33,824,heldout,20.146597367309429,24.836252556575108,4.6896551892656788,True
target_comparison_mean,correlated_metric,mean,019,2,841,fit,28.415900793937762,27.278142744009024,-1.1377580499287383,True
target_comparison_mean,correlated_metric,mean,019,24,862,heldout,30.523351041428207,27.278142744009024,-3.2452082974191825,True
target_comparison_mean,correlated_metric,mean,019,28,866,heldout,27.297802639749086,27.278142744009024,-0.019659895740062439,True
target_comparison_mean,correlated_metric,mean,019,29,867,heldout,32.543383977346416,27.278142744009024,-5.2652412333373917,True
target_comparison_mean,correlated_metric,mean,019,42,879,heldout,27.701172899913445,27.278142744009024,-0.42303015590442072,True
target_comparison_mean,correlated_metric,mean,020,8,892,fit,33.094390542243723,30.334743430437744,-2.7596471118059789,True
target_comparison_mean,correlated_metric,mean,020,12,896,fit,24.79978598222883,30.334743430437744,5.5349574482089139,True
target_comparison_mean,correlated_metric,mean,020,24,908,heldout,33.804119593585575,30.334743430437744,-3.4693761631478317,True
target_comparison_mean,correlated_metric,mean,020,25,909,heldout,30.887279726485072,30.334743430437744,-0.55253629604732879,True
target_comparison_mean,correlated_metric,mean,020,26,910,heldout,32.797549150545002,30.334743430437744,-2.4628057201072586,True
target_comparison_mean,correlated_metric,mean,020,32,916,heldout,26.615983384148951,30.334743430437744,3.7187600462887929,True
target_comparison_mean,correlated_metric,mean,021,11,942,fit,35.627627589089698,32.201443113936342,-3.4261844751533559,True
target_comparison_mean,correlated_metric,mean,021,12,943,fit,30.236844453980595,32.201443113936342,1.9645986599557475,True
target_comparison_mean,correlated_metric,mean,021,22,953,heldout,29.336452516038385,32.201443113936342,2.8649905978979575,True
target_comparison_mean,correlated_metric,mean,021,32,962,heldout,33.832912382344276,32.201443113936342,-1.6314692684079333,True
target_comparison_mean,correlated_metric,mean,022,6,981,fit,29.621946008128479,30.518722928389501,0.89677692026102207,True
target_comparison_mean,correlated_metric,mean,022,17,992,heldout,26.774987082121328,30.518722928389501,3.7437358462681729,True
target_comparison_mean,correlated_metric,mean,022,21,995,heldout,32.283886262786531,30.518722928389501,-1.7651633343970303,True
target_comparison_mean,correlated_metric,mean,022,26,1000,heldout,33.484967442924763,30.518722928389501,-2.9662445145352621,True
target_comparison_mean,correlated_metric,mean,022,40,1014,heldout,28.283123699840054,30.518722928389501,2.2355992285494466,True
target_comparison_mean,correlated_metric,mean,022,45,1019,heldout,31.489870123241982,30.518722928389501,-0.97114719485248102,True
target_comparison_mean,correlated_metric,mean,023,2,1024,fit,33.023390121400652,30.156209708314314,-2.8671804130863379,True
target_comparison_mean,correlated_metric,mean,023,8,1030,fit,34.800874108298011,30.156209708314314,-4.6446643999836965,True
target_comparison_mean,correlated_metric,mean,023,18,1040,heldout,28.471222647616205,30.156209708314314,1.6849870606981092,True
target_comparison_mean,correlated_metric,mean,023,19,1041,heldout,31.233898500677782,30.156209708314314,-1.0776887923634675,True
target_comparison_mean,correlated_metric,mean,023,20,1042,heldout,31.148805913740023,30.156209708314314,-0.99259620542570914,True
target_comparison_mean,correlated_metric,mean,023,38,1060,heldout,31.040893740702639,30.156209708314314,-0.88468403238832494,True
target_comparison_mean,correlated_metric,mean,023,43,1065,heldout,33.241118495165509,30.156209708314314,-3.0849087868511944,True
target_comparison_mean,correlated_metric,mean,024,3,1073,fit,29.666089623219854,29.764572316246579,0.098482693026724633,True
target_comparison_mean,correlated_metric,mean,024,7,1077,fit,25.458639795686356,29.764572316246579,4.3059325205602228,True
target_comparison_mean,correlated_metric,mean,024,11,1081,fit,30.982404973311876,29.764572316246579,-1.2178326570652978,True
target_comparison_mean,correlated_metric,mean,024,15,1085,fit,29.487803488484591,29.764572316246579,0.27676882776198752,True
target_comparison_mean,correlated_metric,mean,024,25,1095,heldout,28.836787166666181,29.764572316246579,0.92778514958039793,True
target_comparison_mean,correlated_metric,mean,024,28,1098,heldout,31.384884621800307,29.764572316246579,-1.6203123055537283,True
target_comparison_mean,correlated_metric,mean,025,11,1129,fit,32.549629297552258,27.734977327631295,-4.8146519699209627,True
target_comparison_mean,correlated_metric,mean,025,20,1138,heldout,25.912290573617838,27.734977327631295,1.822686754013457,True
target_comparison_mean,correlated_metric,mean,025,25,1143,heldout,28.993188726526959,27.734977327631295,-1.2582113988956642,True
target_comparison_mean,correlated_metric,mean,025,38,1156,heldout,27.671463549618398,27.734977327631295,0.063513778012897149,True
target_comparison_mean,correlated_metric,mean,026,12,1176,fit,28.542518403878308,27.138007096687456,-1.4045113071908517,True
target_comparison_mean,correlated_metric,mean,026,18,1182,heldout,21.069676880606441,27.138007096687456,6.0683302160810157,True
target_comparison_mean,correlated_metric,mean,026,19,1183,heldout,30.872347834865995,27.138007096687456,-3.7343407381785383,True
target_comparison_mean,correlated_metric,mean,026,28,1190,heldout,28.306120320753259,27.138007096687456,-1.1681132240658023,True
target_comparison_mean,correlated_metric,mean,026,34,1196,heldout,23.684099212095518,27.138007096687456,3.4539078845919384,True
target_comparison_mean,correlated_metric,mean,026,47,1209,heldout,27.04582905295764,27.138007096687456,0.09217804372981675,True
target_comparison_mean,correlated_metric,mean,027,5,1215,fit,41.57954852786547,39.318213991684388,-2.2613345361810815,True
target_comparison_mean,correlated_metric,mean,027,8,1218,fit,44.201812471757023,39.318213991684388,-4.8835984800726351,True
target_comparison_mean,correlated_metric,mean,027,15,1225,fit,40.471892060188843,39.318213991684388,-1.1536780685044548,True
target_comparison_mean,correlated_metric,mean,027,30,1240,heldout,38.501553161684932,39.318213991684388,0.81666082999945644,True
target_comparison_mean,correlated_metric,mean,027,31,1241,heldout,38.297740992778202,39.318213991684388,1.020472998906186,True
target_comparison_mean,correlated_metric,mean,027,34,1244,heldout,45.029237514773413,39.318213991684388,-5.7110235230890254,True
target_comparison_mean,correlated_metric,mean,027,44,1254,heldout,39.209669857317344,39.318213991684388,0.10854413436704391,True
target_comparison_mean,correlated_metric,mean,028,1,1259,fit,30.594144542079221,31.895274665088632,1.3011301230094112,True
target_comparison_mean,correlated_metric,mean,028,3,1261,fit,35.696680537341024,31.895274665088632,-3.801405872252392,True
target_comparison_mean,correlated_metric,mean,028,14,1271,fit,38.369389204277475,31.895274665088632,-6.4741145391888431,True
target_comparison_mean,correlated_metric,mean,028,17,1274,heldout,32.401004043239922,31.895274665088632,-0.50572937815129038,True
target_comparison_mean,correlated_metric,mean,028,21,1277,heldout,30.338934265348847,31.895274665088632,1.5563403997397849,True
target_comparison_mean,correlated_metric,mean,028,39,1294,heldout,32.562568856390079,31.895274665088632,-0.66729419130144763,True
target_comparison_mean,correlated_metric,mean,029,19,1313,heldout,24.667579874389109,26.599923142853751,1.932343268464642,True
target_comparison_mean,correlated_metric,mean,029,24,1318,heldout,23.76832768007587,26.599923142853751,2.8315954627778801,True
target_comparison_mean,correlated_metric,mean,029,48,1342,heldout,34.00723706917276,26.599923142853751,-7.4073139263190093,True
target_comparison_mean,correlated_metric,mean,030,16,1350,fit,36.18839063809925,31.955202690172186,-4.233187947927064,True
target_comparison_mean,correlated_metric,mean,030,44,1378,heldout,35.052070070222086,31.955202690172186,-3.0968673800499005,True
target_comparison_mean,correlated_metric,mean,031,12,1386,fit,29.495914362085234,27.97330099389859,-1.5226133681866436,True
target_comparison_mean,correlated_metric,mean,031,16,1390,fit,30.459511054489113,27.97330099389859,-2.4862100605905226,True
target_comparison_mean,correlated_metric,mean,031,29,1403,heldout,27.766423954101452,27.97330099389859,0.20687703979713845,True
target_comparison_mean,correlated_metric,mean,031,45,1419,heldout,26.827851609081158,27.97330099389859,1.1454493848174323,True
target_comparison_mean,correlated_metric,mean,032,14,1428,fit,31.276190738424763,33.542906626365266,2.2667158879405029,True
target_comparison_mean,correlated_metric,mean,032,15,1429,fit,27.685110373377071,33.542906626365266,5.8577962529881944,True
target_comparison_mean,correlated_metric,mean,032,17,1431,heldout,33.032403324031975,33.542906626365266,0.51050330233329078,True
target_comparison_mean,correlated_metric,mean,032,23,1437,heldout,34.001562362951439,33.542906626365266,-0.45865573658617365,True
target_comparison_mean,correlated_metric,mean,032,29,1443,heldout,34.428043300345564,33.542906626365266,-0.88513667398029838,True
target_comparison_mean,correlated_metric,mean,032,30,1444,heldout,32.793705071365004,33.542906626365266,0.74920155500026198,True
target_comparison_mean,correlated_metric,mean,032,45,1459,heldout,33.903711808592021,33.542906626365266,-0.36080518222675551,True
target_comparison_median,correlated_metric,median,001,12,12,fit,37.847958383858241,34.079646481389595,-3.7683119024686462,True
target_comparison_median,correlated_metric,median,001,14,14,fit,34.563450247815929,34.079646481389595,-0.48380376642633394,True
target_comparison_median,correlated_metric,median,001,36,36,heldout,37.5592565250831,34.079646481389595,-3.4796100436935049,True
target_comparison_median,correlated_metric,median,003,1,94,fit,32.749619094965382,28.52645778374373,-4.2231613112216522,True
target_comparison_median,correlated_metric,median,003,4,97,fit,26.244143339668913,28.52645778374373,2.2823144440748173,True
target_comparison_median,correlated_metric,median,003,8,101,fit,31.089492060326961,28.52645778374373,-2.563034276583231,True
target_comparison_median,correlated_metric,median,003,19,112,heldout,27.15788605432401,28.52645778374373,1.3685717294197204,True
target_comparison_median,correlated_metric,median,003,23,115,heldout,29.149126810646141,28.52645778374373,-0.6226690269024111,True
target_comparison_median,correlated_metric,median,003,25,117,heldout,30.439241323322097,28.52645778374373,-1.912783539578367,True
target_comparison_median,correlated_metric,median,003,41,132,heldout,26.214614644341939,28.52645778374373,2.3118431394017911,True
target_comparison_median,correlated_metric,median,003,43,134,heldout,34.638392094414272,28.52645778374373,-6.1119343106705415,True
target_comparison_median,correlated_metric,median,004,8,147,fit,30.209073682151914,29.22885621394564,-0.98021746820627342,True
target_comparison_median,correlated_metric,median,004,23,161,heldout,28.386508208688749,29.22885621394564,0.84234800525689124,True
target_comparison_median,correlated_metric,median,004,29,166,heldout,28.907404831491316,29.22885621394564,0.32145138245432392,True
target_comparison_median,correlated_metric,median,005,18,203,heldout,29.906740350915342,28.17033589253797,-1.7364044583773719,True
target_comparison_median,correlated_metric,median,005,34,218,heldout,25.103947659810611,28.17033589253797,3.0663882327273591,True
target_comparison_median,correlated_metric,median,005,38,221,heldout,24.142304916413256,28.17033589253797,4.0280309761247146,True
target_comparison_median,correlated_metric,median,005,44,227,heldout,29.840465006075405,28.17033589253797,-1.6701291135374348,True
target_comparison_median,correlated_metric,median,006,7,237,fit,25.993230837527108,24.690574185401509,-1.3026566521255987,True
target_comparison_median,correlated_metric,median,006,26,255,heldout,24.976134697675661,24.690574185401509,-0.28556051227415225,True
target_comparison_median,correlated_metric,median,006,31,260,heldout,23.454703597800208,24.690574185401509,1.2358705876013012,True
target_comparison_median,correlated_metric,median,006,34,263,heldout,20.599709428056808,24.690574185401509,4.0908647573447006,True
target_comparison_median,correlated_metric,median,006,36,265,heldout,20.995620534291152,24.690574185401509,3.6949536511103567,True
target_comparison_median,correlated_metric,median,006,43,272,heldout,24.610832389565907,24.690574185401509,0.079741795835602147,True
target_comparison_median,correlated_metric,median,006,47,276,heldout,22.431519475903023,24.690574185401509,2.2590547094984856,True
target_comparison_median,correlated_metric,median,007,1,278,fit,27.408593566901786,27.015749879452493,-0.3928436874492931,True
target_comparison_median,correlated_metric,median,007,8,285,fit,23.57911213987655,27.015749879452493,3.4366377395759429,True
target_comparison_median,correlated_metric,median,007,26,303,heldout,26.40391284788905,27.015749879452493,0.61183703156344293,True
target_comparison_median,correlated_metric,median,007,32,309,heldout,27.764294009380357,27.015749879452493,-0.74854412992786479,True
target_comparison_median,correlated_metric,median,007,39,316,heldout,30.974654325011993,27.015749879452493,-3.9589044455595008,True
target_comparison_median,correlated_metric,median,008,10,335,fit,25.217826773720162,25.376092158561157,0.15826538484099473,True
target_comparison_median,correlated_metric,median,008,13,338,fit,26.379653366477033,25.376092158561157,-1.003561207915876,True
target_comparison_median,correlated_metric,median,008,24,349,heldout,26.444840805101002,25.376092158561157,-1.068748646539845,True
target_comparison_median,correlated_metric,median,008,27,352,heldout,24.129512934549428,25.376092158561157,1.2465792240117288,True
target_comparison_median,correlated_metric,median,008,36,360,heldout,28.579957232346711,25.376092158561157,-3.2038650737855541,True
target_comparison_median,correlated_metric,median,008,37,361,heldout,28.615128777715853,25.376092158561157,-3.239036619154696,True
target_comparison_median,correlated_metric,median,008,48,372,heldout,22.685838890500563,25.376092158561157,2.6902532680605944,True
target_comparison_median,correlated_metric,median,009,13,385,fit,23.783212823443399,28.281459046101698,4.4982462226582989,True
target_comparison_median,correlated_metric,median,009,39,409,heldout,28.161169970638383,28.281459046101698,0.12028907546331524,True
target_comparison_median,correlated_metric,median,009,40,410,heldout,27.951044505413652,28.281459046101698,0.33041454068804654,True
target_comparison_median,correlated_metric,median,009,42,412,heldout,31.401084100859062,28.281459046101698,-3.1196250547573641,True
target_comparison_median,correlated_metric,median,010,22,439,heldout,34.626282334417276,34.659783992897353,0.033501658480076912,True
target_comparison_median,correlated_metric,median,010,26,443,heldout,34.413037626291739,34.659783992897353,0.24674636660561333,True
target_comparison_median,correlated_metric,median,010,38,455,heldout,36.079959789510362,34.659783992897353,-1.4201757966130089,True
target_comparison_median,correlated_metric,median,010,39,456,heldout,34.343391293350017,34.659783992897353,0.31639269954733606,True
target_comparison_median,correlated_metric,median,011,6,471,fit,34.263017362051976,30.908274853008592,-3.3547425090433833,True
target_comparison_median,correlated_metric,median,011,11,476,fit,25.893387607286023,30.908274853008592,5.0148872457225693,True
target_comparison_median,correlated_metric,median,011,28,491,heldout,27.502303141402194,30.908274853008592,3.4059717116063979,True
target_comparison_median,correlated_metric,median,011,33,496,heldout,32.934553600964051,30.908274853008592,-2.0262787479554589,True
target_comparison_median,correlated_metric,median,011,39,501,heldout,24.335446224415062,30.908274853008592,6.5728286285935305,True
target_comparison_median,correlated_metric,median,012,16,525,fit,26.577889930693789,25.330109400355511,-1.2477805303382787,True
target_comparison_median,correlated_metric,median,012,28,537,heldout,25.027961919032428,25.330109400355511,0.30214748132308245,True
target_comparison_median,correlated_metric,median,013,28,584,heldout,32.582510404170606,32.357710911540089,-0.2247994926305168,True
target_comparison_median,correlated_metric,median,013,29,585,heldout,31.064562037623084,32.357710911540089,1.2931488739170049,True
target_comparison_median,correlated_metric,median,013,44,600,heldout,30.252759662153714,32.357710911540089,2.1049512493863745,True
target_comparison_median,correlated_metric,median,013,45,601,heldout,33.610763856890578,32.357710911540089,-1.2530529453504897,True
target_comparison_median,correlated_metric,median,014,14,618,fit,26.056825179747012,28.551871245662277,2.4950460659152647,True
target_comparison_median,correlated_metric,median,014,18,622,heldout,26.630571195030324,28.551871245662277,1.9213000506319524,True
target_comparison_median,correlated_metric,median,014,21,625,heldout,25.291393906059348,28.551871245662277,3.2604773396029287,True
target_comparison_median,correlated_metric,median,014,37,640,heldout,26.59789277752186,28.551871245662277,1.9539784681404164,True
target_comparison_median,correlated_metric,median,015,9,660,fit,29.067548058943451,28.895781453944803,-0.17176660499864838,True
target_comparison_median,correlated_metric,median,015,30,681,heldout,29.77248973662768,28.895781453944803,-0.87670828268287693,True
target_comparison_median,correlated_metric,median,015,33,684,heldout,28.604628140284586,28.895781453944803,0.29115331366021735,True
target_comparison_median,correlated_metric,median,015,39,690,heldout,27.931615998748946,28.895781453944803,0.96416545519585739,True
target_comparison_median,correlated_metric,median,016,2,701,fit,23.708794881753875,23.199668934527999,-0.50912594722587556,True
target_comparison_median,correlated_metric,median,016,3,702,fit,22.040727963854128,23.199668934527999,1.1589409706738714,True
target_comparison_median,correlated_metric,median,016,4,703,fit,24.852181755797041,23.199668934527999,-1.6525128212690419,True
target_comparison_median,correlated_metric,median,016,23,722,heldout,25.281120951690344,23.199668934527999,-2.081452017162345,True
target_comparison_median,correlated_metric,median,016,32,730,heldout,19.700859854197471,23.199668934527999,3.4988090803305276,True
target_comparison_median,correlated_metric,median,016,34,732,heldout,18.579355277487366,23.199668934527999,4.6203136570406329,True
target_comparison_median,correlated_metric,median,016,35,733,heldout,22.453619014462561,23.199668934527999,0.74604992006543824,True
target_comparison_median,correlated_metric,median,017,2,747,fit,32.440296377825156,29.499249670521813,-2.9410467073033431,True
target_comparison_median,correlated_metric,median,017,3,748,fit,31.376862293952019,29.499249670521813,-1.8776126234302062,True
target_comparison_median,correlated_metric,median,017,4,749,fit,29.904787419658636,29.499249670521813,-0.40553774913682261,True
target_comparison_median,correlated_metric,median,017,6,751,fit,32.711443951741501,29.499249670521813,-3.2121942812196878,True
target_comparison_median,correlated_metric,median,017,7,752,fit,28.984252524127939,29.499249670521813,0.51499714639387406,True
target_comparison_median,correlated_metric,median,017,24,769,heldout,31.001321704180885,29.499249670521813,-1.502072033659072,True
target_comparison_median,correlated_metric,median,017,34,779,heldout,31.55183960729812,29.499249670521813,-2.0525899367763074,True
target_comparison_median,correlated_metric,median,017,35,780,heldout,28.209664712297027,29.499249670521813,1.2895849582247862,True
target_comparison_median,correlated_metric,median,017,38,783,heldout,29.183180843548303,29.499249670521813,0.31606882697350969,True
target_comparison_median,correlated_metric,median,017,39,784,heldout,31.622713411005066,29.499249670521813,-2.1234637404832526,True
target_comparison_median,correlated_metric,median,017,47,791,heldout,28.714119818957236,29.499249670521813,0.7851298515645766,True
target_comparison_median,correlated_metric,median,018,13,805,fit,23.341265924710441,24.968856360073698,1.6275904353632562,True
target_comparison_median,correlated_metric,median,018,29,820,heldout,26.156659545416076,24.968856360073698,-1.1878031853423785,True
target_comparison_median,correlated_metric,median,018,32,823,heldout,19.507744082856028,24.968856360073698,5.4611122772176692,True
target_comparison_median,correlated_metric,median,018,33,824,heldout,20.146597367309429,24.968856360073698,4.8222589927642687,True
target_comparison_median,correlated_metric,median,019,2,841,fit,28.415900793937762,27.285318307711155,-1.1305824862266078,True
target_comparison_median,correlated_metric,median,019,24,862,heldout,30.523351041428207,27.285318307711155,-3.238032733717052,True
target_comparison_median,correlated_metric,median,019,28,866,heldout,27.297802639749086,27.285318307711155,-0.012484332037931978,True
target_comparison_median,correlated_metric,median,019,29,867,heldout,32.543383977346416,27.285318307711155,-5.2580656696352612,True
target_comparison_median,correlated_metric,median,019,42,879,heldout,27.701172899913445,27.285318307711155,-0.41585459220229026,True
target_comparison_median,correlated_metric,median,020,8,892,fit,33.094390542243723,30.421316883813148,-2.6730736584305745,True
target_comparison_median,correlated_metric,median,020,12,896,fit,24.79978598222883,30.421316883813148,5.6215309015843182,True
target_comparison_median,correlated_metric,median,020,24,908,heldout,33.804119593585575,30.421316883813148,-3.3828027097724274,True
target_comparison_median,correlated_metric,median,020,25,909,heldout,30.887279726485072,30.421316883813148,-0.46596284267192445,True
target_comparison_median,correlated_metric,median,020,26,910,heldout,32.797549150545002,30.421316883813148,-2.3762322667318543,True
target_comparison_median,correlated_metric,median,020,32,916,heldout,26.615983384148951,30.421316883813148,3.8053334996641972,True
target_comparison_median,correlated_metric,median,021,11,942,fit,35.627627589089698,32.191552979831286,-3.4360746092584122,True
target_comparison_median,correlated_metric,median,021,12,943,fit,30.236844453980595,32.191552979831286,1.9547085258506911,True
target_comparison_median,correlated_metric,median,021,22,953,heldout,29.336452516038385,32.191552979831286,2.8551004637929012,True
target_comparison_median,correlated_metric,median,021,32,962,heldout,33.832912382344276,32.191552979831286,-1.6413594025129896,True
target_comparison_median,correlated_metric,median,022,6,981,fit,29.621946008128479,30.046778292468844,0.42483228434036491,True
target_comparison_median,correlated_metric,median,022,17,992,heldout,26.774987082121328,30.046778292468844,3.2717912103475157,True
target_comparison_median,correlated_metric,median,022,21,995,heldout,32.283886262786531,30.046778292468844,-2.2371079703176875,True
target_comparison_median,correlated_metric,median,022,26,1000,heldout,33.484967442924763,30.046778292468844,-3.4381891504559192,True
target_comparison_median,correlated_metric,median,022,40,1014,heldout,28.283123699840054,30.046778292468844,1.7636545926287894,True
target_comparison_median,correlated_metric,median,022,45,1019,heldout,31.489870123241982,30.046778292468844,-1.4430918307731382,True
target_comparison_median,correlated_metric,median,023,2,1024,fit,33.023390121400652,31.030900469279153,-1.992489652121499,True
target_comparison_median,correlated_metric,median,023,8,1030,fit,34.800874108298011,31.030900469279153,-3.7699736390188576,True
target_comparison_median,correlated_metric,median,023,18,1040,heldout,28.471222647616205,31.030900469279153,2.5596778216629481,True
target_comparison_median,correlated_metric,median,023,19,1041,heldout,31.233898500677782,31.030900469279153,-0.2029980313986286,True
target_comparison_median,correlated_metric,median,023,20,1042,heldout,31.148805913740023,31.030900469279153,-0.11790544446087026,True
target_comparison_median,correlated_metric,median,023,38,1060,heldout,31.040893740702639,31.030900469279153,-0.0099932714234860498,True
target_comparison_median,correlated_metric,median,023,43,1065,heldout,33.241118495165509,31.030900469279153,-2.2102180258863555,True
target_comparison_median,correlated_metric,median,024,3,1073,fit,29.666089623219854,29.820700923020411,0.15461129980055688,True
target_comparison_median,correlated_metric,median,024,7,1077,fit,25.458639795686356,29.820700923020411,4.362061127334055,True
target_comparison_median,correlated_metric,median,024,11,1081,fit,30.982404973311876,29.820700923020411,-1.1617040502914655,True
target_comparison_median,correlated_metric,median,024,15,1085,fit,29.487803488484591,29.820700923020411,0.33289743453581977,True
target_comparison_median,correlated_metric,median,024,25,1095,heldout,28.836787166666181,29.820700923020411,0.98391375635423017,True
target_comparison_median,correlated_metric,median,024,28,1098,heldout,31.384884621800307,29.820700923020411,-1.564183698779896,True
target_comparison_median,correlated_metric,median,025,11,1129,fit,32.549629297552258,27.690918905822272,-4.8587103917299856,True
target_comparison_median,correlated_metric,median,025,20,1138,heldout,25.912290573617838,27.690918905822272,1.7786283322044341,True
target_comparison_median,correlated_metric,median,025,25,1143,heldout,28.993188726526959,27.690918905822272,-1.3022698207046872,True
target_comparison_median,correlated_metric,median,025,38,1156,heldout,27.671463549618398,27.690918905822272,0.019455356203874175,True
target_comparison_median,correlated_metric,median,026,12,1176,fit,28.542518403878308,26.748676196279689,-1.7938422075986189,True
target_comparison_median,correlated_metric,median,026,18,1182,heldout,21.069676880606441,26.748676196279689,5.6789993156732486,True
target_comparison_median,correlated_metric,median,026,19,1183,heldout,30.872347834865995,26.748676196279689,-4.1236716385863055,True
target_comparison_median,correlated_metric,median,026,28,1190,heldout,28.306120320753259,26.748676196279689,-1.5574441244735695,True
target_comparison_median,correlated_metric,median,026,34,1196,heldout,23.684099212095518,26.748676196279689,3.0645769841841712,True
target_comparison_median,correlated_metric,median,026,47,1209,heldout,27.04582905295764,26.748676196279689,-0.29715285667795044,True
target_comparison_median,correlated_metric,median,027,5,1215,fit,41.57954852786547,39.598230512247866,-1.9813180156176031,True
target_comparison_median,correlated_metric,median,027,8,1218,fit,44.201812471757023,39.598230512247866,-4.6035819595091567,True
target_comparison_median,correlated_metric,median,027,15,1225,fit,40.471892060188843,39.598230512247866,-0.87366154794097639,True
target_comparison_median,correlated_metric,median,027,30,1240,heldout,38.501553161684932,39.598230512247866,1.0966773505629348,True
target_comparison_median,correlated_metric,median,027,31,1241,heldout,38.297740992778202,39.598230512247866,1.3004895194696644,True
target_comparison_median,correlated_metric,median,027,34,1244,heldout,45.029237514773413,39.598230512247866,-5.431007002525547,True
target_comparison_median,correlated_metric,median,027,44,1254,heldout,39.209669857317344,39.598230512247866,0.38856065493052228,True
target_comparison_median,correlated_metric,median,028,1,1259,fit,30.594144542079221,32.708793674076759,2.1146491319975382,True
target_comparison_median,correlated_metric,median,028,3,1261,fit,35.696680537341024,32.708793674076759,-2.987886863264265,True
target_comparison_median,correlated_metric,median,028,14,1271,fit,38.369389204277475,32.708793674076759,-5.660595530200716,True
target_comparison_median,correlated_metric,median,028,17,1274,heldout,32.401004043239922,32.708793674076759,0.30778963083683664,True
target_comparison_median,correlated_metric,median,028,21,1277,heldout,30.338934265348847,32.708793674076759,2.3698594087279119,True
target_comparison_median,correlated_metric,median,028,39,1294,heldout,32.562568856390079,32.708793674076759,0.14622481768667939,True
target_comparison_median,correlated_metric,median,029,19,1313,heldout,24.667579874389109,26.581608374805253,1.9140285004161441,True
target_comparison_median,correlated_metric,median,029,24,1318,heldout,23.76832768007587,26.581608374805253,2.8132806947293822,True
target_comparison_median,correlated_metric,median,029,48,1342,heldout,34.00723706917276,26.581608374805253,-7.4256286943675072,True
target_comparison_median,correlated_metric,median,030,16,1350,fit,36.18839063809925,31.609667249313212,-4.5787233887860381,True
target_comparison_median,correlated_metric,median,030,44,1378,heldout,35.052070070222086,31.609667249313212,-3.4424028209088746,True
target_comparison_median,correlated_metric,median,031,12,1386,fit,29.495914362085234,27.948950123975514,-1.5469642381097195,True
target_comparison_median,correlated_metric,median,031,16,1390,fit,30.459511054489113,27.948950123975514,-2.5105609305135985,True
target_comparison_median,correlated_metric,median,031,29,1403,heldout,27.766423954101452,27.948950123975514,0.18252616987406256,True
target_comparison_median,correlated_metric,median,031,45,1419,heldout,26.827851609081158,27.948950123975514,1.1210985148943564,True
target_comparison_median,correlated_metric,median,032,14,1428,fit,31.276190738424763,33.036758325249913,1.7605675868251502,True
target_comparison_median,correlated_metric,median,032,15,1429,fit,27.685110373377071,33.036758325249913,5.3516479518728417,True
target_comparison_median,correlated_metric,median,032,17,1431,heldout,33.032403324031975,33.036758325249913,0.0043550012179380815,True
target_comparison_median,correlated_metric,median,032,23,1437,heldout,34.001562362951439,33.036758325249913,-0.96480403770152634,True
target_comparison_median,correlated_metric,median,032,29,1443,heldout,34.428043300345564,33.036758325249913,-1.3912849750956511,True
target_comparison_median,correlated_metric,median,032,30,1444,heldout,32.793705071365004,33.036758325249913,0.24305325388490928,True
target_comparison_median,correlated_metric,median,032,45,1459,heldout,33.903711808592021,33.036758325249913,-0.8669534833421082,True
