_period_index,_source_rows,countyreal,exposed,first.treat,lemp,lpop,treat,year
2003,[51],12007,0,2006,5.501258210544727,3.2614754384870182,1,2003
2004,[52],12007,0,2006,5.594711379601839,3.2614754384870182,1,2004
2005,[53],12007,0,2006,5.247024072160486,3.2614754384870182,1,2005
2006,[54],12007,1,2006,5.43372200355424,3.2614754384870182,1,2006
2007,[55],12007,1,2006,5.442417710521793,3.2614754384870182,1,2007
2003,[56],12019,0,2006,7.772752716468742,4.9474398705991085,1,2003
2004,[57],12019,0,2006,7.811163385025279,4.9474398705991085,1,2004
2005,[58],12019,0,2006,7.8013913202914855,4.9474398705991085,1,2005
2006,[59],12019,1,2006,7.8632667240095735,4.9474398705991085,1,2006
2007,[60],12019,1,2006,7.870165946469845,4.9474398705991085,1,2007
2003,[61],12023,0,2006,6.99117688712121,4.0344707001816724,1,2003
2004,[62],12023,0,2006,6.53813982376767,4.0344707001816724,1,2004
2005,[63],12023,0,2006,6.590301048196686,4.0344707001816724,1,2005
2006,[64],12023,1,2006,6.551080335043404,4.0344707001816724,1,2006
2007,[65],12023,1,2006,6.717804695023691,4.0344707001816724,1,2007
2003,[66],12029,0,2006,3.8501476017100584,2.6266232024064808,1,2003
2004,[67],12029,0,2006,4.07753744390572,2.6266232024064808,1,2004
2005,[68],12029,0,2006,4.356708826689592,2.6266232024064808,1,2005
2006,[69],12029,1,2006,4.31748811353631,2.6266232024064808,1,2006
2007,[70],12029,1,2006,4.330733340286331,2.6266232024064808,1,2007
2003,[71],12051,0,2006,6.42648845745769,3.5893353237775498,1,2003
2004,[72],12051,0,2006,6.423246963533519,3.5893353237775498,1,2004
2005,[73],12051,0,2006,6.373319789577012,3.5893353237775498,1,2005
2006,[74],12051,1,2006,6.411818267709897,3.5893353237775498,1,2006
2007,[75],12051,1,2006,6.373319789577012,3.5893353237775498,1,2007
2003,[76],12071,0,2006,8.758726607842037,6.0887908749374793,1,2003
2004,[77],12071,0,2006,8.798454696065095,6.0887908749374793,1,2004
2005,[78],12071,0,2006,8.99118884193151,6.0887908749374793,1,2005
2006,[79],12071,1,2006,9.151651375627504,6.0887908749374793,1,2006
2007,[80],12071,1,2006,9.06843112579349,6.0887908749374793,1,2007
2003,[81],12087,0,2006,6.723832440821209,4.3768758923463134,1,2003
2004,[82],12087,0,2006,6.792344427470809,4.3768758923463134,1,2004
2005,[83],12087,0,2006,6.7580945044277305,4.3768758923463134,1,2005
2006,[84],12087,1,2006,6.7464121285733745,4.3768758923463134,1,2006
2007,[85],12087,1,2006,6.747586526829315,4.3768758923463134,1,2007
2003,[86],12093,0,2006,5.723585101952381,3.5810158082379915,1,2003
2004,[87],12093,0,2006,6.0112671744041615,3.5810158082379915,1,2004
2005,[88],12093,0,2006,6.102558594613569,3.5810158082379915,1,2005
2006,[89],12093,1,2006,6.091309882077698,3.5810158082379915,1,2006
2007,[90],12093,1,2006,6.144185634125646,3.5810158082379915,1,2007
2003,[91],12097,0,2006,7.590852123688581,5.150356655937891,1,2003
2004,[92],12097,0,2006,7.593877844605118,5.150356655937891,1,2004
2005,[93],12097,0,2006,7.765569081097317,5.150356655937891,1,2005
2006,[94],12097,1,2006,7.873217054862741,5.150356655937891,1,2006
2007,[95],12097,1,2006,7.847371836159788,5.150356655937891,1,2007
2003,[96],12099,0,2006,9.76864100976636,7.0310201507707069,1,2003
2004,[97],12099,0,2006,9.629182277125986,7.0310201507707069,1,2004
2005,[98],12099,0,2006,9.722025626154055,7.0310201507707069,1,2005
2006,[99],12099,1,2006,9.816239783971849,7.0310201507707069,1,2006
2007,[100],12099,1,2006,9.893639216481313,7.0310201507707069,1,2007
2003,[101],12109,0,2006,7.550661243105336,4.8132813144683393,1,2003
2004,[102],12109,0,2006,7.627057417018934,4.8132813144683393,1,2004
2005,[103],12109,0,2006,7.711996507047669,4.8132813144683393,1,2005
2006,[104],12109,1,2006,7.8628820346414905,4.8132813144683393,1,2006
2007,[105],12109,1,2006,7.881182202227102,4.8132813144683393,1,2007
2003,[106],12113,0,2006,7.0909098220799835,4.7685042831464113,1,2003
2004,[107],12113,0,2006,7.163946684342547,4.7685042831464113,1,2004
2005,[108],12113,0,2006,7.360739903058278,4.7685042831464113,1,2005
2006,[109],12113,1,2006,7.403061091090091,4.7685042831464113,1,2006
2007,[110],12113,1,2006,7.333676395657684,4.7685042831464113,1,2007
2003,[111],12121,0,2006,5.673323267171493,3.5508809559566457,1,2003
2004,[112],12121,0,2006,5.697093486505405,3.5508809559566457,1,2004
2005,[113],12121,0,2006,5.700443573390687,3.5508809559566457,1,2005
2006,[114],12121,1,2006,5.777652323222656,3.5508809559566457,1,2006
2007,[115],12121,1,2006,5.783825182329737,3.5508809559566457,1,2007
2003,[116],13011,0,0,5.272999558563747,2.668754818494568,0,2003
2004,[117],13011,0,0,5.313205979041787,2.668754818494568,0,2004
2005,[118],13011,0,0,5.493061443340548,2.668754818494568,0,2005
2006,[119],13011,0,0,5.598421958998375,2.668754818494568,0,2006
2007,[120],13011,0,0,5.572154032177765,2.668754818494568,0,2007
2003,[121],13013,0,0,6.18826412308259,3.831766941662484,0,2003
2004,[122],13013,0,0,6.182084906716632,3.831766941662484,0,2004
2005,[123],13013,0,0,6.255750041753367,3.831766941662484,0,2005
2006,[124],13013,0,0,6.437751649736401,3.831766941662484,0,2006
2007,[125],13013,0,0,6.401917196727186,3.831766941662484,0,2007
2003,[126],13019,0,0,5.564520407322694,2.7871694055548093,0,2003
2004,[127],13019,0,0,5.556828061699537,2.7871694055548093,0,2004
2005,[128],13019,0,0,5.655991810819852,2.7871694055548093,0,2005
2006,[129],13019,0,0,5.627621113690637,2.7871694055548093,0,2006
2007,[130],13019,0,0,4.997212273764115,2.7871694055548093,0,2007
2003,[131],13021,0,0,7.738923757439457,5.0362185668416579,0,2003
2004,[132],13021,0,0,7.7279755421055585,5.0362185668416579,0,2004
2005,[133],13021,0,0,7.731492029245684,5.0362185668416579,0,2005
2006,[134],13021,0,0,7.709756864454165,5.0362185668416579,0,2006
2007,[135],13021,0,0,7.607381425639791,5.0362185668416579,0,2007
2003,[136],13037,0,0,2.772588722239781,1.8437192081587661,0,2003
2004,[137],13037,0,0,3.044522437723423,1.8437192081587661,0,2004
2005,[138],13037,0,0,2.70805020110221,1.8437192081587661,0,2005
2006,[139],13037,0,0,3.1780538303479458,1.8437192081587661,0,2006
2007,[140],13037,0,0,3.4657359027997265,1.8437192081587661,0,2007
2003,[141],13039,0,0,6.22455842927536,3.7765239639659827,0,2003
2004,[142],13039,0,0,6.29156913955832,3.7765239639659827,0,2004
2005,[143],13039,0,0,6.3561076606958915,3.7765239639659827,0,2005
2006,[144],13039,0,0,6.342121418721152,3.7765239639659827,0,2006
2007,[145],13039,0,0,6.293419278846481,3.7765239639659827,0,2007
2003,[146],13049,0,0,4.624972813284271,2.3303947936333129,0,2003
2004,[147],13049,0,0,4.465908118654584,2.3303947936333129,0,2004
2005,[148],13049,0,0,4.663439094112067,2.3303947936333129,0,2005
2006,[149],13049,0,0,4.700480365792417,2.3303947936333129,0,2006
2007,[150],13049,0,0,4.7535901911063645,2.3303947936333129,0,2007
2003,[151],13057,0,0,7.422373700986824,4.9551437255915642,0,2003
2004,[152],13057,0,0,7.4999765409521215,4.9551437255915642,0,2004
2005,[153],13057,0,0,7.62608275807238,4.9551437255915642,0,2005
2006,[154],13057,0,0,7.713784616598755,4.9551437255915642,0,2006
2007,[155],13057,0,0,7.803435056952168,4.9551437255915642,0,2007
2003,[156],13077,0,0,7.113142108707088,4.4910491868833917,0,2003
2004,[157],13077,0,0,7.078341579557671,4.4910491868833917,0,2004
2005,[158],13077,0,0,7.104144092987527,4.4910491868833917,0,2005
2006,[159],13077,0,0,7.161622002939187,4.4910491868833917,0,2006
2007,[160],13077,0,0,7.2633296174768365,4.4910491868833917,0,2007
2003,[161],13079,0,0,4.02535169073515,2.5253285642869154,0,2003
2004,[162],13079,0,0,3.6635616461296463,2.5253285642869154,0,2004
2005,[163],13079,0,0,3.4339872044851463,2.5253285642869154,0,2005
2006,[164],13079,0,0,3.4011973816621555,2.5253285642869154,0,2006
2007,[165],13079,0,0,3.1354942159291497,2.5253285642869154,0,2007
2003,[166],13093,0,0,3.7612001156935624,2.4445185888827123,0,2003
2004,[167],13093,0,0,3.7376696182833684,2.4445185888827123,0,2004
2005,[168],13093,0,0,3.6375861597263857,2.4445185888827123,0,2005
2006,[169],13093,0,0,4.0943445622221,2.4445185888827123,0,2006
2007,[170],13093,0,0,4.343805421853684,2.4445185888827123,0,2007
2003,[171],13097,0,0,7.427144133408616,4.5236780951326896,0,2003
2004,[172],13097,0,0,7.467942332285852,4.5236780951326896,0,2004
2005,[173],13097,0,0,7.575071699507561,4.5236780951326896,0,2005
2006,[174],13097,0,0,7.715123603632105,4.5236780951326896,0,2006
2007,[175],13097,0,0,7.827639546366422,4.5236780951326896,0,2007
2003,[176],13109,0,0,5.198497031265826,2.3508989532725963,0,2003
2004,[177],13109,0,0,5.159055299214529,2.3508989532725963,0,2004
2005,[178],13109,0,0,5.214935757608986,2.3508989532725963,0,2005
2006,[179],13109,0,0,5.135798437050262,2.3508989532725963,0,2006
2007,[180],13109,0,0,5.209486152841421,2.3508989532725963,0,2007
2003,[181],13113,0,0,7.425357887027151,4.513745448068744,0,2003
2004,[182],13113,0,0,7.443663683115591,4.513745448068744,0,2004
2005,[183],13113,0,0,7.45182223652793,4.513745448068744,0,2005
2006,[184],13113,0,0,7.517520850603031,4.513745448068744,0,2006
2007,[185],13113,0,0,7.637234388789473,4.513745448068744,0,2007
2003,[186],13117,0,0,7.3310603052186325,4.5891119397393876,0,2003
2004,[187],13117,0,0,7.388946097618437,4.5891119397393876,0,2004
2005,[188],13117,0,0,7.527793987721444,4.5891119397393876,0,2005
2006,[189],13117,0,0,7.647308832356238,4.5891119397393876,0,2006
2007,[190],13117,0,0,7.638198244285779,4.5891119397393876,0,2007
2003,[191],13129,0,0,6.4457198193855785,3.7865504812873825,0,2003
2004,[192],13129,0,0,6.376726947898627,3.7865504812873825,0,2004
2005,[193],13129,0,0,6.361302477572996,3.7865504812873825,0,2005
2006,[194],13129,0,0,6.354370040797351,3.7865504812873825,0,2006
2007,[195],13129,0,0,6.398594934535208,3.7865504812873825,0,2007
2003,[196],13135,0,0,9.194820560318146,6.377488562558443,0,2003
2004,[197],13135,0,0,9.145908511816794,6.377488562558443,0,2004
2005,[198],13135,0,0,9.194820560318146,6.377488562558443,0,2005
2006,[199],13135,0,0,9.295049099903137,6.377488562558443,0,2006
2007,[200],13135,0,0,9.295692039075686,6.377488562558443,0,2007
2003,[201],13147,0,0,5.583496308781699,3.135363772639185,0,2003
2004,[202],13147,0,0,5.442417710521793,3.135363772639185,0,2004
2005,[203],13147,0,0,5.583496308781699,3.135363772639185,0,2005
2006,[204],13147,0,0,5.5134287461649825,3.135363772639185,0,2006
2007,[205],13147,0,0,5.572154032177765,3.135363772639185,0,2007
2003,[206],13155,0,0,4.060443010546419,2.2956611779212213,0,2003
2004,[207],13155,0,0,3.828641396489095,2.2956611779212213,0,2004
2005,[208],13155,0,0,4.127134385045092,2.2956611779212213,0,2005
2006,[209],13155,0,0,3.828641396489095,2.2956611779212213,0,2006
2007,[210],13155,0,0,3.871201010907891,2.2956611779212213,0,2007
2003,[211],13161,0,0,5.0106352940962555,2.5403413566761008,0,2003
2004,[212],13161,0,0,4.912654885736052,2.5403413566761008,0,2004
2005,[213],13161,0,0,5.075173815233827,2.5403413566761008,0,2005
2006,[214],13161,0,0,5.198497031265826,2.5403413566761008,0,2006
2007,[215],13161,0,0,5.236441962829949,2.5403413566761008,0,2007
2003,[216],13179,0,0,6.023447592961033,4.1208241950264792,0,2003
2004,[217],13179,0,0,5.916202062607435,4.1208241950264792,0,2004
2005,[218],13179,0,0,6.175867270105761,4.1208241950264792,0,2005
2006,[219],13179,0,0,6.135564891081739,4.1208241950264792,0,2006
2007,[220],13179,0,0,6.150602768446279,4.1208241950264792,0,2007
2003,[221],13195,0,0,4.7535901911063645,3.2476576262936527,0,2003
2004,[222],13195,0,0,4.77912349311153,3.2476576262936527,0,2004
2005,[223],13195,0,0,4.663439094112067,3.2476576262936527,0,2005
2006,[224],13195,0,0,4.875197323201151,3.2476576262936527,0,2006
2007,[225],13195,0,0,5.003946305945459,3.2476576262936527,0,2007
2003,[226],13197,0,0,3.7376696182833684,1.9662728435741978,0,2003
2004,[227],13197,0,0,3.6375861597263857,1.9662728435741978,0,2004
2005,[228],13197,0,0,3.5263605246161616,1.9662728435741978,0,2005
2006,[229],13197,0,0,3.8918202981106265,1.9662728435741978,0,2006
2007,[230],13197,0,0,3.9512437185814275,1.9662728435741978,0,2007
2003,[231],13209,0,0,3.828641396489095,2.1126345090355998,0,2003
2004,[232],13209,0,0,3.4011973816621555,2.1126345090355998,0,2004
2005,[233],13209,0,0,3.5553480614894135,2.1126345090355998,0,2005
2006,[234],13209,0,0,3.6635616461296463,2.1126345090355998,0,2006
2007,[235],13209,0,0,3.58351893845611,2.1126345090355998,0,2007
2003,[236],13211,0,0,5.19295685089021,2.7380619751701816,0,2003
2004,[237],13211,0,0,5.187385805840755,2.7380619751701816,0,2004
2005,[238],13211,0,0,5.2832037287379885,2.7380619751701816,0,2005
2006,[239],13211,0,0,5.605802066295998,2.7380619751701816,0,2006
2007,[240],13211,0,0,5.594711379601839,2.7380619751701816,0,2007
2003,[241],13213,0,0,5.71042701737487,3.5974766306405925,0,2003
2004,[242],13213,0,0,5.683579767338681,3.5974766306405925,0,2004
2005,[243],13213,0,0,5.384495062789089,3.5974766306405925,0,2005
2006,[244],13213,0,0,5.720311776607412,3.5974766306405925,0,2006
2007,[245],13213,0,0,5.652489180268651,3.5974766306405925,0,2007
2003,[246],13217,0,0,6.452048954437226,4.1271505139472779,0,2003
2004,[247],13217,0,0,6.4967749901858625,4.1271505139472779,0,2004
2005,[248],13217,0,0,6.516193076042964,4.1271505139472779,0,2005
2006,[249],13217,0,0,6.628041376179533,4.1271505139472779,0,2006
2007,[250],13217,0,0,6.625392368007956,4.1271505139472779,0,2007
2003,[251],13223,0,0,6.385194398997726,4.4027846877583912,0,2003
2004,[252],13223,0,0,6.484635235635252,4.4027846877583912,0,2004
2005,[253],13223,0,0,6.71295620067707,4.4027846877583912,0,2005
2006,[254],13223,0,0,6.806829360392176,4.4027846877583912,0,2006
2007,[255],13223,0,0,6.984716320118266,4.4027846877583912,0,2007
2003,[256],13227,0,0,5.3230099791384085,3.1347548122027935,0,2003
2004,[257],13227,0,0,5.438079308923196,3.1347548122027935,0,2004
2005,[258],13227,0,0,5.375278407684165,3.1347548122027935,0,2005
2006,[259],13227,0,0,5.407171771460119,3.1347548122027935,0,2006
2007,[260],13227,0,0,5.4510384535657,3.1347548122027935,0,2007
2003,[261],13233,0,0,5.966146739123692,3.6409226925680431,0,2003
2004,[262],13233,0,0,5.926926025970411,3.6409226925680431,0,2004
2005,[263],13233,0,0,5.948034989180646,3.6409226925680431,0,2005
2006,[264],13233,0,0,5.908082938168931,3.6409226925680431,0,2006
2007,[265],13233,0,0,5.910796644040527,3.6409226925680431,0,2007
2003,[266],13237,0,0,5.003946305945459,2.9344949640828015,0,2003
2004,[267],13237,0,0,5.0369526024136295,2.9344949640828015,0,2004
2005,[268],13237,0,0,5.087596335232384,2.9344949640828015,0,2005
2006,[269],13237,0,0,5.5254529391317835,2.9344949640828015,0,2006
2007,[270],13237,0,0,5.424950017481403,2.9344949640828015,0,2007
2003,[271],13241,0,0,5.4510384535657,2.711377991194885,0,2003
2004,[272],13241,0,0,5.262690188904886,2.711377991194885,0,2004
2005,[273],13241,0,0,5.424950017481403,2.711377991194885,0,2005
2006,[274],13241,0,0,5.3706380281276624,2.711377991194885,0,2006
2007,[275],13241,0,0,5.407171771460119,2.711377991194885,0,2007
2003,[276],13263,0,0,2.3978952727983707,1.8714944372469087,0,2003
2004,[277],13263,0,0,2.772588722239781,1.8714944372469087,0,2004
2005,[278],13263,0,0,1.9459101490553132,1.8714944372469087,0,2005
2006,[279],13263,0,0,1.791759469228055,1.8714944372469087,0,2006
2007,[280],13263,0,0,2.302585092994046,1.8714944372469087,0,2007
2003,[281],13271,0,0,4.68213122712422,2.4675909275783123,0,2003
2004,[282],13271,0,0,4.867534450455582,2.4675909275783123,0,2004
2005,[283],13271,0,0,5.1647859739235145,2.4675909275783123,0,2005
2006,[284],13271,0,0,5.2832037287379885,2.4675909275783123,0,2006
2007,[285],13271,0,0,5.19295685089021,2.4675909275783123,0,2007
2003,[286],13273,0,0,3.9889840465642745,2.3951642742871391,0,2003
2004,[287],13273,0,0,4.0943445622221,2.3951642742871391,0,2004
2005,[288],13273,0,0,4.174387269895637,2.3951642742871391,0,2005
2006,[289],13273,0,0,4.189654742026425,2.3951642742871391,0,2006
2007,[290],13273,0,0,4.0943445622221,2.3951642742871391,0,2007
2003,[291],13297,0,0,6.532334292222349,4.1057295070886646,0,2003
2004,[292],13297,0,0,6.408528791059498,4.1057295070886646,0,2004
2005,[293],13297,0,0,6.354370040797351,4.1057295070886646,0,2005
2006,[294],13297,0,0,6.52649485957079,4.1057295070886646,0,2006
2007,[295],13297,0,0,6.6293632534374485,4.1057295070886646,0,2007
2003,[296],13303,0,0,5.117993812416755,3.0528684649248001,0,2003
2004,[297],13303,0,0,4.990432586778736,3.0528684649248001,0,2004
2005,[298],13303,0,0,4.969813299576001,3.0528684649248001,0,2005
2006,[299],13303,0,0,4.9344739331306915,3.0528684649248001,0,2006
2007,[300],13303,0,0,5.043425116919247,3.0528684649248001,0,2007
2003,[301],13313,0,0,7.151485463904735,4.4251459882428206,0,2003
2004,[302],13313,0,0,7.155396301896734,4.4251459882428206,0,2004
2005,[303],13313,0,0,7.200424892944957,4.4251459882428206,0,2005
2006,[304],13313,0,0,7.275864600546533,4.4251459882428206,0,2006
2007,[305],13313,0,0,7.188412736496954,4.4251459882428206,0,2007
2003,[306],13317,0,0,4.927253685157205,2.3690280495427598,0,2003
2004,[307],13317,0,0,4.74493212836325,2.3690280495427598,0,2004
2005,[308],13317,0,0,4.6443908991413725,2.3690280495427598,0,2005
2006,[309],13317,0,0,4.59511985013459,2.3690280495427598,0,2006
2007,[310],13317,0,0,4.543294782270004,2.3690280495427598,0,2007
2003,[311],13321,0,0,4.962844630259907,3.0895413272320487,0,2003
2004,[312],13321,0,0,4.976733742420574,3.0895413272320487,0,2004
2005,[313],13321,0,0,5.087596335232384,3.0895413272320487,0,2005
2006,[314],13321,0,0,5.153291594497779,3.0895413272320487,0,2006
2007,[315],13321,0,0,4.890349128221754,3.0895413272320487,0,2007
2003,[316],16003,0,0,3.258096538021482,1.2458822074031457,0,2003
2004,[317],16003,0,0,3.6109179126442243,1.2458822074031457,0,2004
2005,[318],16003,0,0,3.9889840465642745,1.2458822074031457,0,2005
2006,[319],16003,0,0,3.9889840465642745,1.2458822074031457,0,2006
2007,[320],16003,0,0,3.8918202981106265,1.2458822074031457,0,2007
2003,[321],16015,0,0,3.8918202981106265,1.8976198599275322,0,2003
2004,[322],16015,0,0,3.912023005428146,1.8976198599275322,0,2004
2005,[323],16015,0,0,4.174387269895637,1.8976198599275322,0,2005
2006,[324],16015,0,0,4.02535169073515,1.8976198599275322,0,2006
2007,[325],16015,0,0,4.143134726391533,1.8976198599275322,0,2007
2003,[326],16017,0,0,6.297109319933935,3.6064484801347771,0,2003
2004,[327],16017,0,0,6.298949246855942,3.6064484801347771,0,2004
2005,[328],16017,0,0,6.428105272684596,3.6064484801347771,0,2005
2006,[329],16017,0,0,6.429719478039138,3.6064484801347771,0,2006
2007,[330],16017,0,0,6.405228458030842,3.6064484801347771,0,2007
2003,[331],16021,0,0,4.897839799950911,2.2896011654357511,0,2003
2004,[332],16021,0,0,4.836281906951478,2.2896011654357511,0,2004
2005,[333],16021,0,0,4.962844630259907,2.2896011654357511,0,2005
2006,[334],16021,0,0,4.997212273764115,2.2896011654357511,0,2006
2007,[335],16021,0,0,4.820281565605037,2.2896011654357511,0,2007
2003,[336],16029,0,0,4.941642422609304,1.9884221432926674,0,2003
2004,[337],16029,0,0,4.795790545596741,1.9884221432926674,0,2004
2005,[338],16029,0,0,4.983606621708336,1.9884221432926674,0,2005
2006,[339],16029,0,0,4.787491742782046,1.9884221432926674,0,2006
2007,[340],16029,0,0,5.0369526024136295,1.9884221432926674,0,2007
2003,[341],16041,0,0,5.638354669333745,2.4273658098913518,0,2003
2004,[342],16041,0,0,5.537334267018537,2.4273658098913518,0,2004
2005,[343],16041,0,0,5.627621113690637,2.4273658098913518,0,2005
2006,[344],16041,0,0,5.6937321388027,2.4273658098913518,0,2006
2007,[345],16041,0,0,5.749392985908253,2.4273658098913518,0,2007
2003,[346],16045,0,0,5.017279836814924,2.720044645950578,0,2003
2004,[347],16045,0,0,4.927253685157205,2.720044645950578,0,2004
2005,[348],16045,0,0,5.1298987149230735,2.720044645950578,0,2005
2006,[349],16045,0,0,5.087596335232384,2.720044645950578,0,2006
2007,[350],16045,0,0,5.198497031265826,2.720044645950578,0,2007
2003,[351],16067,0,0,5.733341276897746,3.0043946466326434,0,2003
2004,[352],16067,0,0,5.739792912179234,3.0043946466326434,0,2004
2005,[353],16067,0,0,5.733341276897746,3.0043946466326434,0,2005
2006,[354],16067,0,0,5.7745515455444085,3.0043946466326434,0,2006
2007,[355],16067,0,0,5.808142489980444,3.0043946466326434,0,2007
2003,[356],16079,0,0,5.093750200806762,2.6225649317449888,0,2003
2004,[357],16079,0,0,5.176149732573829,2.6225649317449888,0,2004
2005,[358],16079,0,0,5.147494476813453,2.6225649317449888,0,2005
2006,[359],16079,0,0,5.247024072160486,2.6225649317449888,0,2006
2007,[360],16079,0,0,5.384495062789089,2.6225649317449888,0,2007
2003,[361],16083,0,0,7.204892510204673,4.1633107666868234,0,2003
2004,[362],16083,0,0,7.183111701743281,4.1633107666868234,0,2004
2005,[363],16083,0,0,7.140453043101158,4.1633107666868234,0,2005
2006,[364],16083,0,0,7.234898420314831,4.1633107666868234,0,2006
2007,[365],16083,0,0,7.289610521451167,4.1633107666868234,0,2007
2003,[366],17005,0,2004,5.187385805840755,2.8697721464257864,1,2003
2004,[367],17005,1,2004,5.0689042022202315,2.8697721464257864,1,2004
2005,[368],17005,1,2004,4.9344739331306915,2.8697721464257864,1,2005
2006,[369],17005,1,2004,4.890349128221754,2.8697721464257864,1,2006
2007,[370],17005,1,2004,4.990432586778736,2.8697721464257864,1,2007
2003,[371],17015,0,2004,5.429345628954441,2.8138506199884215,1,2003
2004,[372],17015,1,2004,5.420534999272286,2.8138506199884215,1,2004
2005,[373],17015,1,2004,5.501258210544727,2.8138506199884215,1,2005
2006,[374],17015,1,2004,5.4680601411351315,2.8138506199884215,1,2006
2007,[375],17015,1,2004,5.455321115357702,2.8138506199884215,1,2007
2003,[376],17025,0,2004,5.087596335232384,2.67827804276854,1,2003
2004,[377],17025,1,2004,5.003946305945459,2.67827804276854,1,2004
2005,[378],17025,1,2004,4.852030263919617,2.67827804276854,1,2005
2006,[379],17025,1,2004,4.983606621708336,2.67827804276854,1,2006
2007,[380],17025,1,2004,4.976733742420574,2.67827804276854,1,2007
2003,[381],17035,0,2004,4.927253685157205,2.4206347597678599,1,2003
2004,[382],17035,1,2004,4.59511985013459,2.4206347597678599,1,2004
2005,[383],17035,1,2004,4.442651256490317,2.4206347597678599,1,2005
2006,[384],17035,1,2004,4.30406509320417,2.4206347597678599,1,2006
2007,[385],17035,1,2004,4.465908118654584,2.4206347597678599,1,2007
2003,[386],17047,0,2004,4.356708826689592,1.9417586865042618,1,2003
2004,[387],17047,1,2004,4.394449154672439,1.9417586865042618,1,2004
2005,[388],17047,1,2004,4.204692619390966,1.9417586865042618,1,2005
2006,[389],17047,1,2004,4.007333185232471,1.9417586865042618,1,2006
2007,[390],17047,1,2004,4.127134385045092,1.9417586865042618,1,2007
2003,[391],17049,0,2004,6.990256500493881,3.5340952403130701,1,2003
2004,[392],17049,1,2004,6.90975328164481,3.5340952403130701,1,2004
2005,[393],17049,1,2004,6.875232087276577,3.5340952403130701,1,2005
2006,[394],17049,1,2004,6.833031732786201,3.5340952403130701,1,2006
2007,[395],17049,1,2004,6.876264611890766,3.5340952403130701,1,2007
2003,[396],17053,0,2004,5.616771097666572,2.6561251282372909,1,2003
2004,[397],17053,1,2004,5.488937726156687,2.6561251282372909,1,2004
2005,[398],17053,1,2004,5.488937726156687,2.6561251282372909,1,2005
2006,[399],17053,1,2004,5.5134287461649825,2.6561251282372909,1,2006
2007,[400],17053,1,2004,5.313205979041787,2.6561251282372909,1,2007
2003,[401],17063,0,2004,6.580639137284949,3.6252738310249657,1,2003
2004,[402],17063,1,2004,6.476972362889683,3.6252738310249657,1,2004
2005,[403],17063,1,2004,6.493753839851686,3.6252738310249657,1,2005
2006,[404],17063,1,2004,6.483107351457199,3.6252738310249657,1,2006
2007,[405],17063,1,2004,6.569481420414296,3.6252738310249657,1,2007
2003,[406],17089,0,2004,9.006754319877503,6.001709389043949,1,2003
2004,[407],17089,1,2004,8.967631665167133,6.001709389043949,1,2004
2005,[408],17089,1,2004,8.99118884193151,6.001709389043949,1,2005
2006,[409],17089,1,2004,8.978029932837156,6.001709389043949,1,2006
2007,[410],17089,1,2004,9.02509454366498,6.001709389043949,1,2007
2003,[411],17097,0,2004,9.273690687476945,6.4682513684005212,1,2003
2004,[412],17097,1,2004,9.221478116386638,6.4682513684005212,1,2004
2005,[413],17097,1,2004,9.207235557022704,6.4682513684005212,1,2005
2006,[414],17097,1,2004,9.245997049184217,6.4682513684005212,1,2006
2007,[415],17097,1,2004,9.23824732522919,6.4682513684005212,1,2007
2003,[416],17113,0,2004,7.890956716138919,5.0135178023414291,1,2003
2004,[417],17113,1,2004,7.776535028185241,5.0135178023414291,1,2004
2005,[418],17113,1,2004,7.755767170102998,5.0135178023414291,1,2005
2006,[419],17113,1,2004,7.740229524763182,5.0135178023414291,1,2006
2007,[420],17113,1,2004,7.818832443803404,5.0135178023414291,1,2007
2003,[421],17125,0,2004,5.247024072160486,2.7749609063848371,1,2003
2004,[422],17125,1,2004,5.25227342804663,2.7749609063848371,1,2004
2005,[423],17125,1,2004,4.976733742420574,2.7749609063848371,1,2005
2006,[424],17125,1,2004,4.990432586778736,2.7749609063848371,1,2006
2007,[425],17125,1,2004,5.056245805348308,2.7749609063848371,1,2007
2003,[426],17135,0,2004,6.077642243349034,3.4226979131081579,1,2003
2004,[427],17135,1,2004,6.102558594613569,3.4226979131081579,1,2004
2005,[428],17135,1,2004,6.154858094016418,3.4226979131081579,1,2005
2006,[429],17135,1,2004,6.013715156042802,3.4226979131081579,1,2006
2007,[430],17135,1,2004,6.016157159698354,3.4226979131081579,1,2007
2003,[431],17155,0,2004,4.02535169073515,1.8059910514747795,1,2003
2004,[432],17155,1,2004,3.7376696182833684,1.8059910514747795,1,2004
2005,[433],17155,1,2004,3.912023005428146,1.8059910514747795,1,2005
2006,[434],17155,1,2004,3.784189633918261,1.8059910514747795,1,2006
2007,[435],17155,1,2004,4.248495242049359,1.8059910514747795,1,2007
2003,[436],17161,0,2004,7.876638460975463,5.0064532281026972,1,2003
2004,[437],17161,1,2004,7.824046010856292,5.0064532281026972,1,2004
2005,[438],17161,1,2004,7.8655717576847906,5.0064532281026972,1,2005
2006,[439],17161,1,2004,7.851661177889265,5.0064532281026972,1,2006
2007,[440],17161,1,2004,7.829232537543592,5.0064532281026972,1,2007
2003,[441],17169,0,2004,4.5217885770490405,1.9725520800017344,1,2003
2004,[442],17169,1,2004,4.532599493153256,1.9725520800017344,1,2004
2005,[443],17169,1,2004,4.31748811353631,1.9725520800017344,1,2005
2006,[444],17169,1,2004,4.382026634673881,1.9725520800017344,1,2006
2007,[445],17169,1,2004,4.430816798843313,1.9725520800017344,1,2007
2003,[446],17193,0,2004,5.4510384535657,2.7324826172427952,1,2003
2004,[447],17193,1,2004,5.389071729816501,2.7324826172427952,1,2004
2005,[448],17193,1,2004,5.25227342804663,2.7324826172427952,1,2005
2006,[449],17193,1,2004,5.176149732573829,2.7324826172427952,1,2006
2007,[450],17193,1,2004,5.272999558563747,2.7324826172427952,1,2007
2003,[451],17195,0,2004,6.717804695023691,4.1051690983052485,1,2003
2004,[452],17195,1,2004,6.668228248417403,4.1051690983052485,1,2004
2005,[453],17195,1,2004,6.76849321164863,4.1051690983052485,1,2005
2006,[454],17195,1,2004,6.6895992691789665,4.1051690983052485,1,2006
2007,[455],17195,1,2004,6.732210706467206,4.1051690983052485,1,2007
2003,[456],17199,0,2004,6.810142450115136,4.1157145879582933,1,2003
2004,[457],17199,1,2004,6.859614903654202,4.1157145879582933,1,2004
2005,[458],17199,1,2004,6.777646593635117,4.1157145879582933,1,2005
2006,[459],17199,1,2004,6.729824070489475,4.1157145879582933,1,2006
2007,[460],17199,1,2004,6.778784897685177,4.1157145879582933,1,2007
2003,[461],17203,0,2004,6.519147287940395,3.5686590755490859,1,2003
2004,[462],17203,1,2004,6.440946540632921,3.5686590755490859,1,2004
2005,[463],17203,1,2004,6.416732282512326,3.5686590755490859,1,2005
2006,[464],17203,1,2004,6.4692503167957724,3.5686590755490859,1,2006
2007,[465],17203,1,2004,6.486160788944089,3.5686590755490859,1,2007
2003,[466],18005,0,0,7.15305163493748,4.2687879453171211,0,2003
2004,[467],18005,0,0,7.117205503164344,4.2687879453171211,0,2004
2005,[468],18005,0,0,7.166265974133638,4.2687879453171211,0,2005
2006,[469],18005,0,0,7.10002716662926,4.2687879453171211,0,2006
2007,[470],18005,0,0,7.081708586105575,4.2687879453171211,0,2007
2003,[471],18017,0,0,6.29156913955832,3.7118632905043114,0,2003
2004,[472],18017,0,0,6.20455776256869,3.7118632905043114,0,2004
2005,[473],18017,0,0,6.102558594613569,3.7118632905043114,0,2005
2006,[474],18017,0,0,6.091309882077698,3.7118632905043114,0,2006
2007,[475],18017,0,0,6.061456918928017,3.7118632905043114,0,2007
2003,[476],18019,0,0,7.406103381237015,4.5692528108012915,0,2003
2004,[477],18019,0,0,7.313886831633462,4.5692528108012915,0,2004
2005,[478],18019,0,0,7.27931883541462,4.5692528108012915,0,2005
2006,[479],18019,0,0,7.409741954080923,4.5692528108012915,0,2006
2007,[480],18019,0,0,7.368970402194793,4.5692528108012915,0,2007
2003,[481],18021,0,0,5.472270673671475,3.2792557108569129,0,2003
2004,[482],18021,0,0,5.736572297479192,3.2792557108569129,0,2004
2005,[483],18021,0,0,5.755742213586912,3.2792557108569129,0,2005
2006,[484],18021,0,0,5.60947179518496,3.2792557108569129,0,2006
2007,[485],18021,0,0,5.560681631015528,3.2792557108569129,0,2007
2003,[486],18023,0,0,6.12029741895095,3.5224115612431488,0,2003
2004,[487],18023,0,0,6.07073772800249,3.5224115612431488,0,2004
2005,[488],18023,0,0,6.042632833682381,3.5224115612431488,0,2005
2006,[489],18023,0,0,6.0014148779611505,3.5224115612431488,0,2006
2007,[490],18023,0,0,6.023447592961033,3.5224115612431488,0,2007
2003,[491],18029,0,0,6.802394763324311,3.8310081587138693,0,2003
2004,[492],18029,0,0,6.744059186311348,3.8310081587138693,0,2004
2005,[493],18029,0,0,6.756932389247553,3.8310081587138693,0,2005
2006,[494],18029,0,0,6.648984550024776,3.8310081587138693,0,2006
2007,[495],18029,0,0,6.810142450115136,3.8310081587138693,0,2007
2003,[496],18033,0,0,6.507277712385012,3.6959791912291591,0,2003
2004,[497],18033,0,0,6.421622267806518,3.6959791912291591,0,2004
2005,[498],18033,0,0,6.436150368369428,3.6959791912291591,0,2005
2006,[499],18033,0,0,6.511745329644728,3.6959791912291591,0,2006
2007,[500],18033,0,0,6.3784261836515865,3.6959791912291591,0,2007
2003,[501],18035,0,0,7.347299700743164,4.7771804301161156,0,2003
2004,[502],18035,0,0,7.227662498728654,4.7771804301161156,0,2004
2005,[503],18035,0,0,7.1929342212158,4.7771804301161156,0,2005
2006,[504],18035,0,0,7.189922170745808,4.7771804301161156,0,2006
2007,[505],18035,0,0,7.174724309836376,4.7771804301161156,0,2007
2003,[506],18053,0,0,6.871091294610546,4.2959648067198399,0,2003
2004,[507],18053,0,0,6.78105762593618,4.2959648067198399,0,2004
2005,[508],18053,0,0,6.7580945044277305,4.2959648067198399,0,2005
2006,[509],18053,0,0,6.670766320845874,4.2959648067198399,0,2006
2007,[510],18053,0,0,6.665683717782408,4.2959648067198399,0,2007
2003,[511],18063,0,0,7.560601162768557,4.645284730324466,0,2003
2004,[512],18063,0,0,7.597897950521784,4.645284730324466,0,2004
2005,[513],18063,0,0,7.644440761556566,4.645284730324466,0,2005
2006,[514],18063,0,0,7.706162970199576,4.645284730324466,0,2006
2007,[515],18063,0,0,7.7406644019172415,4.645284730324466,0,2007
2003,[516],18081,0,0,7.749753406274437,4.746747870210192,0,2003
2004,[517],18081,0,0,7.738052297689316,4.746747870210192,0,2004
2005,[518],18081,0,0,7.718685495198466,4.746747870210192,0,2005
2006,[519],18081,0,0,7.710653323501202,4.746747870210192,0,2006
2007,[520],18081,0,0,7.716460800176355,4.746747870210192,0,2007
2003,[521],18083,0,0,6.331501849893691,3.6701042987876025,0,2003
2004,[522],18083,0,0,6.249975242259483,3.6701042987876025,0,2004
2005,[523],18083,0,0,6.248042874508429,3.6701042987876025,0,2005
2006,[524],18083,0,0,6.293419278846481,3.6701042987876025,0,2006
2007,[525],18083,0,0,6.182084906716632,3.6701042987876025,0,2007
2003,[526],18091,0,0,7.43543801981455,4.7014435381565924,0,2003
2004,[527],18091,0,0,7.373374309910049,4.7014435381565924,0,2004
2005,[528],18091,0,0,7.395107546562485,4.7014435381565924,0,2005
2006,[529],18091,0,0,7.379008127628304,4.7014435381565924,0,2006
2007,[530],18091,0,0,7.371489295214277,4.7014435381565924,0,2007
2003,[531],18093,0,0,6.210600077024653,3.8269443050698313,0,2003
2004,[532],18093,0,0,6.154858094016418,3.8269443050698313,0,2004
2005,[533],18093,0,0,6.156978985585555,3.8269443050698313,0,2005
2006,[534],18093,0,0,6.159095388491933,3.8269443050698313,0,2006
2007,[535],18093,0,0,6.202535517187923,3.8269443050698313,0,2007
2003,[536],18099,0,0,6.573680166960646,3.8095028964376749,0,2003
2004,[537],18099,0,0,6.51471269087253,3.8095028964376749,0,2004
2005,[538],18099,0,0,6.480044561926653,3.8095028964376749,0,2005
2006,[539],18099,0,0,6.523562306149512,3.8095028964376749,0,2006
2007,[540],18099,0,0,6.45833828334479,3.8095028964376749,0,2007
2003,[541],18109,0,0,6.680854678790215,4.2000400217799552,0,2003
2004,[542],18109,0,0,6.630683385642372,4.2000400217799552,0,2004
2005,[543],18109,0,0,6.659293919683638,4.2000400217799552,0,2005
2006,[544],18109,0,0,6.616065185132817,4.2000400217799552,0,2006
2007,[545],18109,0,0,6.597145701886651,4.2000400217799552,0,2007
2003,[546],18113,0,0,6.490723534502507,3.8346018584595614,0,2003
2004,[547],18113,0,0,6.456769655572163,3.8346018584595614,0,2004
2005,[548],18113,0,0,6.391917113392602,3.8346018584595614,0,2005
2006,[549],18113,0,0,6.419994928147142,3.8346018584595614,0,2006
2007,[550],18113,0,0,6.396929655216146,3.8346018584595614,0,2007
2003,[551],18115,0,0,4.290459441148391,1.7268653293100646,0,2003
2004,[552],18115,0,0,4.2626798770413155,1.7268653293100646,0,2004
2005,[553],18115,0,0,4.174387269895637,1.7268653293100646,0,2005
2006,[554],18115,0,0,4.04305126783455,1.7268653293100646,0,2006
2007,[555],18115,0,0,4.07753744390572,1.7268653293100646,0,2007
2003,[556],18119,0,0,5.2832037287379885,3.0812675616602538,0,2003
2004,[557],18119,0,0,5.303304908059076,3.0812675616602538,0,2004
2005,[558],18119,0,0,5.351858133476067,3.0812675616602538,0,2005
2006,[559],18119,0,0,5.308267697401205,3.0812675616602538,0,2006
2007,[560],18119,0,0,5.272999558563747,3.0812675616602538,0,2007
2003,[561],18133,0,0,6.4425401664681985,3.5840465770081811,0,2003
2004,[562],18133,0,0,6.476972362889683,3.5840465770081811,0,2004
2005,[563],18133,0,0,6.432940092739179,3.5840465770081811,0,2005
2006,[564],18133,0,0,6.2878585601617845,3.5840465770081811,0,2006
2007,[565],18133,0,0,6.246106765481563,3.5840465770081811,0,2007
2003,[566],18145,0,0,6.48768401848461,3.7714957702911693,0,2003
2004,[567],18145,0,0,6.472346294500901,3.7714957702911693,0,2004
2005,[568],18145,0,0,6.311734809152915,3.7714957702911693,0,2005
2006,[569],18145,0,0,6.18826412308259,3.7714957702911693,0,2006
2007,[570],18145,0,0,6.135564891081739,3.7714957702911693,0,2007
2003,[571],18157,0,0,7.706162970199576,5.0036442469074025,0,2003
2004,[572],18157,0,0,7.642524134232902,5.0036442469074025,0,2004
2005,[573],18157,0,0,7.707512194600341,5.0036442469074025,0,2005
2006,[574],18157,0,0,7.735870319952567,5.0036442469074025,0,2006
2007,[575],18157,0,0,7.741967899820685,5.0036442469074025,0,2007
2003,[576],18175,0,0,5.351858133476067,3.3040622042289236,0,2003
2004,[577],18175,0,0,5.318119993844216,3.3040622042289236,0,2004
2005,[578],18175,0,0,5.220355825078324,3.3040622042289236,0,2005
2006,[579],18175,0,0,5.247024072160486,3.3040622042289236,0,2006
2007,[580],18175,0,0,5.272999558563747,3.3040622042289236,0,2007
2003,[581],18179,0,0,6.0844994130751715,3.3178157727231046,0,2003
2004,[582],18179,0,0,5.948034989180646,3.3178157727231046,0,2004
2005,[583],18179,0,0,5.929589143389895,3.3178157727231046,0,2005
2006,[584],18179,0,0,6.052089168924417,3.3178157727231046,0,2006
2007,[585],18179,0,0,5.831882477283517,3.3178157727231046,0,2007
2003,[586],18181,0,0,5.53338948872752,3.2294991965053317,0,2003
2004,[587],18181,0,0,5.3230099791384085,3.2294991965053317,0,2004
2005,[588],18181,0,0,5.288267030694535,3.2294991965053317,0,2005
2006,[589],18181,0,0,5.2574953720277815,3.2294991965053317,0,2006
2007,[590],18181,0,0,5.231108616854587,3.2294991965053317,0,2007
2003,[591],19013,0,0,7.904334842085095,4.8521240095253608,0,2003
2004,[592],19013,0,0,7.837948916025283,4.8521240095253608,0,2004
2005,[593],19013,0,0,7.8407064517494,4.8521240095253608,0,2005
2006,[594],19013,0,0,7.8547691834991324,4.8521240095253608,0,2006
2007,[595],19013,0,0,7.879291485082271,4.8521240095253608,0,2007
2003,[596],19025,0,0,5.4680601411351315,2.4082955474161598,0,2003
2004,[597],19025,0,0,5.225746673713202,2.4082955474161598,0,2004
2005,[598],19025,0,0,5.187385805840755,2.4082955474161598,0,2005
2006,[599],19025,0,0,5.220355825078324,2.4082955474161598,0,2006
2007,[600],19025,0,0,5.153291594497779,2.4082955474161598,0,2007
2003,[601],19069,0,0,5.2832037287379885,2.3706175033858727,0,2003
2004,[602],19069,0,0,5.214935757608986,2.3706175033858727,0,2004
2005,[603],19069,0,0,5.313205979041787,2.3706175033858727,0,2005
2006,[604],19069,0,0,5.198497031265826,2.3706175033858727,0,2006
2007,[605],19069,0,0,5.204006687076795,2.3706175033858727,0,2007
2003,[606],19077,0,0,5.056245805348308,2.4294820261823964,0,2003
2004,[607],19077,0,0,4.976733742420574,2.4294820261823964,0,2004
2005,[608],19077,0,0,4.941642422609304,2.4294820261823964,0,2005
2006,[609],19077,0,0,4.844187086458591,2.4294820261823964,0,2006
2007,[610],19077,0,0,4.875197323201151,2.4294820261823964,0,2007
2003,[611],19083,0,0,5.87493073085203,2.9344949640828015,0,2003
2004,[612],19083,0,0,5.786897381366708,2.9344949640828015,0,2004
2005,[613],19083,0,0,5.752572638825633,2.9344949640828015,0,2005
2006,[614],19083,0,0,5.771441123130016,2.9344949640828015,0,2006
2007,[615],19083,0,0,5.752572638825633,2.9344949640828015,0,2007
2003,[616],19087,0,0,6.202535517187923,3.0123927144470981,0,2003
2004,[617],19087,0,0,6.0112671744041615,3.0123927144470981,0,2004
2005,[618],19087,0,0,6.013715156042802,3.0123927144470981,0,2005
2006,[619],19087,0,0,5.988961416889864,3.0123927144470981,0,2006
2007,[620],19087,0,0,5.926926025970411,3.0123927144470981,0,2007
2003,[621],19111,0,0,6.406879986069314,3.6389536453442104,0,2003
2004,[622],19111,0,0,6.320768294250582,3.6389536453442104,0,2004
2005,[623],19111,0,0,6.393590753950631,3.6389536453442104,0,2005
2006,[624],19111,0,0,6.436150368369428,3.6389536453442104,0,2006
2007,[625],19111,0,0,6.432940092739179,3.6389536453442104,0,2007
2003,[626],19113,0,0,8.309922989258318,5.2559368665220827,0,2003
2004,[627],19113,0,0,8.287025025165063,5.2559368665220827,0,2004
2005,[628],19113,0,0,8.254008590564844,5.2559368665220827,0,2005
2006,[629],19113,0,0,8.285261134068948,5.2559368665220827,0,2006
2007,[630],19113,0,0,8.36985260351753,5.2559368665220827,0,2007
2003,[631],19123,0,0,5.8998973535824915,3.1061549548040821,0,2003
2004,[632],19123,0,0,5.840641657373398,3.1061549548040821,0,2004
2005,[633],19123,0,0,5.736572297479192,3.1061549548040821,0,2005
2006,[634],19123,0,0,5.802118375377063,3.1061549548040821,0,2006
2007,[635],19123,0,0,5.7745515455444085,3.1061549548040821,0,2007
2003,[636],19131,0,0,5.267858159063328,2.3863746187237291,0,2003
2004,[637],19131,0,0,5.187385805840755,2.3863746187237291,0,2004
2005,[638],19131,0,0,5.278114659230517,2.3863746187237291,0,2005
2006,[639],19131,0,0,5.2574953720277815,2.3863746187237291,0,2006
2007,[640],19131,0,0,5.318119993844216,2.3863746187237291,0,2007
2003,[641],19137,0,0,5.375278407684165,2.4656388794303434,0,2003
2004,[642],19137,0,0,5.44673737166631,2.4656388794303434,0,2004
2005,[643],19137,0,0,5.37989735354046,2.4656388794303434,0,2005
2006,[644],19137,0,0,5.4510384535657,2.4656388794303434,0,2006
2007,[645],19137,0,0,5.455321115357702,2.4656388794303434,0,2007
2003,[646],19141,0,0,6.089044875446846,2.714827185381234,0,2003
2004,[647],19141,0,0,6.0014148779611505,2.714827185381234,0,2004
2005,[648],19141,0,0,6.0330862217988015,2.714827185381234,0,2005
2006,[649],19141,0,0,6.052089168924417,2.714827185381234,0,2006
2007,[650],19141,0,0,5.886104031450156,2.714827185381234,0,2007
2003,[651],19153,0,0,9.19136140537838,5.925861459520573,0,2003
2004,[652],19153,0,0,9.125653563808989,5.925861459520573,0,2004
2005,[653],19153,0,0,9.129564061948894,5.925861459520573,0,2005
2006,[654],19153,0,0,9.147294070258548,5.925861459520573,0,2006
2007,[655],19153,0,0,9.1557785839835,5.925861459520573,0,2007
2003,[656],19157,0,0,6.345636360828596,2.9346544240454007,0,2003
2004,[657],19157,0,0,6.095824562432225,2.9346544240454007,0,2004
2005,[658],19157,0,0,6.063785208687608,2.9346544240454007,0,2005
2006,[659],19157,0,0,6.1463292576688975,2.9346544240454007,0,2006
2007,[660],19157,0,0,6.154858094016418,2.9346544240454007,0,2007
2003,[661],19159,0,0,4.6443908991413725,1.6990957843646357,0,2003
2004,[662],19159,0,0,4.532599493153256,1.6990957843646357,0,2004
2005,[663],19159,0,0,4.330733340286331,1.6990957843646357,0,2005
2006,[664],19159,0,0,4.276666119016055,1.6990957843646357,0,2006
2007,[665],19159,0,0,4.3694478524670215,1.6990957843646357,0,2007
2003,[666],19183,0,0,6.095824562432225,3.0286833736936769,0,2003
2004,[667],19183,0,0,5.926926025970411,3.0286833736936769,0,2004
2005,[668],19183,0,0,5.8888779583328805,3.0286833736936769,0,2005
2006,[669],19183,0,0,5.978885764901122,3.0286833736936769,0,2006
2007,[670],19183,0,0,6.124683390894205,3.0286833736936769,0,2007
2003,[671],19185,0,0,4.248495242049359,1.9065751436566365,0,2003
2004,[672],19185,0,0,3.9318256327243257,1.9065751436566365,0,2004
2005,[673],19185,0,0,4.02535169073515,1.9065751436566365,0,2005
2006,[674],19185,0,0,4.060443010546419,1.9065751436566365,0,2006
2007,[675],19185,0,0,4.418840607796598,1.9065751436566365,0,2007
2003,[676],19187,0,0,6.733401891837359,3.6947372635980962,0,2003
2004,[677],19187,0,0,6.683360945766275,3.6947372635980962,0,2004
2005,[678],19187,0,0,6.648984550024776,3.6947372635980962,0,2005
2006,[679],19187,0,0,6.683360945766275,3.6947372635980962,0,2006
2007,[680],19187,0,0,6.673297967767654,3.6947372635980962,0,2007
2003,[681],20013,0,0,5.429345628954441,2.3724842203737131,0,2003
2004,[682],20013,0,0,5.459585514144159,2.3724842203737131,0,2004
2005,[683],20013,0,0,5.501258210544727,2.3724842203737131,0,2005
2006,[684],20013,0,0,5.318119993844216,2.3724842203737131,0,2006
2007,[685],20013,0,0,5.2832037287379885,2.3724842203737131,0,2007
2003,[686],20021,0,0,5.5909869805108565,3.1181711207465685,0,2003
2004,[687],20021,0,0,5.356586274672012,3.1181711207465685,0,2004
2005,[688],20021,0,0,5.545177444479562,3.1181711207465685,0,2005
2006,[689],20021,0,0,5.402677381872279,3.1181711207465685,0,2006
2007,[690],20021,0,0,5.318119993844216,3.1181711207465685,0,2007
2003,[691],20027,0,0,5.14166355650266,2.1772486016827477,0,2003
2004,[692],20027,0,0,5.236441962829949,2.1772486016827477,0,2004
2005,[693],20027,0,0,5.3706380281276624,2.1772486016827477,0,2005
2006,[694],20027,0,0,5.393627546352362,2.1772486016827477,0,2006
2007,[695],20027,0,0,5.402677381872279,2.1772486016827477,0,2007
2003,[696],20031,0,0,5.288267030694535,2.1821109395261713,0,2003
2004,[697],20031,0,0,5.198497031265826,2.1821109395261713,0,2004
2005,[698],20031,0,0,4.948759890378168,2.1821109395261713,0,2005
2006,[699],20031,0,0,5.375278407684165,2.1821109395261713,0,2006
2007,[700],20031,0,0,5.393627546352362,2.1821109395261713,0,2007
2003,[701],20045,0,0,7.522400231387125,4.6047901137697957,0,2003
2004,[702],20045,0,0,7.366445148327599,4.6047901137697957,0,2004
2005,[703],20045,0,0,7.3752557780097545,4.6047901137697957,0,2005
2006,[704],20045,0,0,7.403061091090091,4.6047901137697957,0,2006
2007,[705],20045,0,0,7.426549072397305,4.6047901137697957,0,2007
2003,[706],20047,0,0,3.6635616461296463,1.2380843339547039,0,2003
2004,[707],20047,0,0,3.8066624897703196,1.2380843339547039,0,2004
2005,[708],20047,0,0,3.6375861597263857,1.2380843339547039,0,2005
2006,[709],20047,0,0,2.9444389791664403,1.2380843339547039,0,2006
2007,[710],20047,0,0,3.828641396489095,1.2380843339547039,0,2007
2003,[711],20063,0,0,4.2626798770413155,1.1210258835050098,0,2003
2004,[712],20063,0,0,4.189654742026425,1.1210258835050098,0,2004
2005,[713],20063,0,0,4.007333185232471,1.1210258835050098,0,2005
2006,[714],20063,0,0,4.04305126783455,1.1210258835050098,0,2006
2007,[715],20063,0,0,3.970291913552122,1.1210258835050098,0,2007
2003,[716],20085,0,0,5.438079308923196,2.5382104218103114,0,2003
2004,[717],20085,0,0,5.375278407684165,2.5382104218103114,0,2004
2005,[718],20085,0,0,5.389071729816501,2.5382104218103114,0,2005
2006,[719],20085,0,0,5.351858133476067,2.5382104218103114,0,2006
2007,[720],20085,0,0,5.407171771460119,2.5382104218103114,0,2007
2003,[721],20095,0,0,4.927253685157205,2.1602147517023189,0,2003
2004,[722],20095,0,0,4.912654885736052,2.1602147517023189,0,2004
2005,[723],20095,0,0,5.0369526024136295,2.1602147517023189,0,2005
2006,[724],20095,0,0,4.969813299576001,2.1602147517023189,0,2006
2007,[725],20095,0,0,5.056245805348308,2.1602147517023189,0,2007
2003,[726],20103,0,0,6.595780513961311,4.2296181862796702,0,2003
2004,[727],20103,0,0,6.588926477533519,4.2296181862796702,0,2004
2005,[728],20103,0,0,6.464588303689961,4.2296181862796702,0,2005
2006,[729],20103,0,0,6.498282149476434,4.2296181862796702,0,2006
2007,[730],20103,0,0,6.456769655572163,4.2296181862796702,0,2007
2003,[731],20133,0,0,6.111467339502679,2.8330368578952143,0,2003
2004,[732],20133,0,0,5.921578419643816,2.8330368578952143,0,2004
2005,[733],20133,0,0,5.820082930352362,2.8330368578952143,0,2005
2006,[734],20133,0,0,5.84354441703136,2.8330368578952143,0,2006
2007,[735],20133,0,0,5.723585101952381,2.8330368578952143,0,2007
2003,[736],20137,0,0,4.736198448394496,1.7838952941712531,0,2003
2004,[737],20137,0,0,4.709530201312334,1.7838952941712531,0,2004
2005,[738],20137,0,0,4.852030263919617,1.7838952941712531,0,2005
2006,[739],20137,0,0,4.795790545596741,1.7838952941712531,0,2006
2007,[740],20137,0,0,4.6443908991413725,1.7838952941712531,0,2007
2003,[741],20143,0,0,3.9512437185814275,1.8185636719801062,0,2003
2004,[742],20143,0,0,3.9889840465642745,1.8185636719801062,0,2004
2005,[743],20143,0,0,3.9889840465642745,1.8185636719801062,0,2005
2006,[744],20143,0,0,4.189654742026425,1.8185636719801062,0,2006
2007,[745],20143,0,0,4.060443010546419,1.8185636719801062,0,2007
2003,[746],20145,0,0,4.499809670330265,1.9786538878671436,0,2003
2004,[747],20145,0,0,4.48863636973214,1.9786538878671436,0,2004
2005,[748],20145,0,0,4.634728988229636,1.9786538878671436,0,2005
2006,[749],20145,0,0,4.804021044733257,1.9786538878671436,0,2006
2007,[750],20145,0,0,4.700480365792417,1.9786538878671436,0,2007
2003,[751],20171,0,0,5.030437921392435,1.6331544390514163,0,2003
2004,[752],20171,0,0,4.912654885736052,1.6331544390514163,0,2004
2005,[753],20171,0,0,4.812184355372417,1.6331544390514163,0,2005
2006,[754],20171,0,0,4.8283137373023015,1.6331544390514163,0,2006
2007,[755],20171,0,0,4.795790545596741,1.6331544390514163,0,2007
2003,[756],20183,0,0,3.970291913552122,1.5120455664254508,0,2003
2004,[757],20183,0,0,3.9318256327243257,1.5120455664254508,0,2004
2005,[758],20183,0,0,3.6375861597263857,1.5120455664254508,0,2005
2006,[759],20183,0,0,4.174387269895637,1.5120455664254508,0,2006
2007,[760],20183,0,0,4.382026634673881,1.5120455664254508,0,2007
2003,[761],20205,0,0,4.795790545596741,2.3352458752335941,0,2003
2004,[762],20205,0,0,4.795790545596741,2.3352458752335941,0,2004
2005,[763],20205,0,0,4.812184355372417,2.3352458752335941,0,2005
2006,[764],20205,0,0,4.948759890378168,2.3352458752335941,0,2006
2007,[765],20205,0,0,5.1647859739235145,2.3352458752335941,0,2007
2003,[766],22007,0,0,4.77912349311153,3.1522230703134242,0,2003
2004,[767],22007,0,0,4.836281906951478,3.1522230703134242,0,2004
2005,[768],22007,0,0,4.574710978503383,3.1522230703134242,0,2005
2006,[769],22007,0,0,4.919980925828125,3.1522230703134242,0,2006
2007,[770],22007,0,0,5.075173815233827,3.1522230703134242,0,2007
2003,[771],22033,0,0,8.74957394808293,6.0230891752261737,0,2003
2004,[772],22033,0,0,8.680162019694377,6.0230891752261737,0,2004
2005,[773],22033,0,0,8.684401110400144,6.0230891752261737,0,2005
2006,[774],22033,0,0,8.780941113572387,6.0230891752261737,0,2006
2007,[775],22033,0,0,8.657824321155983,6.0230891752261737,0,2007
2003,[776],22045,0,0,6.654152520183219,4.29409665407894,0,2003
2004,[777],22045,0,0,6.580639137284949,4.29409665407894,0,2004
2005,[778],22045,0,0,6.582025138892826,4.29409665407894,0,2005
2006,[779],22045,0,0,6.762729506931879,4.29409665407894,0,2006
2007,[780],22045,0,0,6.779921907472252,4.29409665407894,0,2007
2003,[781],22069,0,0,5.641907070938114,3.6656108271745818,0,2003
2004,[782],22069,0,0,5.537334267018537,3.6656108271745818,0,2004
2005,[783],22069,0,0,5.407171771460119,3.6656108271745818,0,2005
2006,[784],22069,0,0,5.537334267018537,3.6656108271745818,0,2006
2007,[785],22069,0,0,5.786897381366708,3.6656108271745818,0,2007
2003,[786],22071,0,0,8.31164394850298,6.1834764999848906,0,2003
2004,[787],22071,0,0,8.137103389639302,6.1834764999848906,0,2004
2005,[788],22071,0,0,8.142063283104147,6.1834764999848906,0,2005
2006,[789],22071,0,0,7.1785454837637,6.1834764999848906,0,2006
2007,[790],22071,0,0,7.751475318021456,6.1834764999848906,0,2007
2003,[791],22073,0,0,7.510430556378006,4.9921318225316957,0,2003
2004,[792],22073,0,0,7.351158226430694,4.9921318225316957,0,2004
2005,[793],22073,0,0,7.403670290012373,4.9921318225316957,0,2005
2006,[794],22073,0,0,7.452402451223638,4.9921318225316957,0,2006
2007,[795],22073,0,0,7.509883061154913,4.9921318225316957,0,2007
2003,[796],22081,0,0,4.02535169073515,2.264052143277262,0,2003
2004,[797],22081,0,0,3.784189633918261,2.264052143277262,0,2004
2005,[798],22081,0,0,3.367295829986474,2.264052143277262,0,2005
2006,[799],22081,0,0,3.332204510175204,2.264052143277262,0,2006
2007,[800],22081,0,0,3.332204510175204,2.264052143277262,0,2007
2003,[801],22087,0,0,6.740519359606223,4.2081047020582583,0,2003
2004,[802],22087,0,0,6.588926477533519,4.2081047020582583,0,2004
2005,[803],22087,0,0,6.579251212010101,4.2081047020582583,0,2005
2006,[804],22087,0,0,4.454347296253507,4.2081047020582583,0,2006
2007,[805],22087,0,0,5.214935757608986,4.2081047020582583,0,2007
2003,[806],22091,0,0,3.2188758248682006,2.3537533795684453,0,2003
2004,[807],22091,0,0,3.5553480614894135,2.3537533795684453,0,2004
2005,[808],22091,0,0,3.1780538303479458,2.3537533795684453,0,2005
2006,[809],22091,0,0,3.332204510175204,2.3537533795684453,0,2006
2007,[810],22091,0,0,3.367295829986474,2.3537533795684453,0,2007
2003,[811],22111,0,0,5.056245805348308,3.1268921062520132,0,2003
2004,[812],22111,0,0,4.6913478822291435,3.1268921062520132,0,2004
2005,[813],22111,0,0,5.056245805348308,3.1268921062520132,0,2005
2006,[814],22111,0,0,4.820281565605037,3.1268921062520132,0,2006
2007,[815],22111,0,0,4.882801922586371,3.1268921062520132,0,2007
2003,[816],22115,0,0,5.605802066295998,3.9614034715255837,0,2003
2004,[817],22115,0,0,5.645446897643238,3.9614034715255837,0,2004
2005,[818],22115,0,0,5.655991810819852,3.9614034715255837,0,2005
2006,[819],22115,0,0,5.746203190540153,3.9614034715255837,0,2006
2007,[820],22115,0,0,5.783825182329737,3.9614034715255837,0,2007
2003,[821],22119,0,0,5.697093486505405,3.7336376914557099,0,2003
2004,[822],22119,0,0,5.4680601411351315,3.7336376914557099,0,2004
2005,[823],22119,0,0,5.616771097666572,3.7336376914557099,0,2005
2006,[824],22119,0,0,5.575949103146316,3.7336376914557099,0,2006
2007,[825],22119,0,0,5.814130531825066,3.7336376914557099,0,2007
2003,[826],24009,0,2007,7.025538314638521,4.3116444056193899,1,2003
2004,[827],24009,0,2007,7.146772179452637,4.3116444056193899,1,2004
2005,[828],24009,0,2007,7.161622002939187,4.3116444056193899,1,2005
2006,[829],24009,0,2007,7.106606137727303,4.3116444056193899,1,2006
2007,[830],24009,1,2007,7.1929342212158,4.3116444056193899,1,2007
2003,[831],24015,0,2007,7.040536390215956,4.4537773664324964,1,2003
2004,[832],24015,0,2007,7.15305163493748,4.4537773664324964,1,2004
2005,[833],24015,0,2007,7.144407180321139,4.4537773664324964,1,2005
2006,[834],24015,0,2007,7.188412736496954,4.4537773664324964,1,2006
2007,[835],24015,1,2007,7.111512116496157,4.4537773664324964,1,2007
2003,[836],24017,0,2007,7.68017564043659,4.7920314228240777,1,2003
2004,[837],24017,0,2007,7.692569648067906,4.7920314228240777,1,2004
2005,[838],24017,0,2007,7.690743163541872,4.7920314228240777,1,2005
2006,[839],24017,0,2007,7.75491027202143,4.7920314228240777,1,2006
2007,[840],24017,1,2007,7.756195343948118,4.7920314228240777,1,2007
2003,[841],24021,0,2007,8.310169021981912,5.2744190634103703,1,2003
2004,[842],24021,0,2007,8.36264243156764,5.2744190634103703,1,2004
2005,[843],24021,0,2007,8.308199063206446,5.2744190634103703,1,2005
2006,[844],24021,0,2007,8.327484416188264,5.2744190634103703,1,2006
2007,[845],24021,1,2007,8.288031567776464,5.2744190634103703,1,2007
2003,[846],24027,0,2007,8.768263145371286,5.5127914463584,1,2003
2004,[847],24027,0,2007,8.742733867330168,5.5127914463584,1,2004
2005,[848],24027,0,2007,8.670772279344538,5.5127914463584,1,2005
2006,[849],24027,0,2007,8.717190933223135,5.5127914463584,1,2006
2007,[850],24027,1,2007,8.751316246773456,5.5127914463584,1,2007
2003,[851],24033,0,2007,9.108307646411031,6.6865036867840306,1,2003
2004,[852],24033,0,2007,9.140347000155648,6.6865036867840306,1,2004
2005,[853],24033,0,2007,9.172326929777967,6.6865036867840306,1,2005
2006,[854],24033,0,2007,9.17926241640532,6.6865036867840306,1,2006
2007,[855],24033,1,2007,9.155672970633875,6.6865036867840306,1,2007
2003,[856],26005,0,2007,7.1693500166706,4.6602737122141153,1,2003
2004,[857],26005,0,2007,7.157735484249907,4.6602737122141153,1,2004
2005,[858],26005,0,2007,7.105786129481271,4.6602737122141153,1,2005
2006,[859],26005,0,2007,7.051855622955894,4.6602737122141153,1,2006
2007,[860],26005,1,2007,6.9874902470009905,4.6602737122141153,1,2007
2003,[861],26015,0,2007,6.343880434126331,4.0387437582073025,1,2003
2004,[862],26015,0,2007,6.251903883165888,4.0387437582073025,1,2004
2005,[863],26015,0,2007,6.285998094508865,4.0387437582073025,1,2005
2006,[864],26015,0,2007,6.180016653652572,4.0387437582073025,1,2006
2007,[865],26015,1,2007,6.194405391104672,4.0387437582073025,1,2007
2003,[866],26027,0,2007,5.420534999272286,3.9338627720326018,1,2003
2004,[867],26027,0,2007,5.6240175061873385,3.9338627720326018,1,2004
2005,[868],26027,0,2007,5.723585101952381,3.9338627720326018,1,2005
2006,[869],26027,0,2007,5.58724865840025,3.9338627720326018,1,2006
2007,[870],26027,1,2007,5.272999558563747,3.9338627720326018,1,2007
2003,[871],26031,0,2007,5.278114659230517,3.2751805410786683,1,2003
2004,[872],26031,0,2007,5.1298987149230735,3.2751805410786683,1,2004
2005,[873],26031,0,2007,5.1298987149230735,3.2751805410786683,1,2005
2006,[874],26031,0,2007,5.111987788356544,3.2751805410786683,1,2006
2007,[875],26031,1,2007,4.997212273764115,3.2751805410786683,1,2007
2003,[876],26041,0,2007,6.311734809152915,3.6511775869299248,1,2003
2004,[877],26041,0,2007,6.320768294250582,3.6511775869299248,1,2004
2005,[878],26041,0,2007,6.257667587882639,3.6511775869299248,1,2005
2006,[879],26041,0,2007,6.253828811575473,3.6511775869299248,1,2006
2007,[880],26041,1,2007,6.139884552226255,3.6511775869299248,1,2007
2003,[881],26057,0,2007,6.139884552226255,3.7444324132341853,1,2003
2004,[882],26057,0,2007,6.095824562432225,3.7444324132341853,1,2004
2005,[883],26057,0,2007,6.251903883165888,3.7444324132341853,1,2005
2006,[884],26057,0,2007,6.1224928095143865,3.7444324132341853,1,2006
2007,[885],26057,1,2007,5.926926025970411,3.7444324132341853,1,2007
2003,[886],26061,0,2007,6.42648845745769,3.5839632841643763,1,2003
2004,[887],26061,0,2007,6.400257445308821,3.5839632841643763,1,2004
2005,[888],26061,0,2007,6.338594078203183,3.5839632841643763,1,2005
2006,[889],26061,0,2007,6.2285110035911835,3.5839632841643763,1,2006
2007,[890],26061,1,2007,6.135564891081739,3.5839632841643763,1,2007
2003,[891],26065,0,2007,8.414274137408396,5.6323580779778348,1,2003
2004,[892],26065,0,2007,8.332548939252638,5.6323580779778348,1,2004
2005,[893],26065,0,2007,8.246433786160365,5.6323580779778348,1,2005
2006,[894],26065,0,2007,8.212839584676484,5.6323580779778348,1,2006
2007,[895],26065,1,2007,8.163656176168432,5.6323580779778348,1,2007
2003,[896],26073,0,2007,6.739336627357174,4.148690691962214,1,2003
2004,[897],26073,0,2007,6.598509028614515,4.148690691962214,1,2004
2005,[898],26073,0,2007,6.68586094706836,4.148690691962214,1,2005
2006,[899],26073,0,2007,6.530877627725885,4.148690691962214,1,2006
2007,[900],26073,1,2007,6.51025834052315,4.148690691962214,1,2007
2003,[901],26085,0,2007,3.6635616461296463,2.4277188237508116,1,2003
2004,[902],26085,0,2007,3.4011973816621555,2.4277188237508116,1,2004
2005,[903],26085,0,2007,3.6375861597263857,2.4277188237508116,1,2005
2006,[904],26085,0,2007,3.2188758248682006,2.4277188237508116,1,2006
2007,[905],26085,1,2007,3.367295829986474,2.4277188237508116,1,2007
2003,[906],26089,0,2007,5.641907070938114,3.0501731092322375,1,2003
2004,[907],26089,0,2007,5.529429087511423,3.0501731092322375,1,2004
2005,[908],26089,0,2007,5.472270673671475,3.0501731092322375,1,2005
2006,[909],26089,0,2007,5.2832037287379885,3.0501731092322375,1,2006
2007,[910],26089,1,2007,5.342334251964811,3.0501731092322375,1,2007
2003,[911],26105,0,2007,5.75890177387728,3.341942654444841,1,2003
2004,[912],26105,0,2007,5.598421958998375,3.341942654444841,1,2004
2005,[913],26105,0,2007,5.755742213586912,3.341942654444841,1,2005
2006,[914],26105,0,2007,5.6131281063880705,3.341942654444841,1,2006
2007,[915],26105,1,2007,5.529429087511423,3.341942654444841,1,2007
2003,[916],26127,0,2007,5.529429087511423,3.2911220650739739,1,2003
2004,[917],26127,0,2007,5.517452896464707,3.2911220650739739,1,2004
2005,[918],26127,0,2007,5.54907608489522,3.2911220650739739,1,2005
2006,[919],26127,0,2007,5.393627546352362,3.2911220650739739,1,2006
2007,[920],26127,1,2007,5.375278407684165,3.2911220650739739,1,2007
2003,[921],26129,0,2007,5.7430031878094825,3.0747744808939439,1,2003
2004,[922],26129,0,2007,5.755742213586912,3.0747744808939439,1,2004
2005,[923],26129,0,2007,5.75890177387728,3.0747744808939439,1,2005
2006,[924],26129,0,2007,5.568344503761097,3.0747744808939439,1,2006
2007,[925],26129,1,2007,5.529429087511423,3.0747744808939439,1,2007
2003,[926],26137,0,2007,6.236369590203704,3.14849627810562,1,2003
2004,[927],26137,0,2007,6.2285110035911835,3.14849627810562,1,2004
2005,[928],26137,0,2007,6.186208623900494,3.14849627810562,1,2005
2006,[929],26137,0,2007,6.104793232414985,3.14849627810562,1,2006
2007,[930],26137,1,2007,5.945420608606575,3.14849627810562,1,2007
2003,[931],26149,0,2007,6.62273632394984,4.1339177773418267,1,2003
2004,[932],26149,0,2007,6.452048954437226,4.1339177773418267,1,2004
2005,[933],26149,0,2007,6.507277712385012,4.1339177773418267,1,2005
2006,[934],26149,0,2007,6.418364935936212,4.1339177773418267,1,2006
2007,[935],26149,1,2007,6.369900982828227,4.1339177773418267,1,2007
2003,[936],27005,0,2006,6.843749949006225,3.4011973816621555,1,2003
2004,[937],27005,0,2006,6.761572768804055,3.4011973816621555,1,2004
2005,[938],27005,0,2006,6.786716950605081,3.4011973816621555,1,2005
2006,[939],27005,1,2006,6.967909201801884,3.4011973816621555,1,2006
2007,[940],27005,1,2006,6.910750787961936,3.4011973816621555,1,2007
2003,[941],27009,0,2006,6.523562306149512,3.5329855891552602,1,2003
2004,[942],27009,0,2006,6.453624998892692,3.5329855891552602,1,2004
2005,[943],27009,0,2006,6.476972362889683,3.5329855891552602,1,2005
2006,[944],27009,1,2006,6.517671272912275,3.5329855891552602,1,2006
2007,[945],27009,1,2006,6.416732282512326,3.5329855891552602,1,2007
2003,[946],27023,0,2006,5.793013608384144,2.571695779860391,1,2003
2004,[947],27023,0,2006,5.655991810819852,2.571695779860391,1,2004
2005,[948],27023,0,2006,5.799092654460526,2.571695779860391,1,2005
2006,[949],27023,1,2006,5.697093486505405,2.571695779860391,1,2006
2007,[950],27023,1,2006,5.723585101952381,2.571695779860391,1,2007
2003,[951],27035,0,2006,7.489970898834801,4.0091315671738501,1,2003
2004,[952],27035,0,2006,7.22983877815125,4.0091315671738501,1,2004
2005,[953],27035,0,2006,7.301147805856032,4.0091315671738501,1,2005
2006,[954],27035,1,2006,7.395107546562485,4.0091315671738501,1,2006
2007,[955],27035,1,2006,7.223295679562314,4.0091315671738501,1,2007
2003,[956],27043,0,2006,5.575949103146316,2.7838377144176709,1,2003
2004,[957],27043,0,2006,5.393627546352362,2.7838377144176709,1,2004
2005,[958],27043,0,2006,5.54907608489522,2.7838377144176709,1,2005
2006,[959],27043,1,2006,5.4638318050256105,2.7838377144176709,1,2006
2007,[960],27043,1,2006,5.4116460518550396,2.7838377144176709,1,2007
2003,[961],27049,0,2006,7.2991214627108,3.7870718400053156,1,2003
2004,[962],27049,0,2006,7.0317412587631285,3.7870718400053156,1,2004
2005,[963],27049,0,2006,6.937314081223682,3.7870718400053156,1,2005
2006,[964],27049,1,2006,6.96979066990159,3.7870718400053156,1,2006
2007,[965],27049,1,2006,6.9584483932976555,3.7870718400053156,1,2007
2003,[966],27051,0,2006,4.543294782270004,1.8388020755613663,1,2003
2004,[967],27051,0,2006,4.499809670330265,1.8388020755613663,1,2004
2005,[968],27051,0,2006,4.330733340286331,1.8388020755613663,1,2005
2006,[969],27051,1,2006,4.442651256490317,1.8388020755613663,1,2006
2007,[970],27051,1,2006,4.060443010546419,1.8388020755613663,1,2007
2003,[971],27055,0,2006,5.777652323222656,2.9815319241528497,1,2003
2004,[972],27055,0,2006,5.7430031878094825,2.9815319241528497,1,2004
2005,[973],27055,0,2006,5.739792912179234,2.9815319241528497,1,2005
2006,[974],27055,1,2006,5.713732805509369,2.9815319241528497,1,2006
2007,[975],27055,1,2006,5.662960480135946,2.9815319241528497,1,2007
2003,[976],27091,0,2006,6.309918278226516,3.0820017087061666,1,2003
2004,[977],27091,0,2006,6.2878585601617845,3.0820017087061666,1,2004
2005,[978],27091,0,2006,6.3578422665081,3.0820017087061666,1,2005
2006,[979],27091,1,2006,6.405228458030842,3.0820017087061666,1,2006
2007,[980],27091,1,2006,6.345636360828596,3.0820017087061666,1,2007
2003,[981],27115,0,2006,6.126869184114185,3.2782761681496484,1,2003
2004,[982],27115,0,2006,6.124683390894205,3.2782761681496484,1,2004
2005,[983],27115,0,2006,6.095824562432225,3.2782761681496484,1,2005
2006,[984],27115,1,2006,5.966146739123692,3.2782761681496484,1,2006
2007,[985],27115,1,2006,6.003887067106539,3.2782761681496484,1,2007
2003,[986],27123,0,2006,9.261793653565098,6.2364380810088402,1,2003
2004,[987],27123,0,2006,9.184509611941662,6.2364380810088402,1,2004
2005,[988],27123,0,2006,9.138414632404594,6.2364380810088402,1,2005
2006,[989],27123,1,2006,9.191463316206494,6.2364380810088402,1,2006
2007,[990],27123,1,2006,9.112948025967533,6.2364380810088402,1,2007
2003,[991],27129,0,2006,5.7745515455444085,2.8422313825682299,1,2003
2004,[992],27129,0,2006,5.723585101952381,2.8422313825682299,1,2004
2005,[993],27129,0,2006,5.752572638825633,2.8422313825682299,1,2005
2006,[994],27129,1,2006,5.641907070938114,2.8422313825682299,1,2006
2007,[995],27129,1,2006,5.877735781779639,2.8422313825682299,1,2007
2003,[996],27149,0,2006,5.351858133476067,2.3078710974232832,1,2003
2004,[997],27149,0,2006,5.14166355650266,2.3078710974232832,1,2004
2005,[998],27149,0,2006,5.204006687076795,2.3078710974232832,1,2005
2006,[999],27149,1,2006,5.176149732573829,2.3078710974232832,1,2006
2007,[1000],27149,1,2006,5.351858133476067,2.3078710974232832,1,2007
2003,[1001],27157,0,2006,6.0473721790462776,3.0731561705187946,1,2003
2004,[1002],27157,0,2006,5.953243334287785,3.0731561705187946,1,2004
2005,[1003],27157,0,2006,5.8916442118257715,3.0731561705187946,1,2005
2006,[1004],27157,1,2006,5.921578419643816,3.0731561705187946,1,2006
2007,[1005],27157,1,2006,5.916202062607435,3.0731561705187946,1,2007
2003,[1006],27163,0,2006,8.272315147956022,5.3039514651651301,1,2003
2004,[1007],27163,0,2006,8.214194414852564,5.3039514651651301,1,2004
2005,[1008],27163,0,2006,8.170751423757535,5.3039514651651301,1,2005
2006,[1009],27163,1,2006,8.250358951477294,5.3039514651651301,1,2006
2007,[1010],27163,1,2006,8.20303024171486,5.3039514651651301,1,2007
2003,[1011],27165,0,2006,5.484796933490655,2.4745195569015133,1,2003
2004,[1012],27165,0,2006,5.402677381872279,2.4745195569015133,1,2004
2005,[1013],27165,0,2006,5.303304908059076,2.4745195569015133,1,2005
2006,[1014],27165,1,2006,5.41610040220442,2.4745195569015133,1,2006
2007,[1015],27165,1,2006,5.384495062789089,2.4745195569015133,1,2007
2003,[1016],29003,0,2007,4.836281906951478,2.8028754148446535,1,2003
2004,[1017],29003,0,2007,4.859812404361672,2.8028754148446535,1,2004
2005,[1018],29003,0,2007,4.875197323201151,2.8028754148446535,1,2005
2006,[1019],29003,0,2007,4.882801922586371,2.8028754148446535,1,2006
2007,[1020],29003,1,2007,5.0106352940962555,2.8028754148446535,1,2007
2003,[1021],29011,0,2007,5.5134287461649825,2.5290032768419128,1,2003
2004,[1022],29011,0,2007,5.517452896464707,2.5290032768419128,1,2004
2005,[1023],29011,0,2007,5.402677381872279,2.5290032768419128,1,2005
2006,[1024],29011,0,2007,5.303304908059076,2.5290032768419128,1,2006
2007,[1025],29011,1,2007,5.2574953720277815,2.5290032768419128,1,2007
2003,[1026],29013,0,2007,5.3612921657094255,2.8125903803761338,1,2003
2004,[1027],29013,0,2007,5.25227342804663,2.8125903803761338,1,2004
2005,[1028],29013,0,2007,5.327876168789581,2.8125903803761338,1,2005
2006,[1029],29013,0,2007,5.187385805840755,2.8125903803761338,1,2006
2007,[1030],29013,1,2007,5.123963979403259,2.8125903803761338,1,2007
2003,[1031],29023,0,2007,6.400257445308821,3.7103228914075879,1,2003
2004,[1032],29023,0,2007,6.511745329644728,3.7103228914075879,1,2004
2005,[1033],29023,0,2007,6.53813982376767,3.7103228914075879,1,2005
2006,[1034],29023,0,2007,6.413458957167357,3.7103228914075879,1,2006
2007,[1035],29023,1,2007,6.293419278846481,3.7103228914075879,1,2007
2003,[1036],29033,0,2007,4.820281565605037,2.3306865231049203,1,2003
2004,[1037],29033,0,2007,4.804021044733257,2.3306865231049203,1,2004
2005,[1038],29033,0,2007,4.653960350157523,2.3306865231049203,1,2005
2006,[1039],29033,0,2007,4.6913478822291435,2.3306865231049203,1,2006
2007,[1040],29033,1,2007,4.8283137373023015,2.3306865231049203,1,2007
2003,[1041],29041,0,2007,4.718498871295094,2.1327453137021468,1,2003
2004,[1042],29041,0,2007,4.653960350157523,2.1327453137021468,1,2004
2005,[1043],29041,0,2007,4.6443908991413725,2.1327453137021468,1,2005
2006,[1044],29041,0,2007,4.3694478524670215,2.1327453137021468,1,2006
2007,[1045],29041,1,2007,4.418840607796598,2.1327453137021468,1,2007
2003,[1046],29065,0,2007,5.075173815233827,2.7031716536511028,1,2003
2004,[1047],29065,0,2007,5.135798437050262,2.7031716536511028,1,2004
2005,[1048],29065,0,2007,5.117993812416755,2.7031716536511028,1,2005
2006,[1049],29065,0,2007,5.093750200806762,2.7031716536511028,1,2006
2007,[1050],29065,1,2007,5.0238805208462765,2.7031716536511028,1,2007
2003,[1051],29073,0,2007,5.811140992976701,2.7305941655371044,1,2003
2004,[1052],29073,0,2007,5.762051382780177,2.7305941655371044,1,2004
2005,[1053],29073,0,2007,5.872117789475416,2.7305941655371044,1,2005
2006,[1054],29073,0,2007,5.945420608606575,2.7305941655371044,1,2006
2007,[1055],29073,1,2007,5.8805329864007,2.7305941655371044,1,2007
2003,[1056],29077,0,2007,8.448271745949816,5.4822667643562548,1,2003
2004,[1057],29077,0,2007,8.391176350832751,5.4822667643562548,1,2004
2005,[1058],29077,0,2007,8.399760094524142,5.4822667643562548,1,2005
2006,[1059],29077,0,2007,8.46779284112111,5.4822667643562548,1,2006
2007,[1060],29077,1,2007,8.448914350662942,5.4822667643562548,1,2007
2003,[1061],29079,0,2007,4.948759890378168,2.344878005184297,1,2003
2004,[1062],29079,0,2007,4.844187086458591,2.344878005184297,1,2004
2005,[1063],29079,0,2007,4.969813299576001,2.344878005184297,1,2005
2006,[1064],29079,0,2007,4.8283137373023015,2.344878005184297,1,2006
2007,[1065],29079,1,2007,4.8283137373023015,2.344878005184297,1,2007
2003,[1066],29081,0,2007,5.111987788356544,2.180417459019838,1,2003
2004,[1067],29081,0,2007,5.062595033026967,2.180417459019838,1,2004
2005,[1068],29081,0,2007,5.170483995038151,2.180417459019838,1,2005
2006,[1069],29081,0,2007,4.948759890378168,2.180417459019838,1,2006
2007,[1070],29081,1,2007,4.90527477843843,2.180417459019838,1,2007
2003,[1071],29085,0,2007,3.4657359027997265,2.1905355891854228,1,2003
2004,[1072],29085,0,2007,3.258096538021482,2.1905355891854228,1,2004
2005,[1073],29085,0,2007,3.332204510175204,2.1905355891854228,1,2005
2006,[1074],29085,0,2007,3.4011973816621555,2.1905355891854228,1,2006
2007,[1075],29085,1,2007,3.4965075614664802,2.1905355891854228,1,2007
2003,[1076],29089,0,2007,4.700480365792417,2.3235634993792376,1,2003
2004,[1077],29089,0,2007,4.736198448394496,2.3235634993792376,1,2004
2005,[1078],29089,0,2007,4.709530201312334,2.3235634993792376,1,2005
2006,[1079],29089,0,2007,4.6913478822291435,2.3235634993792376,1,2006
2007,[1080],29089,1,2007,4.624972813284271,2.3235634993792376,1,2007
2003,[1081],29099,0,2007,7.806289289267033,5.2887669057361864,1,2003
2004,[1082],29099,0,2007,7.785720896534624,5.2887669057361864,1,2004
2005,[1083],29099,0,2007,7.742835955430749,5.2887669057361864,1,2005
2006,[1084],29099,0,2007,7.738488122494646,5.2887669057361864,1,2006
2007,[1085],29099,1,2007,7.736743682453495,5.2887669057361864,1,2007
2003,[1086],29101,0,2007,6.07993319509559,3.8765616171499868,1,2003
2004,[1087],29101,0,2007,6.142037405587356,3.8765616171499868,1,2004
2005,[1088],29101,0,2007,6.20050917404269,3.8765616171499868,1,2005
2006,[1089],29101,0,2007,6.161207321695077,3.8765616171499868,1,2006
2007,[1090],29101,1,2007,6.184148890937483,3.8765616171499868,1,2007
2003,[1091],29105,0,2007,6.135564891081739,3.4816400093570188,1,2003
2004,[1092],29105,0,2007,6.059123195581797,3.4816400093570188,1,2004
2005,[1093],29105,0,2007,6.1463292576688975,3.4816400093570188,1,2005
2006,[1094],29105,0,2007,6.282266746896006,3.4816400093570188,1,2006
2007,[1095],29105,1,2007,6.274762021241939,3.4816400093570188,1,2007
2003,[1096],29107,0,2007,6.152732694704104,3.495294705041271,1,2003
2004,[1097],29107,0,2007,6.192362489474872,3.495294705041271,1,2004
2005,[1098],29107,0,2007,6.1463292576688975,3.495294705041271,1,2005
2006,[1099],29107,0,2007,6.095824562432225,3.495294705041271,1,2006
2007,[1100],29107,1,2007,6.12029741895095,3.495294705041271,1,2007
2003,[1101],29117,0,2007,5.726847747587197,2.6781406706960662,1,2003
2004,[1102],29117,0,2007,5.755742213586912,2.6781406706960662,1,2004
2005,[1103],29117,0,2007,5.645446897643238,2.6781406706960662,1,2005
2006,[1104],29117,0,2007,5.676753802268282,2.6781406706960662,1,2006
2007,[1105],29117,1,2007,5.545177444479562,2.6781406706960662,1,2007
2003,[1106],29119,0,2007,5.356586274672012,3.0764363009689539,1,2003
2004,[1107],29119,0,2007,5.231108616854587,3.0764363009689539,1,2004
2005,[1108],29119,0,2007,5.1647859739235145,3.0764363009689539,1,2005
2006,[1109],29119,0,2007,5.2832037287379885,3.0764363009689539,1,2006
2007,[1110],29119,1,2007,5.337538079701318,3.0764363009689539,1,2007
2003,[1111],29127,0,2007,6.393590753950631,3.3424730365091455,1,2003
2004,[1112],29127,0,2007,6.331501849893691,3.3424730365091455,1,2004
2005,[1113],29127,0,2007,6.423246963533519,3.3424730365091455,1,2005
2006,[1114],29127,0,2007,6.396929655216146,3.3424730365091455,1,2006
2007,[1115],29127,1,2007,6.368187186350492,3.3424730365091455,1,2007
2003,[1116],29131,0,2007,5.529429087511423,3.159720123659441,1,2003
2004,[1117],29131,0,2007,5.342334251964811,3.159720123659441,1,2004
2005,[1118],29131,0,2007,5.3471075307174685,3.159720123659441,1,2005
2006,[1119],29131,0,2007,5.41610040220442,3.159720123659441,1,2006
2007,[1120],29131,1,2007,5.384495062789089,3.159720123659441,1,2007
2003,[1121],29149,0,2007,4.219507705176107,2.3364066414695563,1,2003
2004,[1122],29149,0,2007,4.189654742026425,2.3364066414695563,1,2004
2005,[1123],29149,0,2007,4.356708826689592,2.3364066414695563,1,2005
2006,[1124],29149,0,2007,4.356708826689592,2.3364066414695563,1,2006
2007,[1125],29149,1,2007,4.51085950651685,2.3364066414695563,1,2007
2003,[1126],29155,0,2007,5.497168225293202,2.9980795166223393,1,2003
2004,[1127],29155,0,2007,5.342334251964811,2.9980795166223393,1,2004
2005,[1128],29155,0,2007,5.262690188904886,2.9980795166223393,1,2005
2006,[1129],29155,0,2007,5.459585514144159,2.9980795166223393,1,2006
2007,[1130],29155,1,2007,5.552959584921617,2.9980795166223393,1,2007
2003,[1131],29163,0,2007,5.605802066295998,2.9096840689285375,1,2003
2004,[1132],29163,0,2007,5.69035945432406,2.9096840689285375,1,2004
2005,[1133],29163,0,2007,5.720311776607412,2.9096840689285375,1,2005
2006,[1134],29163,0,2007,5.703782474656201,2.9096840689285375,1,2006
2007,[1135],29163,1,2007,5.638354669333745,2.9096840689285375,1,2007
2003,[1136],29177,0,2007,5.480638923341991,3.1507682756535229,1,2003
2004,[1137],29177,0,2007,5.267858159063328,3.1507682756535229,1,2004
2005,[1138],29177,0,2007,5.2832037287379885,3.1507682756535229,1,2005
2006,[1139],29177,0,2007,5.187385805840755,3.1507682756535229,1,2006
2007,[1140],29177,1,2007,5.220355825078324,3.1507682756535229,1,2007
2003,[1141],29201,0,2007,6.089044875446846,3.6993741912065778,1,2003
2004,[1142],29201,0,2007,6.1903154058531475,3.6993741912065778,1,2004
2005,[1143],29201,0,2007,6.150602768446279,3.6993741912065778,1,2005
2006,[1144],29201,0,2007,6.09807428216624,3.6993741912065778,1,2006
2007,[1145],29201,1,2007,6.0063531596017325,3.6993741912065778,1,2007
2003,[1146],29209,0,2007,5.003946305945459,3.3554326362944114,1,2003
2004,[1147],29209,0,2007,5.198497031265826,3.3554326362944114,1,2004
2005,[1148],29209,0,2007,5.198497031265826,3.3554326362944114,1,2005
2006,[1149],29209,0,2007,5.236441962829949,3.3554326362944114,1,2006
2007,[1150],29209,1,2007,5.3230099791384085,3.3554326362944114,1,2007
2003,[1151],29211,0,2007,4.2626798770413155,1.976716439157024,1,2003
2004,[1152],29211,0,2007,4.248495242049359,1.976716439157024,1,2004
2005,[1153],29211,0,2007,3.9318256327243257,1.976716439157024,1,2005
2006,[1154],29211,0,2007,4.02535169073515,1.976716439157024,1,2006
2007,[1155],29211,1,2007,4.127134385045092,1.976716439157024,1,2007
2003,[1156],29215,0,2007,5.37989735354046,3.1356246422058818,1,2003
2004,[1157],29215,0,2007,5.298317366548036,3.1356246422058818,1,2004
2005,[1158],29215,0,2007,5.43372200355424,3.1356246422058818,1,2005
2006,[1159],29215,0,2007,5.41610040220442,3.1356246422058818,1,2006
2007,[1160],29215,1,2007,5.402677381872279,3.1356246422058818,1,2007
2003,[1161],29229,0,2007,5.529429087511423,2.8878686276780461,1,2003
2004,[1162],29229,0,2007,5.545177444479562,2.8878686276780461,1,2004
2005,[1163],29229,0,2007,5.517452896464707,2.8878686276780461,1,2005
2006,[1164],29229,0,2007,5.420534999272286,2.8878686276780461,1,2006
2007,[1165],29229,1,2007,5.262690188904886,2.8878686276780461,1,2007
2003,[1166],29510,0,2007,8.40200678160712,5.8527454357954491,1,2003
2004,[1167],29510,0,2007,8.346167594364134,5.8527454357954491,1,2004
2005,[1168],29510,0,2007,8.297045149081827,5.8527454357954491,1,2005
2006,[1169],29510,0,2007,8.296795865770052,5.8527454357954491,1,2006
2007,[1170],29510,1,2007,8.258163361537619,5.8527454357954491,1,2007
2003,[1171],30009,0,2007,5.081404364984463,2.2567505566502462,1,2003
2004,[1172],30009,0,2007,4.927253685157205,2.2567505566502462,1,2004
2005,[1173],30009,0,2007,4.77912349311153,2.2567505566502462,1,2005
2006,[1174],30009,0,2007,4.875197323201151,2.2567505566502462,1,2006
2007,[1175],30009,1,2007,4.976733742420574,2.2567505566502462,1,2007
2003,[1176],30011,0,2007,2.4849066497880004,0.30748469974796072,1,2003
2004,[1177],30011,0,2007,1.9459101490553132,0.30748469974796072,1,2004
2005,[1178],30011,0,2007,1.6094379124341003,0.30748469974796072,1,2005
2006,[1179],30011,0,2007,1.9459101490553132,0.30748469974796072,1,2006
2007,[1180],30011,1,2007,2.0794415416798357,0.30748469974796072,1,2007
2003,[1181],30013,0,2007,7.277938572945661,4.3864792072439043,1,2003
2004,[1182],30013,0,2007,7.166265974133638,4.3864792072439043,1,2004
2005,[1183],30013,0,2007,7.191429330036379,4.3864792072439043,1,2005
2006,[1184],30013,0,2007,7.259819610363186,4.3864792072439043,1,2006
2007,[1185],30013,1,2007,7.2813856635702825,4.3864792072439043,1,2007
2003,[1186],30021,0,2007,5.3706380281276624,2.2037587386871507,1,2003
2004,[1187],30021,0,2007,5.308267697401205,2.2037587386871507,1,2004
2005,[1188],30021,0,2007,5.1647859739235145,2.2037587386871507,1,2005
2006,[1189],30021,0,2007,5.442417710521793,2.2037587386871507,1,2006
2007,[1190],30021,1,2007,5.25227342804663,2.2037587386871507,1,2007
2003,[1191],30033,0,2007,2.3978952727983707,0.24607852259670557,1,2003
2004,[1192],30033,0,2007,2.8903717578961645,0.24607852259670557,1,2004
2005,[1193],30033,0,2007,2.4849066497880004,0.24607852259670557,1,2005
2006,[1194],30033,0,2007,2.833213344056216,0.24607852259670557,1,2006
2007,[1195],30033,1,2007,2.8903717578961645,0.24607852259670557,1,2007
2003,[1196],30049,0,2007,7.129297548929373,4.0202673588257847,1,2003
2004,[1197],30049,0,2007,7.060476365999801,4.0202673588257847,1,2004
2005,[1198],30049,0,2007,7.00397413672268,4.0202673588257847,1,2005
2006,[1199],30049,0,2007,7.095064377287131,4.0202673588257847,1,2006
2007,[1200],30049,1,2007,7.095893221097532,4.0202673588257847,1,2007
2003,[1201],30081,0,2007,6.212606095751519,3.5854614949154477,1,2003
2004,[1202],30081,0,2007,6.218600119691729,3.5854614949154477,1,2004
2005,[1203],30081,0,2007,6.182084906716632,3.5854614949154477,1,2005
2006,[1204],30081,0,2007,6.269096283706261,3.5854614949154477,1,2006
2007,[1205],30081,1,2007,6.278521424165844,3.5854614949154477,1,2007
2003,[1206],30087,0,2007,5.351858133476067,2.2388995413079127,1,2003
2004,[1207],30087,0,2007,5.3230099791384085,2.2388995413079127,1,2004
2005,[1208],30087,0,2007,5.111987788356544,2.2388995413079127,1,2005
2006,[1209],30087,0,2007,5.099866427824199,2.2388995413079127,1,2006
2007,[1210],30087,1,2007,4.969813299576001,2.2388995413079127,1,2007
2003,[1211],30095,0,2007,4.564348191467836,2.1035242121957931,1,2003
2004,[1212],30095,0,2007,4.382026634673881,2.1035242121957931,1,2004
2005,[1213],30095,0,2007,4.653960350157523,2.1035242121957931,1,2005
2006,[1214],30095,0,2007,4.653960350157523,2.1035242121957931,1,2006
2007,[1215],30095,1,2007,4.634728988229636,2.1035242121957931,1,2007
2003,[1216],30101,0,2007,4.248495242049359,1.6614609405012524,1,2003
2004,[1217],30101,0,2007,4.007333185232471,1.6614609405012524,1,2004
2005,[1218],30101,0,2007,4.2626798770413155,1.6614609405012524,1,2005
2006,[1219],30101,0,2007,4.127134385045092,1.6614609405012524,1,2006
2007,[1220],30101,1,2007,4.290459441148391,1.6614609405012524,1,2007
2003,[1221],30109,0,2007,2.70805020110221,0.065787740538003153,1,2003
2004,[1222],30109,0,2007,2.6390573296152584,0.065787740538003153,1,2004
2005,[1223],30109,0,2007,2.1972245773362196,0.065787740538003153,1,2005
2006,[1224],30109,0,2007,2.1972245773362196,0.065787740538003153,1,2006
2007,[1225],30109,1,2007,2.302585092994046,0.065787740538003153,1,2007
2003,[1226],31003,0,0,4.624972813284271,2.0084824527393419,0,2003
2004,[1227],31003,0,0,4.442651256490317,2.0084824527393419,0,2004
2005,[1228],31003,0,0,4.418840607796598,2.0084824527393419,0,2005
2006,[1229],31003,0,0,4.553876891600541,2.0084824527393419,0,2006
2007,[1230],31003,0,0,4.51085950651685,2.0084824527393419,0,2007
2003,[1231],31023,0,0,4.762173934797756,2.1709946726064486,0,2003
2004,[1232],31023,0,0,4.51085950651685,2.1709946726064486,0,2004
2005,[1233],31023,0,0,4.709530201312334,2.1709946726064486,0,2005
2006,[1234],31023,0,0,4.624972813284271,2.1709946726064486,0,2006
2007,[1235],31023,0,0,4.770684624465665,2.1709946726064486,0,2007
2003,[1236],31031,0,0,4.882801922586371,1.8161268256763494,0,2003
2004,[1237],31031,0,0,5.0106352940962555,1.8161268256763494,0,2004
2005,[1238],31031,0,0,5.075173815233827,1.8161268256763494,0,2005
2006,[1239],31031,0,0,4.962844630259907,1.8161268256763494,0,2006
2007,[1240],31031,0,0,4.875197323201151,1.8161268256763494,0,2007
2003,[1241],31033,0,0,5.493061443340548,2.2854389341590751,0,2003
2004,[1242],31033,0,0,5.568344503761097,2.2854389341590751,0,2004
2005,[1243],31033,0,0,5.583496308781699,2.2854389341590751,0,2005
2006,[1244],31033,0,0,5.541263545158426,2.2854389341590751,0,2006
2007,[1245],31033,0,0,5.598421958998375,2.2854389341590751,0,2007
2003,[1246],31041,0,0,5.111987788356544,2.4675061351078331,0,2003
2004,[1247],31041,0,0,5.043425116919247,2.4675061351078331,0,2004
2005,[1248],31041,0,0,5.0689042022202315,2.4675061351078331,0,2005
2006,[1249],31041,0,0,5.214935757608986,2.4675061351078331,0,2006
2007,[1250],31041,0,0,5.288267030694535,2.4675061351078331,0,2007
2003,[1251],31055,0,0,9.365462008843483,6.1389897554632853,0,2003
2004,[1252],31055,0,0,9.332115428902103,6.1389897554632853,0,2004
2005,[1253],31055,0,0,9.311180686902254,6.1389897554632853,0,2005
2006,[1254],31055,0,0,9.321971188147367,6.1389897554632853,0,2006
2007,[1255],31055,0,0,9.320270431348378,6.1389897554632853,0,2007
2003,[1256],31059,0,0,4.976733742420574,1.8922079405248606,0,2003
2004,[1257],31059,0,0,4.77912349311153,1.8922079405248606,0,2004
2005,[1258],31059,0,0,4.74493212836325,1.8922079405248606,0,2005
2006,[1259],31059,0,0,4.700480365792417,1.8922079405248606,0,2006
2007,[1260],31059,0,0,4.6443908991413725,1.8922079405248606,0,2007
2003,[1261],31061,0,0,3.713572066704308,1.2736854167372362,0,2003
2004,[1262],31061,0,0,3.6109179126442243,1.2736854167372362,0,2004
2005,[1263],31061,0,0,3.4011973816621555,1.2736854167372362,0,2005
2006,[1264],31061,0,0,3.332204510175204,1.2736854167372362,0,2006
2007,[1265],31061,0,0,3.6109179126442243,1.2736854167372362,0,2007
2003,[1266],31073,0,0,2.70805020110221,0.7622067164914399,0,2003
2004,[1267],31073,0,0,2.772588722239781,0.7622067164914399,0,2004
2005,[1268],31073,0,0,2.833213344056216,0.7622067164914399,0,2005
2006,[1269],31073,0,0,2.70805020110221,0.7622067164914399,0,2006
2007,[1270],31073,0,0,2.6390573296152584,0.7622067164914399,0,2007
2003,[1271],31079,0,0,7.170888478512505,3.9803169660671345,0,2003
2004,[1272],31079,0,0,7.099201743553092,3.9803169660671345,0,2004
2005,[1273],31079,0,0,7.066466970136958,3.9803169660671345,0,2005
2006,[1274],31079,0,0,7.165493475060845,3.9803169660671345,0,2006
2007,[1275],31079,0,0,7.175489713624222,3.9803169660671345,0,2007
2003,[1276],31081,0,0,5.214935757608986,2.2410287872949399,0,2003
2004,[1277],31081,0,0,5.241747015059643,2.2410287872949399,0,2004
2005,[1278],31081,0,0,5.209486152841421,2.2410287872949399,0,2005
2006,[1279],31081,0,0,5.153291594497779,2.2410287872949399,0,2006
2007,[1280],31081,0,0,5.147494476813453,2.2410287872949399,0,2007
2003,[1281],31083,0,0,3.8501476017100584,1.3313100527871311,0,2003
2004,[1282],31083,0,0,3.7376696182833684,1.3313100527871311,0,2004
2005,[1283],31083,0,0,3.8918202981106265,1.3313100527871311,0,2005
2006,[1284],31083,0,0,3.9889840465642745,1.3313100527871311,0,2006
2007,[1285],31083,0,0,3.8501476017100584,1.3313100527871311,0,2007
2003,[1286],31101,0,0,5.424950017481403,2.1832383353614797,0,2003
2004,[1287],31101,0,0,5.308267697401205,2.1832383353614797,0,2004
2005,[1288],31101,0,0,5.303304908059076,2.1832383353614797,0,2005
2006,[1289],31101,0,0,5.231108616854587,2.1832383353614797,0,2006
2007,[1290],31101,0,0,5.262690188904886,2.1832383353614797,0,2007
2003,[1291],31107,0,0,5.049856007249537,2.2379398995005144,0,2003
2004,[1292],31107,0,0,5.19295685089021,2.2379398995005144,0,2004
2005,[1293],31107,0,0,5.081404364984463,2.2379398995005144,0,2005
2006,[1294],31107,0,0,5.0369526024136295,2.2379398995005144,0,2006
2007,[1295],31107,0,0,5.14166355650266,2.2379398995005144,0,2007
2003,[1296],31109,0,0,8.57828829077605,5.5226242409394874,0,2003
2004,[1297],31109,0,0,8.526945482858915,5.5226242409394874,0,2004
2005,[1298],31109,0,0,8.53168763756669,5.5226242409394874,0,2005
2006,[1299],31109,0,0,8.520388082312756,5.5226242409394874,0,2006
2007,[1300],31109,0,0,8.557182839632397,5.5226242409394874,0,2007
2003,[1301],31123,0,0,4.465908118654584,1.6937790608678513,0,2003
2004,[1302],31123,0,0,4.406719247264253,1.6937790608678513,0,2004
2005,[1303],31123,0,0,4.204692619390966,1.6937790608678513,0,2005
2006,[1304],31123,0,0,4.248495242049359,1.6937790608678513,0,2006
2007,[1305],31123,0,0,4.04305126783455,1.6937790608678513,0,2007
2003,[1306],31127,0,0,4.927253685157205,2.0249853558837771,0,2003
2004,[1307],31127,0,0,4.955827057601261,2.0249853558837771,0,2004
2005,[1308],31127,0,0,4.718498871295094,2.0249853558837771,0,2005
2006,[1309],31127,0,0,4.6443908991413725,2.0249853558837771,0,2006
2007,[1310],31127,0,0,4.672828834461906,2.0249853558837771,0,2007
2003,[1311],31131,0,0,5.945420608606575,2.7341077354214995,0,2003
2004,[1312],31131,0,0,5.707110264748875,2.7341077354214995,0,2004
2005,[1313],31131,0,0,5.69035945432406,2.7341077354214995,0,2005
2006,[1314],31131,0,0,5.749392985908253,2.7341077354214995,0,2006
2007,[1315],31131,0,0,5.808142489980444,2.7341077354214995,0,2007
2003,[1316],31133,0,0,3.1354942159291497,1.1271997455200222,0,2003
2004,[1317],31133,0,0,3.091042453358316,1.1271997455200222,0,2004
2005,[1318],31133,0,0,3.1354942159291497,1.1271997455200222,0,2005
2006,[1319],31133,0,0,3.4965075614664802,1.1271997455200222,0,2006
2007,[1320],31133,0,0,3.5553480614894135,1.1271997455200222,0,2007
2003,[1321],31147,0,0,4.836281906951478,2.2545496439554888,0,2003
2004,[1322],31147,0,0,4.927253685157205,2.2545496439554888,0,2004
2005,[1323],31147,0,0,4.9344739331306915,2.2545496439554888,0,2005
2006,[1324],31147,0,0,4.727387818712341,2.2545496439554888,0,2006
2007,[1325],31147,0,0,4.74493212836325,2.2545496439554888,0,2007
2003,[1326],31151,0,0,5.662960480135946,2.6277796897055978,0,2003
2004,[1327],31151,0,0,5.442417710521793,2.6277796897055978,0,2004
2005,[1328],31151,0,0,5.501258210544727,2.6277796897055978,0,2005
2006,[1329],31151,0,0,5.497168225293202,2.6277796897055978,0,2006
2007,[1330],31151,0,0,5.402677381872279,2.6277796897055978,0,2007
2003,[1331],31153,0,0,7.533158807455563,4.8088862396362027,0,2003
2004,[1332],31153,0,0,7.496652438168283,4.8088862396362027,0,2004
2005,[1333],31153,0,0,7.5352967024440884,4.8088862396362027,0,2005
2006,[1334],31153,0,0,7.537430036586509,4.8088862396362027,0,2006
2007,[1335],31153,0,0,7.6128310304073565,4.8088862396362027,0,2007
2003,[1336],31155,0,0,5.60947179518496,2.9871959425317045,0,2003
2004,[1337],31155,0,0,5.602118820879701,2.9871959425317045,0,2004
2005,[1338],31155,0,0,5.4680601411351315,2.9871959425317045,0,2005
2006,[1339],31155,0,0,5.5053315359323625,2.9871959425317045,0,2006
2007,[1340],31155,0,0,5.638354669333745,2.9871959425317045,0,2007
2003,[1341],31161,0,0,4.454347296253507,1.8242266593655565,0,2003
2004,[1342],31161,0,0,4.31748811353631,1.8242266593655565,0,2004
2005,[1343],31161,0,0,4.2626798770413155,1.8242266593655565,0,2005
2006,[1344],31161,0,0,4.276666119016055,1.8242266593655565,0,2006
2007,[1345],31161,0,0,4.110873864173311,1.8242266593655565,0,2007
2003,[1346],31177,0,0,5.849324779946859,2.932792473780117,0,2003
2004,[1347],31177,0,0,5.8377304471659395,2.932792473780117,0,2004
2005,[1348],31177,0,0,5.730099782973574,2.932792473780117,0,2005
2006,[1349],31177,0,0,5.673323267171493,2.932792473780117,0,2006
2007,[1350],31177,0,0,5.598421958998375,2.932792473780117,0,2007
2003,[1351],32007,0,2007,6.513230110912307,3.8131083372537087,1,2003
2004,[1352],32007,0,2007,6.672032945461067,3.8131083372537087,1,2004
2005,[1353],32007,0,2007,6.75110146893676,3.8131083372537087,1,2005
2006,[1354],32007,0,2007,6.815639990074331,3.8131083372537087,1,2006
2007,[1355],32007,1,2007,6.88653164253051,3.8131083372537087,1,2007
2003,[1356],32011,0,2007,2.5649493574615367,0.50138116493799101,1,2003
2004,[1357],32011,0,2007,3.1354942159291497,0.50138116493799101,1,2004
2005,[1358],32011,0,2007,2.833213344056216,0.50138116493799101,1,2005
2006,[1359],32011,0,2007,3.258096538021482,0.50138116493799101,1,2006
2007,[1360],32011,1,2007,3.332204510175204,0.50138116493799101,1,2007
2003,[1361],32033,0,2007,4.983606621708336,2.2171361311615629,1,2003
2004,[1362],32033,0,2007,4.912654885736052,2.2171361311615629,1,2004
2005,[1363],32033,0,2007,5.075173815233827,2.2171361311615629,1,2005
2006,[1364],32033,0,2007,5.187385805840755,2.2171361311615629,1,2006
2007,[1365],32033,1,2007,5.181783550292085,2.2171361311615629,1,2007
2003,[1366],35006,0,0,5.442417710521793,3.2423970199095464,0,2003
2004,[1367],35006,0,0,5.135798437050262,3.2423970199095464,0,2004
2005,[1368],35006,0,0,5.262690188904886,3.2423970199095464,0,2005
2006,[1369],35006,0,0,5.472270673671475,3.2423970199095464,0,2006
2007,[1370],35006,0,0,5.442417710521793,3.2423970199095464,0,2007
2003,[1371],35013,0,0,7.578656850594762,5.1629671780594864,0,2003
2004,[1372],35013,0,0,7.560601162768557,5.1629671780594864,0,2004
2005,[1373],35013,0,0,7.628517626575055,5.1629671780594864,0,2005
2006,[1374],35013,0,0,7.596894438144544,5.1629671780594864,0,2006
2007,[1375],35013,0,0,7.656810091480378,5.1629671780594864,0,2007
2003,[1376],35025,0,0,6.71901315438526,4.0165811993119194,0,2003
2004,[1377],35025,0,0,6.705639094860003,4.0165811993119194,0,2004
2005,[1378],35025,0,0,6.7912214627261855,4.0165811993119194,0,2005
2006,[1379],35025,0,0,6.891625897052253,4.0165811993119194,0,2006
2007,[1380],35025,0,0,7.0326242610280065,4.0165811993119194,0,2007
2003,[1381],35033,0,0,3.044522437723423,1.6448050562713916,0,2003
2004,[1382],35033,0,0,2.1972245773362196,1.6448050562713916,0,2004
2005,[1383],35033,0,0,2.4849066497880004,1.6448050562713916,0,2005
2006,[1384],35033,0,0,3.044522437723423,1.6448050562713916,0,2006
2007,[1385],35033,0,0,2.833213344056216,1.6448050562713916,0,2007
2003,[1386],35045,0,0,7.446585099157725,4.7344513089998435,0,2003
2004,[1387],35045,0,0,7.377133712833954,4.7344513089998435,0,2004
2005,[1388],35045,0,0,7.353081920515432,4.7344513089998435,0,2005
2006,[1389],35045,0,0,7.367708572374371,4.7344513089998435,0,2006
2007,[1390],35045,0,0,7.447751280047908,4.7344513089998435,0,2007
2003,[1391],37005,0,2007,4.624972813284271,2.3680918951961654,1,2003
2004,[1392],37005,0,2007,4.584967478670572,2.3680918951961654,1,2004
2005,[1393],37005,0,2007,4.672828834461906,2.3680918951961654,1,2005
2006,[1394],37005,0,2007,4.634728988229636,2.3680918951961654,1,2006
2007,[1395],37005,1,2007,4.624972813284271,2.3680918951961654,1,2007
2003,[1396],37021,0,2007,8.048788283534199,5.329476828797139,1,2003
2004,[1397],37021,0,2007,8.065893546964274,5.329476828797139,1,2004
2005,[1398],37021,0,2007,8.142063283104147,5.329476828797139,1,2005
2006,[1399],37021,0,2007,8.183955717304954,5.329476828797139,1,2006
2007,[1400],37021,1,2007,8.24800570160062,5.329476828797139,1,2007
2003,[1401],37025,0,2007,7.623153068476902,4.8756781236286333,1,2003
2004,[1402],37025,0,2007,7.685703061234547,4.8756781236286333,1,2004
2005,[1403],37025,0,2007,7.7057128238944275,4.8756781236286333,1,2005
2006,[1404],37025,0,2007,7.808729306744399,4.8756781236286333,1,2006
2007,[1405],37025,1,2007,7.900636613018005,4.8756781236286333,1,2007
2003,[1406],37029,0,2007,3.295836866004329,1.9293451321806181,1,2003
2004,[1407],37029,0,2007,2.9444389791664403,1.9293451321806181,1,2004
2005,[1408],37029,0,2007,3.4657359027997265,1.9293451321806181,1,2005
2006,[1409],37029,0,2007,3.367295829986474,1.9293451321806181,1,2006
2007,[1410],37029,1,2007,3.258096538021482,1.9293451321806181,1,2007
2003,[1411],37041,0,2007,5.0689042022202315,2.6759401471839763,1,2003
2004,[1412],37041,0,2007,5.187385805840755,2.6759401471839763,1,2004
2005,[1413],37041,0,2007,4.9344739331306915,2.6759401471839763,1,2005
2006,[1414],37041,0,2007,5.081404364984463,2.6759401471839763,1,2006
2007,[1415],37041,1,2007,5.081404364984463,2.6759401471839763,1,2007
2003,[1416],37051,0,2007,8.036249942132116,5.7136106858418447,1,2003
2004,[1417],37051,0,2007,8.042699496897637,5.7136106858418447,1,2004
2005,[1418],37051,0,2007,8.089482474360754,5.7136106858418447,1,2005
2006,[1419],37051,0,2007,8.126222529458525,5.7136106858418447,1,2006
2007,[1420],37051,1,2007,8.13973227971767,5.7136106858418447,1,2007
2003,[1421],37057,0,2007,7.284134806195205,4.9921046574768209,1,2003
2004,[1422],37057,0,2007,7.228388451573604,4.9921046574768209,1,2004
2005,[1423],37057,0,2007,7.22983877815125,4.9921046574768209,1,2005
2006,[1424],37057,0,2007,7.242082359256962,4.9921046574768209,1,2006
2007,[1425],37057,1,2007,7.240649694255466,4.9921046574768209,1,2007
2003,[1426],37059,0,2007,5.958424693029782,3.5506226284820821,1,2003
2004,[1427],37059,0,2007,5.942799375126701,3.5506226284820821,1,2004
2005,[1428],37059,0,2007,6.139884552226255,3.5506226284820821,1,2005
2006,[1429],37059,0,2007,6.135564891081739,3.5506226284820821,1,2006
2007,[1430],37059,1,2007,6.1092475827643655,3.5506226284820821,1,2007
2003,[1431],37063,0,2007,7.967973179662935,5.4085788528055696,1,2003
2004,[1432],37063,0,2007,7.964850887447313,5.4085788528055696,1,2004
2005,[1433],37063,0,2007,7.952966790923131,5.4085788528055696,1,2005
2006,[1434],37063,0,2007,8.02059914989697,5.4085788528055696,1,2006
2007,[1435],37063,1,2007,8.028455164114252,5.4085788528055696,1,2007
2003,[1436],37075,0,2007,4.02535169073515,2.0785661586438819,1,2003
2004,[1437],37075,0,2007,4.248495242049359,2.0785661586438819,1,2004
2005,[1438],37075,0,2007,4.174387269895637,2.0785661586438819,1,2005
2006,[1439],37075,0,2007,4.477336814478207,2.0785661586438819,1,2006
2007,[1440],37075,1,2007,4.7535901911063645,2.0785661586438819,1,2007
2003,[1441],37079,0,2007,4.61512051684126,2.943069620970685,1,2003
2004,[1442],37079,0,2007,4.709530201312334,2.943069620970685,1,2004
2005,[1443],37079,0,2007,4.51085950651685,2.943069620970685,1,2005
2006,[1444],37079,0,2007,4.51085950651685,2.943069620970685,1,2006
2007,[1445],37079,1,2007,4.51085950651685,2.943069620970685,1,2007
2003,[1446],37085,0,2007,6.843749949006225,4.5111341940614968,1,2003
2004,[1447],37085,0,2007,6.85751406254539,4.5111341940614968,1,2004
2005,[1448],37085,0,2007,6.937314081223682,4.5111341940614968,1,2005
2006,[1449],37085,0,2007,7.035268599281097,4.5111341940614968,1,2006
2007,[1450],37085,1,2007,6.9930151229329605,4.5111341940614968,1,2007
2003,[1451],37093,0,2007,5.231108616854587,3.5158941782969686,1,2003
2004,[1452],37093,0,2007,5.14166355650266,3.5158941782969686,1,2004
2005,[1453],37093,0,2007,5.288267030694535,3.5158941782969686,1,2005
2006,[1454],37093,0,2007,5.25227342804663,3.5158941782969686,1,2006
2007,[1455],37093,1,2007,5.308267697401205,3.5158941782969686,1,2007
2003,[1456],37099,0,2007,5.793013608384144,3.5001675222979673,1,2003
2004,[1457],37099,0,2007,5.755742213586912,3.5001675222979673,1,2004
2005,[1458],37099,0,2007,5.82600010738045,3.5001675222979673,1,2005
2006,[1459],37099,0,2007,5.849324779946859,3.5001675222979673,1,2006
2007,[1460],37099,1,2007,5.973809611869261,3.5001675222979673,1,2007
2003,[1461],37103,0,2007,3.828641396489095,2.3399772122111084,1,2003
2004,[1462],37103,0,2007,3.6635616461296463,2.3399772122111084,1,2004
2005,[1463],37103,0,2007,3.7612001156935624,2.3399772122111084,1,2005
2006,[1464],37103,0,2007,4.110873864173311,2.3399772122111084,1,2006
2007,[1465],37103,1,2007,3.1354942159291497,2.3399772122111084,1,2007
2003,[1466],37105,0,2007,6.598509028614515,3.892636291627956,1,2003
2004,[1467],37105,0,2007,6.586171654854675,3.892636291627956,1,2004
2005,[1468],37105,0,2007,6.675823221634848,3.892636291627956,1,2005
2006,[1469],37105,0,2007,6.593044534142437,3.892636291627956,1,2006
2007,[1470],37105,1,2007,6.650279048587422,3.892636291627956,1,2007
2003,[1471],37117,0,2007,5.356586274672012,3.2423188765946676,1,2003
2004,[1472],37117,0,2007,5.402677381872279,3.2423188765946676,1,2004
2005,[1473],37117,0,2007,5.488937726156687,3.2423188765946676,1,2005
2006,[1474],37117,0,2007,5.442417710521793,3.2423188765946676,1,2006
2007,[1475],37117,1,2007,5.4116460518550396,3.2423188765946676,1,2007
2003,[1476],37123,0,2007,5.53338948872752,3.2892224462887483,1,2003
2004,[1477],37123,0,2007,5.438079308923196,3.2892224462887483,1,2004
2005,[1478],37123,0,2007,5.556828061699537,3.2892224462887483,1,2005
2006,[1479],37123,0,2007,5.605802066295998,3.2892224462887483,1,2006
2007,[1480],37123,1,2007,5.579729825986222,3.2892224462887483,1,2007
2003,[1481],37127,0,2007,7.170888478512505,4.4707240894351683,1,2003
2004,[1482],37127,0,2007,7.115582126184454,4.4707240894351683,1,2004
2005,[1483],37127,0,2007,7.116394144093465,4.4707240894351683,1,2005
2006,[1484],37127,0,2007,7.2254814727822945,4.4707240894351683,1,2006
2007,[1485],37127,1,2007,7.356279876550748,4.4707240894351683,1,2007
2003,[1486],37155,0,2007,6.85751406254539,4.8149366618606235,1,2003
2004,[1487],37155,0,2007,6.853299093186078,4.8149366618606235,1,2004
2005,[1488],37155,0,2007,7.05444965813294,4.8149366618606235,1,2005
2006,[1489],37155,0,2007,6.993932975223189,4.8149366618606235,1,2006
2007,[1490],37155,1,2007,7.037905963447182,4.8149366618606235,1,2007
2003,[1491],37161,0,2007,6.300785794663244,4.1415302653288242,1,2003
2004,[1492],37161,0,2007,6.246106765481563,4.1415302653288242,1,2004
2005,[1493],37161,0,2007,6.255750041753367,4.1415302653288242,1,2005
2006,[1494],37161,0,2007,6.297109319933935,4.1415302653288242,1,2006
2007,[1495],37161,1,2007,6.428105272684596,4.1415302653288242,1,2007
2003,[1496],37163,0,2007,6.317164686747284,4.0970243018438603,1,2003
2004,[1497],37163,0,2007,6.385194398997726,4.0970243018438603,1,2004
2005,[1498],37163,0,2007,6.324358962381311,4.0970243018438603,1,2005
2006,[1499],37163,0,2007,6.342121418721152,4.0970243018438603,1,2006
2007,[1500],37163,1,2007,6.447305862541213,4.0970243018438603,1,2007
2003,[1501],37165,0,2007,6.154858094016418,3.5834633813572871,1,2003
2004,[1502],37165,0,2007,6.206575926724928,3.5834633813572871,1,2004
2005,[1503],37165,0,2007,6.148468295917647,3.5834633813572871,1,2005
2006,[1504],37165,0,2007,6.182084906716632,3.5834633813572871,1,2006
2007,[1505],37165,1,2007,6.163314804034641,3.5834633813572871,1,2007
2003,[1506],37167,0,2007,6.625392368007956,4.0621656638578658,1,2003
2004,[1507],37167,0,2007,6.543911845564792,4.0621656638578658,1,2004
2005,[1508],37167,0,2007,6.61338421837956,4.0621656638578658,1,2005
2006,[1509],37167,0,2007,6.6293632534374485,4.0621656638578658,1,2006
2007,[1510],37167,1,2007,6.617402977974478,4.0621656638578658,1,2007
2003,[1511],37175,0,2007,5.676753802268282,3.3787472528245637,1,2003
2004,[1512],37175,0,2007,5.707110264748875,3.3787472528245637,1,2004
2005,[1513],37175,0,2007,5.75890177387728,3.3787472528245637,1,2005
2006,[1514],37175,0,2007,5.780743515792329,3.3787472528245637,1,2006
2007,[1515],37175,1,2007,5.713732805509369,3.3787472528245637,1,2007
2003,[1516],37189,0,2007,6.326149473155099,3.7540818173595696,1,2003
2004,[1517],37189,0,2007,6.3561076606958915,3.7540818173595696,1,2004
2005,[1518],37189,0,2007,6.35088571671474,3.7540818173595696,1,2005
2006,[1519],37189,0,2007,6.444131256700441,3.7540818173595696,1,2006
2007,[1520],37189,1,2007,6.432940092739179,3.7540818173595696,1,2007
2003,[1521],37191,0,2007,7.247080584585756,4.7302950929169922,1,2003
2004,[1522],37191,0,2007,7.228388451573604,4.7302950929169922,1,2004
2005,[1523],37191,0,2007,7.217443431696533,4.7302950929169922,1,2005
2006,[1524],37191,0,2007,7.3098814858247865,4.7302950929169922,1,2006
2007,[1525],37191,1,2007,7.304515946460155,4.7302950929169922,1,2007
2003,[1526],38001,0,0,4.110873864173311,0.95281550655652736,0,2003
2004,[1527],38001,0,0,4.0943445622221,0.95281550655652736,0,2004
2005,[1528],38001,0,0,4.060443010546419,0.95281550655652736,0,2005
2006,[1529],38001,0,0,3.8918202981106265,0.95281550655652736,0,2006
2007,[1530],38001,0,0,4.174387269895637,0.95281550655652736,0,2007
2003,[1531],38021,0,0,4.68213122712422,1.7504165056936725,0,2003
2004,[1532],38021,0,0,4.290459441148391,1.7504165056936725,0,2004
2005,[1533],38021,0,0,4.51085950651685,1.7504165056936725,0,2005
2006,[1534],38021,0,0,4.74493212836325,1.7504165056936725,0,2006
2007,[1535],38021,0,0,4.624972813284271,1.7504165056936725,0,2007
2003,[1536],38023,0,0,4.110873864173311,0.82549036754765848,0,2003
2004,[1537],38023,0,0,4.110873864173311,0.82549036754765848,0,2004
2005,[1538],38023,0,0,3.871201010907891,0.82549036754765848,0,2005
2006,[1539],38023,0,0,3.8918202981106265,0.82549036754765848,0,2006
2007,[1540],38023,0,0,3.8501476017100584,0.82549036754765848,0,2007
2003,[1541],38035,0,0,7.2813856635702825,4.1913048949264393,0,2003
2004,[1542],38035,0,0,7.206377291472252,4.1913048949264393,0,2004
2005,[1543],38035,0,0,7.293697720601438,4.1913048949264393,0,2005
2006,[1544],38035,0,0,7.282073658093465,4.1913048949264393,0,2006
2007,[1545],38035,0,0,7.282073658093465,4.1913048949264393,0,2007
2003,[1546],38037,0,0,3.4657359027997265,1.044156102872051,0,2003
2004,[1547],38037,0,0,3.2188758248682006,1.044156102872051,0,2004
2005,[1548],38037,0,0,3.1354942159291497,1.044156102872051,0,2005
2006,[1549],38037,0,0,3.295836866004329,1.044156102872051,0,2006
2007,[1550],38037,0,0,3.4657359027997265,1.044156102872051,0,2007
2003,[1551],38049,0,0,3.9889840465642745,1.7895904519432151,0,2003
2004,[1552],38049,0,0,3.6375861597263857,1.7895904519432151,0,2004
2005,[1553],38049,0,0,3.8918202981106265,1.7895904519432151,0,2005
2006,[1554],38049,0,0,3.828641396489095,1.7895904519432151,0,2006
2007,[1555],38049,0,0,4.02535169073515,1.7895904519432151,0,2007
2003,[1556],38061,0,0,4.941642422609304,1.8917556223867307,0,2003
2004,[1557],38061,0,0,4.709530201312334,1.8917556223867307,0,2004
2005,[1558],38061,0,0,4.6443908991413725,1.8917556223867307,0,2005
2006,[1559],38061,0,0,4.59511985013459,1.8917556223867307,0,2006
2007,[1560],38061,0,0,4.736198448394496,1.8917556223867307,0,2007
2003,[1561],38063,0,0,3.912023005428146,1.3123786781697224,0,2003
2004,[1562],38063,0,0,4.04305126783455,1.3123786781697224,0,2004
2005,[1563],38063,0,0,4.04305126783455,1.3123786781697224,0,2005
2006,[1564],38063,0,0,3.8066624897703196,1.3123786781697224,0,2006
2007,[1565],38063,0,0,3.713572066704308,1.3123786781697224,0,2007
2003,[1566],38073,0,0,4.836281906951478,1.7732559976634952,0,2003
2004,[1567],38073,0,0,4.875197323201151,1.7732559976634952,0,2004
2005,[1568],38073,0,0,4.7535901911063645,1.7732559976634952,0,2005
2006,[1569],38073,0,0,4.762173934797756,1.7732559976634952,0,2006
2007,[1570],38073,0,0,4.795790545596741,1.7732559976634952,0,2007
2003,[1571],38097,0,0,5.1647859739235145,2.1373566136262685,0,2003
2004,[1572],38097,0,0,5.14166355650266,2.1373566136262685,0,2004
2005,[1573],38097,0,0,5.017279836814924,2.1373566136262685,0,2005
2006,[1574],38097,0,0,5.087596335232384,2.1373566136262685,0,2006
2007,[1575],38097,0,0,5.056245805348308,2.1373566136262685,0,2007
2003,[1576],38099,0,0,5.846438775057725,2.5168089821336017,0,2003
2004,[1577],38099,0,0,5.771441123130016,2.5168089821336017,0,2004
2005,[1578],38099,0,0,5.697093486505405,2.5168089821336017,0,2005
2006,[1579],38099,0,0,5.69035945432406,2.5168089821336017,0,2006
2007,[1580],38099,0,0,5.673323267171493,2.5168089821336017,0,2007
2003,[1581],38105,0,0,6.1675164908883415,2.9837102983266655,0,2003
2004,[1582],38105,0,0,6.07073772800249,2.9837102983266655,0,2004
2005,[1583],38105,0,0,6.124683390894205,2.9837102983266655,0,2005
2006,[1584],38105,0,0,6.169610732491456,2.9837102983266655,0,2006
2007,[1585],38105,0,0,6.18826412308259,2.9837102983266655,0,2007
2003,[1586],39019,0,2007,5.4638318050256105,3.3616246065423323,1,2003
2004,[1587],39019,0,2007,5.442417710521793,3.3616246065423323,1,2004
2005,[1588],39019,0,2007,5.402677381872279,3.3616246065423323,1,2005
2006,[1589],39019,0,2007,5.278114659230517,3.3616246065423323,1,2006
2007,[1590],39019,1,2007,5.351858133476067,3.3616246065423323,1,2007
2003,[1591],39021,0,2007,5.8998973535824915,3.6607371481676561,1,2003
2004,[1592],39021,0,2007,5.7745515455444085,3.6607371481676561,1,2004
2005,[1593],39021,0,2007,5.802118375377063,3.6607371481676561,1,2005
2006,[1594],39021,0,2007,5.863631175598097,3.6607371481676561,1,2006
2007,[1595],39021,1,2007,5.783825182329737,3.6607371481676561,1,2007
2003,[1596],39035,0,2007,10.002019808600375,7.2399168092734083,1,2003
2004,[1597],39035,0,2007,9.94755228369823,7.2399168092734083,1,2004
2005,[1598],39035,0,2007,9.914674741926692,7.2399168092734083,1,2005
2006,[1599],39035,0,2007,9.915959454031448,7.2399168092734083,1,2006
2007,[1600],39035,1,2007,9.893740201081249,7.2399168092734083,1,2007
2003,[1601],39047,0,2007,6.342121418721152,3.3475504424313796,1,2003
2004,[1602],39047,0,2007,6.329720905522696,3.3475504424313796,1,2004
2005,[1603],39047,0,2007,6.338594078203183,3.3475504424313796,1,2005
2006,[1604],39047,0,2007,6.2324480165505225,3.3475504424313796,1,2006
2007,[1605],39047,1,2007,6.244166900663736,3.3475504424313796,1,2007
2003,[1606],39055,0,2007,7.294377299288821,4.5097049941700247,1,2003
2004,[1607],39055,0,2007,7.242082359256962,4.5097049941700247,1,2004
2005,[1608],39055,0,2007,7.220373836723949,4.5097049941700247,1,2005
2006,[1609],39055,0,2007,7.309212365692763,4.5097049941700247,1,2006
2007,[1610],39055,1,2007,7.242797922793756,4.5097049941700247,1,2007
2003,[1611],39063,0,2007,7.154615356913663,4.2668261987340825,1,2003
2004,[1612],39063,0,2007,7.062191632286556,4.2668261987340825,1,2004
2005,[1613],39063,0,2007,7.129297548929373,4.2668261987340825,1,2005
2006,[1614],39063,0,2007,7.113956109566034,4.2668261987340825,1,2006
2007,[1615],39063,1,2007,7.146772179452637,4.2668261987340825,1,2007
2003,[1616],39071,0,2007,6.113682179832232,3.7105186292174173,1,2003
2004,[1617],39071,0,2007,6.144185634125646,3.7105186292174173,1,2004
2005,[1618],39071,0,2007,6.210600077024653,3.7105186292174173,1,2005
2006,[1619],39071,0,2007,6.192362489474872,3.7105186292174173,1,2006
2007,[1620],39071,1,2007,6.1070228877422545,3.7105186292174173,1,2007
2003,[1621],39079,0,2007,5.834810737062605,3.485569166881497,1,2003
2004,[1622],39079,0,2007,5.755742213586912,3.485569166881497,1,2004
2005,[1623],39079,0,2007,5.869296913133774,3.485569166881497,1,2005
2006,[1624],39079,0,2007,5.82600010738045,3.485569166881497,1,2006
2007,[1625],39079,1,2007,5.7899601708972535,3.485569166881497,1,2007
2003,[1626],39095,0,2007,9.010547069270189,6.1204160932275613,1,2003
2004,[1627],39095,0,2007,8.927181388251986,6.1204160932275613,1,2004
2005,[1628],39095,0,2007,8.842026529498812,6.1204160932275613,1,2005
2006,[1629],39095,0,2007,8.840290669088972,6.1204160932275613,1,2006
2007,[1630],39095,1,2007,8.821732380934442,6.1204160932275613,1,2007
2003,[1631],39097,0,2007,5.976350909297934,3.6941903264325129,1,2003
2004,[1632],39097,0,2007,5.940171252720432,3.6941903264325129,1,2004
2005,[1633],39097,0,2007,6.133398042996649,3.6941903264325129,1,2005
2006,[1634],39097,0,2007,5.950642552587727,3.6941903264325129,1,2006
2007,[1635],39097,1,2007,5.855071922202427,3.6941903264325129,1,2007
2003,[1636],39107,0,2007,6.776506992372183,3.7117166880166934,1,2003
2004,[1637],39107,0,2007,6.769641976852503,3.7117166880166934,1,2004
2005,[1638],39107,0,2007,6.734591659972948,3.7117166880166934,1,2005
2006,[1639],39107,0,2007,6.805722553416985,3.7117166880166934,1,2006
2007,[1640],39107,1,2007,6.71901315438526,3.7117166880166934,1,2007
2003,[1641],39111,0,2007,3.332204510175204,2.7199787719674839,1,2003
2004,[1642],39111,0,2007,3.258096538021482,2.7199787719674839,1,2004
2005,[1643],39111,0,2007,3.5263605246161616,2.7199787719674839,1,2005
2006,[1644],39111,0,2007,3.4965075614664802,2.7199787719674839,1,2006
2007,[1645],39111,1,2007,3.4011973816621555,2.7199787719674839,1,2007
2003,[1646],39119,0,2007,7.1204443723924875,4.437756945927255,1,2003
2004,[1647],39119,0,2007,7.025538314638521,4.437756945927255,1,2004
2005,[1648],39119,0,2007,6.946013991099227,4.437756945927255,1,2005
2006,[1649],39119,0,2007,6.859614903654202,4.437756945927255,1,2006
2007,[1650],39119,1,2007,6.895682697747868,4.437756945927255,1,2007
2003,[1651],39143,0,2007,6.831953565565855,4.1237739062461038,1,2003
2004,[1652],39143,0,2007,6.828712071641684,4.1237739062461038,1,2004
2005,[1653],39143,0,2007,6.745236349484363,4.1237739062461038,1,2005
2006,[1654],39143,0,2007,6.733401891837359,4.1237739062461038,1,2006
2007,[1655],39143,1,2007,6.7650389767805414,4.1237739062461038,1,2007
2003,[1656],39163,0,2007,4.23410650459726,2.5499138110966104,1,2003
2004,[1657],39163,0,2007,4.248495242049359,2.5499138110966104,1,2004
2005,[1658],39163,0,2007,4.0943445622221,2.5499138110966104,1,2005
2006,[1659],39163,0,2007,3.871201010907891,2.5499138110966104,1,2006
2007,[1660],39163,1,2007,4.007333185232471,2.5499138110966104,1,2007
2003,[1661],39173,0,2007,7.557994958530806,4.7963275914444452,1,2003
2004,[1662],39173,0,2007,7.52131798019924,4.7963275914444452,1,2004
2005,[1663],39173,0,2007,7.465082736399547,4.7963275914444452,1,2005
2006,[1664],39173,0,2007,7.473637108496206,4.7963275914444452,1,2006
2007,[1665],39173,1,2007,7.5126175446745105,4.7963275914444452,1,2007
2003,[1666],40003,0,0,4.02535169073515,1.809108107562668,0,2003
2004,[1667],40003,0,0,3.7612001156935624,1.809108107562668,0,2004
2005,[1668],40003,0,0,3.912023005428146,1.809108107562668,0,2005
2006,[1669],40003,0,0,3.8501476017100584,1.809108107562668,0,2006
2007,[1670],40003,0,0,3.9889840465642745,1.809108107562668,0,2007
2003,[1671],40013,0,0,6.1779441140506,3.5982433338544921,0,2003
2004,[1672],40013,0,0,6.2422232654551655,3.5982433338544921,0,2004
2005,[1673],40013,0,0,6.280395838960195,3.5982433338544921,0,2005
2006,[1674],40013,0,0,6.135564891081739,3.5982433338544921,0,2006
2007,[1675],40013,0,0,6.192362489474872,3.5982433338544921,0,2007
2003,[1676],40015,0,0,5.459585514144159,3.4061849231731944,0,2003
2004,[1677],40015,0,0,5.278114659230517,3.4061849231731944,0,2004
2005,[1678],40015,0,0,5.327876168789581,3.4061849231731944,0,2005
2006,[1679],40015,0,0,5.4116460518550396,3.4061849231731944,0,2006
2007,[1680],40015,0,0,5.389071729816501,3.4061849231731944,0,2007
2003,[1681],40017,0,0,7.121252453244542,4.4738876912673913,0,2003
2004,[1682],40017,0,0,7.085901464365611,4.4738876912673913,0,2004
2005,[1683],40017,0,0,7.00033446027523,4.4738876912673913,0,2005
2006,[1684],40017,0,0,7.078341579557671,4.4738876912673913,0,2006
2007,[1685],40017,0,0,7.0909098220799835,4.4738876912673913,0,2007
2003,[1686],40025,0,0,3.8066624897703196,1.1467673305551569,0,2003
2004,[1687],40025,0,0,3.58351893845611,1.1467673305551569,0,2004
2005,[1688],40025,0,0,3.5553480614894135,1.1467673305551569,0,2005
2006,[1689],40025,0,0,3.9318256327243257,1.1467673305551569,0,2006
2007,[1690],40025,0,0,3.5553480614894135,1.1467673305551569,0,2007
2003,[1691],40039,0,0,6.045005314036012,3.26354321636336,0,2003
2004,[1692],40039,0,0,5.986452005284438,3.26354321636336,0,2004
2005,[1693],40039,0,0,5.8998973535824915,3.26354321636336,0,2005
2006,[1694],40039,0,0,5.983936280687191,3.26354321636336,0,2006
2007,[1695],40039,0,0,6.023447592961033,3.26354321636336,0,2007
2003,[1696],40063,0,0,4.624972813284271,2.6499972696535932,0,2003
2004,[1697],40063,0,0,4.454347296253507,2.6499972696535932,0,2004
2005,[1698],40063,0,0,4.276666119016055,2.6499972696535932,0,2005
2006,[1699],40063,0,0,4.110873864173311,2.6499972696535932,0,2006
2007,[1700],40063,0,0,4.5217885770490405,2.6499972696535932,0,2007
2003,[1701],40069,0,0,4.499809670330265,2.3526125865936938,0,2003
2004,[1702],40069,0,0,4.382026634673881,2.3526125865936938,0,2004
2005,[1703],40069,0,0,4.189654742026425,2.3526125865936938,0,2005
2006,[1704],40069,0,0,4.189654742026425,2.3526125865936938,0,2006
2007,[1705],40069,0,0,4.663439094112067,2.3526125865936938,0,2007
2003,[1706],40075,0,0,4.605170185988092,2.3250312818238759,0,2003
2004,[1707],40075,0,0,4.382026634673881,2.3250312818238759,0,2004
2005,[1708],40075,0,0,4.2626798770413155,2.3250312818238759,0,2005
2006,[1709],40075,0,0,4.2626798770413155,2.3250312818238759,0,2006
2007,[1710],40075,0,0,4.110873864173311,2.3250312818238759,0,2007
2003,[1711],40083,0,0,5.655991810819852,3.5241227284994534,0,2003
2004,[1712],40083,0,0,5.384495062789089,3.5241227284994534,0,2004
2005,[1713],40083,0,0,5.429345628954441,3.5241227284994534,0,2005
2006,[1714],40083,0,0,5.438079308923196,3.5241227284994534,0,2006
2007,[1715],40083,0,0,5.472270673671475,3.5241227284994534,0,2007
2003,[1716],40101,0,0,7.026426808699636,4.2406214679447825,0,2003
2004,[1717],40101,0,0,6.794586580876499,4.2406214679447825,0,2004
2005,[1718],40101,0,0,6.910750787961936,4.2406214679447825,0,2005
2006,[1719],40101,0,0,6.951772164398911,4.2406214679447825,0,2006
2007,[1720],40101,0,0,6.78332520060396,4.2406214679447825,0,2007
2003,[1721],40119,0,0,6.960347729101308,4.2222979265325611,0,2003
2004,[1722],40119,0,0,6.877296071497429,4.2222979265325611,0,2004
2005,[1723],40119,0,0,6.720220155135295,4.2222979265325611,0,2005
2006,[1724],40119,0,0,6.810142450115136,4.2222979265325611,0,2006
2007,[1725],40119,0,0,6.836259277277067,4.2222979265325611,0,2007
2003,[1726],40137,0,0,6.206575926724928,3.7654237417537222,0,2003
2004,[1727],40137,0,0,6.171700597410915,3.7654237417537222,0,2004
2005,[1728],40137,0,0,6.194405391104672,3.7654237417537222,0,2005
2006,[1729],40137,0,0,6.302618975744905,3.7654237417537222,0,2006
2007,[1730],40137,0,0,6.3080984415095305,3.7654237417537222,0,2007
2003,[1731],40143,0,0,9.27556615689389,6.3338105706461185,0,2003
2004,[1732],40143,0,0,9.185022563991893,6.3338105706461185,0,2004
2005,[1733],40143,0,0,9.213036733523925,6.3338105706461185,0,2005
2006,[1734],40143,0,0,9.317758768743452,6.3338105706461185,0,2006
2007,[1735],40143,0,0,9.361085258668608,6.3338105706461185,0,2007
2003,[1736],40145,0,0,5.8916442118257715,4.0516284138133685,0,2003
2004,[1737],40145,0,0,5.8522024797744745,4.0516284138133685,0,2004
2005,[1738],40145,0,0,5.924255797414532,4.0516284138133685,0,2005
2006,[1739],40145,0,0,6.0063531596017325,4.0516284138133685,0,2006
2007,[1740],40145,0,0,6.021023349349527,4.0516284138133685,0,2007
2003,[1741],40153,0,0,5.733341276897746,2.9170136888425859,0,2003
2004,[1742],40153,0,0,5.641907070938114,2.9170136888425859,0,2004
2005,[1743],40153,0,0,5.726847747587197,2.9170136888425859,0,2005
2006,[1744],40153,0,0,5.869296913133774,2.9170136888425859,0,2006
2007,[1745],40153,0,0,5.950642552587727,2.9170136888425859,0,2007
2003,[1746],45007,0,0,7.6586995582682995,5.1104202954208962,0,2003
2004,[1747],45007,0,0,7.611842399580417,5.1104202954208962,0,2004
2005,[1748],45007,0,0,7.622174594817622,5.1104202954208962,0,2005
2006,[1749],45007,0,0,7.658227526161352,5.1104202954208962,0,2006
2007,[1750],45007,0,0,7.639642287858013,5.1104202954208962,0,2007
2003,[1751],45009,0,0,5.030437921392435,2.8128905815131486,0,2003
2004,[1752],45009,0,0,4.9344739331306915,2.8128905815131486,0,2004
2005,[1753],45009,0,0,5.1298987149230735,2.8128905815131486,0,2005
2006,[1754],45009,0,0,5.056245805348308,2.8128905815131486,0,2006
2007,[1755],45009,0,0,5.14166355650266,2.8128905815131486,0,2007
2003,[1756],45013,0,0,7.5822291942764615,4.7952697488486296,0,2003
2004,[1757],45013,0,0,7.570443252057374,4.7952697488486296,0,2004
2005,[1758],45013,0,0,7.6511201757027,4.7952697488486296,0,2005
2006,[1759],45013,0,0,7.7458682297922685,4.7952697488486296,0,2006
2007,[1760],45013,0,0,7.717796211013582,4.7952697488486296,0,2007
2003,[1761],45017,0,0,4.219507705176107,2.7203080984977119,0,2003
2004,[1762],45017,0,0,4.127134385045092,2.7203080984977119,0,2004
2005,[1763],45017,0,0,4.143134726391533,2.7203080984977119,0,2005
2006,[1764],45017,0,0,4.174387269895637,2.7203080984977119,0,2006
2007,[1765],45017,0,0,4.23410650459726,2.7203080984977119,0,2007
2003,[1766],45019,0,0,8.522379718103538,5.7364722924788589,0,2003
2004,[1767],45019,0,0,8.509362612301048,5.7364722924788589,0,2004
2005,[1768],45019,0,0,8.605753368395717,5.7364722924788589,0,2005
2006,[1769],45019,0,0,8.700181192753353,5.7364722924788589,0,2006
2007,[1770],45019,0,0,8.71292443512011,5.7364722924788589,0,2007
2003,[1771],45023,0,0,5.3471075307174685,3.5283585272788343,0,2003
2004,[1772],45023,0,0,5.351858133476067,3.5283585272788343,0,2004
2005,[1773],45023,0,0,5.356586274672012,3.5283585272788343,0,2005
2006,[1774],45023,0,0,5.476463551931511,3.5283585272788343,0,2006
2007,[1775],45023,0,0,5.5254529391317835,3.5283585272788343,0,2007
2003,[1776],45025,0,0,5.805134968916488,3.7557901593965632,0,2003
2004,[1777],45025,0,0,5.733341276897746,3.7557901593965632,0,2004
2005,[1778],45025,0,0,5.8522024797744745,3.7557901593965632,0,2005
2006,[1779],45025,0,0,5.783825182329737,3.7557901593965632,0,2006
2007,[1780],45025,0,0,5.8998973535824915,3.7557901593965632,0,2007
2003,[1781],45037,0,0,5.099866427824199,3.2025431702473033,0,2003
2004,[1782],45037,0,0,4.969813299576001,3.2025431702473033,0,2004
2005,[1783],45037,0,0,5.030437921392435,3.2025431702473033,0,2005
2006,[1784],45037,0,0,4.997212273764115,3.2025431702473033,0,2006
2007,[1785],45037,0,0,5.272999558563747,3.2025431702473033,0,2007
2003,[1786],45051,0,0,7.987864096085687,5.2813187044645904,0,2003
2004,[1787],45051,0,0,7.974532844130228,5.2813187044645904,0,2004
2005,[1788],45051,0,0,8.112827478751374,5.2813187044645904,0,2005
2006,[1789],45051,0,0,8.199738960630786,5.2813187044645904,0,2006
2007,[1790],45051,0,0,8.286521373681236,5.2813187044645904,0,2007
2003,[1791],45055,0,0,6.1779441140506,3.9636092568995793,0,2003
2004,[1792],45055,0,0,6.302618975744905,3.9636092568995793,0,2004
2005,[1793],45055,0,0,6.408528791059498,3.9636092568995793,0,2005
2006,[1794],45055,0,0,6.285998094508865,3.9636092568995793,0,2006
2007,[1795],45055,0,0,6.3818160174060985,3.9636092568995793,0,2007
2003,[1796],45059,0,0,6.421622267806518,4.2422903169704078,0,2003
2004,[1797],45059,0,0,6.257667587882639,4.2422903169704078,0,2004
2005,[1798],45059,0,0,6.324358962381311,4.2422903169704078,0,2005
2006,[1799],45059,0,0,6.3561076606958915,4.2422903169704078,0,2006
2007,[1800],45059,0,0,6.342121418721152,4.2422903169704078,0,2007
2003,[1801],45067,0,0,5.69035945432406,3.5685744910702875,0,2003
2004,[1802],45067,0,0,5.605802066295998,3.5685744910702875,0,2004
2005,[1803],45067,0,0,5.6131281063880705,3.5685744910702875,0,2005
2006,[1804],45067,0,0,5.645446897643238,3.5685744910702875,0,2006
2007,[1805],45067,0,0,5.638354669333745,3.5685744910702875,0,2007
2003,[1806],45073,0,0,6.565264970035361,4.1929070233789281,0,2003
2004,[1807],45073,0,0,6.432940092739179,4.1929070233789281,0,2004
2005,[1808],45073,0,0,6.396929655216146,4.1929070233789281,0,2005
2006,[1809],45073,0,0,6.418364935936212,4.1929070233789281,0,2006
2007,[1810],45073,0,0,6.444131256700441,4.1929070233789281,0,2007
2003,[1811],45081,0,0,5.049856007249537,2.9539202057395508,0,2003
2004,[1812],45081,0,0,5.10594547390058,2.9539202057395508,0,2004
2005,[1813],45081,0,0,5.153291594497779,2.9539202057395508,0,2005
2006,[1814],45081,0,0,5.1647859739235145,2.9539202057395508,0,2006
2007,[1815],45081,0,0,5.111987788356544,2.9539202057395508,0,2007
2003,[1816],45087,0,0,5.225746673713202,3.3972228269067442,0,2003
2004,[1817],45087,0,0,5.017279836814924,3.3972228269067442,0,2004
2005,[1818],45087,0,0,5.093750200806762,3.3972228269067442,0,2005
2006,[1819],45087,0,0,5.327876168789581,3.3972228269067442,0,2006
2007,[1820],45087,0,0,5.407171771460119,3.3972228269067442,0,2007
2003,[1821],46013,0,0,6.74993119378857,3.5684053006460617,0,2003
2004,[1822],46013,0,0,6.68586094706836,3.5684053006460617,0,2004
2005,[1823],46013,0,0,6.70196036600254,3.5684053006460617,0,2005
2006,[1824],46013,0,0,6.782192056006791,3.5684053006460617,0,2006
2007,[1825],46013,0,0,6.786716950605081,3.5684053006460617,0,2007
2003,[1826],46021,0,0,3.044522437723423,0.5777363290486176,0,2003
2004,[1827],46021,0,0,2.995732273553991,0.5777363290486176,0,2004
2005,[1828],46021,0,0,2.70805020110221,0.5777363290486176,0,2005
2006,[1829],46021,0,0,2.70805020110221,0.5777363290486176,0,2006
2007,[1830],46021,0,0,2.5649493574615367,0.5777363290486176,0,2007
2003,[1831],46029,0,0,6.616065185132817,3.254127131880836,0,2003
2004,[1832],46029,0,0,6.56244409369372,3.254127131880836,0,2004
2005,[1833],46029,0,0,6.6240652277998935,3.254127131880836,0,2005
2006,[1834],46029,0,0,6.593044534142437,3.254127131880836,0,2006
2007,[1835],46029,0,0,6.5722825426940075,3.254127131880836,0,2007
2003,[1836],46033,0,0,4.23410650459726,1.9844438130575563,0,2003
2004,[1837],46033,0,0,4.189654742026425,1.9844438130575563,0,2004
2005,[1838],46033,0,0,4.418840607796598,1.9844438130575563,0,2005
2006,[1839],46033,0,0,4.477336814478207,1.9844438130575563,0,2006
2007,[1840],46033,0,0,4.394449154672439,1.9844438130575563,0,2007
2003,[1841],46047,0,0,4.605170185988092,2.008616635899557,0,2003
2004,[1842],46047,0,0,4.6913478822291435,2.008616635899557,0,2004
2005,[1843],46047,0,0,4.532599493153256,2.008616635899557,0,2005
2006,[1844],46047,0,0,4.8283137373023015,2.008616635899557,0,2006
2007,[1845],46047,0,0,4.836281906951478,2.008616635899557,0,2007
2003,[1846],46065,0,0,6.133398042996649,2.8022082022520429,0,2003
2004,[1847],46065,0,0,6.126869184114185,2.8022082022520429,0,2004
2005,[1848],46065,0,0,6.1675164908883415,2.8022082022520429,0,2005
2006,[1849],46065,0,0,6.135564891081739,2.8022082022520429,0,2006
2007,[1850],46065,0,0,6.104793232414985,2.8022082022520429,0,2007
2003,[1851],46075,0,0,3.4965075614664802,0.17647114311577911,0,2003
2004,[1852],46075,0,0,3.4965075614664802,0.17647114311577911,0,2004
2005,[1853],46075,0,0,3.258096538021482,0.17647114311577911,0,2005
2006,[1854],46075,0,0,2.9444389791664403,0.17647114311577911,0,2006
2007,[1855],46075,0,0,3.1780538303479458,0.17647114311577911,0,2007
2003,[1856],46079,0,0,5.459585514144159,2.422676573251866,0,2003
2004,[1857],46079,0,0,5.313205979041787,2.422676573251866,0,2004
2005,[1858],46079,0,0,5.424950017481403,2.422676573251866,0,2005
2006,[1859],46079,0,0,5.303304908059076,2.422676573251866,0,2006
2007,[1860],46079,0,0,5.3230099791384085,2.422676573251866,0,2007
2003,[1861],46095,0,0,2.3978952727983707,0.73380916227883508,0,2003
2004,[1862],46095,0,0,2.70805020110221,0.73380916227883508,0,2004
2005,[1863],46095,0,0,2.833213344056216,0.73380916227883508,0,2005
2006,[1864],46095,0,0,2.9444389791664403,0.73380916227883508,0,2006
2007,[1865],46095,0,0,3.367295829986474,0.73380916227883508,0,2007
2003,[1866],46105,0,0,4.04305126783455,1.2128334327581325,0,2003
2004,[1867],46105,0,0,4.02535169073515,1.2128334327581325,0,2004
2005,[1868],46105,0,0,4.204692619390966,1.2128334327581325,0,2005
2006,[1869],46105,0,0,4.174387269895637,1.2128334327581325,0,2006
2007,[1870],46105,0,0,4.07753744390572,1.2128334327581325,0,2007
2003,[1871],46109,0,0,5.147494476813453,2.3041838143577427,0,2003
2004,[1872],46109,0,0,5.159055299214529,2.3041838143577427,0,2004
2005,[1873],46109,0,0,5.247024072160486,2.3041838143577427,0,2005
2006,[1874],46109,0,0,5.214935757608986,2.3041838143577427,0,2006
2007,[1875],46109,0,0,5.1298987149230735,2.3041838143577427,0,2007
2003,[1876],46115,0,0,4.812184355372417,2.0087508010570665,0,2003
2004,[1877],46115,0,0,4.912654885736052,2.0087508010570665,0,2004
2005,[1878],46115,0,0,5.0238805208462765,2.0087508010570665,0,2005
2006,[1879],46115,0,0,5.087596335232384,2.0087508010570665,0,2006
2007,[1880],46115,0,0,5.056245805348308,2.0087508010570665,0,2007
2003,[1881],46119,0,0,2.833213344056216,0.44211842575619992,0,2003
2004,[1882],46119,0,0,2.995732273553991,0.44211842575619992,0,2004
2005,[1883],46119,0,0,2.70805020110221,0.44211842575619992,0,2005
2006,[1884],46119,0,0,2.995732273553991,0.44211842575619992,0,2006
2007,[1885],46119,0,0,2.8903717578961645,0.44211842575619992,0,2007
2003,[1886],46121,0,0,3.4965075614664802,2.2027647577118348,0,2003
2004,[1887],46121,0,0,3.7612001156935624,2.2027647577118348,0,2004
2005,[1888],46121,0,0,3.4657359027997265,2.2027647577118348,0,2005
2006,[1889],46121,0,0,3.58351893845611,2.2027647577118348,0,2006
2007,[1890],46121,0,0,3.1780538303479458,2.2027647577118348,0,2007
2003,[1891],47005,0,0,5.0689042022202315,2.8056002946680594,0,2003
2004,[1892],47005,0,0,4.955827057601261,2.8056002946680594,0,2004
2005,[1893],47005,0,0,4.990432586778736,2.8056002946680594,0,2005
2006,[1894],47005,0,0,5.003946305945459,2.8056002946680594,0,2006
2007,[1895],47005,0,0,4.941642422609304,2.8056002946680594,0,2007
2003,[1896],47007,0,0,3.970291913552122,2.5150316347599202,0,2003
2004,[1897],47007,0,0,3.8501476017100584,2.5150316347599202,0,2004
2005,[1898],47007,0,0,4.07753744390572,2.5150316347599202,0,2005
2006,[1899],47007,0,0,3.9318256327243257,2.5150316347599202,0,2006
2007,[1900],47007,0,0,4.1588830833596715,2.5150316347599202,0,2007
2003,[1901],47009,0,0,6.943122422819428,4.6617678871024815,0,2003
2004,[1902],47009,0,0,7.002155954403621,4.6617678871024815,0,2004
2005,[1903],47009,0,0,7.068172000388042,4.6617678871024815,0,2005
2006,[1904],47009,0,0,7.1204443723924875,4.6617678871024815,0,2006
2007,[1905],47009,0,0,7.0967213784947605,4.6617678871024815,0,2007
2003,[1906],47013,0,0,5.537334267018537,3.6852227766103924,0,2003
2004,[1907],47013,0,0,5.541263545158426,3.6852227766103924,0,2004
2005,[1908],47013,0,0,5.683579767338681,3.6852227766103924,0,2005
2006,[1909],47013,0,0,5.6131281063880705,3.6852227766103924,0,2006
2007,[1910],47013,0,0,5.655991810819852,3.6852227766103924,0,2007
2003,[1911],47029,0,0,5.3612921657094255,3.5134838573907148,0,2003
2004,[1912],47029,0,0,5.236441962829949,3.5134838573907148,0,2004
2005,[1913],47029,0,0,5.3471075307174685,3.5134838573907148,0,2005
2006,[1914],47029,0,0,5.3230099791384085,3.5134838573907148,0,2006
2007,[1915],47029,0,0,5.438079308923196,3.5134838573907148,0,2007
2003,[1916],47047,0,0,5.0689042022202315,3.3605836987768583,0,2003
2004,[1917],47047,0,0,5.075173815233827,3.3605836987768583,0,2004
2005,[1918],47047,0,0,5.147494476813453,3.3605836987768583,0,2005
2006,[1919],47047,0,0,5.407171771460119,3.3605836987768583,0,2006
2007,[1920],47047,0,0,5.480638923341991,3.3605836987768583,0,2007
2003,[1921],47065,0,0,8.573195381531523,5.7297620636151487,0,2003
2004,[1922],47065,0,0,8.60300384782935,5.7297620636151487,0,2004
2005,[1923],47065,0,0,8.631949428714426,5.7297620636151487,0,2005
2006,[1924],47065,0,0,8.557759153162898,5.7297620636151487,0,2006
2007,[1925],47065,0,0,8.563695025067657,5.7297620636151487,0,2007
2003,[1926],47073,0,0,6.126869184114185,3.9808585312035771,0,2003
2004,[1927],47073,0,0,6.008813185442595,3.9808585312035771,0,2004
2005,[1928],47073,0,0,5.934894195619588,3.9808585312035771,0,2005
2006,[1929],47073,0,0,6.042632833682381,3.9808585312035771,0,2006
2007,[1930],47073,0,0,5.937536205082426,3.9808585312035771,0,2007
2003,[1931],47081,0,0,4.983606621708336,3.1043624380794399,0,2003
2004,[1932],47081,0,0,4.852030263919617,3.1043624380794399,0,2004
2005,[1933],47081,0,0,4.8283137373023015,3.1043624380794399,0,2005
2006,[1934],47081,0,0,4.890349128221754,3.1043624380794399,0,2006
2007,[1935],47081,0,0,5.0106352940962555,3.1043624380794399,0,2007
2003,[1936],47097,0,0,4.736198448394496,3.299570627573857,0,2003
2004,[1937],47097,0,0,4.727387818712341,3.299570627573857,0,2004
2005,[1938],47097,0,0,4.5217885770490405,3.299570627573857,0,2005
2006,[1939],47097,0,0,4.787491742782046,3.299570627573857,0,2006
2007,[1940],47097,0,0,4.882801922586371,3.299570627573857,0,2007
2003,[1941],47099,0,0,5.8971538676367405,3.6870277407504619,0,2003
2004,[1942],47099,0,0,5.918893854273146,3.6870277407504619,0,2004
2005,[1943],47099,0,0,5.966146739123692,3.6870277407504619,0,2005
2006,[1944],47099,0,0,5.966146739123692,3.6870277407504619,0,2006
2007,[1945],47099,0,0,6.052089168924417,3.6870277407504619,0,2007
2003,[1946],47125,0,0,7.316548177182976,4.9035547815730078,0,2003
2004,[1947],47125,0,0,7.334981878871814,4.9035547815730078,0,2004
2005,[1948],47125,0,0,7.388946097618437,4.9035547815730078,0,2005
2006,[1949],47125,0,0,7.425953657077541,4.9035547815730078,0,2006
2007,[1950],47125,0,0,7.51479976048867,4.9035547815730078,0,2007
2003,[1951],47145,0,0,6.023447592961033,3.9495114498391377,0,2003
2004,[1952],47145,0,0,6.102558594613569,3.9495114498391377,0,2004
2005,[1953],47145,0,0,6.192362489474872,3.9495114498391377,0,2005
2006,[1954],47145,0,0,6.07993319509559,3.9495114498391377,0,2006
2007,[1955],47145,0,0,6.049733455231958,3.9495114498391377,0,2007
2003,[1956],47157,0,0,9.486076373409563,6.7995819221041858,0,2003
2004,[1957],47157,0,0,9.447702360527948,6.7995819221041858,0,2004
2005,[1958],47157,0,0,9.40640045488065,6.7995819221041858,0,2005
2006,[1959],47157,0,0,9.470317173335742,6.7995819221041858,0,2006
2007,[1960],47157,0,0,9.524932109734822,6.7995819221041858,0,2007
2003,[1961],47171,0,0,4.997212273764115,2.8716984926305433,0,2003
2004,[1962],47171,0,0,4.6913478822291435,2.8716984926305433,0,2004
2005,[1963],47171,0,0,4.859812404361672,2.8716984926305433,0,2005
2006,[1964],47171,0,0,4.890349128221754,2.8716984926305433,0,2006
2007,[1965],47171,0,0,4.859812404361672,2.8716984926305433,0,2007
2003,[1966],47173,0,0,4.51085950651685,2.8796477945331889,0,2003
2004,[1967],47173,0,0,4.343805421853684,2.8796477945331889,0,2004
2005,[1968],47173,0,0,4.330733340286331,2.8796477945331889,0,2005
2006,[1969],47173,0,0,4.634728988229636,2.8796477945331889,0,2006
2007,[1970],47173,0,0,4.454347296253507,2.8796477945331889,0,2007
2003,[1971],48015,0,0,5.739792912179234,3.1608228934195837,0,2003
2004,[1972],48015,0,0,5.8664680569332965,3.1608228934195837,0,2004
2005,[1973],48015,0,0,5.8664680569332965,3.1608228934195837,0,2005
2006,[1974],48015,0,0,5.8998973535824915,3.1608228934195837,0,2006
2007,[1975],48015,0,0,5.998936561946683,3.1608228934195837,0,2007
2003,[1976],48019,0,0,4.7535901911063645,2.8704524571272332,0,2003
2004,[1977],48019,0,0,4.672828834461906,2.8704524571272332,0,2004
2005,[1978],48019,0,0,4.836281906951478,2.8704524571272332,0,2005
2006,[1979],48019,0,0,4.795790545596741,2.8704524571272332,0,2006
2007,[1980],48019,0,0,4.795790545596741,2.8704524571272332,0,2007
2003,[1981],48025,0,0,5.220355825078324,3.4768921893642251,0,2003
2004,[1982],48025,0,0,5.241747015059643,3.4768921893642251,0,2004
2005,[1983],48025,0,0,5.19295685089021,3.4768921893642251,0,2005
2006,[1984],48025,0,0,5.365976015021851,3.4768921893642251,0,2006
2007,[1985],48025,0,0,5.332718793265369,3.4768921893642251,0,2007
2003,[1986],48031,0,0,4.574710978503383,2.1303722703483787,0,2003
2004,[1987],48031,0,0,4.605170185988092,2.1303722703483787,0,2004
2005,[1988],48031,0,0,4.418840607796598,2.1303722703483787,0,2005
2006,[1989],48031,0,0,4.454347296253507,2.1303722703483787,0,2006
2007,[1990],48031,0,0,4.59511985013459,2.1303722703483787,0,2007
2003,[1991],48043,0,0,4.836281906951478,2.1822237363228618,0,2003
2004,[1992],48043,0,0,4.890349128221754,2.1822237363228618,0,2004
2005,[1993],48043,0,0,5.1647859739235145,2.1822237363228618,0,2005
2006,[1994],48043,0,0,5.327876168789581,2.1822237363228618,0,2006
2007,[1995],48043,0,0,5.497168225293202,2.1822237363228618,0,2007
2003,[1996],48055,0,0,5.351858133476067,3.4717800997840378,0,2003
2004,[1997],48055,0,0,5.497168225293202,3.4717800997840378,0,2004
2005,[1998],48055,0,0,5.37989735354046,3.4717800997840378,0,2005
2006,[1999],48055,0,0,5.44673737166631,3.4717800997840378,0,2006
2007,[2000],48055,0,0,5.43372200355424,3.4717800997840378,0,2007
2003,[2001],48061,0,0,7.841492924460013,5.8148079142900517,0,2003
2004,[2002],48061,0,0,7.816416983691801,5.8148079142900517,0,2004
2005,[2003],48061,0,0,7.742402021815782,5.8148079142900517,0,2005
2006,[2004],48061,0,0,7.818430272070656,5.8148079142900517,0,2006
2007,[2005],48061,0,0,7.927685045615778,5.8148079142900517,0,2007
2003,[2006],48073,0,0,6.352629396319567,3.8428658347305329,0,2003
2004,[2007],48073,0,0,6.077642243349034,3.8428658347305329,0,2004
2005,[2008],48073,0,0,6.194405391104672,3.8428658347305329,0,2005
2006,[2009],48073,0,0,6.210600077024653,3.8428658347305329,0,2006
2007,[2010],48073,0,0,6.226536669287466,3.8428658347305329,0,2007
2003,[2011],48077,0,0,4.343805421853684,2.3984405786375671,0,2003
2004,[2012],48077,0,0,4.110873864173311,2.3984405786375671,0,2004
2005,[2013],48077,0,0,4.1588830833596715,2.3984405786375671,0,2005
2006,[2014],48077,0,0,3.912023005428146,2.3984405786375671,0,2006
2007,[2015],48077,0,0,3.8066624897703196,2.3984405786375671,0,2007
2003,[2016],48113,0,0,10.442696530693889,7.7047664058985124,0,2003
2004,[2017],48113,0,0,10.33912616065184,7.7047664058985124,0,2004
2005,[2018],48113,0,0,10.337118907970643,7.7047664058985124,0,2005
2006,[2019],48113,0,0,10.378478723292902,7.7047664058985124,0,2006
2007,[2020],48113,0,0,10.435262205052501,7.7047664058985124,0,2007
2003,[2021],48117,0,0,5.424950017481403,2.9210626052169615,0,2003
2004,[2022],48117,0,0,5.2832037287379885,2.9210626052169615,0,2004
2005,[2023],48117,0,0,5.267858159063328,2.9210626052169615,0,2005
2006,[2024],48117,0,0,5.4638318050256105,2.9210626052169615,0,2006
2007,[2025],48117,0,0,5.497168225293202,2.9210626052169615,0,2007
2003,[2026],48121,0,0,8.623533227187563,6.070682299214611,0,2003
2004,[2027],48121,0,0,8.630343289348893,6.070682299214611,0,2004
2005,[2028],48121,0,0,8.682538124003075,6.070682299214611,0,2005
2006,[2029],48121,0,0,8.757311846936409,6.070682299214611,0,2006
2007,[2030],48121,0,0,8.80956425335415,6.070682299214611,0,2007
2003,[2031],48151,0,0,2.9444389791664403,1.4687955826316343,0,2003
2004,[2032],48151,0,0,2.995732273553991,1.4687955826316343,0,2004
2005,[2033],48151,0,0,2.5649493574615367,1.4687955826316343,0,2005
2006,[2034],48151,0,0,2.995732273553991,1.4687955826316343,0,2006
2007,[2035],48151,0,0,2.4849066497880004,1.4687955826316343,0,2007
2003,[2036],48173,0,0,2.3978952727983707,0.34074879338847308,0,2003
2004,[2037],48173,0,0,1.791759469228055,0.34074879338847308,0,2004
2005,[2038],48173,0,0,1.9459101490553132,0.34074879338847308,0,2005
2006,[2039],48173,0,0,2.0794415416798357,0.34074879338847308,0,2006
2007,[2040],48173,0,0,1.3862943611198906,0.34074879338847308,0,2007
2003,[2041],48213,0,0,6.570882962339584,4.2942467806632276,0,2003
2004,[2042],48213,0,0,6.473890696352274,4.2942467806632276,0,2004
2005,[2043],48213,0,0,6.396929655216146,4.2942467806632276,0,2005
2006,[2044],48213,0,0,6.495265555937008,4.2942467806632276,0,2006
2007,[2045],48213,0,0,6.464588303689961,4.2942467806632276,0,2007
2003,[2046],48221,0,0,6.236369590203704,3.7160081215021892,0,2003
2004,[2047],48221,0,0,6.137727054086234,3.7160081215021892,0,2004
2005,[2048],48221,0,0,6.056784013228625,3.7160081215021892,0,2005
2006,[2049],48221,0,0,6.253828811575473,3.7160081215021892,0,2006
2007,[2050],48221,0,0,6.363028103540465,3.7160081215021892,0,2007
2003,[2051],48223,0,0,5.955837369464831,3.464485120898074,0,2003
2004,[2052],48223,0,0,5.918893854273146,3.464485120898074,0,2004
2005,[2053],48223,0,0,5.857933154483459,3.464485120898074,0,2005
2006,[2054],48223,0,0,5.950642552587727,3.464485120898074,0,2006
2007,[2055],48223,0,0,5.905361848054571,3.464485120898074,0,2007
2003,[2056],48245,0,0,8.017637159908478,5.5296314479875415,0,2003
2004,[2057],48245,0,0,7.923348211930154,5.5296314479875415,0,2004
2005,[2058],48245,0,0,8.09162741160107,5.5296314479875415,0,2005
2006,[2059],48245,0,0,8.186185994226083,5.5296314479875415,0,2006
2007,[2060],48245,0,0,8.173011311724972,5.5296314479875415,0,2007
2003,[2061],48249,0,0,5.62040086571715,3.6718858777373651,0,2003
2004,[2062],48249,0,0,5.762051382780177,3.6718858777373651,0,2004
2005,[2063],48249,0,0,5.739792912179234,3.6718858777373651,0,2005
2006,[2064],48249,0,0,5.786897381366708,3.6718858777373651,0,2006
2007,[2065],48249,0,0,5.869296913133774,3.6718858777373651,0,2007
2003,[2066],48271,0,0,2.6390573296152584,1.2175798077321529,0,2003
2004,[2067],48271,0,0,1.6094379124341003,1.2175798077321529,0,2004
2005,[2068],48271,0,0,1.6094379124341003,1.2175798077321529,0,2005
2006,[2069],48271,0,0,2.1972245773362196,1.2175798077321529,0,2006
2007,[2070],48271,0,0,2.302585092994046,1.2175798077321529,0,2007
2003,[2071],48277,0,0,6.322565239927284,3.8815431791741712,0,2003
2004,[2072],48277,0,0,6.240275845170769,3.8815431791741712,0,2004
2005,[2073],48277,0,0,6.150602768446279,3.8815431791741712,0,2005
2006,[2074],48277,0,0,6.376726947898627,3.8815431791741712,0,2006
2007,[2075],48277,0,0,6.456769655572163,3.8815431791741712,0,2007
2003,[2076],48291,0,0,6.26530121273771,4.2506928255928464,0,2003
2004,[2077],48291,0,0,6.246106765481563,4.2506928255928464,0,2004
2005,[2078],48291,0,0,6.19644412779452,4.2506928255928464,0,2005
2006,[2079],48291,0,0,6.2766434893416445,4.2506928255928464,0,2006
2007,[2080],48291,0,0,6.289715570908998,4.2506928255928464,0,2007
2003,[2081],48295,0,0,3.58351893845611,1.1174340429086975,0,2003
2004,[2082],48295,0,0,3.912023005428146,1.1174340429086975,0,2004
2005,[2083],48295,0,0,4.04305126783455,1.1174340429086975,0,2005
2006,[2084],48295,0,0,3.9889840465642745,1.1174340429086975,0,2006
2007,[2085],48295,0,0,4.204692619390966,1.1174340429086975,0,2007
2003,[2086],48305,0,0,3.784189633918261,1.8794650496471605,0,2003
2004,[2087],48305,0,0,3.713572066704308,1.8794650496471605,0,2004
2005,[2088],48305,0,0,3.8066624897703196,1.8794650496471605,0,2005
2006,[2089],48305,0,0,3.871201010907891,1.8794650496471605,0,2006
2007,[2090],48305,0,0,2.995732273553991,1.8794650496471605,0,2007
2003,[2091],48317,0,0,2.5649493574615367,1.557302158013572,0,2003
2004,[2092],48317,0,0,1.0986122886681098,1.557302158013572,0,2004
2005,[2093],48317,0,0,2.0794415416798357,1.557302158013572,0,2005
2006,[2094],48317,0,0,1.3862943611198906,1.557302158013572,0,2006
2007,[2095],48317,0,0,1.9459101490553132,1.557302158013572,0,2007
2003,[2096],48323,0,0,5.7899601708972535,3.8564468685392943,0,2003
2004,[2097],48323,0,0,5.455321115357702,3.8564468685392943,0,2004
2005,[2098],48323,0,0,5.501258210544727,3.8564468685392943,0,2005
2006,[2099],48323,0,0,5.717027701406222,3.8564468685392943,0,2006
2007,[2100],48323,0,0,5.916202062607435,3.8564468685392943,0,2007
2003,[2101],48341,0,0,5.749392985908253,3.00176404578571,0,2003
2004,[2102],48341,0,0,5.594711379601839,3.00176404578571,0,2004
2005,[2103],48341,0,0,5.58724865840025,3.00176404578571,0,2005
2006,[2104],48341,0,0,5.6937321388027,3.00176404578571,0,2006
2007,[2105],48341,0,0,5.697093486505405,3.00176404578571,0,2007
2003,[2106],48351,0,0,3.332204510175204,2.712838717834007,0,2003
2004,[2107],48351,0,0,3.4657359027997265,2.712838717834007,0,2004
2005,[2108],48351,0,0,3.8066624897703196,2.712838717834007,0,2005
2006,[2109],48351,0,0,3.6109179126442243,2.712838717834007,0,2006
2007,[2110],48351,0,0,3.828641396489095,2.712838717834007,0,2007
2003,[2111],48357,0,0,5.303304908059076,2.1978910218793799,0,2003
2004,[2112],48357,0,0,5.236441962829949,2.1978910218793799,0,2004
2005,[2113],48357,0,0,5.181783550292085,2.1978910218793799,0,2005
2006,[2114],48357,0,0,5.25227342804663,2.1978910218793799,0,2006
2007,[2115],48357,0,0,5.2574953720277815,2.1978910218793799,0,2007
2003,[2116],48363,0,0,5.6131281063880705,3.2967993656158945,0,2003
2004,[2117],48363,0,0,5.627621113690637,3.2967993656158945,0,2004
2005,[2118],48363,0,0,5.673323267171493,3.2967993656158945,0,2005
2006,[2119],48363,0,0,5.786897381366708,3.2967993656158945,0,2006
2007,[2120],48363,0,0,5.7899601708972535,3.2967993656158945,0,2007
2003,[2121],48369,0,0,4.762173934797756,2.3041838143577427,0,2003
2004,[2122],48369,0,0,4.882801922586371,2.3041838143577427,0,2004
2005,[2123],48369,0,0,4.875197323201151,2.3041838143577427,0,2005
2006,[2124],48369,0,0,4.77912349311153,2.3041838143577427,0,2006
2007,[2125],48369,0,0,4.795790545596741,2.3041838143577427,0,2007
2003,[2126],48383,0,0,3.4339872044851463,1.2017703807707361,0,2003
2004,[2127],48383,0,0,3.6109179126442243,1.2017703807707361,0,2004
2005,[2128],48383,0,0,3.295836866004329,1.2017703807707361,0,2005
2006,[2129],48383,0,0,3.6109179126442243,1.2017703807707361,0,2006
2007,[2130],48383,0,0,3.7612001156935624,1.2017703807707361,0,2007
2003,[2131],48385,0,0,3.091042453358316,1.1141575000035719,0,2003
2004,[2132],48385,0,0,2.70805020110221,1.1141575000035719,0,2004
2005,[2133],48385,0,0,2.3978952727983707,1.1141575000035719,0,2005
2006,[2134],48385,0,0,2.70805020110221,1.1141575000035719,0,2006
2007,[2135],48385,0,0,2.9444389791664403,1.1141575000035719,0,2007
2003,[2136],48397,0,0,6.555356891810665,3.7630588522881876,0,2003
2004,[2137],48397,0,0,6.6052979209482015,3.7630588522881876,0,2004
2005,[2138],48397,0,0,6.688354713946762,3.7630588522881876,0,2005
2006,[2139],48397,0,0,6.78332520060396,3.7630588522881876,0,2006
2007,[2140],48397,0,0,6.93828448401696,3.7630588522881876,0,2007
2003,[2141],48399,0,0,4.867534450455582,2.4419121582151448,0,2003
2004,[2142],48399,0,0,4.7535901911063645,2.4419121582151448,0,2004
2005,[2143],48399,0,0,4.653960350157523,2.4419121582151448,0,2005
2006,[2144],48399,0,0,4.624972813284271,2.4419121582151448,0,2006
2007,[2145],48399,0,0,4.624972813284271,2.4419121582151448,0,2007
2003,[2146],48409,0,0,6.1224928095143865,4.206750202606564,0,2003
2004,[2147],48409,0,0,6.139884552226255,4.206750202606564,0,2004
2005,[2148],48409,0,0,6.19644412779452,4.206750202606564,0,2005
2006,[2149],48409,0,0,6.306275286948016,4.206750202606564,0,2006
2007,[2150],48409,0,0,6.38856140554563,4.206750202606564,0,2007
2003,[2151],48415,0,0,5.198497031265826,2.7949004540009397,0,2003
2004,[2152],48415,0,0,5.030437921392435,2.7949004540009397,0,2004
2005,[2153],48415,0,0,4.969813299576001,2.7949004540009397,0,2005
2006,[2154],48415,0,0,5.075173815233827,2.7949004540009397,0,2006
2007,[2155],48415,0,0,5.198497031265826,2.7949004540009397,0,2007
2003,[2156],48417,0,0,3.58351893845611,1.1945283454979363,0,2003
2004,[2157],48417,0,0,3.5553480614894135,1.1945283454979363,0,2004
2005,[2158],48417,0,0,3.6635616461296463,1.1945283454979363,0,2005
2006,[2159],48417,0,0,4.1588830833596715,1.1945283454979363,0,2006
2007,[2160],48417,0,0,3.9318256327243257,1.1945283454979363,0,2007
2003,[2161],48447,0,0,2.5649493574615367,0.61518563909023349,0,2003
2004,[2162],48447,0,0,2.1972245773362196,0.61518563909023349,0,2004
2005,[2163],48447,0,0,2.4849066497880004,0.61518563909023349,0,2005
2006,[2164],48447,0,0,2.4849066497880004,0.61518563909023349,0,2006
2007,[2165],48447,0,0,2.4849066497880004,0.61518563909023349,0,2007
2003,[2166],48461,0,0,2.772588722239781,1.2249512107111278,0,2003
2004,[2167],48461,0,0,2.302585092994046,1.2249512107111278,0,2004
2005,[2168],48461,0,0,2.772588722239781,1.2249512107111278,0,2005
2006,[2169],48461,0,0,2.833213344056216,1.2249512107111278,0,2006
2007,[2170],48461,0,0,2.5649493574615367,1.2249512107111278,0,2007
2003,[2171],48465,0,0,6.0112671744041615,3.8034573588213716,0,2003
2004,[2172],48465,0,0,5.823045895483019,3.8034573588213716,0,2004
2005,[2173],48465,0,0,5.783825182329737,3.8034573588213716,0,2005
2006,[2174],48465,0,0,5.805134968916488,3.8034573588213716,0,2006
2007,[2175],48465,0,0,5.926926025970411,3.8034573588213716,0,2007
2003,[2176],48477,0,0,6.324358962381311,3.4135540558715269,0,2003
2004,[2177],48477,0,0,6.324358962381311,3.4135540558715269,0,2004
2005,[2178],48477,0,0,6.2324480165505225,3.4135540558715269,0,2005
2006,[2179],48477,0,0,6.220590170099739,3.4135540558715269,0,2006
2007,[2180],48477,0,0,6.396929655216146,3.4135540558715269,0,2007
2003,[2181],48493,0,0,5.552959584921617,3.4784053059003894,0,2003
2004,[2182],48493,0,0,5.5093883366279774,3.4784053059003894,0,2004
2005,[2183],48493,0,0,5.4680601411351315,3.4784053059003894,0,2005
2006,[2184],48493,0,0,5.733341276897746,3.4784053059003894,0,2006
2007,[2185],48493,0,0,5.69035945432406,3.4784053059003894,0,2007
2003,[2186],48503,0,0,5.480638923341991,2.8872000667305295,0,2003
2004,[2187],48503,0,0,5.497168225293202,2.8872000667305295,0,2004
2005,[2188],48503,0,0,5.5134287461649825,2.8872000667305295,0,2005
2006,[2189],48503,0,0,5.545177444479562,2.8872000667305295,0,2006
2007,[2190],48503,0,0,5.5134287461649825,2.8872000667305295,0,2007
2003,[2191],48505,0,0,3.871201010907891,2.4999594524142927,0,2003
2004,[2192],48505,0,0,4.127134385045092,2.4999594524142927,0,2004
2005,[2193],48505,0,0,4.2626798770413155,2.4999594524142927,0,2005
2006,[2194],48505,0,0,4.394449154672439,2.4999594524142927,0,2006
2007,[2195],48505,0,0,4.330733340286331,2.4999594524142927,0,2007
2003,[2196],48507,0,0,3.4011973816621555,2.451005098112319,0,2003
2004,[2197],48507,0,0,3.4339872044851463,2.451005098112319,0,2004
2005,[2198],48507,0,0,3.332204510175204,2.451005098112319,0,2005
2006,[2199],48507,0,0,3.4011973816621555,2.451005098112319,0,2006
2007,[2200],48507,0,0,3.5553480614894135,2.451005098112319,0,2007
2003,[2201],49003,0,0,6.844815479208263,3.7552522294781969,0,2003
2004,[2202],49003,0,0,6.792344427470809,3.7552522294781969,0,2004
2005,[2203],49003,0,0,6.796823718274855,3.7552522294781969,0,2005
2006,[2204],49003,0,0,6.826545223556594,3.7552522294781969,0,2006
2007,[2205],49003,0,0,6.930494765951626,3.7552522294781969,0,2007
2003,[2206],49011,0,0,8.522578663692576,5.4764384470138747,0,2003
2004,[2207],49011,0,0,8.494129251817686,5.4764384470138747,0,2004
2005,[2208],49011,0,0,8.51959031601596,5.4764384470138747,0,2005
2006,[2209],49011,0,0,8.591929537530255,5.4764384470138747,0,2006
2007,[2210],49011,0,0,8.690978417187905,5.4764384470138747,0,2007
2003,[2211],49023,0,0,5.293304824724492,2.1087575960138891,0,2003
2004,[2212],49023,0,0,5.220355825078324,2.1087575960138891,0,2004
2005,[2213],49023,0,0,5.278114659230517,2.1087575960138891,0,2005
2006,[2214],49023,0,0,5.4638318050256105,2.1087575960138891,0,2006
2007,[2215],49023,0,0,5.488937726156687,2.1087575960138891,0,2007
2003,[2216],49037,0,0,5.017279836814924,2.6681305771009658,0,2003
2004,[2217],49037,0,0,5.1298987149230735,2.6681305771009658,0,2004
2005,[2218],49037,0,0,5.075173815233827,2.6681305771009658,0,2005
2006,[2219],49037,0,0,5.236441962829949,2.6681305771009658,0,2006
2007,[2220],49037,0,0,5.0106352940962555,2.6681305771009658,0,2007
2003,[2221],49053,0,0,7.841099765422119,4.5037352883327371,0,2003
2004,[2222],49053,0,0,7.827639546366422,4.5037352883327371,0,2004
2005,[2223],49053,0,0,7.928406026180535,4.5037352883327371,0,2005
2006,[2224],49053,0,0,8.061802274538348,4.5037352883327371,0,2006
2007,[2225],49053,0,0,8.089789175789319,4.5037352883327371,0,2007
2003,[2226],51003,0,0,7.080867896690782,4.3724307410004348,0,2003
2004,[2227],51003,0,0,7.1204443723924875,4.3724307410004348,0,2004
2005,[2228],51003,0,0,7.069874128458572,4.3724307410004348,0,2005
2006,[2229],51003,0,0,7.1891677384203225,4.3724307410004348,0,2006
2007,[2230],51003,0,0,7.27931883541462,4.3724307410004348,0,2007
2003,[2231],51015,0,0,6.4692503167957724,4.1838043283482502,0,2003
2004,[2232],51015,0,0,6.393590753950631,4.1838043283482502,0,2004
2005,[2233],51015,0,0,6.464588303689961,4.1838043283482502,0,2005
2006,[2234],51015,0,0,6.4967749901858625,4.1838043283482502,0,2006
2007,[2235],51015,0,0,6.484635235635252,4.1838043283482502,0,2007
2003,[2236],51017,0,0,2.8903717578961645,1.6189921252389121,0,2003
2004,[2237],51017,0,0,2.3978952727983707,1.6189921252389121,0,2004
2005,[2238],51017,0,0,2.772588722239781,1.6189921252389121,0,2005
2006,[2239],51017,0,0,2.5649493574615367,1.6189921252389121,0,2006
2007,[2240],51017,0,0,2.302585092994046,1.6189921252389121,0,2007
2003,[2241],51019,0,0,5.805134968916488,4.1005088571899453,0,2003
2004,[2242],51019,0,0,5.823045895483019,4.1005088571899453,0,2004
2005,[2243],51019,0,0,5.8971538676367405,4.1005088571899453,0,2005
2006,[2244],51019,0,0,5.945420608606575,4.1005088571899453,0,2006
2007,[2245],51019,0,0,5.883322388488279,4.1005088571899453,0,2007
2003,[2246],51023,0,0,5.564520407322694,3.4175955274717915,0,2003
2004,[2247],51023,0,0,5.5093883366279774,3.4175955274717915,0,2004
2005,[2248],51023,0,0,5.655991810819852,3.4175955274717915,0,2005
2006,[2249],51023,0,0,5.8944028342648505,3.4175955274717915,0,2006
2007,[2250],51023,0,0,5.983936280687191,3.4175955274717915,0,2007
2003,[2251],51025,0,0,4.6443908991413725,2.9133827405369659,0,2003
2004,[2252],51025,0,0,4.543294782270004,2.9133827405369659,0,2004
2005,[2253],51025,0,0,4.564348191467836,2.9133827405369659,0,2005
2006,[2254],51025,0,0,4.543294782270004,2.9133827405369659,0,2006
2007,[2255],51025,0,0,4.61512051684126,2.9133827405369659,0,2007
2003,[2256],51041,0,0,8.498010371999463,5.5603084844819417,0,2003
2004,[2257],51041,0,0,8.508757712595136,5.5603084844819417,0,2004
2005,[2258],51041,0,0,8.531293315795018,5.5603084844819417,0,2005
2006,[2259],51041,0,0,8.573951525234847,5.5603084844819417,0,2006
2007,[2260],51041,0,0,8.562548893137034,5.5603084844819417,0,2007
2003,[2261],51047,0,0,6.045005314036012,3.5340368683082666,0,2003
2004,[2262],51047,0,0,6.137727054086234,3.5340368683082666,0,2004
2005,[2263],51047,0,0,6.1779441140506,3.5340368683082666,0,2005
2006,[2264],51047,0,0,6.240275845170769,3.5340368683082666,0,2006
2007,[2265],51047,0,0,6.282266746896006,3.5340368683082666,0,2007
2003,[2266],51053,0,0,5.459585514144159,3.2000191500178956,0,2003
2004,[2267],51053,0,0,5.424950017481403,3.2000191500178956,0,2004
2005,[2268],51053,0,0,5.262690188904886,3.2000191500178956,0,2005
2006,[2269],51053,0,0,5.3981627015177525,3.2000191500178956,0,2006
2007,[2270],51053,0,0,5.4680601411351315,3.2000191500178956,0,2007
2003,[2271],51059,0,0,9.394992544108419,6.8770372751259385,0,2003
2004,[2272],51059,0,0,9.386811515091962,6.8770372751259385,0,2004
2005,[2273],51059,0,0,9.452972775874239,6.8770372751259385,0,2005
2006,[2274],51059,0,0,9.492205559106399,6.8770372751259385,0,2006
2007,[2275],51059,0,0,9.475393326367602,6.8770372751259385,0,2007
2003,[2276],51061,0,0,6.71174039505618,4.0098572697765009,0,2003
2004,[2277],51061,0,0,6.77078942390898,4.0098572697765009,0,2004
2005,[2278],51061,0,0,6.747586526829315,4.0098572697765009,0,2005
2006,[2279],51061,0,0,6.760414691083428,4.0098572697765009,0,2006
2007,[2280],51061,0,0,6.866933284461882,4.0098572697765009,0,2007
2003,[2281],51077,0,0,4.060443010546419,2.8857499828177611,0,2003
2004,[2282],51077,0,0,4.2626798770413155,2.8857499828177611,0,2004
2005,[2283],51077,0,0,4.07753744390572,2.8857499828177611,0,2005
2006,[2284],51077,0,0,4.2626798770413155,2.8857499828177611,0,2006
2007,[2285],51077,0,0,4.143134726391533,2.8857499828177611,0,2007
2003,[2286],51079,0,0,5.308267697401205,2.7241859830116137,0,2003
2004,[2287],51079,0,0,4.90527477843843,2.7241859830116137,0,2004
2005,[2288],51079,0,0,4.8283137373023015,2.7241859830116137,0,2005
2006,[2289],51079,0,0,4.787491742782046,2.7241859830116137,0,2006
2007,[2290],51079,0,0,4.709530201312334,2.7241859830116137,0,2007
2003,[2291],51089,0,0,6.159095388491933,4.0592353851085328,0,2003
2004,[2292],51089,0,0,5.963579343618446,4.0592353851085328,0,2004
2005,[2293],51089,0,0,6.066108090103747,4.0592353851085328,0,2005
2006,[2294],51089,0,0,5.981414211254481,4.0592353851085328,0,2006
2007,[2295],51089,0,0,6.059123195581797,4.0592353851085328,0,2007
2003,[2296],51109,0,0,5.459585514144159,3.2436464831934124,0,2003
2004,[2297],51109,0,0,5.402677381872279,3.2436464831934124,0,2004
2005,[2298],51109,0,0,5.556828061699537,3.2436464831934124,0,2005
2006,[2299],51109,0,0,5.529429087511423,3.2436464831934124,0,2006
2007,[2300],51109,0,0,5.71042701737487,3.2436464831934124,0,2007
2003,[2301],51111,0,0,4.394449154672439,2.5761175298413845,0,2003
2004,[2302],51111,0,0,4.356708826689592,2.5761175298413845,0,2004
2005,[2303],51111,0,0,4.382026634673881,2.5761175298413845,0,2005
2006,[2304],51111,0,0,4.382026634673881,2.5761175298413845,0,2006
2007,[2305],51111,0,0,4.204692619390966,2.5761175298413845,0,2007
2003,[2306],51121,0,0,6.968850378341948,4.4263903498903998,0,2003
2004,[2307],51121,0,0,6.899723107284872,4.4263903498903998,0,2004
2005,[2308],51121,0,0,6.957497370876951,4.4263903498903998,0,2005
2006,[2309],51121,0,0,7.005789019253503,4.4263903498903998,0,2006
2007,[2310],51121,0,0,7.057036981697891,4.4263903498903998,0,2007
2003,[2311],51149,0,0,5.978885764901122,3.497930790619463,0,2003
2004,[2312],51149,0,0,5.8664680569332965,3.497930790619463,0,2004
2005,[2313],51149,0,0,5.780743515792329,3.497930790619463,0,2005
2006,[2314],51149,0,0,5.713732805509369,3.497930790619463,0,2006
2007,[2315],51149,0,0,5.730099782973574,3.497930790619463,0,2007
2003,[2316],51185,0,0,6.214608098422191,3.7976890149712115,0,2003
2004,[2317],51185,0,0,6.025865973825314,3.7976890149712115,0,2004
2005,[2318],51185,0,0,6.194405391104672,3.7976890149712115,0,2005
2006,[2319],51185,0,0,6.26530121273771,3.7976890149712115,0,2006
2007,[2320],51185,0,0,6.148468295917647,3.7976890149712115,0,2007
2003,[2321],51515,0,0,5.075173815233827,1.8403908906397921,0,2003
2004,[2322],51515,0,0,5.117993812416755,1.8403908906397921,0,2004
2005,[2323],51515,0,0,5.0369526024136295,1.8403908906397921,0,2005
2006,[2324],51515,0,0,5.209486152841421,1.8403908906397921,0,2006
2007,[2325],51515,0,0,5.214935757608986,1.8403908906397921,0,2007
2003,[2326],51520,0,0,6.102558594613569,2.8545718537649774,0,2003
2004,[2327],51520,0,0,6.163314804034641,2.8545718537649774,0,2004
2005,[2328],51520,0,0,6.202535517187923,2.8545718537649774,0,2005
2006,[2329],51520,0,0,6.22455842927536,2.8545718537649774,0,2006
2007,[2330],51520,0,0,6.289715570908998,2.8545718537649774,0,2007
2003,[2331],51630,0,0,6.818924065275521,2.9590164206173317,0,2003
2004,[2332],51630,0,0,6.920671504248683,2.9590164206173317,0,2004
2005,[2333],51630,0,0,7.02197642307216,2.9590164206173317,0,2005
2006,[2334],51630,0,0,6.9930151229329605,2.9590164206173317,0,2006
2007,[2335],51630,0,0,7.003065458786462,2.9590164206173317,0,2007
2003,[2336],51650,0,0,7.62657020629066,4.9865953018362354,0,2003
2004,[2337],51650,0,0,7.627544390488503,4.9865953018362354,0,2004
2005,[2338],51650,0,0,7.706162970199576,4.9865953018362354,0,2005
2006,[2339],51650,0,0,7.652070746116482,4.9865953018362354,0,2006
2007,[2340],51650,0,0,7.578145472419466,4.9865953018362354,0,2007
2003,[2341],51660,0,0,6.863803391452954,3.700511538343644,0,2003
2004,[2342],51660,0,0,6.851184927493743,3.700511538343644,0,2004
2005,[2343],51660,0,0,6.90975328164481,3.700511538343644,0,2005
2006,[2344],51660,0,0,6.955592608396297,3.700511538343644,0,2006
2007,[2345],51660,0,0,7.01571242048723,3.700511538343644,0,2007
2003,[2346],51680,0,0,7.217443431696533,4.1785171915553452,0,2003
2004,[2347],51680,0,0,7.1785454837637,4.1785171915553452,0,2004
2005,[2348],51680,0,0,7.221105098182496,4.1785171915553452,0,2005
2006,[2349],51680,0,0,7.270312886079025,4.1785171915553452,0,2006
2007,[2350],51680,0,0,7.377133712833954,4.1785171915553452,0,2007
2003,[2351],51700,0,0,7.668561108015897,5.1937898371941023,0,2003
2004,[2352],51700,0,0,7.732369222284388,5.1937898371941023,0,2004
2005,[2353],51700,0,0,7.672292455628756,5.1937898371941023,0,2005
2006,[2354],51700,0,0,7.7306140660637395,5.1937898371941023,0,2006
2007,[2355],51700,0,0,7.781138509845015,5.1937898371941023,0,2007
2003,[2356],51710,0,0,7.983098940710892,5.4570418562557679,0,2003
2004,[2357],51710,0,0,7.959625305098115,5.4570418562557679,0,2004
2005,[2358],51710,0,0,7.953318346560431,5.4570418562557679,0,2005
2006,[2359],51710,0,0,8.008698182988528,5.4570418562557679,0,2006
2007,[2360],51710,0,0,8.014996894348302,5.4570418562557679,0,2007
2003,[2361],51735,0,0,4.859812404361672,2.4480697597360264,0,2003
2004,[2362],51735,0,0,4.919980925828125,2.4480697597360264,0,2004
2005,[2363],51735,0,0,4.962844630259907,2.4480697597360264,0,2005
2006,[2364],51735,0,0,4.997212273764115,2.4480697597360264,0,2006
2007,[2365],51735,0,0,4.983606621708336,2.4480697597360264,0,2007
2003,[2366],51770,0,0,7.668561108015897,4.5529396103844393,0,2003
2004,[2367],51770,0,0,7.594381242551817,4.5529396103844393,0,2004
2005,[2368],51770,0,0,7.608374474380783,4.5529396103844393,0,2005
2006,[2369],51770,0,0,7.661527081358517,4.5529396103844393,0,2006
2007,[2370],51770,0,0,7.7354333524996886,4.5529396103844393,0,2007
2003,[2371],51790,0,0,6.212606095751519,3.1719099955874563,0,2003
2004,[2372],51790,0,0,6.192362489474872,3.1719099955874563,0,2004
2005,[2373],51790,0,0,6.1779441140506,3.1719099955874563,0,2005
2006,[2374],51790,0,0,6.198478716492308,3.1719099955874563,0,2006
2007,[2375],51790,0,0,6.311734809152915,3.1719099955874563,0,2007
2003,[2376],51800,0,0,6.608000625296087,4.1538234298736265,0,2003
2004,[2377],51800,0,0,6.704414354964107,4.1538234298736265,0,2004
2005,[2378],51800,0,0,6.716594773520978,4.1538234298736265,0,2005
2006,[2379],51800,0,0,6.779921907472252,4.1538234298736265,0,2006
2007,[2380],51800,0,0,6.831953565565855,4.1538234298736265,0,2007
2003,[2381],51830,0,0,6.45833828334479,2.4847399692309011,0,2003
2004,[2382],51830,0,0,6.428105272684596,2.4847399692309011,0,2004
2005,[2383],51830,0,0,6.354370040797351,2.4847399692309011,0,2005
2006,[2384],51830,0,0,6.42648845745769,2.4847399692309011,0,2006
2007,[2385],51830,0,0,6.3561076606958915,2.4847399692309011,0,2007
2003,[2386],51840,0,0,6.9650803456014065,3.1606109167362249,0,2003
2004,[2387],51840,0,0,7.029087564149662,3.1606109167362249,0,2004
2005,[2388],51840,0,0,7.00669522683704,3.1606109167362249,0,2005
2006,[2389],51840,0,0,6.98933526597456,3.1606109167362249,0,2006
2007,[2390],51840,0,0,7.022868086082641,3.1606109167362249,0,2007
2003,[2391],54005,0,2007,5.043425116919247,3.2400500600996072,1,2003
2004,[2392],54005,0,2007,4.795790545596741,3.2400500600996072,1,2004
2005,[2393],54005,0,2007,4.727387818712341,3.2400500600996072,1,2005
2006,[2394],54005,0,2007,4.3694478524670215,3.2400500600996072,1,2006
2007,[2395],54005,1,2007,4.418840607796598,3.2400500600996072,1,2007
2003,[2396],54017,0,2007,3.367295829986474,2.0018853234609613,1,2003
2004,[2397],54017,0,2007,3.1780538303479458,2.0018853234609613,1,2004
2005,[2398],54017,0,2007,2.4849066497880004,2.0018853234609613,1,2005
2006,[2399],54017,0,2007,2.1972245773362196,2.0018853234609613,1,2006
2007,[2400],54017,1,2007,2.0794415416798357,2.0018853234609613,1,2007
2003,[2401],54021,0,2007,2.772588722239781,1.9685099809725544,1,2003
2004,[2402],54021,0,2007,2.9444389791664403,1.9685099809725544,1,2004
2005,[2403],54021,0,2007,3.5263605246161616,1.9685099809725544,1,2005
2006,[2404],54021,0,2007,3.4657359027997265,1.9685099809725544,1,2006
2007,[2405],54021,1,2007,3.091042453358316,1.9685099809725544,1,2007
2003,[2406],54027,0,2007,4.897839799950911,3.0058311082314053,1,2003
2004,[2407],54027,0,2007,4.727387818712341,3.0058311082314053,1,2004
2005,[2408],54027,0,2007,4.804021044733257,3.0058311082314053,1,2005
2006,[2409],54027,0,2007,4.962844630259907,3.0058311082314053,1,2006
2007,[2410],54027,1,2007,4.859812404361672,3.0058311082314053,1,2007
2003,[2411],54029,0,2007,5.783825182329737,3.4863653940320338,1,2003
2004,[2412],54029,0,2007,5.733341276897746,3.4863653940320338,1,2004
2005,[2413],54029,0,2007,5.673323267171493,3.4863653940320338,1,2005
2006,[2414],54029,0,2007,5.659482215759621,3.4863653940320338,1,2006
2007,[2415],54029,1,2007,5.60947179518496,3.4863653940320338,1,2007
2003,[2416],54037,0,2007,6.171700597410915,3.7421832261362473,1,2003
2004,[2417],54037,0,2007,6.324358962381311,3.7421832261362473,1,2004
2005,[2418],54037,0,2007,6.366470447731438,3.7421832261362473,1,2005
2006,[2419],54037,0,2007,6.304448802421981,3.7421832261362473,1,2006
2007,[2420],54037,1,2007,6.278521424165844,3.7421832261362473,1,2007
2003,[2421],54047,0,2007,4.07753744390572,3.3079484094425249,1,2003
2004,[2422],54047,0,2007,3.7376696182833684,3.3079484094425249,1,2004
2005,[2423],54047,0,2007,3.8066624897703196,3.3079484094425249,1,2005
2006,[2424],54047,0,2007,4.189654742026425,3.3079484094425249,1,2006
2007,[2425],54047,1,2007,4.060443010546419,3.3079484094425249,1,2007
2003,[2426],54051,0,2007,5.214935757608986,3.5700677645745085,1,2003
2004,[2427],54051,0,2007,5.187385805840755,3.5700677645745085,1,2004
2005,[2428],54051,0,2007,5.375278407684165,3.5700677645745085,1,2005
2006,[2429],54051,0,2007,5.337538079701318,3.5700677645745085,1,2006
2007,[2430],54051,1,2007,5.424950017481403,3.5700677645745085,1,2007
2003,[2431],54085,0,2007,3.713572066704308,2.3363099623956667,1,2003
2004,[2432],54085,0,2007,3.5263605246161616,2.3363099623956667,1,2004
2005,[2433],54085,0,2007,3.6635616461296463,2.3363099623956667,1,2005
2006,[2434],54085,0,2007,4.204692619390966,2.3363099623956667,1,2006
2007,[2435],54085,1,2007,4.2626798770413155,2.3363099623956667,1,2007
2003,[2436],54087,0,2007,3.9318256327243257,2.7373500701470723,1,2003
2004,[2437],54087,0,2007,3.828641396489095,2.7373500701470723,1,2004
2005,[2438],54087,0,2007,4.02535169073515,2.7373500701470723,1,2005
2006,[2439],54087,0,2007,4.143134726391533,2.7373500701470723,1,2006
2007,[2440],54087,1,2007,4.382026634673881,2.7373500701470723,1,2007
2003,[2441],54099,0,2007,5.231108616854587,3.7589417535589078,1,2003
2004,[2442],54099,0,2007,5.278114659230517,3.7589417535589078,1,2004
2005,[2443],54099,0,2007,5.153291594497779,3.7589417535589078,1,2005
2006,[2444],54099,0,2007,5.056245805348308,3.7589417535589078,1,2006
2007,[2445],54099,1,2007,5.14166355650266,3.7589417535589078,1,2007
2003,[2446],55001,0,2006,5.081404364984463,2.9254707405133247,1,2003
2004,[2447],55001,0,2006,4.736198448394496,2.9254707405133247,1,2004
2005,[2448],55001,0,2006,4.59511985013459,2.9254707405133247,1,2005
2006,[2449],55001,1,2006,4.8283137373023015,2.9254707405133247,1,2006
2007,[2450],55001,1,2006,4.795790545596741,2.9254707405133247,1,2007
2003,[2451],55051,0,2006,4.762173934797756,1.9258532037087537,1,2003
2004,[2452],55051,0,2006,4.700480365792417,1.9258532037087537,1,2004
2005,[2453],55051,0,2006,4.6443908991413725,1.9258532037087537,1,2005
2006,[2454],55051,1,2006,4.634728988229636,1.9258532037087537,1,2006
2007,[2455],55051,1,2006,4.418840607796598,1.9258532037087537,1,2007
2003,[2456],55059,0,2006,8.002359546252707,5.0078113104051543,1,2003
2004,[2457],55059,0,2006,7.91644286012226,5.0078113104051543,1,2004
2005,[2458],55059,0,2006,7.950502434808851,5.0078113104051543,1,2005
2006,[2459],55059,1,2006,7.9208096792886,5.0078113104051543,1,2006
2007,[2460],55059,1,2006,7.912056888179006,5.0078113104051543,1,2007
2003,[2461],55069,0,2006,6.595780513961311,3.389158538050399,1,2003
2004,[2462],55069,0,2006,6.555356891810665,3.389158538050399,1,2004
2005,[2463],55069,0,2006,6.536691597591305,3.389158538050399,1,2005
2006,[2464],55069,1,2006,6.415096959171596,3.389158538050399,1,2006
2007,[2465],55069,1,2006,6.452048954437226,3.389158538050399,1,2007
2003,[2466],55081,0,2006,6.658011045870748,3.7111056128721023,1,2003
2004,[2467],55081,0,2006,6.687108607866515,3.7111056128721023,1,2004
2005,[2468],55081,0,2006,6.6240652277998935,3.7111056128721023,1,2005
2006,[2469],55081,1,2006,6.682108597449809,3.7111056128721023,1,2006
2007,[2470],55081,1,2006,6.71901315438526,3.7111056128721023,1,2007
2003,[2471],55085,0,2006,6.725033642166843,3.6048454585039269,1,2003
2004,[2472],55085,0,2006,6.598509028614515,3.6048454585039269,1,2004
2005,[2473],55085,0,2006,6.634633357861686,3.6048454585039269,1,2005
2006,[2474],55085,1,2006,6.584791392385716,3.6048454585039269,1,2006
2007,[2475],55085,1,2006,6.565264970035361,3.6048454585039269,1,2007
2003,[2476],55103,0,2006,5.6937321388027,2.8861405969238967,1,2003
2004,[2477],55103,0,2006,5.54907608489522,2.8861405969238967,1,2004
2005,[2478],55103,0,2006,5.480638923341991,2.8861405969238967,1,2005
2006,[2479],55103,1,2006,5.53338948872752,2.8861405969238967,1,2006
2007,[2480],55103,1,2006,5.556828061699537,2.8861405969238967,1,2007
2003,[2481],55109,0,2006,7.457609289715606,4.1455920222259381,1,2003
2004,[2482],55109,0,2006,7.377133712833954,4.1455920222259381,1,2004
2005,[2483],55109,0,2006,7.357556200910353,4.1455920222259381,1,2005
2006,[2484],55109,1,2006,7.356279876550748,4.1455920222259381,1,2006
2007,[2485],55109,1,2006,7.311218384419629,4.1455920222259381,1,2007
2003,[2486],55123,0,2006,6.042632833682381,3.3342025128378769,1,2003
2004,[2487],55123,0,2006,6.018593214496234,3.3342025128378769,1,2004
2005,[2488],55123,0,2006,5.91350300563827,3.3342025128378769,1,2005
2006,[2489],55123,1,2006,5.8944028342648505,3.3342025128378769,1,2006
2007,[2490],55123,1,2006,5.910796644040527,3.3342025128378769,1,2007
2003,[2491],55131,0,2006,8.087025470667701,4.7663787573414993,1,2003
2004,[2492],55131,0,2006,8.0925452638913,4.7663787573414993,1,2004
2005,[2493],55131,0,2006,8.121183242078828,4.7663787573414993,1,2005
2006,[2494],55131,1,2006,8.073402968986406,4.7663787573414993,1,2006
2007,[2495],55131,1,2006,8.118207049405783,4.7663787573414993,1,2007
2003,[2496],55137,0,2006,5.955837369464831,3.1421675517835368,1,2003
2004,[2497],55137,0,2006,5.924255797414532,3.1421675517835368,1,2004
2005,[2498],55137,0,2006,5.942799375126701,3.1421675517835368,1,2005
2006,[2499],55137,1,2006,5.937536205082426,3.1421675517835368,1,2006
2007,[2500],55137,1,2006,5.963579343618446,3.1421675517835368,1,2007
2003,[1],8001,0,2007,8.461469042643875,5.8967609333052993,1,2003
2004,[2],8001,0,2007,8.336869637284956,5.8967609333052993,1,2004
2005,[3],8001,0,2007,8.340217320947035,5.8967609333052993,1,2005
2006,[4],8001,0,2007,8.37816098272068,5.8967609333052993,1,2006
2007,[5],8001,1,2007,8.487352349405215,5.8967609333052993,1,2007
2003,[6],8019,0,2007,4.997212273764115,2.2323771979505489,1,2003
2004,[7],8019,0,2007,5.081404364984463,2.2323771979505489,1,2004
2005,[8],8019,0,2007,4.787491742782046,2.2323771979505489,1,2005
2006,[9],8019,0,2007,4.990432586778736,2.2323771979505489,1,2006
2007,[10],8019,1,2007,5.0369526024136295,2.2323771979505489,1,2007
2003,[11],8023,0,2007,2.1972245773362196,1.2982824837966773,1,2003
2004,[12],8023,0,2007,2.302585092994046,1.2982824837966773,1,2004
2005,[13],8023,0,2007,2.772588722239781,1.2982824837966773,1,2005
2006,[14],8023,0,2007,1.9459101490553132,1.2982824837966773,1,2006
2007,[15],8023,1,2007,2.995732273553991,1.2982824837966773,1,2007
2003,[16],8029,0,2007,5.883322388488279,3.3262582949976616,1,2003
2004,[17],8029,0,2007,5.7899601708972535,3.3262582949976616,1,2004
2005,[18],8029,0,2007,5.857933154483459,3.3262582949976616,1,2005
2006,[19],8029,0,2007,5.998936561946683,3.3262582949976616,1,2006
2007,[20],8029,1,2007,6.104793232414985,3.3262582949976616,1,2007
2003,[21],8041,0,2007,8.968650903374874,6.2479055343233458,1,2003
2004,[22],8041,0,2007,8.915700818956903,6.2479055343233458,1,2004
2005,[23],8041,0,2007,8.900957872545062,6.2479055343233458,1,2005
2006,[24],8041,0,2007,8.902727664035522,6.2479055343233458,1,2006
2007,[25],8041,1,2007,8.881002624255569,6.2479055343233458,1,2007
2003,[26],8063,0,2007,4.941642422609304,2.0808155972329798,1,2003
2004,[27],8063,0,2007,4.867534450455582,2.0808155972329798,1,2004
2005,[28],8063,0,2007,4.663439094112067,2.0808155972329798,1,2005
2006,[29],8063,0,2007,4.812184355372417,2.0808155972329798,1,2006
2007,[30],8063,1,2007,4.919980925828125,2.0808155972329798,1,2007
2003,[31],8075,0,2007,5.697093486505405,3.0206199890617702,1,2003
2004,[32],8075,0,2007,5.631211781821365,3.0206199890617702,1,2004
2005,[33],8075,0,2007,5.720311776607412,3.0206199890617702,1,2005
2006,[34],8075,0,2007,5.796057750765372,3.0206199890617702,1,2006
2007,[35],8075,1,2007,5.560681631015528,3.0206199890617702,1,2007
2003,[36],8103,0,2007,4.454347296253507,1.7894234094305073,1,2003
2004,[37],8103,0,2007,4.584967478670572,1.7894234094305073,1,2004
2005,[38],8103,0,2007,4.7535901911063645,1.7894234094305073,1,2005
2006,[39],8103,0,2007,4.90527477843843,1.7894234094305073,1,2006
2007,[40],8103,1,2007,4.718498871295094,1.7894234094305073,1,2007
2003,[41],8117,0,2007,6.3784261836515865,3.1590408911660148,1,2003
2004,[42],8117,0,2007,6.274762021241939,3.1590408911660148,1,2004
2005,[43],8117,0,2007,6.284134161070802,3.1590408911660148,1,2005
2006,[44],8117,0,2007,6.3818160174060985,3.1590408911660148,1,2006
2007,[45],8117,1,2007,6.431331081933479,3.1590408911660148,1,2007
2003,[46],8123,0,2007,7.755338812846501,5.1981433775775105,1,2003
2004,[47],8123,0,2007,7.687997166393016,5.1981433775775105,1,2004
2005,[48],8123,0,2007,7.754052639035757,5.1981433775775105,1,2005
2006,[49],8123,0,2007,7.789454566086673,5.1981433775775105,1,2006
2007,[50],8123,1,2007,7.803026643632217,5.1981433775775105,1,2007
