coverage.post_history_shortfall,coverage.post_internal_gap_periods,coverage.post_missing_periods,coverage.post_missing_values,coverage.post_nonmissing,coverage.post_observed_periods,coverage.pre_history_shortfall,coverage.pre_internal_gap_periods,coverage.pre_missing_periods,coverage.pre_missing_values,coverage.pre_nonmissing,coverage.pre_observed_periods,eligible,entity,metric,noise_status,period_index,post_source_rows,pre.lag1_autocorrelation,pre.linear_slope,pre.mad,pre.mean_noise_iid,pre.n,pre.noise_to_tolerance_ratio,pre.residual_sd,pre.sd,pre.trend_span,pre.variance,pre_source_rows,reasons,time,window
0,0,0,0,3,3,3,0,3,0,0,0,False,1,y,pre_data_incomplete,1,"[90, 185, 280]",,,,,,,,,,,[],"[""insufficient_pre_history""]",1,3
0,0,0,0,4,4,4,0,4,0,0,0,False,1,y,pre_data_incomplete,1,"[90, 185, 280, 375]",,,,,,,,,,,[],"[""insufficient_pre_history""]",1,4
0,0,0,0,5,5,5,0,5,0,0,0,False,1,y,pre_data_incomplete,1,"[90, 185, 280, 375, 470]",,,,,,,,,,,[],"[""insufficient_pre_history""]",1,5
0,0,0,0,6,6,6,0,6,0,0,0,False,1,y,pre_data_incomplete,1,"[90, 185, 280, 375, 470, 565]",,,,,,,,,,,[],"[""insufficient_pre_history""]",1,6
0,0,0,0,3,3,2,0,2,0,1,1,False,1,y,pre_data_incomplete,2,"[185, 280, 375]",,,,,,,,,,,[90],"[""insufficient_pre_history""]",2,3
0,0,0,0,4,4,3,0,3,0,1,1,False,1,y,pre_data_incomplete,2,"[185, 280, 375, 470]",,,,,,,,,,,[90],"[""insufficient_pre_history""]",2,4
0,0,0,0,5,5,4,0,4,0,1,1,False,1,y,pre_data_incomplete,2,"[185, 280, 375, 470, 565]",,,,,,,,,,,[90],"[""insufficient_pre_history""]",2,5
0,0,0,0,6,6,5,0,5,0,1,1,False,1,y,pre_data_incomplete,2,"[185, 280, 375, 470, 565, 660]",,,,,,,,,,,[90],"[""insufficient_pre_history""]",2,6
0,0,0,0,3,3,1,0,1,0,2,2,False,1,y,pre_data_incomplete,3,"[280, 375, 470]",,,,,,,,,,,"[90, 185]","[""insufficient_pre_history""]",3,3
0,0,0,0,4,4,2,0,2,0,2,2,False,1,y,pre_data_incomplete,3,"[280, 375, 470, 565]",,,,,,,,,,,"[90, 185]","[""insufficient_pre_history""]",3,4
0,0,0,0,5,5,3,0,3,0,2,2,False,1,y,pre_data_incomplete,3,"[280, 375, 470, 565, 660]",,,,,,,,,,,"[90, 185]","[""insufficient_pre_history""]",3,5
0,0,0,0,6,6,4,0,4,0,2,2,False,1,y,pre_data_incomplete,3,"[280, 375, 470, 565, 660, 755]",,,,,,,,,,,"[90, 185]","[""insufficient_pre_history""]",3,6
0,0,0,0,3,3,0,0,0,0,3,3,True,1,y,noise_baseline_short,4,"[375, 470, 565]",,1.857372012382675,3.7147440247653503,3.4809503071206946,3,3.4809503071206946,8.11186961551386,6.02918279055553,3.71474402476535,36.35104512193096,"[90, 185, 280]",[],4,3
0,0,0,0,4,4,1,0,1,0,3,3,False,1,y,pre_data_incomplete,4,"[375, 470, 565, 660]",,,,,,,,,,,"[90, 185, 280]","[""insufficient_pre_history""]",4,4
0,0,0,0,5,5,2,0,2,0,3,3,False,1,y,pre_data_incomplete,4,"[375, 470, 565, 660, 755]",,,,,,,,,,,"[90, 185, 280]","[""insufficient_pre_history""]",4,5
0,0,0,0,6,6,3,0,3,0,3,3,False,1,y,pre_data_incomplete,4,"[375, 470, 565, 660, 755, 850]",,,,,,,,,,,"[90, 185, 280]","[""insufficient_pre_history""]",4,6
0,0,0,0,3,3,0,0,0,0,3,3,True,1,y,noise_baseline_short,5,"[470, 565, 660]",,2.461290069315354,4.922580138630709,3.419590456497903,3,3.419590456497903,7.618772586867812,5.922904411732018,4.922580138630708,35.08079667051461,"[185, 280, 375]",[],5,3
0,0,0,0,4,4,0,0,0,0,4,4,True,1,y,noise_baseline_short,5,"[470, 565, 660, 755]",,0.23272870474271015,3.4348812913749143,2.4978567729714283,4,2.4978567729714283,6.107399129305974,4.9957135459428565,0.6981861142281305,24.957153833116948,"[90, 185, 280, 375]",[],5,4
0,0,0,0,5,5,1,0,1,0,4,4,False,1,y,pre_data_incomplete,5,"[470, 565, 660, 755, 850]",,,,,,,,,,,"[90, 185, 280, 375]","[""insufficient_pre_history""]",5,5
0,0,0,0,6,6,2,0,2,0,4,4,False,1,y,pre_data_incomplete,5,"[470, 565, 660, 755, 850, 945]",,,,,,,,,,,"[90, 185, 280, 375]","[""insufficient_pre_history""]",5,6
0,0,0,0,3,3,0,0,0,0,3,3,True,1,y,noise_baseline_short,6,"[565, 660, 755]",,-0.22774067675661724,0.4554813535132345,2.2179082349327457,3,2.2179082349327457,5.423188176690515,3.841529749428925,0.4554813535132345,14.757350815747461,"[280, 375, 470]",[],6,3
0,0,0,0,4,4,0,0,0,0,4,4,True,1,y,noise_baseline_short,6,"[565, 660, 755, 850]",,2.714082152085208,3.4348812913749143,2.8149884274794132,4,2.8149884274794132,5.397161685588957,5.6299768549588265,8.142246456255624,31.696639387372077,"[185, 280, 375, 470]",[],6,4
0,0,0,0,5,5,0,0,0,0,5,5,True,1,y,high_noise_under_iid,6,"[565, 660, 755, 850, 945]",,1.144110548113494,3.2592626712521158,2.1908526463069076,5,2.1908526463069076,5.256957830455241,4.8988954458275495,4.576442192453976,23.999176589149904,"[90, 185, 280, 375, 470]",[],6,5
1,0,1,0,5,5,1,0,1,0,5,5,False,1,y,pre_data_incomplete,6,"[565, 660, 755, 850, 945]",,,,,,,,,,,"[90, 185, 280, 375, 470]","[""insufficient_pre_history"", ""insufficient_post_history""]",6,6
0,0,0,0,3,3,0,0,0,0,3,3,True,1,y,noise_baseline_short,7,"[660, 755, 850]",,-1.5111170370611786,3.022234074122357,2.7821327106800924,3,2.7821327106800924,6.471060586922659,4.818795208297243,3.0222340741223572,23.22078725950847,"[375, 470, 565]",[],7,3
0,0,0,0,4,4,0,0,0,0,4,4,True,1,y,noise_baseline_short,7,"[660, 755, 850, 945]",,-2.3261708741379965,3.4348812913749143,2.4348914359070557,4,2.4348914359070557,4.6951571314175755,4.869782871814111,6.978512622413989,23.714785218614097,"[280, 375, 470, 565]",[],7,4
1,0,1,0,4,4,0,0,0,0,5,5,False,1,y,high_noise_under_iid,7,"[660, 755, 850, 945]",,0.3345210775503468,4.922580138630709,2.408327854637407,5,2.408327854637407,6.188209692503799,5.3851847950754745,1.3380843102013873,29.000215277112083,"[185, 280, 375, 470, 565]","[""insufficient_post_history""]",7,5
2,0,2,0,4,4,0,0,0,0,6,6,False,1,y,high_noise_under_iid,7,"[660, 755, 850, 945]",,-0.10701261827663144,4.718257651679476,1.9969234875979236,6,1.9969234875979236,5.4642176407372185,4.8914435999939245,0.5350630913831572,23.926220491921523,"[90, 185, 280, 375, 470, 565]","[""insufficient_post_history""]",7,6
0,0,0,0,3,3,0,0,0,0,3,3,True,1,y,noise_baseline_short,8,"[755, 850, 945]",,-2.297740313293337,4.595480626586674,2.7243947340196586,3,2.7243947340196586,5.8287853714009366,4.718790099195146,4.595480626586674,22.266980000262134,"[470, 565, 660]",[],8,3
1,0,1,0,3,3,0,0,0,0,4,4,False,1,y,noise_baseline_short,8,"[755, 850, 945]",,-0.39801134954091894,2.420517338386139,1.974772234336446,4,1.974772234336446,4.796073360482354,3.949544468672892,1.1940340486227567,15.598901510024637,"[375, 470, 565, 660]","[""insufficient_post_history""]",8,4
2,0,2,0,3,3,0,0,0,0,5,5,False,1,y,high_noise_under_iid,8,"[755, 850, 945]",,-1.3124158034322175,4.595480626586674,1.8919612419683145,5,1.8919612419683145,4.256994025961646,4.230553947836079,5.24966321372887,17.89758670555144,"[280, 375, 470, 565, 660]","[""insufficient_post_history""]",8,5
3,0,3,0,3,3,0,0,0,0,6,6,False,1,y,high_noise_under_iid,8,"[755, 850, 945]",,0.2984341418578052,4.718257651679475,1.9703705676975967,6,1.9703705676975967,5.359855497667507,4.82640249505713,1.492170709289026,23.294161044293688,"[185, 280, 375, 470, 565, 660]","[""insufficient_post_history""]",8,6
1,0,1,0,2,2,0,0,0,0,3,3,False,1,y,noise_baseline_short,9,"[850, 945]",,1.9465106649325625,0.9480133469071521,1.4811774805953575,3,1.4811774805953575,2.363368959080332,2.565474651418024,3.893021329865125,6.581660187068433,"[565, 660, 755]","[""insufficient_post_history""]",9,3
2,0,2,0,2,2,0,0,0,0,4,4,False,1,y,noise_baseline_short,9,"[850, 945]",,-1.1789447243709201,2.4205173383861385,1.938569864919939,4,1.938569864919939,4.3673266501658885,3.877139729839878,3.5368341731127604,15.03221248470284,"[470, 565, 660, 755]","[""insufficient_post_history""]",9,4
3,0,3,0,2,2,0,0,0,0,5,5,False,1,y,high_noise_under_iid,9,"[850, 945]",,-0.28539061151011375,0.9480133469071521,1.5320892871498089,5,1.5320892871498089,3.921371939538637,3.4258557936661678,1.141562446040455,11.736487918996048,"[375, 470, 565, 660, 755]","[""insufficient_post_history""]",9,5
4,0,4,0,2,2,0,0,0,0,6,6,False,1,y,high_noise_under_iid,9,"[850, 945]",,-0.9707140037269856,2.8559109662575226,1.566103408223192,6,1.566103408223192,3.777909382495649,3.836154234580485,4.853570018634928,14.716079311489786,"[280, 375, 470, 565, 660, 755]","[""insufficient_post_history""]",9,6
2,0,2,0,1,1,0,0,0,0,3,3,False,1,y,noise_baseline_short,10,[945],,0.8949947125592925,0.9480133469071521,0.8027539621540023,3,0.8027539621540023,1.5048097791765953,1.3904106484279555,1.789989425118585,1.9332417712618473,"[660, 755, 850]","[""insufficient_post_history""]",10,3
3,0,3,0,1,1,0,0,0,0,4,4,False,1,y,noise_baseline_short,10,[945],,1.8945058958765437,1.3690013860128687,1.4006037618048057,4,1.4006037618048057,1.672502290495644,2.8012075236096114,5.683517687629632,7.846763590327091,"[565, 660, 755, 850]","[""insufficient_post_history""]",10,4
4,0,4,0,1,1,0,0,0,0,5,5,False,1,y,high_noise_under_iid,10,[945],,-0.1717961073071053,1.789989425118585,1.5586164783533614,5,1.5586164783533614,4.012088712338996,3.4851723964494457,0.6871844292284212,12.146426632973172,"[470, 565, 660, 755, 850]","[""insufficient_post_history""]",10,5
5,0,5,0,1,1,0,0,0,0,6,6,False,1,y,high_noise_under_iid,10,[945],,0.17870008271809507,1.8043950138842528,1.3129591401941219,6,1.3129591401941219,3.5762064755204706,3.216079946598922,0.8935004135904754,10.343170222915724,"[375, 470, 565, 660, 755, 850]","[""insufficient_post_history""]",10,6
0,0,0,0,3,3,3,0,3,0,0,0,False,10,y,pre_data_incomplete,1,"[81, 176, 271]",,,,,,,,,,,[],"[""insufficient_pre_history""]",1,3
0,0,0,0,4,4,4,0,4,0,0,0,False,10,y,pre_data_incomplete,1,"[81, 176, 271, 366]",,,,,,,,,,,[],"[""insufficient_pre_history""]",1,4
0,0,0,0,5,5,5,0,5,0,0,0,False,10,y,pre_data_incomplete,1,"[81, 176, 271, 366, 461]",,,,,,,,,,,[],"[""insufficient_pre_history""]",1,5
0,0,0,0,6,6,6,0,6,0,0,0,False,10,y,pre_data_incomplete,1,"[81, 176, 271, 366, 461, 556]",,,,,,,,,,,[],"[""insufficient_pre_history""]",1,6
0,0,0,0,3,3,2,0,2,0,1,1,False,10,y,pre_data_incomplete,2,"[176, 271, 366]",,,,,,,,,,,[81],"[""insufficient_pre_history""]",2,3
0,0,0,0,4,4,3,0,3,0,1,1,False,10,y,pre_data_incomplete,2,"[176, 271, 366, 461]",,,,,,,,,,,[81],"[""insufficient_pre_history""]",2,4
0,0,0,0,5,5,4,0,4,0,1,1,False,10,y,pre_data_incomplete,2,"[176, 271, 366, 461, 556]",,,,,,,,,,,[81],"[""insufficient_pre_history""]",2,5
0,0,0,0,6,6,5,0,5,0,1,1,False,10,y,pre_data_incomplete,2,"[176, 271, 366, 461, 556, 651]",,,,,,,,,,,[81],"[""insufficient_pre_history""]",2,6
0,0,0,0,3,3,1,0,1,0,2,2,False,10,y,pre_data_incomplete,3,"[271, 366, 461]",,,,,,,,,,,"[81, 176]","[""insufficient_pre_history""]",3,3
0,0,0,0,4,4,2,0,2,0,2,2,False,10,y,pre_data_incomplete,3,"[271, 366, 461, 556]",,,,,,,,,,,"[81, 176]","[""insufficient_pre_history""]",3,4
0,0,0,0,5,5,3,0,3,0,2,2,False,10,y,pre_data_incomplete,3,"[271, 366, 461, 556, 651]",,,,,,,,,,,"[81, 176]","[""insufficient_pre_history""]",3,5
0,0,0,0,6,6,4,0,4,0,2,2,False,10,y,pre_data_incomplete,3,"[271, 366, 461, 556, 651, 746]",,,,,,,,,,,"[81, 176]","[""insufficient_pre_history""]",3,6
0,0,0,0,3,3,0,0,0,0,3,3,True,10,y,noise_baseline_short,4,"[366, 461, 556]",,-0.7576165618166959,1.5152331236333918,0.9792295612190307,3,0.9792295612190307,2.146014327052219,1.6960753523047394,1.5152331236333918,2.8766716006956456,"[81, 176, 271]",[],4,3
0,0,0,0,4,4,1,0,1,0,3,3,False,10,y,pre_data_incomplete,4,"[366, 461, 556, 651]",,,,,,,,,,,"[81, 176, 271]","[""insufficient_pre_history""]",4,4
0,0,0,0,5,5,2,0,2,0,3,3,False,10,y,pre_data_incomplete,4,"[366, 461, 556, 651, 746]",,,,,,,,,,,"[81, 176, 271]","[""insufficient_pre_history""]",4,5
0,0,0,0,6,6,3,0,3,0,3,3,False,10,y,pre_data_incomplete,4,"[366, 461, 556, 651, 746, 841]",,,,,,,,,,,"[81, 176, 271]","[""insufficient_pre_history""]",4,6
0,0,0,0,3,3,0,0,0,0,3,3,True,10,y,noise_baseline_short,5,"[461, 556, 651]",,-0.5981215978272718,1.1962431956545436,0.9913605039625094,3,0.9913605039625094,2.2762414198247747,1.7170867614801535,1.1962431956545436,2.948386946450402,"[176, 271, 366]",[],5,3
0,0,0,0,4,4,0,0,0,0,4,4,True,10,y,noise_baseline_short,5,"[461, 556, 651, 746]",,-0.1362555752250259,0.9353517395866908,0.7062323932715939,4,0.7062323932715939,1.7164414366319007,1.4124647865431879,0.4087667256750777,1.9950567732244935,"[81, 176, 271, 366]",[],5,4
0,0,0,0,5,5,1,0,1,0,4,4,False,10,y,pre_data_incomplete,5,"[461, 556, 651, 746, 841]",,,,,,,,,,,"[81, 176, 271, 366]","[""insufficient_pre_history""]",5,5
0,0,0,0,6,6,2,0,2,0,4,4,False,10,y,pre_data_incomplete,5,"[461, 556, 651, 746, 841, 936]",,,,,,,,,,,"[81, 176, 271, 366]","[""insufficient_pre_history""]",5,6
0,0,0,0,3,3,0,0,0,0,3,3,True,10,y,review_trend,6,"[556, 651, 746]",,3.0438329462282745,2.18969340715223,1.7802718695577284,3,1.7802718695577284,0.697402013290774,3.0835213293596184,6.087665892456549,9.508103788615708,"[271, 366, 461]",[],6,3
0,0,0,0,4,4,0,0,0,0,4,4,True,10,y,noise_baseline_short,6,"[556, 651, 746, 841]",,1.0294881276101555,1.6929683014033867,1.2685583052854905,4,1.2685583052854905,2.6468521929316555,2.537116610570981,3.0884643828304665,6.436960695635183,"[176, 271, 366, 461]",[],6,4
0,0,0,0,5,5,0,0,0,0,5,5,True,10,y,high_noise_under_iid,6,"[556, 651, 746, 841, 936]",,0.794862234199177,1.1962431956545436,1.0217682191819313,5,1.0217682191819313,2.2031905774008167,2.284743195339703,3.179448936796708,5.220051468651076,"[81, 176, 271, 366, 461]",[],6,5
1,0,1,0,5,5,1,0,1,0,5,5,False,10,y,pre_data_incomplete,6,"[556, 651, 746, 841, 936]",,,,,,,,,,,"[81, 176, 271, 366, 461]","[""insufficient_pre_history"", ""insufficient_post_history""]",6,6
0,0,0,0,3,3,0,0,0,0,3,3,True,10,y,noise_baseline_short,7,"[651, 746, 841]",,-0.9910191251740224,1.9820382503480447,1.727187684799569,3,1.727187684799569,3.9918449341399023,2.991576824280113,1.9820382503480447,8.949531895569885,"[366, 461, 556]",[],7,3
0,0,0,0,4,4,0,0,0,0,4,4,True,10,y,noise_baseline_short,7,"[651, 746, 841, 936]",,0.45209379557168744,1.094846703576115,1.411225422527878,4,1.411225422527878,3.3820661080392695,2.822450845055756,1.3562813867150623,7.966228772755951,"[271, 366, 461, 556]",[],7,4
1,0,1,0,4,4,0,0,0,0,5,5,False,10,y,high_noise_under_iid,7,"[651, 746, 841, 936]",,-0.02688969995486281,1.9820382503480447,1.1220121382543224,5,1.1220121382543224,2.8966068774898273,2.5088954127165572,0.10755879981945124,6.294556191950183,"[176, 271, 366, 461, 556]","[""insufficient_post_history""]",7,5
2,0,2,0,4,4,0,0,0,0,6,6,False,10,y,within_tolerance_under_iid,7,"[651, 746, 841, 936]",,0.1073426126273006,1.5891407230012942,0.9272371894916286,6,0.9272371894916286,2.5293982253092864,2.271257984786846,0.536713063136503,5.1586128334580055,"[81, 176, 271, 366, 461, 556]","[""insufficient_post_history""]",7,6
0,0,0,0,3,3,0,0,0,0,3,3,True,10,y,noise_baseline_short,8,"[746, 841, 936]",,-3.538003646348226,1.1959965570440887,2.186763377207686,3,2.186763377207686,1.9122407809253237,3.7875852734546176,7.076007292696452,14.345802203690289,"[461, 556, 651]",[],8,3
1,0,1,0,3,3,0,0,0,0,4,4,False,10,y,noise_baseline_short,8,"[746, 841, 936]",,-1.5414115157828765,1.5890174036960667,1.5498480004851145,4,1.5498480004851145,2.9107214389522205,3.099696000970229,4.62423454734863,9.60811529843083,"[366, 461, 556, 651]","[""insufficient_post_history""]",8,4
2,0,2,0,3,3,0,0,0,0,5,5,False,10,y,high_noise_under_iid,8,"[746, 841, 936]",,-0.3958721050827852,1.1959965570440887,1.2576635329222607,5,1.2576635329222607,3.165817640832738,2.8122211524367198,1.5834884203311408,7.908587810212511,"[271, 366, 461, 556, 651]","[""insufficient_post_history""]",8,5
3,0,3,0,3,3,0,0,0,0,6,6,False,10,y,high_noise_under_iid,8,"[746, 841, 936]",,-0.4957272017004717,1.6928449820981593,1.0739398980134383,6,1.0739398980134383,2.7522655037487875,2.630604764549529,2.4786360085023587,6.920081427270683,"[176, 271, 366, 461, 556, 651]","[""insufficient_post_history""]",8,6
1,0,1,0,2,2,0,0,0,0,3,3,False,10,y,review_trend,9,"[841, 936]",,-0.7584664197753095,0.3209362825065303,0.4615489080619692,3,0.4615489080619692,0.3572418611327968,0.7994261589412672,1.516932839550619,0.6390821835995882,"[556, 651, 746]","[""insufficient_post_history""]",9,3
2,0,2,0,2,2,0,0,0,0,4,4,False,10,y,noise_baseline_short,9,"[841, 936]",,-2.3386827282653035,0.7584664197753097,1.7271946957302289,4,1.7271946957302289,2.055630522014041,3.4543893914604578,7.016048184795911,11.932806067834553,"[461, 556, 651, 746]","[""insufficient_post_history""]",9,4
3,0,3,0,2,2,0,0,0,0,5,5,False,10,y,high_noise_under_iid,9,"[841, 936]",,-1.407394947249378,1.516932839550619,1.3588930857907455,5,1.3588930857907455,2.3891562664650117,3.038577313982561,5.629579788997512,9.232952093049475,"[366, 461, 556, 651, 746]","[""insufficient_post_history""]",9,5
4,0,4,0,2,2,0,0,0,0,6,6,False,10,y,high_noise_under_iid,9,"[841, 936]",,-0.6274429591874553,1.2526371198952615,1.1285379492821863,6,1.1285379492821863,2.798144716415139,2.7643421311082776,3.1372147959372763,7.641587417820254,"[271, 366, 461, 556, 651, 746]","[""insufficient_post_history""]",9,6
2,0,2,0,1,1,0,0,0,0,3,3,False,10,y,noise_baseline_short,10,[936],,3.8032313492668672,0.3209362825065303,2.5906340867548714,3,2.5906340867548714,3.3673687705157755,4.487109862079236,7.6064626985337345,20.13415491436874,"[651, 746, 841]","[""insufficient_post_history""]",10,3
3,0,3,0,1,1,0,0,0,0,4,4,False,10,y,noise_baseline_short,10,[936],,1.891046214196241,0.7584664197753097,1.8575885950247322,4,1.8575885950247322,3.4298211133572134,3.7151771900494643,5.673138642588723,13.802541553463834,"[556, 651, 746, 841]","[""insufficient_post_history""]",10,4
4,0,4,0,1,1,0,0,0,0,5,5,False,10,y,high_noise_under_iid,10,[936],,-0.04560220278760552,1.516932839550619,1.7472007935310843,5,1.7472007935310843,4.510484698615076,3.9068597446770794,0.18240881115042207,15.263553064578256,"[461, 556, 651, 746, 841]","[""insufficient_post_history""]",10,5
5,0,5,0,1,1,0,0,0,0,6,6,False,10,y,high_noise_under_iid,10,[936],,-0.03556250934128654,2.347483823471376,1.4266265647120537,6,1.4266265647120537,3.9062695933277287,3.4945071370441774,0.1778125467064327,12.211580130852694,"[366, 461, 556, 651, 746, 841]","[""insufficient_post_history""]",10,6
0,0,0,0,3,3,3,0,3,0,0,0,False,11,y,pre_data_incomplete,1,"[80, 175, 270]",,,,,,,,,,,[],"[""insufficient_pre_history""]",1,3
0,0,0,0,4,4,4,0,4,0,0,0,False,11,y,pre_data_incomplete,1,"[80, 175, 270, 365]",,,,,,,,,,,[],"[""insufficient_pre_history""]",1,4
0,0,0,0,5,5,5,0,5,0,0,0,False,11,y,pre_data_incomplete,1,"[80, 175, 270, 365, 460]",,,,,,,,,,,[],"[""insufficient_pre_history""]",1,5
0,0,0,0,6,6,6,0,6,0,0,0,False,11,y,pre_data_incomplete,1,"[80, 175, 270, 365, 460, 555]",,,,,,,,,,,[],"[""insufficient_pre_history""]",1,6
0,0,0,0,3,3,2,0,2,0,1,1,False,11,y,pre_data_incomplete,2,"[175, 270, 365]",,,,,,,,,,,[80],"[""insufficient_pre_history""]",2,3
0,0,0,0,4,4,3,0,3,0,1,1,False,11,y,pre_data_incomplete,2,"[175, 270, 365, 460]",,,,,,,,,,,[80],"[""insufficient_pre_history""]",2,4
0,0,0,0,5,5,4,0,4,0,1,1,False,11,y,pre_data_incomplete,2,"[175, 270, 365, 460, 555]",,,,,,,,,,,[80],"[""insufficient_pre_history""]",2,5
0,0,0,0,6,6,5,0,5,0,1,1,False,11,y,pre_data_incomplete,2,"[175, 270, 365, 460, 555, 650]",,,,,,,,,,,[80],"[""insufficient_pre_history""]",2,6
0,0,0,0,3,3,1,0,1,0,2,2,False,11,y,pre_data_incomplete,3,"[270, 365, 460]",,,,,,,,,,,"[80, 175]","[""insufficient_pre_history""]",3,3
0,0,0,0,4,4,2,0,2,0,2,2,False,11,y,pre_data_incomplete,3,"[270, 365, 460, 555]",,,,,,,,,,,"[80, 175]","[""insufficient_pre_history""]",3,4
0,0,0,0,5,5,3,0,3,0,2,2,False,11,y,pre_data_incomplete,3,"[270, 365, 460, 555, 650]",,,,,,,,,,,"[80, 175]","[""insufficient_pre_history""]",3,5
0,0,0,0,6,6,4,0,4,0,2,2,False,11,y,pre_data_incomplete,3,"[270, 365, 460, 555, 650, 745]",,,,,,,,,,,"[80, 175]","[""insufficient_pre_history""]",3,6
0,0,0,0,3,3,0,0,0,0,3,3,True,11,y,noise_baseline_short,4,"[365, 460, 555]",,-0.8837611839899816,0.7272862055936367,0.7407635087054372,3,0.7407635087054372,1.3154146853075626,1.2830400334708074,1.7675223679799632,1.646191727488771,"[80, 175, 270]",[],4,3
0,0,0,0,4,4,1,0,1,0,3,3,False,11,y,pre_data_incomplete,4,"[365, 460, 555, 650]",,,,,,,,,,,"[80, 175, 270]","[""insufficient_pre_history""]",4,4
0,0,0,0,5,5,2,0,2,0,3,3,False,11,y,pre_data_incomplete,4,"[365, 460, 555, 650, 745]",,,,,,,,,,,"[80, 175, 270]","[""insufficient_pre_history""]",4,5
0,0,0,0,6,6,3,0,3,0,3,3,False,11,y,pre_data_incomplete,4,"[365, 460, 555, 650, 745, 840]",,,,,,,,,,,"[80, 175, 270]","[""insufficient_pre_history""]",4,6
0,0,0,0,3,3,0,0,0,0,3,3,True,11,y,noise_baseline_short,5,"[460, 555, 650]",,0.5513943076726795,1.102788615345359,1.0641354885181906,3,1.0641354885181906,2.4872142373497748,1.8431367322506338,1.102788615345359,3.3971530137715447,"[175, 270, 365]",[],5,3
0,0,0,0,4,4,0,0,0,0,4,4,True,11,y,noise_baseline_short,5,"[460, 555, 650, 745]",,0.29954158892433874,0.9150374104694978,0.7553306737093757,4,0.7553306737093757,1.7885283478713059,1.5106613474187514,0.8986247667730163,2.282097706585038,"[80, 175, 270, 365]",[],5,4
0,0,0,0,5,5,1,0,1,0,4,4,False,11,y,pre_data_incomplete,5,"[460, 555, 650, 745, 840]",,,,,,,,,,,"[80, 175, 270, 365]","[""insufficient_pre_history""]",5,5
0,0,0,0,6,6,2,0,2,0,4,4,False,11,y,pre_data_incomplete,5,"[460, 555, 650, 745, 840, 935]",,,,,,,,,,,"[80, 175, 270, 365]","[""insufficient_pre_history""]",5,6
0,0,0,0,3,3,0,0,0,0,3,3,True,11,y,noise_baseline_short,6,"[555, 650, 745]",,0.5649078484597432,1.1298156969194861,1.0622077254206188,3,1.0622077254206188,2.47618047750091,1.839797748620683,1.1298156969194864,3.384855755829734,"[270, 365, 460]",[],6,3
0,0,0,0,4,4,0,0,0,0,4,4,True,11,y,noise_baseline_short,6,"[555, 650, 745, 840]",,-0.04973814410433819,1.2338907459997364,0.7854477576145998,4,0.7854477576145998,1.9223382564479798,1.5708955152291997,0.14921443231301457,2.467712719767212,"[175, 270, 365, 460]",[],6,4
0,0,0,0,5,5,0,0,0,0,5,5,True,11,y,within_tolerance_under_iid,6,"[555, 650, 745, 840, 935]",,-0.017262472677559492,0.7272862055936367,0.6084527658899478,5,0.6084527658899478,1.5707021186667995,1.3605417456276887,0.06904989071023797,1.8510738415956383,"[80, 175, 270, 365, 460]",[],6,5
1,0,1,0,5,5,1,0,1,0,5,5,False,11,y,pre_data_incomplete,6,"[555, 650, 745, 840, 935]",,,,,,,,,,,"[80, 175, 270, 365, 460]","[""insufficient_pre_history"", ""insufficient_post_history""]",6,6
0,0,0,0,3,3,0,0,0,0,3,3,True,11,y,review_trend,7,"[650, 745, 840]",,-1.693891626003047,0.9200017600066213,1.0114188080020015,3,1.0114188080020015,0.6318784296006977,1.7518287631902179,3.387783252006094,3.0689040155405682,"[365, 460, 555]",[],7,3
0,0,0,0,4,4,0,0,0,0,4,4,True,11,y,noise_baseline_short,7,"[650, 745, 840, 935]",,-0.18383396812608785,0.5649078484597431,0.8250837713035762,4,0.8250837713035762,2.0000230144722675,1.6501675426071525,0.5515019043782635,2.723052918674129,"[270, 365, 460, 555]",[],7,4
1,0,1,0,4,4,0,0,0,0,5,5,False,11,y,within_tolerance_under_iid,7,"[650, 745, 840, 935]",,-0.34401735764019836,1.1298156969194861,0.6870316849744705,5,0.6870316849744705,1.6589927968097353,1.5362495502991371,1.3760694305607934,2.3600626807943006,"[175, 270, 365, 460, 555]","[""insufficient_post_history""]",7,5
2,0,2,0,4,4,0,0,0,0,6,6,False,11,y,within_tolerance_under_iid,7,"[650, 745, 840, 935]",,-0.23674067418225353,1.1424973183303675,0.5629122359401734,6,0.5629122359401734,1.4599056469443727,1.3788477480225987,1.1837033709112676,1.9012211122269917,"[80, 175, 270, 365, 460, 555]","[""insufficient_post_history""]",7,6
0,0,0,0,3,3,0,0,0,0,3,3,True,11,y,review_trend,8,"[745, 840, 935]",,-1.1331065065039756,0.9200017600066213,0.6580446369716735,3,0.6580446369716735,0.17399929689455962,1.1397667448831557,2.266213013007951,1.2990682327415446,"[460, 555, 650]",[],8,3
1,0,1,0,3,3,0,0,0,0,4,4,False,11,y,review_trend,8,"[745, 840, 935]",,-1.5121985275028893,1.1331065065039756,0.9976235744750067,4,0.9976235744750067,0.5046343345779879,1.9952471489500134,4.536595582508668,3.981011185393157,"[365, 460, 555, 650]","[""insufficient_post_history""]",8,4
2,0,2,0,3,3,0,0,0,0,5,5,False,11,y,within_tolerance_under_iid,8,"[745, 840, 935]",,-0.5660577884183023,0.9200017600066213,0.7957810252549194,5,0.7957810252549194,1.77586923362666,1.779420467674477,2.2642311536732094,3.166337200778854,"[270, 365, 460, 555, 650]","[""insufficient_post_history""]",8,5
3,0,3,0,3,3,0,0,0,0,6,6,False,11,y,within_tolerance_under_iid,8,"[745, 840, 935]",,-0.5712676894163201,1.238013474960408,0.7111689079743216,6,0.7111689079743216,1.5379993451793226,1.7420009454694145,2.8563384470816007,3.034567294016334,"[175, 270, 365, 460, 555, 650]","[""insufficient_post_history""]",8,6
1,0,1,0,2,2,0,0,0,0,3,3,False,11,y,noise_baseline_short,9,"[840, 935]",,0.7723527463317592,1.34621125300133,0.8351912431406119,3,0.8351912431406119,1.7298002619320365,1.4465936671561512,1.5447054926635184,2.092633237856282,"[555, 650, 745]","[""insufficient_post_history""]",9,3
2,0,2,0,2,2,0,0,0,0,4,4,False,11,y,noise_baseline_short,9,"[840, 935]",,0.05278999449693615,0.7723527463317592,0.6279626256042069,4,0.6279626256042069,1.5359216764330497,1.2559252512084138,0.15836998349080844,1.5773482366229175,"[460, 555, 650, 745]","[""insufficient_post_history""]",9,4
3,0,3,0,2,2,0,0,0,0,5,5,False,11,y,within_tolerance_under_iid,9,"[840, 935]",,-0.5952368531693102,0.9200017600066213,0.7893214762992761,5,0.7893214762992761,1.7240938436597493,1.7649764771056706,2.3809474126772407,3.1151419647363436,"[365, 460, 555, 650, 745]","[""insufficient_post_history""]",9,5
4,0,4,0,2,2,0,0,0,0,6,6,False,11,y,within_tolerance_under_iid,9,"[840, 935]",,-0.18141108934705644,0.8772597147881916,0.6705544451933751,6,0.6705544451933751,1.79675911091619,1.642516235478837,0.9070554467352822,2.6978595838115704,"[270, 365, 460, 555, 650, 745]","[""insufficient_post_history""]",9,6
2,0,2,0,1,1,0,0,0,0,3,3,False,11,y,review_trend,10,[935],,3.365271299799348,2.8909167456648484,1.9493635715503472,3,1.9493635715503472,0.3873088715983151,3.3763967483491295,6.730542599598696,11.400055002262574,"[650, 745, 840]","[""insufficient_post_history""]",10,3
3,0,3,0,1,1,0,0,0,0,4,4,False,11,y,noise_baseline_short,10,[935],,1.9043910785456948,1.4454583728324242,1.4548034937485164,4,1.4548034937485164,1.9057690789878643,2.9096069874970327,5.713173235637084,8.465812821691559,"[555, 650, 745, 840]","[""insufficient_post_history""]",10,4
4,0,4,0,1,1,0,0,0,0,5,5,False,11,y,high_noise_under_iid,10,[935],,1.0473364665845009,0.9200017600066213,1.1308950965069462,5,1.1308950965069462,2.206757624788914,2.5287583112107166,4.189345866338003,6.394618596517276,"[460, 555, 650, 745, 840]","[""insufficient_post_history""]",10,5
5,0,5,0,1,1,0,0,0,0,6,6,False,11,y,within_tolerance_under_iid,10,[935],,0.3003040119407349,1.693891626003047,0.9867264528046865,6,0.9867264528046865,2.6282446155728545,2.416976325077909,1.5015200597036746,5.841774555987114,"[365, 460, 555, 650, 745, 840]","[""insufficient_post_history""]",10,6
0,0,0,0,3,3,3,0,3,0,0,0,False,12,y,pre_data_incomplete,1,"[79, 174, 269]",,,,,,,,,,,[],"[""insufficient_pre_history""]",1,3
0,0,0,0,4,4,4,0,4,0,0,0,False,12,y,pre_data_incomplete,1,"[79, 174, 269, 364]",,,,,,,,,,,[],"[""insufficient_pre_history""]",1,4
0,0,0,0,5,5,5,0,5,0,0,0,False,12,y,pre_data_incomplete,1,"[79, 174, 269, 364, 459]",,,,,,,,,,,[],"[""insufficient_pre_history""]",1,5
0,0,0,0,6,6,6,0,6,0,0,0,False,12,y,pre_data_incomplete,1,"[79, 174, 269, 364, 459, 554]",,,,,,,,,,,[],"[""insufficient_pre_history""]",1,6
0,0,0,0,3,3,2,0,2,0,1,1,False,12,y,pre_data_incomplete,2,"[174, 269, 364]",,,,,,,,,,,[79],"[""insufficient_pre_history""]",2,3
0,0,0,0,4,4,3,0,3,0,1,1,False,12,y,pre_data_incomplete,2,"[174, 269, 364, 459]",,,,,,,,,,,[79],"[""insufficient_pre_history""]",2,4
0,0,0,0,5,5,4,0,4,0,1,1,False,12,y,pre_data_incomplete,2,"[174, 269, 364, 459, 554]",,,,,,,,,,,[79],"[""insufficient_pre_history""]",2,5
0,0,0,0,6,6,5,0,5,0,1,1,False,12,y,pre_data_incomplete,2,"[174, 269, 364, 459, 554, 649]",,,,,,,,,,,[79],"[""insufficient_pre_history""]",2,6
0,0,0,0,3,3,1,0,1,0,2,2,False,12,y,pre_data_incomplete,3,"[269, 364, 459]",,,,,,,,,,,"[79, 174]","[""insufficient_pre_history""]",3,3
0,0,0,0,4,4,2,0,2,0,2,2,False,12,y,pre_data_incomplete,3,"[269, 364, 459, 554]",,,,,,,,,,,"[79, 174]","[""insufficient_pre_history""]",3,4
0,0,0,0,5,5,3,0,3,0,2,2,False,12,y,pre_data_incomplete,3,"[269, 364, 459, 554, 649]",,,,,,,,,,,"[79, 174]","[""insufficient_pre_history""]",3,5
0,0,0,0,6,6,4,0,4,0,2,2,False,12,y,pre_data_incomplete,3,"[269, 364, 459, 554, 649, 744]",,,,,,,,,,,"[79, 174]","[""insufficient_pre_history""]",3,6
0,0,0,0,3,3,0,0,0,0,3,3,True,12,y,noise_baseline_short,4,"[364, 459, 554]",,2.579794984552742,0.1946286366015153,1.688360315492501,3,1.688360315492501,1.9474801680460474,2.924325847916031,5.159589969105484,8.551681664789813,"[79, 174, 269]",[],4,3
0,0,0,0,4,4,1,0,1,0,3,3,False,12,y,pre_data_incomplete,4,"[364, 459, 554, 649]",,,,,,,,,,,"[79, 174, 269]","[""insufficient_pre_history""]",4,4
0,0,0,0,5,5,2,0,2,0,3,3,False,12,y,pre_data_incomplete,4,"[364, 459, 554, 649, 744]",,,,,,,,,,,"[79, 174, 269]","[""insufficient_pre_history""]",4,5
0,0,0,0,6,6,3,0,3,0,3,3,False,12,y,pre_data_incomplete,4,"[364, 459, 554, 649, 744, 839]",,,,,,,,,,,"[79, 174, 269]","[""insufficient_pre_history""]",4,6
0,0,0,0,3,3,0,0,0,0,3,3,True,12,y,noise_baseline_short,5,"[459, 554, 649]",,0.5179419286933498,1.0358838573866995,1.5122012322866702,3,1.5122012322866702,3.630976138530625,2.6192093655887785,1.0358838573866995,6.860257700787971,"[174, 269, 364]",[],5,3
0,0,0,0,4,4,0,0,0,0,4,4,True,12,y,noise_baseline_short,5,"[459, 554, 649, 744]",,0.8656498814468613,0.6152562469941074,1.2018644904035929,4,1.2018644904035929,2.606433430309724,2.4037289808071858,2.596949644340584,5.777913013172351,"[79, 174, 269, 364]",[],5,4
0,0,0,0,5,5,1,0,1,0,4,4,False,12,y,pre_data_incomplete,5,"[459, 554, 649, 744, 839]",,,,,,,,,,,"[79, 174, 269, 364]","[""insufficient_pre_history""]",5,5
0,0,0,0,6,6,2,0,2,0,4,4,False,12,y,pre_data_incomplete,5,"[459, 554, 649, 744, 839, 934]",,,,,,,,,,,"[79, 174, 269, 364]","[""insufficient_pre_history""]",5,6
0,0,0,0,3,3,0,0,0,0,3,3,True,12,y,noise_baseline_short,6,"[554, 649, 744]",,-1.2127186412084716,1.5036401927003258,1.144584583678867,3,1.144584583678867,2.217897700459358,1.9824786524918687,2.4254372824169432,3.9302216075859757,"[269, 364, 459]",[],6,3
0,0,0,0,4,4,0,0,0,0,4,4,True,12,y,noise_baseline_short,6,"[554, 649, 744, 839]",,0.3689494675143807,1.2697620250435127,1.0777523722789575,4,1.0777523722789575,2.574682850715727,2.155504744557915,1.106848402543142,4.646200703811683,"[174, 269, 364, 459]",[],6,4
0,0,0,0,5,5,0,0,0,0,5,5,True,12,y,within_tolerance_under_iid,6,"[554, 649, 744, 839, 934]",,0.650418923076378,1.2305124939882148,0.9560513025628214,5,0.9560513025628214,2.164119074641612,2.1377957025076877,2.601675692305512,4.570170465660337,"[79, 174, 269, 364, 459]",[],6,5
1,0,1,0,5,5,1,0,1,0,5,5,False,12,y,pre_data_incomplete,6,"[554, 649, 744, 839, 934]",,,,,,,,,,,"[79, 174, 269, 364, 459]","[""insufficient_pre_history"", ""insufficient_post_history""]",6,6
0,0,0,0,3,3,0,0,0,0,3,3,True,12,y,review_trend,7,"[649, 744, 839]",,2.07997668906762,1.5036401927003258,1.2161447665215146,3,1.2161447665215146,0.47057677874776044,2.106424524974253,4.15995337813524,4.4370242794130075,"[364, 459, 554]",[],7,3
0,0,0,0,4,4,0,0,0,0,4,4,True,12,y,noise_baseline_short,7,"[649, 744, 839, 934]",,0.2196267901754238,1.328156592717457,0.9999567196413677,4,0.9999567196413677,2.4246424127133985,1.9999134392827354,0.6588803705262714,3.9996537646236994,"[269, 364, 459, 554]",[],7,4
1,0,1,0,4,4,0,0,0,0,5,5,False,12,y,high_noise_under_iid,7,"[649, 744, 839, 934]",,0.7966237188626936,2.4254372824169432,1.0352084261333319,5,1.0352084261333319,2.2425458907383753,2.3147964117147,3.1864948754507743,5.35828242768725,"[174, 269, 364, 459, 554]","[""insufficient_post_history""]",7,5
2,0,2,0,4,4,0,0,0,0,6,6,False,12,y,within_tolerance_under_iid,7,"[649, 744, 839, 934]",,0.875480686736031,1.88501827203762,0.9771607730214535,6,0.9771607730214535,1.9514182480391138,2.3935452905661316,4.377403433680155,5.729059057991307,"[79, 174, 269, 364, 459, 554]","[""insufficient_post_history""]",7,6
0,0,0,0,3,3,0,0,0,0,3,3,True,12,y,review_trend,8,"[744, 839, 934]",,2.107741210505995,1.5591692355770765,1.230566727752942,3,1.230566727752942,0.4479071419222323,2.1314040945718737,4.21548242101199,4.54288341435775,"[459, 554, 649]",[],8,3
1,0,1,0,3,3,0,0,0,0,4,4,False,12,y,review_trend,8,"[744, 839, 934]",,1.981368102657186,2.07997668906762,1.2872112127109712,4,1.2872112127109712,0.356268636291141,2.5744224254219423,5.944104307971559,6.627650824515396,"[364, 459, 554, 649]","[""insufficient_post_history""]",8,4
2,0,2,0,3,3,0,0,0,0,5,5,False,12,y,high_noise_under_iid,8,"[744, 839, 934]",,0.7740043655325335,1.7900451385950473,1.0203419573427277,5,1.0203419573427277,2.2234452710186488,2.28155397691353,3.096017462130134,5.205488549569943,"[269, 364, 459, 554, 649]","[""insufficient_post_history""]",8,5
3,0,3,0,3,3,0,0,0,0,6,6,False,12,y,high_noise_under_iid,8,"[744, 839, 934]",,1.027751435921409,2.07997668906762,1.077315817705821,6,1.077315817705821,2.0207364614603245,2.6388740452084805,5.138757179607046,6.963656226474969,"[174, 269, 364, 459, 554, 649]","[""insufficient_post_history""]",8,6
1,0,1,0,2,2,0,0,0,0,3,3,False,12,y,review_trend,9,"[839, 934]",,1.2219622483838302,0.8847552611905838,0.714398251960483,3,0.714398251960483,0.2753283521082252,1.2373740692339488,2.4439244967676603,1.531094587212581,"[554, 649, 744]","[""insufficient_post_history""]",9,3
2,0,2,0,2,2,0,0,0,0,4,4,False,12,y,review_trend,9,"[839, 934]",,1.68598822821848,1.2219622483838302,1.1182695310837323,4,1.1182695310837323,0.6298965793470863,2.2365390621674646,5.05796468465544,5.002106976600922,"[459, 554, 649, 744]","[""insufficient_post_history""]",9,4
3,0,3,0,2,2,0,0,0,0,5,5,False,12,y,review_trend,9,"[839, 934]",,1.742323817081779,2.4439244967676603,1.2486432481452872,5,1.2486432481452872,0.5244922583070434,2.7920511824990006,6.969295268327116,7.795549805694069,"[364, 459, 554, 649, 744]","[""insufficient_post_history""]",9,5
4,0,4,0,2,2,0,0,0,0,6,6,False,12,y,high_noise_under_iid,9,"[839, 934]",,0.9482195150142864,2.107741210505995,1.0210112481418412,6,1.0210112481418412,1.9709968742695323,2.50095657958969,4.741097575071432,6.254783812992962,"[269, 364, 459, 554, 649, 744]","[""insufficient_post_history""]",9,6
2,0,2,0,1,1,0,0,0,0,3,3,False,12,y,noise_baseline_short,10,[934],,-0.016197113092532245,0.03239422618506449,0.3004630167931526,3,0.3004630167931526,0.7356245331808812,0.5204172108811611,0.03239422618506449,0.2708340733813269,"[649, 744, 839]","[""insufficient_post_history""]",10,3
3,0,3,0,1,1,0,0,0,0,4,4,False,12,y,noise_baseline_short,10,[934],,0.546508028936662,0.45857474368782414,0.5074409247362159,4,0.5074409247362159,0.8934764621143008,1.0148818494724319,1.6395240868099858,1.029985168388584,"[554, 649, 744, 839]","[""insufficient_post_history""]",10,4
4,0,4,0,1,1,0,0,0,0,5,5,False,12,y,within_tolerance_under_iid,10,[934],,1.0810100886421512,0.9171494873756483,0.8983137818284821,5,0.8983137818284821,1.2184039963546136,2.0086906812934013,4.324040354568605,4.034838253114949,"[459, 554, 649, 744, 839]","[""insufficient_post_history""]",10,5
5,0,5,0,1,1,0,0,0,0,6,6,False,12,y,review_trend,10,[934],,1.2941006919948874,1.2381593614763624,1.0773459085757349,6,1.0773459085757349,1.173992726113268,2.6389477524856857,6.470503459974437,6.964045240349253,"[364, 459, 554, 649, 744, 839]","[""insufficient_post_history""]",10,6
0,0,0,0,3,3,3,0,3,0,0,0,False,13,y,pre_data_incomplete,1,"[78, 173, 268]",,,,,,,,,,,[],"[""insufficient_pre_history""]",1,3
0,0,0,0,4,4,4,0,4,0,0,0,False,13,y,pre_data_incomplete,1,"[78, 173, 268, 363]",,,,,,,,,,,[],"[""insufficient_pre_history""]",1,4
0,0,0,0,5,5,5,0,5,0,0,0,False,13,y,pre_data_incomplete,1,"[78, 173, 268, 363, 458]",,,,,,,,,,,[],"[""insufficient_pre_history""]",1,5
0,0,0,0,6,6,6,0,6,0,0,0,False,13,y,pre_data_incomplete,1,"[78, 173, 268, 363, 458, 553]",,,,,,,,,,,[],"[""insufficient_pre_history""]",1,6
0,0,0,0,3,3,2,0,2,0,1,1,False,13,y,pre_data_incomplete,2,"[173, 268, 363]",,,,,,,,,,,[78],"[""insufficient_pre_history""]",2,3
0,0,0,0,4,4,3,0,3,0,1,1,False,13,y,pre_data_incomplete,2,"[173, 268, 363, 458]",,,,,,,,,,,[78],"[""insufficient_pre_history""]",2,4
0,0,0,0,5,5,4,0,4,0,1,1,False,13,y,pre_data_incomplete,2,"[173, 268, 363, 458, 553]",,,,,,,,,,,[78],"[""insufficient_pre_history""]",2,5
0,0,0,0,6,6,5,0,5,0,1,1,False,13,y,pre_data_incomplete,2,"[173, 268, 363, 458, 553, 648]",,,,,,,,,,,[78],"[""insufficient_pre_history""]",2,6
0,0,0,0,3,3,1,0,1,0,2,2,False,13,y,pre_data_incomplete,3,"[268, 363, 458]",,,,,,,,,,,"[78, 173]","[""insufficient_pre_history""]",3,3
0,0,0,0,4,4,2,0,2,0,2,2,False,13,y,pre_data_incomplete,3,"[268, 363, 458, 553]",,,,,,,,,,,"[78, 173]","[""insufficient_pre_history""]",3,4
0,0,0,0,5,5,3,0,3,0,2,2,False,13,y,pre_data_incomplete,3,"[268, 363, 458, 553, 648]",,,,,,,,,,,"[78, 173]","[""insufficient_pre_history""]",3,5
0,0,0,0,6,6,4,0,4,0,2,2,False,13,y,pre_data_incomplete,3,"[268, 363, 458, 553, 648, 743]",,,,,,,,,,,"[78, 173]","[""insufficient_pre_history""]",3,6
0,0,0,0,3,3,0,0,0,0,3,3,True,13,y,noise_baseline_short,4,"[363, 458, 553]",,-0.0506891481328029,0.1013782962656058,0.9453948391779456,3,0.9453948391779456,2.3146251601909333,1.6374718946696096,0.1013782962656058,2.681314205832881,"[78, 173, 268]",[],4,3
0,0,0,0,4,4,1,0,1,0,3,3,False,13,y,pre_data_incomplete,4,"[363, 458, 553, 648]",,,,,,,,,,,"[78, 173, 268]","[""insufficient_pre_history""]",4,4
0,0,0,0,5,5,2,0,2,0,3,3,False,13,y,pre_data_incomplete,4,"[363, 458, 553, 648, 743]",,,,,,,,,,,"[78, 173, 268]","[""insufficient_pre_history""]",4,5
0,0,0,0,6,6,3,0,3,0,3,3,False,13,y,pre_data_incomplete,4,"[363, 458, 553, 648, 743, 838]",,,,,,,,,,,"[78, 173, 268]","[""insufficient_pre_history""]",4,6
0,0,0,0,3,3,0,0,0,0,3,3,True,13,y,noise_baseline_short,5,"[458, 553, 648]",,-1.3002576777283847,2.6005153554567695,1.5547162296568633,3,1.5547162296568633,3.3348935922406118,2.69284750111761,2.6005153554567695,7.251427664275358,"[173, 268, 363]",[],5,3
0,0,0,0,4,4,0,0,0,0,4,4,True,13,y,noise_baseline_short,5,"[458, 553, 648, 743]",,-1.3673953247177082,1.442757221135292,1.3065664296377995,4,1.3065664296377995,2.3597182194468016,2.613132859275599,4.102185974153125,6.828463340225866,"[78, 173, 268, 363]",[],5,4
0,0,0,0,5,5,1,0,1,0,4,4,False,13,y,pre_data_incomplete,5,"[458, 553, 648, 743, 838]",,,,,,,,,,,"[78, 173, 268, 363]","[""insufficient_pre_history""]",5,5
0,0,0,0,6,6,2,0,2,0,4,4,False,13,y,pre_data_incomplete,5,"[458, 553, 648, 743, 838, 933]",,,,,,,,,,,"[78, 173, 268, 363]","[""insufficient_pre_history""]",5,6
0,0,0,0,3,3,0,0,0,0,3,3,True,13,y,noise_baseline_short,6,"[553, 648, 743]",,-1.2350562961630067,2.4701125923260134,1.5561788147722595,3,1.5561788147722595,3.3881302973605063,2.6953807728478703,2.4701125923260134,7.265077510637983,"[268, 363, 458]",[],6,3
0,0,0,0,4,4,0,0,0,0,4,4,True,13,y,noise_baseline_short,6,"[553, 648, 743, 838]",,-0.44425808404248546,1.392068073002489,1.1011657653137326,4,1.1011657653137326,2.604224096175504,2.202331530627465,1.3327742521274564,4.8502641707959135,"[173, 268, 363, 458]",[],6,4
0,0,0,0,5,5,0,0,0,0,5,5,True,13,y,high_noise_under_iid,6,"[553, 648, 743, 838, 933]",,-0.7743497132640008,2.4701125923260134,1.016113820084733,5,1.016113820084733,2.210095859385846,2.2720995745864543,3.0973988530560033,5.162436476835946,"[78, 173, 268, 363, 458]",[],6,5
1,0,1,0,5,5,1,0,1,0,5,5,False,13,y,pre_data_incomplete,6,"[553, 648, 743, 838, 933]",,,,,,,,,,,"[78, 173, 268, 363, 458]","[""insufficient_pre_history"", ""insufficient_post_history""]",6,6
0,0,0,0,3,3,0,0,0,0,3,3,True,13,y,review_trend,7,"[648, 743, 838]",,2.38078679955072,1.8470346899657062,1.3860146170958954,3,1.3860146170958954,0.43580677253912475,2.4006477368432138,4.76157359910144,5.763109556410444,"[363, 458, 553]",[],7,3
0,0,0,0,4,4,0,0,0,0,4,4,True,13,y,noise_baseline_short,7,"[648, 743, 838, 933]",,0.10453052020548115,1.2350562961630067,1.208156407350284,4,1.208156407350284,2.954747849410031,2.416312814700568,0.31359156061644344,5.838567618486181,"[268, 363, 458, 553]",[],7,4
1,0,1,0,4,4,0,0,0,0,5,5,False,13,y,within_tolerance_under_iid,7,"[648, 743, 838, 933]",,0.18520038949633277,1.8470346899657062,0.9452284863459302,5,0.9452284863459302,2.417033028687612,2.1135951497387317,0.7408015579853311,4.467284456999091,"[173, 268, 363, 458, 553]","[""insufficient_post_history""]",7,5
2,0,2,0,4,4,0,0,0,0,6,6,False,13,y,within_tolerance_under_iid,7,"[648, 743, 838, 933]",,-0.23042462381584058,1.392068073002489,0.8657562057751635,6,0.8657562057751635,2.3214673623639674,2.1206609457971455,1.152123119079203,4.497202847029244,"[78, 173, 268, 363, 458, 553]","[""insufficient_post_history""]",7,6
0,0,0,0,3,3,0,0,0,0,3,3,True,13,y,review_trend,8,"[743, 838, 933]",,2.02996219083256,1.8470346899657062,1.1735843462185302,3,1.1735843462185302,0.14935967901543962,2.032707714617998,4.05992438166512,4.1319006530675235,"[458, 553, 648]",[],8,3
1,0,1,0,3,3,0,0,0,0,4,4,False,13,y,review_trend,8,"[743, 838, 933]",,2.2770424562368268,2.02996219083256,1.4762118066302607,4,1.4762118066302607,0.33600880858225884,2.9524236132605215,6.83112736871048,8.716805192138313,"[363, 458, 553, 648]","[""insufficient_post_history""]",8,4
2,0,2,0,3,3,0,0,0,0,5,5,False,13,y,high_noise_under_iid,8,"[743, 838, 933]",,0.7941197177779651,1.8470346899657062,1.1942081808233975,5,1.1942081808233975,2.7212988517295083,2.670330671607478,3.1764788711118603,7.130665895727644,"[268, 363, 458, 553, 648]","[""insufficient_post_history""]",8,5
3,0,3,0,3,3,0,0,0,0,6,6,False,13,y,high_noise_under_iid,8,"[743, 838, 933]",,0.6547155679650066,1.392068073002489,1.0028504269049003,6,1.0028504269049003,2.3806433505947897,2.4564718342492844,3.273577839825033,6.034253872460043,"[173, 268, 363, 458, 553, 648]","[""insufficient_post_history""]",8,6
1,0,1,0,2,2,0,0,0,0,3,3,False,13,y,noise_baseline_short,9,"[838, 933]",,0.322214044455732,0.644428088911464,0.6571081489217124,3,0.6571081489217124,1.5437302016177814,1.138144699999942,0.644428088911464,1.2953733581379583,"[553, 648, 743]","[""insufficient_post_history""]",9,3
2,0,2,0,2,2,0,0,0,0,4,4,False,13,y,noise_baseline_short,9,"[838, 933]",,0.9687278028330925,1.1064448458497067,0.8400663423471104,4,0.8400663423471104,1.3741123925327716,1.6801326846942208,2.9061834084992775,2.82284583817781,"[458, 553, 648, 743]","[""insufficient_post_history""]",9,4
3,0,3,0,2,2,0,0,0,0,5,5,False,13,y,high_noise_under_iid,9,"[838, 933]",,1.4871927757690926,1.8470346899657062,1.1954466223808853,5,1.1954466223808853,1.4679269982120535,2.6730999111161813,5.94877110307637,7.145463134809335,"[363, 458, 553, 648, 743]","[""insufficient_post_history""]",9,5
4,0,4,0,2,2,0,0,0,0,6,6,False,13,y,high_noise_under_iid,9,"[838, 933]",,0.6536335855749729,1.117119939125285,1.0025561057604087,6,1.0025561057604087,2.3810143443798983,2.455750897624768,3.268167927874864,6.030712471184853,"[268, 363, 458, 553, 648, 743]","[""insufficient_post_history""]",9,6
2,0,2,0,1,1,0,0,0,0,3,3,False,13,y,noise_baseline_short,10,[933],,2.2611211915656755,1.5684616027879494,1.8258547924389783,3,1.8258547924389783,3.1268412579693816,3.162473267747437,4.522242383131351,10.001237169217152,"[648, 743, 838]","[""insufficient_post_history""]",10,3
3,0,3,0,1,1,0,0,0,0,4,4,False,13,y,noise_baseline_short,10,[933],,1.8636934621704342,1.1064448458497067,1.518508008362462,4,1.518508008362462,2.26976124877123,3.037016016724924,5.591080386511303,9.223466285843724,"[553, 648, 743, 838]","[""insufficient_post_history""]",10,4
4,0,4,0,1,1,0,0,0,0,5,5,False,13,y,high_noise_under_iid,10,[933],,1.7808761618504405,1.5684616027879494,1.4506450003988147,5,1.4506450003988147,1.85941023850485,3.2437408321119596,7.123504647401762,10.521854585910388,"[458, 553, 648, 743, 838]","[""insufficient_post_history""]",10,5
5,0,5,0,1,1,0,0,0,0,6,6,False,13,y,review_trend,10,[933],,1.9191658970854844,2.02996219083256,1.5840286994266055,6,1.5840286994266055,1.6445703967020908,3.880062051519648,9.595829485427421,15.054881523642857,"[363, 458, 553, 648, 743, 838]","[""insufficient_post_history""]",10,6
0,0,0,0,3,3,3,0,3,0,0,0,False,14,y,pre_data_incomplete,1,"[77, 172, 267]",,,,,,,,,,,[],"[""insufficient_pre_history""]",1,3
0,0,0,0,4,4,4,0,4,0,0,0,False,14,y,pre_data_incomplete,1,"[77, 172, 267, 362]",,,,,,,,,,,[],"[""insufficient_pre_history""]",1,4
0,0,0,0,5,5,5,0,5,0,0,0,False,14,y,pre_data_incomplete,1,"[77, 172, 267, 362, 457]",,,,,,,,,,,[],"[""insufficient_pre_history""]",1,5
0,0,0,0,6,6,6,0,6,0,0,0,False,14,y,pre_data_incomplete,1,"[77, 172, 267, 362, 457, 552]",,,,,,,,,,,[],"[""insufficient_pre_history""]",1,6
0,0,0,0,3,3,2,0,2,0,1,1,False,14,y,pre_data_incomplete,2,"[172, 267, 362]",,,,,,,,,,,[77],"[""insufficient_pre_history""]",2,3
0,0,0,0,4,4,3,0,3,0,1,1,False,14,y,pre_data_incomplete,2,"[172, 267, 362, 457]",,,,,,,,,,,[77],"[""insufficient_pre_history""]",2,4
0,0,0,0,5,5,4,0,4,0,1,1,False,14,y,pre_data_incomplete,2,"[172, 267, 362, 457, 552]",,,,,,,,,,,[77],"[""insufficient_pre_history""]",2,5
0,0,0,0,6,6,5,0,5,0,1,1,False,14,y,pre_data_incomplete,2,"[172, 267, 362, 457, 552, 647]",,,,,,,,,,,[77],"[""insufficient_pre_history""]",2,6
0,0,0,0,3,3,1,0,1,0,2,2,False,14,y,pre_data_incomplete,3,"[267, 362, 457]",,,,,,,,,,,"[77, 172]","[""insufficient_pre_history""]",3,3
0,0,0,0,4,4,2,0,2,0,2,2,False,14,y,pre_data_incomplete,3,"[267, 362, 457, 552]",,,,,,,,,,,"[77, 172]","[""insufficient_pre_history""]",3,4
0,0,0,0,5,5,3,0,3,0,2,2,False,14,y,pre_data_incomplete,3,"[267, 362, 457, 552, 647]",,,,,,,,,,,"[77, 172]","[""insufficient_pre_history""]",3,5
0,0,0,0,6,6,4,0,4,0,2,2,False,14,y,pre_data_incomplete,3,"[267, 362, 457, 552, 647, 742]",,,,,,,,,,,"[77, 172]","[""insufficient_pre_history""]",3,6
0,0,0,0,3,3,0,0,0,0,3,3,True,14,y,noise_baseline_short,4,"[362, 457, 552]",,0.582094609561069,0.8408758355923858,0.5813152989576866,3,0.5813152989576866,1.161850503229,1.0068676330118045,1.164189219122138,1.0137824304067937,"[77, 172, 267]",[],4,3
0,0,0,0,4,4,1,0,1,0,3,3,False,14,y,pre_data_incomplete,4,"[362, 457, 552, 647]",,,,,,,,,,,"[77, 172, 267]","[""insufficient_pre_history""]",4,4
0,0,0,0,5,5,2,0,2,0,3,3,False,14,y,pre_data_incomplete,4,"[362, 457, 552, 647, 742]",,,,,,,,,,,"[77, 172, 267]","[""insufficient_pre_history""]",4,5
0,0,0,0,6,6,3,0,3,0,3,3,False,14,y,pre_data_incomplete,4,"[362, 457, 552, 647, 742, 837]",,,,,,,,,,,"[77, 172, 267]","[""insufficient_pre_history""]",4,6
0,0,0,0,3,3,0,0,0,0,3,3,True,14,y,noise_baseline_short,5,"[457, 552, 647]",,0.49902022242182753,0.8408758355923858,0.5314952694928838,3,0.5314952694928838,1.0940205501671434,0.9205768107441875,0.9980404448436551,0.8474616644799395,"[172, 267, 362]",[],5,3
0,0,0,0,4,4,0,0,0,0,4,4,True,14,y,noise_baseline_short,5,"[457, 552, 647, 742]",,0.8168440663082152,0.9194581402180204,0.6370347164779985,4,0.6370347164779985,0.875667635768203,1.274069432955997,2.4505321989246456,1.6232529199928154,"[77, 172, 267, 362]",[],5,4
0,0,0,0,5,5,1,0,1,0,4,4,False,14,y,pre_data_incomplete,5,"[457, 552, 647, 742, 837]",,,,,,,,,,,"[77, 172, 267, 362]","[""insufficient_pre_history""]",5,5
0,0,0,0,6,6,2,0,2,0,4,4,False,14,y,pre_data_incomplete,5,"[457, 552, 647, 742, 837, 932]",,,,,,,,,,,"[77, 172, 267, 362]","[""insufficient_pre_history""]",5,6
0,0,0,0,3,3,0,0,0,0,3,3,True,14,y,noise_baseline_short,6,"[552, 647, 742]",,0.4625756895430525,0.9137649013499358,0.530852796902028,3,0.530852796902028,1.123777386656171,0.9194640155743548,0.925151379086105,0.8454140759361173,"[267, 362, 457]",[],6,3
0,0,0,0,4,4,0,0,0,0,4,4,True,14,y,noise_baseline_short,6,"[552, 647, 742, 837]",,0.20917429109171987,0.4625756895430525,0.37590844749959784,4,0.37590844749959784,0.8593359385450131,0.7518168949991957,0.6275228732751597,0.5652286436062316,"[172, 267, 362, 457]",[],6,4
0,0,0,0,5,5,0,0,0,0,5,5,True,14,y,within_tolerance_under_iid,6,"[552, 647, 742, 837, 932]",,0.517672164126014,0.8408758355923858,0.5053944292493745,5,0.5053944292493745,0.8997454986859548,1.1300962992513095,2.070688656504056,1.2771176455815052,"[77, 172, 267, 362, 457]",[],6,5
1,0,1,0,5,5,1,0,1,0,5,5,False,14,y,pre_data_incomplete,6,"[552, 647, 742, 837, 932]",,,,,,,,,,,"[77, 172, 267, 362, 457]","[""insufficient_pre_history"", ""insufficient_post_history""]",6,6
0,0,0,0,3,3,0,0,0,0,3,3,True,14,y,noise_baseline_short,7,"[647, 742, 837]",,1.7966434087685017,0.9137649013499358,1.3755845554354535,3,1.3755845554354535,2.2130391181298,2.3825823401212523,3.5932868175370034,5.676698607457662,"[362, 457, 552]",[],7,3
0,0,0,0,4,4,0,0,0,0,4,4,True,14,y,noise_baseline_short,7,"[647, 742, 837, 932]",,1.5382844392569195,0.9194581402180204,1.1885437544800672,4,1.1885437544800672,1.6000062492788913,2.3770875089601344,4.614853317770758,5.650545025254297,"[267, 362, 457, 552]",[],7,4
1,0,1,0,4,4,0,0,0,0,5,5,False,14,y,within_tolerance_under_iid,7,"[647, 742, 837, 932]",,1.010780590384742,0.9137649013499358,0.9518250133348539,5,0.9518250133348539,1.6230262989461612,2.1283454325013773,4.043122361538968,4.529854280049475,"[172, 267, 362, 457, 552]","[""insufficient_post_history""]",7,5
2,0,2,0,4,4,0,0,0,0,6,6,False,14,y,within_tolerance_under_iid,7,"[647, 742, 837, 932]",,1.002105842754089,0.9194581402180204,0.9215599286908921,6,0.9215599286908921,1.4057381480586912,2.257351592688337,5.010529213770445,5.095636213012573,"[77, 172, 267, 362, 457, 552]","[""insufficient_post_history""]",7,6
0,0,0,0,3,3,0,0,0,0,3,3,True,14,y,noise_baseline_short,8,"[742, 837, 932]",,1.9088505290407705,0.6893506608053981,1.4016569737903357,3,1.4016569737903357,2.121422388071746,2.4277410933880996,3.817701058081541,5.893926816525244,"[457, 552, 647]",[],8,3
1,0,1,0,3,3,0,0,0,0,4,4,False,14,y,noise_baseline_short,8,"[742, 837, 932]",,1.3218860189081754,1.7966434087685017,1.0949037490949913,4,1.0949037490949913,1.680603671670196,2.1898074981899827,3.965658056724526,4.795256879129071,"[362, 457, 552, 647]","[""insufficient_post_history""]",8,4
2,0,2,0,3,3,0,0,0,0,5,5,False,14,y,high_noise_under_iid,8,"[742, 837, 932]",,1.3078991691872295,1.8389162804360408,1.066696210027023,5,1.066696210027023,1.372444743528114,2.3852052369618164,5.231596676748918,5.689204022430076,"[267, 362, 457, 552, 647]","[""insufficient_post_history""]",8,5
3,0,3,0,3,3,0,0,0,0,6,6,False,14,y,within_tolerance_under_iid,8,"[742, 837, 932]",,0.996935068584157,0.96159591196488,0.9183319635373338,6,0.9183319635373338,1.405979735416227,2.2494447251546346,4.984675342920785,5.060001571526009,"[172, 267, 362, 457, 552, 647]","[""insufficient_post_history""]",8,6
1,0,1,0,2,2,0,0,0,0,3,3,False,14,y,noise_baseline_short,9,"[837, 932]",,0.970326524259546,0.6893506608053981,0.7873393345572819,3,0.7873393345572819,1.3551207470492797,1.3637117302506825,1.940653048519092,1.8597096832233102,"[552, 647, 742]","[""insufficient_post_history""]",9,3
2,0,2,0,2,2,0,0,0,0,4,4,False,14,y,noise_baseline_short,9,"[837, 932]",,1.8653763641412695,1.3150018546622455,1.3510760482587647,4,1.3510760482587647,1.5011217403424892,2.7021520965175294,5.5961290924238085,7.30162595271408,"[457, 552, 647, 742]","[""insufficient_post_history""]",9,4
3,0,3,0,2,2,0,0,0,0,5,5,False,14,y,high_noise_under_iid,9,"[837, 932]",,1.488558079019373,2.63000370932449,1.185004318659182,5,1.185004318659182,1.4055429744028693,2.649750210152754,5.954232316077492,7.021176176204564,"[362, 457, 552, 647, 742]","[""insufficient_post_history""]",9,5
4,0,4,0,2,2,0,0,0,0,6,6,False,14,y,review_trend,9,"[837, 932]",,1.430946883472641,2.2535258594434695,1.1809213191873418,6,1.1809213191873418,1.2251630151977753,2.892654658383373,7.154734417363206,8.367450972667028,"[267, 362, 457, 552, 647, 742]","[""insufficient_post_history""]",9,6
2,0,2,0,1,1,0,0,0,0,3,3,False,14,y,review_trend,10,[932],,2.067786306475192,1.5055689036258935,1.2084567309775978,3,1.2084567309775978,0.4590485871645181,2.0931084568017937,4.135572612950384,4.381103011935186,"[647, 742, 837]","[""insufficient_post_history""]",10,3
3,0,3,0,1,1,0,0,0,0,4,4,False,14,y,noise_baseline_short,10,[932],,1.2968669565759448,1.315001854662245,0.9399069369195592,4,0.9399069369195592,1.0468479081369302,1.8798138738391184,3.8906008697278343,3.533700200278033,"[552, 647, 742, 837]","[""insufficient_post_history""]",10,4
4,0,4,0,1,1,0,0,0,0,5,5,False,14,y,review_trend,10,[932],,1.784720039058294,1.940653048519092,1.3495192396660936,5,1.3495192396660936,1.2344752443064804,3.017616756837216,7.138880156233176,9.106010891144756,"[457, 552, 647, 742, 837]","[""insufficient_post_history""]",10,5
5,0,5,0,1,1,0,0,0,0,6,6,False,14,y,review_trend,10,[932],,1.538608785423504,2.7669699330280477,1.2571548866672606,6,1.2571548866672606,1.2232236985675753,3.0793879999812033,7.69304392711752,9.482630454428236,"[362, 457, 552, 647, 742, 837]","[""insufficient_post_history""]",10,6
0,0,0,0,3,3,3,0,3,0,0,0,False,15,y,pre_data_incomplete,1,"[76, 171, 266]",,,,,,,,,,,[],"[""insufficient_pre_history""]",1,3
0,0,0,0,4,4,4,0,4,0,0,0,False,15,y,pre_data_incomplete,1,"[76, 171, 266, 361]",,,,,,,,,,,[],"[""insufficient_pre_history""]",1,4
0,0,0,0,5,5,5,0,5,0,0,0,False,15,y,pre_data_incomplete,1,"[76, 171, 266, 361, 456]",,,,,,,,,,,[],"[""insufficient_pre_history""]",1,5
0,0,0,0,6,6,6,0,6,0,0,0,False,15,y,pre_data_incomplete,1,"[76, 171, 266, 361, 456, 551]",,,,,,,,,,,[],"[""insufficient_pre_history""]",1,6
0,0,0,0,3,3,2,0,2,0,1,1,False,15,y,pre_data_incomplete,2,"[171, 266, 361]",,,,,,,,,,,[76],"[""insufficient_pre_history""]",2,3
0,0,0,0,4,4,3,0,3,0,1,1,False,15,y,pre_data_incomplete,2,"[171, 266, 361, 456]",,,,,,,,,,,[76],"[""insufficient_pre_history""]",2,4
0,0,0,0,5,5,4,0,4,0,1,1,False,15,y,pre_data_incomplete,2,"[171, 266, 361, 456, 551]",,,,,,,,,,,[76],"[""insufficient_pre_history""]",2,5
0,0,0,0,6,6,5,0,5,0,1,1,False,15,y,pre_data_incomplete,2,"[171, 266, 361, 456, 551, 646]",,,,,,,,,,,[76],"[""insufficient_pre_history""]",2,6
0,0,0,0,3,3,1,0,1,0,2,2,False,15,y,pre_data_incomplete,3,"[266, 361, 456]",,,,,,,,,,,"[76, 171]","[""insufficient_pre_history""]",3,3
0,0,0,0,4,4,2,0,2,0,2,2,False,15,y,pre_data_incomplete,3,"[266, 361, 456, 551]",,,,,,,,,,,"[76, 171]","[""insufficient_pre_history""]",3,4
0,0,0,0,5,5,3,0,3,0,2,2,False,15,y,pre_data_incomplete,3,"[266, 361, 456, 551, 646]",,,,,,,,,,,"[76, 171]","[""insufficient_pre_history""]",3,5
0,0,0,0,6,6,4,0,4,0,2,2,False,15,y,pre_data_incomplete,3,"[266, 361, 456, 551, 646, 741]",,,,,,,,,,,"[76, 171]","[""insufficient_pre_history""]",3,6
0,0,0,0,3,3,0,0,0,0,3,3,True,15,y,noise_baseline_short,4,"[361, 456, 551]",,1.9389531280832073,0.5826948785855852,1.3998938994814198,3,1.3998938994814198,2.058916975748285,2.424687359107538,3.8779062561664146,5.879108789415887,"[76, 171, 266]",[],4,3
0,0,0,0,4,4,1,0,1,0,3,3,False,15,y,pre_data_incomplete,4,"[361, 456, 551, 646]",,,,,,,,,,,"[76, 171, 266]","[""insufficient_pre_history""]",4,4
0,0,0,0,5,5,2,0,2,0,3,3,False,15,y,pre_data_incomplete,4,"[361, 456, 551, 646, 741]",,,,,,,,,,,"[76, 171, 266]","[""insufficient_pre_history""]",4,5
0,0,0,0,6,6,3,0,3,0,3,3,False,15,y,pre_data_incomplete,4,"[361, 456, 551, 646, 741, 836]",,,,,,,,,,,"[76, 171, 266]","[""insufficient_pre_history""]",4,6
0,0,0,0,3,3,0,0,0,0,3,3,True,15,y,noise_baseline_short,5,"[456, 551, 646]",,0.3411085656966035,0.5826948785855852,0.3655251875258724,3,0.3655251875258724,0.7542823537056642,0.6331081962409525,0.682217131393207,0.40082598814747245,"[171, 266, 361]",[],5,3
0,0,0,0,4,4,0,0,0,0,4,4,True,15,y,noise_baseline_short,5,"[456, 551, 646, 741]",,1.4845759919850037,0.6324560049893961,1.1527923983965982,4,1.1527923983965982,1.5696073371580046,2.3055847967931964,4.453727975955011,5.315721255203924,"[76, 171, 266, 361]",[],5,4
0,0,0,0,5,5,1,0,1,0,4,4,False,15,y,pre_data_incomplete,5,"[456, 551, 646, 741, 836]",,,,,,,,,,,"[76, 171, 266, 361]","[""insufficient_pre_history""]",5,5
0,0,0,0,6,6,2,0,2,0,4,4,False,15,y,pre_data_incomplete,5,"[456, 551, 646, 741, 836, 931]",,,,,,,,,,,"[76, 171, 266, 361]","[""insufficient_pre_history""]",5,6
0,0,0,0,3,3,0,0,0,0,3,3,True,15,y,noise_baseline_short,6,"[551, 646, 741]",,-0.6152805783679928,1.2305611567359855,0.7204038018612077,3,0.7204038018612077,1.5351708198708014,1.247775986789394,1.2305611567359855,1.556944913208246,"[266, 361, 456]",[],6,3
0,0,0,0,4,4,0,0,0,0,4,4,True,15,y,noise_baseline_short,6,"[551, 646, 741, 836]",,-0.417485609598592,0.6324560049893961,0.5290423830055234,4,0.5290423830055234,1.115158944968029,1.0580847660110468,1.252456828795776,1.119543372064652,"[171, 266, 361, 456]",[],6,4
0,0,0,0,5,5,0,0,0,0,5,5,True,15,y,within_tolerance_under_iid,6,"[551, 646, 741, 836, 931]",,0.5976907330254067,1.2305611567359855,0.9045808735199766,5,0.9045808735199766,2.0650253437765844,2.0227043243368072,2.3907629321016266,4.091332783690819,"[76, 171, 266, 361, 456]",[],6,5
1,0,1,0,5,5,1,0,1,0,5,5,False,15,y,pre_data_incomplete,6,"[551, 646, 741, 836, 931]",,,,,,,,,,,"[76, 171, 266, 361, 456]","[""insufficient_pre_history"", ""insufficient_post_history""]",6,6
0,0,0,0,3,3,0,0,0,0,3,3,True,15,y,noise_baseline_short,7,"[646, 741, 836]",,-1.4143173864927223,0.333161606270667,0.8925480896047859,3,0.8925480896047859,0.8827599980015562,1.545938639394028,2.8286347729854446,2.389926276771458,"[361, 456, 551]",[],7,3
0,0,0,0,4,4,0,0,0,0,4,4,True,15,y,noise_baseline_short,7,"[646, 741, 836, 931]",,-0.7186641455734735,0.7818613815033262,0.6438664084657802,4,0.6438664084657802,1.093703948228958,1.2877328169315605,2.15599243672042,1.658255807802492,"[266, 361, 456, 551]",[],7,4
1,0,1,0,4,4,0,0,0,0,5,5,False,15,y,within_tolerance_under_iid,7,"[646, 741, 836, 931]",,-0.552339643992046,1.2305611567359855,0.5347806033439754,5,0.5347806033439754,0.943224089847569,1.1958057821254804,2.209358575968184,1.4299514685647319,"[171, 266, 361, 456, 551]","[""insufficient_post_history""]",7,5
2,0,2,0,4,4,0,0,0,0,6,6,False,15,y,within_tolerance_under_iid,7,"[646, 741, 836, 931]",,0.2113160391375112,1.0732088207961188,0.7540505797224168,6,0.7540505797224168,2.017195770522037,1.8470391605697691,1.056580195687556,3.4115536606782775,"[76, 171, 266, 361, 456, 551]","[""insufficient_post_history""]",7,6
0,0,0,0,3,3,0,0,0,0,3,3,True,15,y,noise_baseline_short,8,"[741, 836, 931]",,0.23532112472004887,0.333161606270667,0.23316677642436992,3,0.23316677642436992,0.46416420617037574,0.40385670340406177,0.47064224944009775,0.16310023688439634,"[456, 551, 646]",[],8,3
1,0,1,0,3,3,0,0,0,0,4,4,False,15,y,noise_baseline_short,8,"[741, 836, 931]",,-0.6407654358094707,0.40190192785538237,0.6342170808300068,4,0.6342170808300068,1.1776828836231594,1.2684341616600137,1.9222963074284118,1.6089252224661417,"[361, 456, 551, 646]","[""insufficient_post_history""]",8,4
2,0,2,0,3,3,0,0,0,0,5,5,False,15,y,within_tolerance_under_iid,8,"[741, 836, 931]",,-0.434847258757722,0.7599189072958877,0.5044213660052538,5,0.5044213660052538,1.0324561177375486,1.1279204636910491,1.739389035030888,1.2722045724130315,"[266, 361, 456, 551, 646]","[""insufficient_post_history""]",8,5
3,0,3,0,3,3,0,0,0,0,6,6,False,15,y,within_tolerance_under_iid,8,"[741, 836, 931]",,-0.3971345824326314,0.9066280176607853,0.4468821799980415,6,0.4468821799980415,0.8987606249893653,1.0946333161377884,1.985672912163157,1.1982220967988115,"[171, 266, 361, 456, 551, 646]","[""insufficient_post_history""]",8,6
1,0,1,0,2,2,0,0,0,0,3,3,False,15,y,review_trend,9,"[836, 931]",,1.557836692505933,0.8038038557107647,0.9338766871082691,3,0.9338766871082691,0.6156652331504888,1.617521870075625,3.115673385011866,2.6163770001729474,"[551, 646, 741]","[""insufficient_post_history""]",9,3
2,0,2,0,2,2,0,0,0,0,4,4,False,15,y,noise_baseline_short,9,"[836, 931]",,0.915133919193436,0.40190192785538237,0.7037568025532992,4,0.7037568025532992,0.93699871808579,1.4075136051065984,2.745401757580308,1.9810945485601734,"[456, 551, 646, 741]","[""insufficient_post_history""]",9,4
3,0,3,0,2,2,0,0,0,0,5,5,False,15,y,within_tolerance_under_iid,9,"[836, 931]",,0.10447194734929396,0.8038038557107647,0.6494923170893051,5,0.6494923170893051,1.666099388925238,1.4523089718755346,0.41788778939717586,2.109201349790173,"[361, 456, 551, 646, 741]","[""insufficient_post_history""]",9,5
4,0,4,0,2,2,0,0,0,0,6,6,False,15,y,within_tolerance_under_iid,9,"[836, 931]",,0.03863139291232453,1.017182506223375,0.5308775047431311,6,0.5308775047431311,1.451620734058808,1.3003790025426274,0.19315696456162265,1.6909855502537585,"[266, 361, 456, 551, 646, 741]","[""insufficient_post_history""]",9,6
2,0,2,0,1,1,0,0,0,0,3,3,False,15,y,noise_baseline_short,10,[931],,1.0739929747844137,0.16388357973227352,0.7448132572725811,3,0.7448132572725811,1.010721974373469,1.2900544037469799,2.1479859495688274,1.664240364626976,"[646, 741, 836]","[""insufficient_post_history""]",10,3
3,0,3,0,1,1,0,0,0,0,4,4,False,15,y,review_trend,10,[931],,1.1167238945139877,1.1559347646505505,0.7779785039184509,4,0.7779785039184509,0.7168142534219916,1.5559570078369018,3.350171683541963,2.421002210236765,"[551, 646, 741, 836]","[""insufficient_post_history""]",10,4
4,0,4,0,1,1,0,0,0,0,5,5,False,15,y,within_tolerance_under_iid,10,[931],,0.8352929783029716,0.8038038557107647,0.6632051926000754,5,0.6632051926000754,0.778819395797591,1.482971893684609,3.3411719132118862,2.199205637458515,"[456, 551, 646, 741, 836]","[""insufficient_post_history""]",10,5
5,0,5,0,1,1,0,0,0,0,6,6,False,15,y,within_tolerance_under_iid,10,[931],,0.27906041009728855,1.2175122807976242,0.5888320470041194,6,0.5888320470041194,1.503237166825953,1.4423380593586126,1.3953020504864426,2.080339077474368,"[361, 456, 551, 646, 741, 836]","[""insufficient_post_history""]",10,6
0,0,0,0,3,3,3,0,3,0,0,0,False,16,y,pre_data_incomplete,1,"[75, 170, 265]",,,,,,,,,,,[],"[""insufficient_pre_history""]",1,3
0,0,0,0,4,4,4,0,4,0,0,0,False,16,y,pre_data_incomplete,1,"[75, 170, 265, 360]",,,,,,,,,,,[],"[""insufficient_pre_history""]",1,4
0,0,0,0,5,5,5,0,5,0,0,0,False,16,y,pre_data_incomplete,1,"[75, 170, 265, 360, 455]",,,,,,,,,,,[],"[""insufficient_pre_history""]",1,5
0,0,0,0,6,6,6,0,6,0,0,0,False,16,y,pre_data_incomplete,1,"[75, 170, 265, 360, 455, 550]",,,,,,,,,,,[],"[""insufficient_pre_history""]",1,6
0,0,0,0,3,3,2,0,2,0,1,1,False,16,y,pre_data_incomplete,2,"[170, 265, 360]",,,,,,,,,,,[75],"[""insufficient_pre_history""]",2,3
0,0,0,0,4,4,3,0,3,0,1,1,False,16,y,pre_data_incomplete,2,"[170, 265, 360, 455]",,,,,,,,,,,[75],"[""insufficient_pre_history""]",2,4
0,0,0,0,5,5,4,0,4,0,1,1,False,16,y,pre_data_incomplete,2,"[170, 265, 360, 455, 550]",,,,,,,,,,,[75],"[""insufficient_pre_history""]",2,5
0,0,0,0,6,6,5,0,5,0,1,1,False,16,y,pre_data_incomplete,2,"[170, 265, 360, 455, 550, 645]",,,,,,,,,,,[75],"[""insufficient_pre_history""]",2,6
0,0,0,0,3,3,1,0,1,0,2,2,False,16,y,pre_data_incomplete,3,"[265, 360, 455]",,,,,,,,,,,"[75, 170]","[""insufficient_pre_history""]",3,3
0,0,0,0,4,4,2,0,2,0,2,2,False,16,y,pre_data_incomplete,3,"[265, 360, 455, 550]",,,,,,,,,,,"[75, 170]","[""insufficient_pre_history""]",3,4
0,0,0,0,5,5,3,0,3,0,2,2,False,16,y,pre_data_incomplete,3,"[265, 360, 455, 550, 645]",,,,,,,,,,,"[75, 170]","[""insufficient_pre_history""]",3,5
0,0,0,0,6,6,4,0,4,0,2,2,False,16,y,pre_data_incomplete,3,"[265, 360, 455, 550, 645, 740]",,,,,,,,,,,"[75, 170]","[""insufficient_pre_history""]",3,6
0,0,0,0,3,3,0,0,0,0,3,3,True,16,y,noise_baseline_short,4,"[360, 455, 550]",,-1.2252517313835267,0.8991034981526297,1.0009223833285312,3,1.0009223833285312,1.7345287815922064,1.7336484223579478,2.4505034627670534,3.0055368523442016,"[75, 170, 265]",[],4,3
0,0,0,0,4,4,1,0,1,0,3,3,False,16,y,pre_data_incomplete,4,"[360, 455, 550, 645]",,,,,,,,,,,"[75, 170, 265]","[""insufficient_pre_history""]",4,4
0,0,0,0,5,5,2,0,2,0,3,3,False,16,y,pre_data_incomplete,4,"[360, 455, 550, 645, 740]",,,,,,,,,,,"[75, 170, 265]","[""insufficient_pre_history""]",4,5
0,0,0,0,6,6,3,0,3,0,3,3,False,16,y,pre_data_incomplete,4,"[360, 455, 550, 645, 740, 835]",,,,,,,,,,,"[75, 170, 265]","[""insufficient_pre_history""]",4,6
0,0,0,0,3,3,0,0,0,0,3,3,True,16,y,noise_baseline_short,5,"[455, 550, 645]",,0.0409032728398695,0.081806545679739,1.1304167804848348,3,1.1304167804848348,2.7683400134651395,1.9579392975281684,0.081806545679739,3.833526292805098,"[170, 265, 360]",[],5,3
0,0,0,0,4,4,0,0,0,0,4,4,True,16,y,noise_baseline_short,5,"[455, 550, 645, 740]",,-0.0406876829422577,0.4904550219161843,0.8007378965724029,4,0.8007378965724029,1.9603439379826066,1.6014757931448058,0.1220630488267731,2.564724716028785,"[75, 170, 265, 360]",[],5,4
0,0,0,0,5,5,1,0,1,0,4,4,False,16,y,pre_data_incomplete,5,"[455, 550, 645, 740, 835]",,,,,,,,,,,"[75, 170, 265, 360]","[""insufficient_pre_history""]",5,5
0,0,0,0,6,6,2,0,2,0,4,4,False,16,y,pre_data_incomplete,5,"[455, 550, 645, 740, 835, 930]",,,,,,,,,,,"[75, 170, 265, 360]","[""insufficient_pre_history""]",5,6
0,0,0,0,3,3,0,0,0,0,3,3,True,16,y,noise_baseline_short,6,"[550, 645, 740]",,1.7798186055948941,0.12822370459036636,1.1657629129787077,3,1.1657629129787077,1.348521589747863,2.0191605948586173,3.5596372111897883,4.077009507829805,"[265, 360, 455]",[],6,3
0,0,0,0,4,4,0,0,0,0,4,4,True,16,y,noise_baseline_short,6,"[550, 645, 740, 835]",,0.4061504257409738,0.10501512513505268,0.862804642534124,4,0.862804642534124,2.013503336537263,1.725609285068248,1.2184512772229215,2.9777274047137503,"[170, 265, 360, 455]",[],6,4
0,0,0,0,5,5,0,0,0,0,5,5,True,16,y,within_tolerance_under_iid,6,"[550, 645, 740, 835, 930]",,0.23000740425252092,0.21003025027010536,0.668868039032888,5,0.668868039032888,1.6751771063267902,1.4956344032545204,0.9200296170100837,2.236922268198505,"[75, 170, 265, 360, 455]",[],6,5
1,0,1,0,5,5,1,0,1,0,5,5,False,16,y,pre_data_incomplete,6,"[550, 645, 740, 835, 930]",,,,,,,,,,,"[75, 170, 265, 360, 455]","[""insufficient_pre_history"", ""insufficient_post_history""]",6,6
0,0,0,0,3,3,0,0,0,0,3,3,True,16,y,noise_baseline_short,7,"[645, 740, 835]",,-1.2721920499796358,0.12822370459036636,0.8702861676063182,3,0.8702861676063182,1.1434346754837283,1.5073798594185466,2.5443840999592715,2.2721940405806773,"[360, 455, 550]",[],7,3
0,0,0,0,4,4,0,0,0,0,4,4,True,16,y,noise_baseline_short,7,"[645, 740, 835, 930]",,0.2789311924510819,1.3363039022748189,0.8998333310986031,4,0.8998333310986031,2.159558662604606,1.7996666621972062,0.8367935773532457,3.238800095024033,"[265, 360, 455, 550]",[],7,4
1,0,1,0,4,4,0,0,0,0,5,5,False,16,y,within_tolerance_under_iid,7,"[645, 740, 835, 930]",,-0.13655178973692766,0.21003025027010536,0.7496703352855569,5,0.7496703352855569,1.9195180227806845,1.6763138304135645,0.5462071589477107,2.8100280580357966,"[170, 265, 360, 455, 550]","[""insufficient_post_history""]",7,5
2,0,2,0,4,4,0,0,0,0,6,6,False,16,y,within_tolerance_under_iid,7,"[645, 740, 835, 930]",,-0.10731045780642218,0.595470147051237,0.6130557741180331,6,0.6130557741180331,1.6638509258778191,1.501673830456123,0.5365522890321108,2.2550242930767648,"[75, 170, 265, 360, 455, 550]","[""insufficient_post_history""]",7,6
0,0,0,0,3,3,0,0,0,0,3,3,True,16,y,noise_baseline_short,8,"[740, 835, 930]",,0.8801445859355118,1.7602891718710239,1.2886691250430393,3,1.2886691250430393,2.9008101797139303,2.2320403987198745,1.7602891718710236,4.982004341517576,"[455, 550, 645]",[],8,3
1,0,1,0,3,3,0,0,0,0,4,4,False,16,y,noise_baseline_short,8,"[740, 835, 930]",,0.29929308248345315,0.944256438230695,0.9122869465913941,4,0.9122869465913941,2.183956035379416,1.8245738931827882,0.8978792474503594,3.3290698916841963,"[360, 455, 550, 645]","[""insufficient_post_history""]",8,4
2,0,2,0,3,3,0,0,0,0,5,5,False,16,y,within_tolerance_under_iid,8,"[740, 835, 930]",,0.8095468666162352,1.88851287646139,0.9668655145272333,5,0.9668655145272333,2.0118745132470024,2.1619770155832043,3.238187466464941,4.674144615910059,"[265, 360, 455, 550, 645]","[""insufficient_post_history""]",8,5
3,0,3,0,3,3,0,0,0,0,6,6,False,16,y,within_tolerance_under_iid,8,"[740, 835, 930]",,0.36116882957761326,1.0492715633657477,0.7982620391405015,6,0.7982620391405015,2.0514578556150895,1.9553346769278421,1.8058441478880662,3.823333698796509,"[170, 265, 360, 455, 550, 645]","[""insufficient_post_history""]",8,6
1,0,1,0,2,2,0,0,0,0,3,3,False,16,y,noise_baseline_short,9,"[835, 930]",,0.758754493626527,1.517508987253054,1.3007027215517,3,1.3007027215517,2.9999247750427167,2.2528831992706584,1.517508987253054,5.075482709555996,"[550, 645, 740]","[""insufficient_post_history""]",9,3
2,0,2,0,2,2,0,0,0,0,4,4,False,16,y,noise_baseline_short,9,"[835, 930]",,0.09676005245309101,1.3363039022748189,0.9357327785907724,4,0.9357327785907724,2.286956214753232,1.8714655571815448,0.29028015735927304,3.5023833317168296,"[455, 550, 645, 740]","[""insufficient_post_history""]",9,4
3,0,3,0,2,2,0,0,0,0,5,5,False,16,y,within_tolerance_under_iid,9,"[835, 930]",,-0.0293461053541411,1.0268751127062175,0.7289710908451875,5,0.7289710908451875,1.881432529285942,1.630028912762014,0.1173844214165644,2.6569942564401132,"[360, 455, 550, 645, 740]","[""insufficient_post_history""]",9,5
4,0,4,0,2,2,0,0,0,0,6,6,False,16,y,within_tolerance_under_iid,9,"[835, 930]",,0.429017794122873,1.3363039022748189,0.7904138987282395,6,0.7904138987282395,1.9698755833038855,1.9361107374880842,2.145088970614365,3.7485247878166534,"[265, 360, 455, 550, 645, 740]","[""insufficient_post_history""]",9,6
2,0,2,0,1,1,0,0,0,0,3,3,False,16,y,noise_baseline_short,10,[930],,-0.2548785530429971,0.5097571060859942,0.8989623456526585,3,0.8989623456526585,2.1722968581216966,1.5570484567616993,0.5097571060859942,2.4243998967039895,"[645, 740, 835]","[""insufficient_post_history""]",10,3
3,0,3,0,1,1,0,0,0,0,4,4,False,16,y,noise_baseline_short,10,[930],,0.8854031621836393,1.4576939945838039,1.039739900892553,4,1.039739900892553,2.127559040317416,2.079479801785106,2.6562094865509183,4.324236246032223,"[550, 645, 740, 835]","[""insufficient_post_history""]",10,4
4,0,4,0,1,1,0,0,0,0,5,5,False,16,y,within_tolerance_under_iid,10,[930],,0.40185731188231133,1.2505320657850296,0.8064140941427625,5,0.8064140941427625,1.9486047002499913,1.803196732517132,1.6074292475292453,3.2515184561604618,"[455, 550, 645, 740, 835]","[""insufficient_post_history""]",10,5
5,0,5,0,1,1,0,0,0,0,6,6,False,16,y,within_tolerance_under_iid,10,[930],,0.2246108393259397,1.2028154415408068,0.6584604170409478,6,0.6584604170409478,1.7409931156020448,1.6128920375705353,1.1230541966296985,2.601420724858433,"[360, 455, 550, 645, 740, 835]","[""insufficient_post_history""]",10,6
0,0,0,0,3,3,3,0,3,0,0,0,False,17,y,pre_data_incomplete,1,"[74, 169, 264]",,,,,,,,,,,[],"[""insufficient_pre_history""]",1,3
0,0,0,0,4,4,4,0,4,0,0,0,False,17,y,pre_data_incomplete,1,"[74, 169, 264, 359]",,,,,,,,,,,[],"[""insufficient_pre_history""]",1,4
0,0,0,0,5,5,5,0,5,0,0,0,False,17,y,pre_data_incomplete,1,"[74, 169, 264, 359, 454]",,,,,,,,,,,[],"[""insufficient_pre_history""]",1,5
0,0,0,0,6,6,6,0,6,0,0,0,False,17,y,pre_data_incomplete,1,"[74, 169, 264, 359, 454, 549]",,,,,,,,,,,[],"[""insufficient_pre_history""]",1,6
0,0,0,0,3,3,2,0,2,0,1,1,False,17,y,pre_data_incomplete,2,"[169, 264, 359]",,,,,,,,,,,[74],"[""insufficient_pre_history""]",2,3
0,0,0,0,4,4,3,0,3,0,1,1,False,17,y,pre_data_incomplete,2,"[169, 264, 359, 454]",,,,,,,,,,,[74],"[""insufficient_pre_history""]",2,4
0,0,0,0,5,5,4,0,4,0,1,1,False,17,y,pre_data_incomplete,2,"[169, 264, 359, 454, 549]",,,,,,,,,,,[74],"[""insufficient_pre_history""]",2,5
0,0,0,0,6,6,5,0,5,0,1,1,False,17,y,pre_data_incomplete,2,"[169, 264, 359, 454, 549, 644]",,,,,,,,,,,[74],"[""insufficient_pre_history""]",2,6
0,0,0,0,3,3,1,0,1,0,2,2,False,17,y,pre_data_incomplete,3,"[264, 359, 454]",,,,,,,,,,,"[74, 169]","[""insufficient_pre_history""]",3,3
0,0,0,0,4,4,2,0,2,0,2,2,False,17,y,pre_data_incomplete,3,"[264, 359, 454, 549]",,,,,,,,,,,"[74, 169]","[""insufficient_pre_history""]",3,4
0,0,0,0,5,5,3,0,3,0,2,2,False,17,y,pre_data_incomplete,3,"[264, 359, 454, 549, 644]",,,,,,,,,,,"[74, 169]","[""insufficient_pre_history""]",3,5
0,0,0,0,6,6,4,0,4,0,2,2,False,17,y,pre_data_incomplete,3,"[264, 359, 454, 549, 644, 739]",,,,,,,,,,,"[74, 169]","[""insufficient_pre_history""]",3,6
0,0,0,0,3,3,0,0,0,0,3,3,True,17,y,noise_baseline_short,4,"[359, 454, 549]",,2.274352934018681,3.0891500302723225,2.2182377353154448,3,2.2182377353154448,4.379281832139328,3.842100460832873,4.548705868037362,14.761735951132177,"[74, 169, 264]",[],4,3
0,0,0,0,4,4,1,0,1,0,3,3,False,17,y,pre_data_incomplete,4,"[359, 454, 549, 644]",,,,,,,,,,,"[74, 169, 264]","[""insufficient_pre_history""]",4,4
0,0,0,0,5,5,2,0,2,0,3,3,False,17,y,pre_data_incomplete,4,"[359, 454, 549, 644, 739]",,,,,,,,,,,"[74, 169, 264]","[""insufficient_pre_history""]",4,5
0,0,0,0,6,6,3,0,3,0,3,3,False,17,y,pre_data_incomplete,4,"[359, 454, 549, 644, 739, 834]",,,,,,,,,,,"[74, 169, 264]","[""insufficient_pre_history""]",4,6
0,0,0,0,3,3,0,0,0,0,3,3,True,17,y,review_trend,5,"[454, 549, 644]",,-2.524855223850947,1.960560417429572,1.4698114139340157,3,1.4698114139340157,0.460744780078326,2.545788046478365,5.049710447701894,6.48103677759213,"[169, 264, 359]",[],5,3
0,0,0,0,4,4,0,0,0,0,4,4,True,17,y,noise_baseline_short,5,"[454, 549, 644, 739]",,0.4675286321551046,2.274352934018681,1.6112384298544769,4,1.6112384298544769,3.8768644691718923,3.2224768597089537,1.4025858964653137,10.384357111359678,"[74, 169, 264, 359]",[],5,4
0,0,0,0,5,5,1,0,1,0,4,4,False,17,y,pre_data_incomplete,5,"[454, 549, 644, 739, 834]",,,,,,,,,,,"[74, 169, 264, 359]","[""insufficient_pre_history""]",5,5
0,0,0,0,6,6,2,0,2,0,4,4,False,17,y,pre_data_incomplete,5,"[454, 549, 644, 739, 834, 929]",,,,,,,,,,,"[74, 169, 264, 359]","[""insufficient_pre_history""]",5,6
0,0,0,0,3,3,0,0,0,0,3,3,True,17,y,noise_baseline_short,6,"[549, 644, 739]",,-0.6062783149696083,0.7480037874903556,0.5712364949680594,3,0.5712364949680594,1.1057667062701728,0.989410632422242,1.2125566299392165,0.9789333995501809,"[264, 359, 454]",[],6,3
0,0,0,0,4,4,0,0,0,0,4,4,True,17,y,noise_baseline_short,6,"[549, 644, 739, 834]",,-1.486568039806419,0.980280208714786,1.1126236270538898,4,1.1126236270538898,1.3794479585821906,2.2252472541077797,4.459704119419257,4.951725341914213,"[169, 264, 359, 454]",[],6,4
0,0,0,0,5,5,0,0,0,0,5,5,True,17,y,high_noise_under_iid,6,"[549, 644, 739, 834, 929]",,0.16225880284943967,1.2125566299392165,1.2501066375017642,5,1.2501066375017642,3.214138189909182,2.795323420577633,0.6490352113977587,7.8138330256298385,"[74, 169, 264, 359, 454]",[],6,5
1,0,1,0,5,5,1,0,1,0,5,5,False,17,y,pre_data_incomplete,6,"[549, 644, 739, 834, 929]",,,,,,,,,,,"[74, 169, 264, 359, 454]","[""insufficient_pre_history"", ""insufficient_post_history""]",6,6
0,0,0,0,3,3,0,0,0,0,3,3,True,17,y,review_trend,7,"[644, 739, 834]",,1.9205566304872816,0.7480037874903556,1.1757027913524818,3,1.1757027913524818,0.9573853872640748,2.036376969223049,3.8411132609745633,4.146831160782051,"[359, 454, 549]",[],7,3
0,0,0,0,4,4,0,0,0,0,4,4,True,17,y,noise_baseline_short,7,"[644, 739, 834, 929]",,0.6389662318125329,0.980280208714786,0.8382963464329831,4,0.8382963464329831,1.7876660686955939,1.6765926928659662,1.9168986954375986,2.8109630577715525,"[264, 359, 454, 549]",[],7,4
1,0,1,0,4,4,0,0,0,0,5,5,False,17,y,within_tolerance_under_iid,7,"[644, 739, 834, 929]",,-0.36297510033938796,1.880552843544991,0.942015751241418,5,0.942015751241418,2.340253852119094,2.106411255651343,1.4519004013575518,4.436968377934666,"[169, 264, 359, 454, 549]","[""insufficient_post_history""]",7,5
2,0,2,0,4,4,0,0,0,0,6,6,False,17,y,high_noise_under_iid,7,"[644, 739, 834, 929]",,0.4937318045670737,1.9205566304872814,1.1228205841361625,6,1.1228205841361625,2.8963678877638137,2.750337503827346,2.4686590228353684,7.564356384959237,"[74, 169, 264, 359, 454, 549]","[""insufficient_post_history""]",7,6
0,0,0,0,3,3,0,0,0,0,3,3,True,17,y,noise_baseline_short,8,"[739, 834, 929]",,0.33178318137638924,0.6635663627527784,0.9401632913618208,3,0.9401632913618208,2.254613476331869,1.6284105880498552,0.6635663627527785,2.6517210432728753,"[454, 549, 644]",[],8,3
1,0,1,0,3,3,0,0,0,0,4,4,False,17,y,noise_baseline_short,8,"[739, 834, 929]",,0.732781992421361,0.7057850751215671,0.8318718513392607,4,0.8318718513392607,1.676198389589104,1.6637437026785213,2.1983459772640828,2.7680431082024364,"[359, 454, 549, 644]","[""insufficient_post_history""]",8,4
2,0,2,0,3,3,0,0,0,0,5,5,False,17,y,within_tolerance_under_iid,8,"[739, 834, 929]",,0.27431327266016875,0.6635663627527784,0.6509107261403901,5,0.6509107261403901,1.6042877705819987,1.4554806309336616,1.097253090640675,2.1184238670230497,"[264, 359, 454, 549, 644]","[""insufficient_post_history""]",8,5
3,0,3,0,3,3,0,0,0,0,6,6,False,17,y,within_tolerance_under_iid,8,"[739, 834, 929]",,-0.3371725476905278,1.3120633900911751,0.7839088418867798,6,0.7839088418867798,2.0276771778697937,1.920176667478707,1.685862738452639,3.6870784343296332,"[169, 264, 359, 454, 549, 644]","[""insufficient_post_history""]",8,6
1,0,1,0,2,2,0,0,0,0,3,3,False,17,y,noise_baseline_short,9,"[834, 929]",,-0.8529485726286931,0.7236459654740429,0.7202016801041339,3,0.7202016801041339,1.2872840498702114,1.2474259016368272,1.7058971452573861,1.5560713800744514,"[549, 644, 739]","[""insufficient_post_history""]",9,3
2,0,2,0,2,2,0,0,0,0,4,4,False,17,y,noise_baseline_short,9,"[834, 929]",,0.17320938739490352,0.6936061641134108,0.6656518242915156,4,0.6656518242915156,1.6073426446751924,1.3313036485830312,0.5196281621847105,1.7723694047304908,"[454, 549, 644, 739]","[""insufficient_post_history""]",9,4
3,0,3,0,2,2,0,0,0,0,5,5,False,17,y,within_tolerance_under_iid,9,"[834, 929]",,0.4933998594187132,0.7236459654740429,0.6567630604439947,5,0.6567630604439947,1.436699938346114,1.4685668482635754,1.973599437674853,2.156688587818811,"[359, 454, 549, 644, 739]","[""insufficient_post_history""]",9,5
4,0,4,0,2,2,0,0,0,0,6,6,False,17,y,within_tolerance_under_iid,9,"[834, 929]",,0.23431709759004668,0.6936061641134107,0.5391157184138172,6,0.5391157184138172,1.392708148385949,1.3205584224278293,1.1715854879502334,1.743874547045077,"[264, 359, 454, 549, 644, 739]","[""insufficient_post_history""]",9,6
2,0,2,0,1,1,0,0,0,0,3,3,False,17,y,review_trend,10,[929],,0.513781356073018,0.3039167466719932,0.30476894705912194,3,0.30476894705912194,0.1713537360336695,0.5278753008756686,1.027562712146036,0.2786523332745776,"[644, 739, 834]","[""insufficient_post_history""]",10,3
3,0,3,0,1,1,0,0,0,0,4,4,False,17,y,noise_baseline_short,10,[929],,-0.3482295230282136,0.513781356073018,0.5092933796522429,4,0.5092933796522429,1.1194279689084414,1.0185867593044857,1.0446885690846408,1.0375189862304142,"[549, 644, 739, 834]","[""insufficient_post_history""]",10,4
4,0,4,0,1,1,0,0,0,0,5,5,False,17,y,within_tolerance_under_iid,10,[929],,0.1676361004540243,0.7236459654740429,0.5219401302740792,5,0.5219401302740792,1.3124292196859146,1.1670936114779369,0.6705444018160972,1.3621074979526135,"[454, 549, 644, 739, 834]","[""insufficient_post_history""]",10,5
5,0,5,0,1,1,0,0,0,0,6,6,False,17,y,within_tolerance_under_iid,10,[929],,0.3979359481684253,0.8455645374494073,0.5530564466823807,6,0.5530564466823807,1.265401632558406,1.3547060933286033,1.9896797408421265,1.8352285993016464,"[359, 454, 549, 644, 739, 834]","[""insufficient_post_history""]",10,6
0,0,0,0,3,3,3,0,3,0,0,0,False,18,y,pre_data_incomplete,1,"[73, 168, 263]",,,,,,,,,,,[],"[""insufficient_pre_history""]",1,3
0,0,0,0,4,4,4,0,4,0,0,0,False,18,y,pre_data_incomplete,1,"[73, 168, 263, 358]",,,,,,,,,,,[],"[""insufficient_pre_history""]",1,4
0,0,0,0,5,5,5,0,5,0,0,0,False,18,y,pre_data_incomplete,1,"[73, 168, 263, 358, 453]",,,,,,,,,,,[],"[""insufficient_pre_history""]",1,5
0,0,0,0,6,6,6,0,6,0,0,0,False,18,y,pre_data_incomplete,1,"[73, 168, 263, 358, 453, 548]",,,,,,,,,,,[],"[""insufficient_pre_history""]",1,6
0,0,0,0,3,3,2,0,2,0,1,1,False,18,y,pre_data_incomplete,2,"[168, 263, 358]",,,,,,,,,,,[73],"[""insufficient_pre_history""]",2,3
0,0,0,0,4,4,3,0,3,0,1,1,False,18,y,pre_data_incomplete,2,"[168, 263, 358, 453]",,,,,,,,,,,[73],"[""insufficient_pre_history""]",2,4
0,0,0,0,5,5,4,0,4,0,1,1,False,18,y,pre_data_incomplete,2,"[168, 263, 358, 453, 548]",,,,,,,,,,,[73],"[""insufficient_pre_history""]",2,5
0,0,0,0,6,6,5,0,5,0,1,1,False,18,y,pre_data_incomplete,2,"[168, 263, 358, 453, 548, 643]",,,,,,,,,,,[73],"[""insufficient_pre_history""]",2,6
0,0,0,0,3,3,1,0,1,0,2,2,False,18,y,pre_data_incomplete,3,"[263, 358, 453]",,,,,,,,,,,"[73, 168]","[""insufficient_pre_history""]",3,3
0,0,0,0,4,4,2,0,2,0,2,2,False,18,y,pre_data_incomplete,3,"[263, 358, 453, 548]",,,,,,,,,,,"[73, 168]","[""insufficient_pre_history""]",3,4
0,0,0,0,5,5,3,0,3,0,2,2,False,18,y,pre_data_incomplete,3,"[263, 358, 453, 548, 643]",,,,,,,,,,,"[73, 168]","[""insufficient_pre_history""]",3,5
0,0,0,0,6,6,4,0,4,0,2,2,False,18,y,pre_data_incomplete,3,"[263, 358, 453, 548, 643, 738]",,,,,,,,,,,"[73, 168]","[""insufficient_pre_history""]",3,6
0,0,0,0,3,3,0,0,0,0,3,3,True,18,y,noise_baseline_short,4,"[358, 453, 548]",,-0.2679045597520511,0.5358091195041021,1.5990685750843234,3,1.5990685750843234,3.8985351275397497,2.7696680168328163,0.5358091195041021,7.671060923466626,"[73, 168, 263]",[],4,3
0,0,0,0,4,4,1,0,1,0,3,3,False,18,y,pre_data_incomplete,4,"[358, 453, 548, 643]",,,,,,,,,,,"[73, 168, 263]","[""insufficient_pre_history""]",4,4
0,0,0,0,5,5,2,0,2,0,3,3,False,18,y,pre_data_incomplete,4,"[358, 453, 548, 643, 738]",,,,,,,,,,,"[73, 168, 263]","[""insufficient_pre_history""]",4,5
0,0,0,0,6,6,3,0,3,0,3,3,False,18,y,pre_data_incomplete,4,"[358, 453, 548, 643, 738, 833]",,,,,,,,,,,"[73, 168, 263]","[""insufficient_pre_history""]",4,6
0,0,0,0,3,3,0,0,0,0,3,3,True,18,y,noise_baseline_short,5,"[453, 548, 643]",,0.29468693185458983,0.5893738637091797,1.7872175151801382,3,1.7872175151801382,4.357889156895601,3.095551540469,0.5893738637091797,9.582439339699999,"[168, 263, 358]",[],5,3
0,0,0,0,4,4,0,0,0,0,4,4,True,18,y,noise_baseline_short,5,"[453, 548, 643, 738]",,1.0245925158907858,2.521307731573157,1.4724135768048034,4,1.4724135768048034,3.222349436033616,2.944827153609607,3.0737775476723574,8.67200696463646,"[73, 168, 263, 358]",[],5,4
0,0,0,0,5,5,1,0,1,0,4,4,False,18,y,pre_data_incomplete,5,"[453, 548, 643, 738, 833]",,,,,,,,,,,"[73, 168, 263, 358]","[""insufficient_pre_history""]",5,5
0,0,0,0,6,6,2,0,2,0,4,4,False,18,y,pre_data_incomplete,5,"[453, 548, 643, 738, 833, 928]",,,,,,,,,,,"[73, 168, 263, 358]","[""insufficient_pre_history""]",5,6
0,0,0,0,3,3,0,0,0,0,3,3,True,18,y,review_trend,6,"[548, 643, 738]",,3.4170225180552514,1.2020557092550093,2.106450585721464,3,2.106450585721464,1.808512826253794,3.648479438102796,6.834045036110503,13.311402210258894,"[263, 358, 453]",[],6,3
0,0,0,0,4,4,0,0,0,0,4,4,True,18,y,noise_baseline_short,6,"[548, 643, 738, 833]",,1.1006278045748061,0.8957147864820945,1.5059117216049844,4,1.5059117216049844,3.252409379075124,3.011823443209969,3.3018834137244184,9.071080453069152,"[168, 263, 358, 453]",[],6,4
0,0,0,0,5,5,0,0,0,0,5,5,True,18,y,high_noise_under_iid,6,"[548, 643, 738, 833, 928]",,1.318584569692198,1.791429572964189,1.396746894163356,5,1.396746894163356,2.6852302851460146,3.123221002710969,5.274338278768792,9.75450943177491,"[73, 168, 263, 358, 453]",[],6,5
1,0,1,0,5,5,1,0,1,0,5,5,False,18,y,pre_data_incomplete,6,"[548, 643, 738, 833, 928]",,,,,,,,,,,"[73, 168, 263, 358, 453]","[""insufficient_pre_history"", ""insufficient_post_history""]",6,6
0,0,0,0,3,3,0,0,0,0,3,3,True,18,y,noise_baseline_short,7,"[643, 738, 833]",,0.7024174778583375,0.20277924646166579,0.4384073830830811,3,0.4384073830830811,0.4079529076361585,0.7593438619132087,1.404834955716675,0.5766031006252661,"[358, 453, 548]",[],7,3
0,0,0,0,4,4,0,0,0,0,4,4,True,18,y,noise_baseline_short,7,"[643, 738, 833, 928]",,2.2312528556971514,0.7024174778583375,1.6545391473216298,4,1.6545391473216298,1.9946868112505731,3.3090782946432595,6.693758567091454,10.949999160079143,"[263, 358, 453, 548]",[],7,4
1,0,1,0,4,4,0,0,0,0,5,5,False,18,y,high_noise_under_iid,7,"[643, 738, 833, 928]",,1.0822462674962212,1.2020557092550093,1.282035143479702,5,1.282035143479702,2.6557931864288293,2.86671773036431,4.328985069984885,8.218070545585102,"[168, 263, 358, 453, 548]","[""insufficient_post_history""]",7,5
2,0,2,0,4,4,0,0,0,0,6,6,False,18,y,high_noise_under_iid,7,"[643, 738, 833, 928]",,1.24318153888824,1.5981322643404319,1.2755430918737045,6,1.2755430918737045,2.3325977713020185,3.12442972002258,6.215907694441199,9.762061075360377,"[73, 168, 263, 358, 453, 548]","[""insufficient_post_history""]",7,6
0,0,0,0,3,3,0,0,0,0,3,3,True,18,y,noise_baseline_short,8,"[738, 833, 928]",,-2.412871935699864,0.20277924646166579,1.6434206887196878,3,1.6434206887196878,2.135670247134454,2.8464881310723356,4.825743871399728,8.102494680335676,"[453, 548, 643]",[],8,3
1,0,1,0,3,3,0,0,0,0,4,4,False,18,y,noise_baseline_short,8,"[738, 833, 928]",,-1.066828523997249,0.7024174778583375,1.1651589945103151,4,1.1651589945103151,2.302230471932461,2.3303179890206303,3.200485571991747,5.430381929953155,"[358, 453, 548, 643]","[""insufficient_post_history""]",8,4
2,0,2,0,3,3,0,0,0,0,5,5,False,18,y,high_noise_under_iid,8,"[738, 833, 928]",,0.5421437285138225,1.404834955716675,1.4040592154350706,5,1.4040592154350706,3.4875228737741746,3.1395718501478402,2.16857491405529,9.856911402240732,"[263, 358, 453, 548, 643]","[""insufficient_post_history""]",8,5
3,0,3,0,3,3,0,0,0,0,6,6,False,18,y,high_noise_under_iid,8,"[738, 833, 928]",,0.20402734470839484,1.5981322643404319,1.153031541192505,6,1.153031541192505,3.1287368375767723,2.82433893325652,1.0201367235419743,7.9768904099085765,"[168, 263, 358, 453, 548, 643]","[""insufficient_post_history""]",8,6
1,0,1,0,2,2,0,0,0,0,3,3,False,18,y,noise_baseline_short,9,"[833, 928]",,0.27616455228060244,0.5523291045612049,1.775403298707885,3,1.775403298707885,4.3312593455604045,3.0750887172874406,0.5523291045612049,9.456170619188518,"[548, 643, 738]","[""insufficient_post_history""]",9,3
2,0,2,0,2,2,0,0,0,0,4,4,False,18,y,noise_baseline_short,9,"[833, 928]",,-0.2763198064792781,0.37755417551143533,1.2961170831248165,4,1.2961170831248165,3.144620067730923,2.592234166249633,0.8289594194378344,6.719677972671931,"[453, 548, 643, 738]","[""insufficient_post_history""]",9,4
3,0,3,0,2,2,0,0,0,0,5,5,False,18,y,high_noise_under_iid,9,"[833, 928]",,-0.09114157508439676,0.7551083510228707,1.0050683653778503,5,1.0050683653778503,2.5897348972805068,2.2474011870194692,0.364566300337587,5.050812095416519,"[358, 453, 548, 643, 738]","[""insufficient_post_history""]",9,5
4,0,4,0,2,2,0,0,0,0,6,6,False,18,y,high_noise_under_iid,9,"[833, 928]",,0.7793566198769823,1.0799716533697727,1.2705754075464855,6,1.2705754075464855,3.0741426862338868,3.112261428217672,3.896783099384912,9.686171197571504,"[263, 358, 453, 548, 643, 738]","[""insufficient_post_history""]",9,6
2,0,2,0,1,1,0,0,0,0,3,3,False,18,y,noise_baseline_short,10,[928],,1.6655374770236242,2.24977726837535,1.6211016424932663,3,1.6211016424932663,3.1968411028741723,2.8078304090316952,3.3310749540472484,7.883911605883097,"[643, 738, 833]","[""insufficient_post_history""]",10,3
3,0,3,0,1,1,0,0,0,0,4,4,False,18,y,noise_baseline_short,10,[928],,0.04885077309801632,1.124888634187675,1.2564492967182894,4,1.2564492967182894,3.076690269796851,2.512898593436579,0.14655231929404894,6.314659340895537,"[548, 643, 738, 833]","[""insufficient_post_history""]",10,4
4,0,4,0,1,1,0,0,0,0,5,5,False,18,y,high_noise_under_iid,10,[928],,-0.2437008730143754,0.7551083510228707,1.0095001694907146,5,1.0095001694907146,2.568262102989487,2.257311002278797,0.9748034920575016,5.095452961008908,"[453, 548, 643, 738, 833]","[""insufficient_post_history""]",10,5
5,0,5,0,1,1,0,0,0,0,6,6,False,18,y,within_tolerance_under_iid,10,[928],,-0.12075040300800377,0.8487240819070725,0.8245361926764191,6,0.8245361926764191,2.243916021380609,2.0196929465143825,0.6037520150400189,4.079159598199948,"[358, 453, 548, 643, 738, 833]","[""insufficient_post_history""]",10,6
0,0,0,0,3,3,3,0,3,0,0,0,False,19,y,pre_data_incomplete,1,"[72, 167, 262]",,,,,,,,,,,[],"[""insufficient_pre_history""]",1,3
0,0,0,0,4,4,4,0,4,0,0,0,False,19,y,pre_data_incomplete,1,"[72, 167, 262, 357]",,,,,,,,,,,[],"[""insufficient_pre_history""]",1,4
0,0,0,0,5,5,5,0,5,0,0,0,False,19,y,pre_data_incomplete,1,"[72, 167, 262, 357, 452]",,,,,,,,,,,[],"[""insufficient_pre_history""]",1,5
0,0,0,0,6,6,6,0,6,0,0,0,False,19,y,pre_data_incomplete,1,"[72, 167, 262, 357, 452, 547]",,,,,,,,,,,[],"[""insufficient_pre_history""]",1,6
0,0,0,0,3,3,2,0,2,0,1,1,False,19,y,pre_data_incomplete,2,"[167, 262, 357]",,,,,,,,,,,[72],"[""insufficient_pre_history""]",2,3
0,0,0,0,4,4,3,0,3,0,1,1,False,19,y,pre_data_incomplete,2,"[167, 262, 357, 452]",,,,,,,,,,,[72],"[""insufficient_pre_history""]",2,4
0,0,0,0,5,5,4,0,4,0,1,1,False,19,y,pre_data_incomplete,2,"[167, 262, 357, 452, 547]",,,,,,,,,,,[72],"[""insufficient_pre_history""]",2,5
0,0,0,0,6,6,5,0,5,0,1,1,False,19,y,pre_data_incomplete,2,"[167, 262, 357, 452, 547, 642]",,,,,,,,,,,[72],"[""insufficient_pre_history""]",2,6
0,0,0,0,3,3,1,0,1,0,2,2,False,19,y,pre_data_incomplete,3,"[262, 357, 452]",,,,,,,,,,,"[72, 167]","[""insufficient_pre_history""]",3,3
0,0,0,0,4,4,2,0,2,0,2,2,False,19,y,pre_data_incomplete,3,"[262, 357, 452, 547]",,,,,,,,,,,"[72, 167]","[""insufficient_pre_history""]",3,4
0,0,0,0,5,5,3,0,3,0,2,2,False,19,y,pre_data_incomplete,3,"[262, 357, 452, 547, 642]",,,,,,,,,,,"[72, 167]","[""insufficient_pre_history""]",3,5
0,0,0,0,6,6,4,0,4,0,2,2,False,19,y,pre_data_incomplete,3,"[262, 357, 452, 547, 642, 737]",,,,,,,,,,,"[72, 167]","[""insufficient_pre_history""]",3,6
0,0,0,0,3,3,0,0,0,0,3,3,True,19,y,review_trend,4,"[357, 452, 547]",,2.1232816527351854,1.7278008357113432,1.2329449842263138,3,1.2329449842263138,0.3229087349224707,2.1355233556171833,4.246563305470371,4.560460002386475,"[72, 167, 262]",[],4,3
0,0,0,0,4,4,1,0,1,0,3,3,False,19,y,pre_data_incomplete,4,"[357, 452, 547, 642]",,,,,,,,,,,"[72, 167, 262]","[""insufficient_pre_history""]",4,4
0,0,0,0,5,5,2,0,2,0,3,3,False,19,y,pre_data_incomplete,4,"[357, 452, 547, 642, 737]",,,,,,,,,,,"[72, 167, 262]","[""insufficient_pre_history""]",4,5
0,0,0,0,6,6,3,0,3,0,3,3,False,19,y,pre_data_incomplete,4,"[357, 452, 547, 642, 737, 832]",,,,,,,,,,,"[72, 167, 262]","[""insufficient_pre_history""]",4,6
0,0,0,0,3,3,0,0,0,0,3,3,True,19,y,noise_baseline_short,5,"[452, 547, 642]",,-0.12114206633862185,0.24228413267724358,0.8827433350652648,3,0.8827433350652648,2.1554730276993253,1.5289563063758358,0.2422841326772437,2.337707386806439,"[167, 262, 357]",[],5,3
0,0,0,0,4,4,0,0,0,0,4,4,True,19,y,noise_baseline_short,5,"[452, 547, 642, 737]",,0.6975312578861327,0.8639004178556716,0.8809511884780681,4,0.8809511884780681,1.8547440091735026,1.7619023769561362,2.092593773658398,3.1042999859236824,"[72, 167, 262, 357]",[],5,4
0,0,0,0,5,5,1,0,1,0,4,4,False,19,y,pre_data_incomplete,5,"[452, 547, 642, 737, 832]",,,,,,,,,,,"[72, 167, 262, 357]","[""insufficient_pre_history""]",5,5
0,0,0,0,6,6,2,0,2,0,4,4,False,19,y,pre_data_incomplete,5,"[452, 547, 642, 737, 832, 927]",,,,,,,,,,,"[72, 167, 262, 357]","[""insufficient_pre_history""]",5,6
0,0,0,0,3,3,0,0,0,0,3,3,True,19,y,review_trend,6,"[547, 642, 737]",,-2.38646391826039,2.011881234084509,1.3834715708744596,3,1.3834715708744596,0.3058454809043367,2.396243051581691,4.77292783652078,5.741980762253536,"[262, 357, 452]",[],6,3
0,0,0,0,4,4,0,0,0,0,4,4,True,19,y,noise_baseline_short,6,"[547, 642, 737, 832]",,-0.9523542702721528,1.1270826833808765,0.9782638964666257,4,0.9782638964666257,1.8640157903076835,1.9565277929332514,2.8570628108164584,3.82800100452026,"[167, 262, 357, 452]",[],6,4
0,0,0,0,5,5,0,0,0,0,5,5,True,19,y,within_tolerance_under_iid,6,"[547, 642, 737, 832, 927]",,-0.12950131947780624,1.4855167030340997,0.833297228988772,5,0.833297228988772,2.138533728152882,1.8633092494811025,0.518005277911225,3.4719213592018296,"[72, 167, 262, 357, 452]",[],6,5
1,0,1,0,5,5,1,0,1,0,5,5,False,19,y,pre_data_incomplete,6,"[547, 642, 737, 832, 927]",,,,,,,,,,,"[72, 167, 262, 357, 452]","[""insufficient_pre_history"", ""insufficient_post_history""]",6,6
0,0,0,0,3,3,0,0,0,0,3,3,True,19,y,noise_baseline_short,7,"[642, 737, 832]",,0.5471075151865701,1.0942150303731404,0.9096032907211579,3,0.9096032907211579,2.0894055644123544,1.5754791142608897,1.0942150303731402,2.4821344394722775,"[357, 452, 547]",[],7,3
0,0,0,0,4,4,0,0,0,0,4,4,True,19,y,noise_baseline_short,7,"[642, 737, 832, 927]",,-0.70123759502739,1.3805233012181355,1.0007846151054007,4,1.0007846151054007,2.1863402441730098,2.0015692302108015,2.10371278508217,4.0062793833266594,"[262, 357, 452, 547]",[],7,4
1,0,1,0,4,4,0,0,0,0,5,5,False,19,y,within_tolerance_under_iid,7,"[642, 737, 832, 927]",,-0.3069066041128986,0.8519308976958968,0.7764358720144939,5,0.7764358720144939,1.9248494859371073,1.736163389993735,1.2276264164515944,3.014263316754538,"[167, 262, 357, 452, 547]","[""insufficient_post_history""]",7,5
2,0,2,0,4,4,0,0,0,0,6,6,False,19,y,within_tolerance_under_iid,7,"[642, 737, 832, 927]",,0.09643188469470491,1.28986586670362,0.7088437270232283,6,0.7088437270232283,1.9307413397095947,1.7363054385795966,0.4821594234735246,3.0147565760410853,"[72, 167, 262, 357, 452, 547]","[""insufficient_post_history""]",7,6
0,0,0,0,3,3,0,0,0,0,3,3,True,19,y,noise_baseline_short,8,"[737, 832, 927]",,0.40132024305738523,0.8026404861147705,0.930888890517777,3,0.930888890517777,2.208440373648614,1.6123468545782118,0.8026404861147705,2.599662379468253,"[452, 547, 642]",[],8,3
1,0,1,0,3,3,0,0,0,0,4,4,False,19,y,noise_baseline_short,8,"[737, 832, 927]",,-0.05216259794515663,1.0059406170422547,0.6816831206670833,4,0.6816831206670833,1.667737665357927,1.3633662413341665,0.1564877938354699,1.8587675080096526,"[357, 452, 547, 642]","[""insufficient_post_history""]",8,4
2,0,2,0,3,3,0,0,0,0,5,5,False,19,y,within_tolerance_under_iid,8,"[737, 832, 927]",,-0.6846359670438878,1.2092407479697387,0.8441027052675287,5,0.8441027052675287,1.7853966382009738,1.8874710289696641,2.7385438681755514,3.562546885199803,"[262, 357, 452, 547, 642]","[""insufficient_post_history""]",8,5
3,0,3,0,3,3,0,0,0,0,6,6,False,19,y,within_tolerance_under_iid,8,"[737, 832, 927]",,-0.40771429581453744,1.1517278891714395,0.6894755491527365,6,0.6894755491527365,1.6846553366847772,1.6888632855494268,2.0385714790726874,2.8522591972768043,"[167, 262, 357, 452, 547, 642]","[""insufficient_post_history""]",8,6
1,0,1,0,2,2,0,0,0,0,3,3,False,19,y,noise_baseline_short,9,"[832, 927]",,-1.1823047664411983,0.061153754539517546,0.7782111448512966,3,0.7782111448512966,0.9154159679213827,1.3479012418987888,2.3646095328823966,1.8168377579122974,"[547, 642, 737]","[""insufficient_post_history""]",9,3
2,0,2,0,2,2,0,0,0,0,4,4,False,19,y,noise_baseline_short,9,"[832, 927]",,-0.007899558361712033,0.40132024305738523,0.673035642855752,4,0.673035642855752,1.648546587685576,1.346071285711504,0.0236986750851361,1.8119079062170214,"[452, 547, 642, 737]","[""insufficient_post_history""]",9,4
3,0,3,0,2,2,0,0,0,0,5,5,False,19,y,within_tolerance_under_iid,9,"[832, 927]",,-0.1738148518903742,0.8026404861147705,0.5483067835246643,5,0.5483067835246643,1.3796968930175129,1.2260512404854111,0.6952594075614968,1.5032016442958154,"[357, 452, 547, 642, 737]","[""insufficient_post_history""]",9,5
4,0,4,0,2,2,0,0,0,0,6,6,False,19,y,within_tolerance_under_iid,9,"[832, 927]",,-0.5908237572622629,1.0365174943120135,0.7274853105673946,6,0.7274853105673946,1.5627118936478626,1.7819678062602677,2.9541187863113145,3.1754092625480315,"[262, 357, 452, 547, 642, 737]","[""insufficient_post_history""]",9,6
2,0,2,0,1,1,0,0,0,0,3,3,False,19,y,noise_baseline_short,10,[927],,1.2868490597034041,0.061153754539517546,0.8682711490584445,3,0.8682711490584445,1.1006396889102983,1.5038897449154358,2.5736981194068083,2.2616843648618143,"[642, 737, 832]","[""insufficient_post_history""]",10,3
3,0,3,0,1,1,0,0,0,0,4,4,False,19,y,noise_baseline_short,10,[927],,0.07495732686522696,1.1823047664411983,0.7150236575027621,4,0.7150236575027621,1.74742853433404,1.4300473150055242,0.2248719805956809,2.0450353231545084,"[547, 642, 737, 832]","[""insufficient_post_history""]",10,4
4,0,4,0,1,1,0,0,0,0,5,5,False,19,y,within_tolerance_under_iid,10,[927],,0.4388067678160761,0.8026404861147705,0.6839733517039971,5,0.6839733517039971,1.5738357730940966,1.529410909208509,1.7552270712643043,2.3390977292059985,"[452, 547, 642, 737, 832]","[""insufficient_post_history""]",10,5
5,0,5,0,1,1,0,0,0,0,6,6,False,19,y,within_tolerance_under_iid,10,[927],,0.1926654649590922,1.0365174943120135,0.562557831663658,6,0.562557831663658,1.4869885460802306,1.377979638382476,0.963327324795461,1.8988278837966994,"[357, 452, 547, 642, 737, 832]","[""insufficient_post_history""]",10,6
0,0,0,0,3,3,3,0,3,0,0,0,False,2,y,pre_data_incomplete,1,"[89, 184, 279]",,,,,,,,,,,[],"[""insufficient_pre_history""]",1,3
0,0,0,0,4,4,4,0,4,0,0,0,False,2,y,pre_data_incomplete,1,"[89, 184, 279, 374]",,,,,,,,,,,[],"[""insufficient_pre_history""]",1,4
0,0,0,0,5,5,5,0,5,0,0,0,False,2,y,pre_data_incomplete,1,"[89, 184, 279, 374, 469]",,,,,,,,,,,[],"[""insufficient_pre_history""]",1,5
0,0,0,0,6,6,6,0,6,0,0,0,False,2,y,pre_data_incomplete,1,"[89, 184, 279, 374, 469, 564]",,,,,,,,,,,[],"[""insufficient_pre_history""]",1,6
0,0,0,0,3,3,2,0,2,0,1,1,False,2,y,pre_data_incomplete,2,"[184, 279, 374]",,,,,,,,,,,[89],"[""insufficient_pre_history""]",2,3
0,0,0,0,4,4,3,0,3,0,1,1,False,2,y,pre_data_incomplete,2,"[184, 279, 374, 469]",,,,,,,,,,,[89],"[""insufficient_pre_history""]",2,4
0,0,0,0,5,5,4,0,4,0,1,1,False,2,y,pre_data_incomplete,2,"[184, 279, 374, 469, 564]",,,,,,,,,,,[89],"[""insufficient_pre_history""]",2,5
0,0,0,0,6,6,5,0,5,0,1,1,False,2,y,pre_data_incomplete,2,"[184, 279, 374, 469, 564, 659]",,,,,,,,,,,[89],"[""insufficient_pre_history""]",2,6
0,0,0,0,3,3,1,0,1,0,2,2,False,2,y,pre_data_incomplete,3,"[279, 374, 469]",,,,,,,,,,,"[89, 184]","[""insufficient_pre_history""]",3,3
0,0,0,0,4,4,2,0,2,0,2,2,False,2,y,pre_data_incomplete,3,"[279, 374, 469, 564]",,,,,,,,,,,"[89, 184]","[""insufficient_pre_history""]",3,4
0,0,0,0,5,5,3,0,3,0,2,2,False,2,y,pre_data_incomplete,3,"[279, 374, 469, 564, 659]",,,,,,,,,,,"[89, 184]","[""insufficient_pre_history""]",3,5
0,0,0,0,6,6,4,0,4,0,2,2,False,2,y,pre_data_incomplete,3,"[279, 374, 469, 564, 659, 754]",,,,,,,,,,,"[89, 184]","[""insufficient_pre_history""]",3,6
0,0,0,0,3,3,0,0,0,0,3,3,True,2,y,noise_baseline_short,4,"[374, 469, 564]",,-1.2864858865207822,1.6204595854483568,1.2209044819155532,3,1.2209044819155532,2.3735110388061367,2.1146685938662957,2.5729717730415644,4.471823261884456,"[89, 184, 279]",[],4,3
0,0,0,0,4,4,1,0,1,0,3,3,False,2,y,pre_data_incomplete,4,"[374, 469, 564, 659]",,,,,,,,,,,"[89, 184, 279]","[""insufficient_pre_history""]",4,4
0,0,0,0,5,5,2,0,2,0,3,3,False,2,y,pre_data_incomplete,4,"[374, 469, 564, 659, 754]",,,,,,,,,,,"[89, 184, 279]","[""insufficient_pre_history""]",4,5
0,0,0,0,6,6,3,0,3,0,3,3,False,2,y,pre_data_incomplete,4,"[374, 469, 564, 659, 754, 849]",,,,,,,,,,,"[89, 184, 279]","[""insufficient_pre_history""]",4,6
0,0,0,0,3,3,0,0,0,0,3,3,True,2,y,noise_baseline_short,5,"[469, 564, 659]",,-0.5321854904767005,1.0643709809534008,1.2584993486452938,3,1.2584993486452938,2.9893947331685595,2.179784813145987,1.064370980953401,4.751461831621887,"[184, 279, 374]",[],5,3
0,0,0,0,4,4,0,0,0,0,4,4,True,2,y,noise_baseline_short,5,"[469, 564, 659, 754]",,-0.25251655450050536,0.8102297927241784,0.8905063931400748,4,0.8905063931400748,2.144434259099135,1.7810127862801497,0.7575496635015161,3.172006544893382,"[89, 184, 279, 374]",[],5,4
0,0,0,0,5,5,1,0,1,0,4,4,False,2,y,pre_data_incomplete,5,"[469, 564, 659, 754, 849]",,,,,,,,,,,"[89, 184, 279, 374]","[""insufficient_pre_history""]",5,5
0,0,0,0,6,6,2,0,2,0,4,4,False,2,y,pre_data_incomplete,5,"[469, 564, 659, 754, 849, 944]",,,,,,,,,,,"[89, 184, 279, 374]","[""insufficient_pre_history""]",5,6
0,0,0,0,3,3,0,0,0,0,3,3,True,2,y,noise_baseline_short,6,"[564, 659, 754]",,1.70149109114485,0.2739218047531795,1.0915417163700514,3,1.0915417163700514,1.1656054413762327,1.890605711333866,3.4029821822897,3.574389955728233,"[279, 374, 469]",[],6,3
0,0,0,0,4,4,0,0,0,0,4,4,True,2,y,noise_baseline_short,6,"[564, 659, 754, 849]",,0.07577128489358569,0.5321854904767004,0.9218290443685331,4,0.9218290443685331,2.2548302603992956,1.8436580887370662,0.22731385468075704,3.3990751481656116,"[184, 279, 374, 469]",[],6,4
0,0,0,0,5,5,0,0,0,0,5,5,True,2,y,within_tolerance_under_iid,6,"[564, 659, 754, 849, 944]",,0.059564983754287,0.556088604494956,0.7143747378402798,5,0.7143747378402798,1.841298948060932,1.597390475219457,0.238259935017148,2.5516563303218427,"[89, 184, 279, 374, 469]",[],6,5
1,0,1,0,5,5,1,0,1,0,5,5,False,2,y,pre_data_incomplete,6,"[564, 659, 754, 849, 944]",,,,,,,,,,,"[89, 184, 279, 374, 469]","[""insufficient_pre_history"", ""insufficient_post_history""]",6,6
0,0,0,0,3,3,0,0,0,0,3,3,True,2,y,noise_baseline_short,7,"[659, 754, 849]",,-0.3073824656647063,0.2739218047531795,0.2627560328941434,3,0.2627560328941434,0.47463294927489,0.4551067989678956,0.6147649313294126,0.2071221984668045,"[374, 469, 564]",[],7,3
0,0,0,0,4,4,0,0,0,0,4,4,True,2,y,noise_baseline_short,7,"[659, 754, 849, 944]",,0.7816808143374503,0.44434336804129604,0.7764196857057613,4,0.7764196857057613,1.4454767142193783,1.5528393714115225,2.3450424430123507,2.411310113405732,"[279, 374, 469, 564]",[],7,4
1,0,1,0,4,4,0,0,0,0,5,5,False,2,y,within_tolerance_under_iid,7,"[659, 754, 849, 944]",,0.00447103577240735,0.6147649313294126,0.7148271176753478,5,0.7148271176753478,1.845657630012686,1.5984020272823192,0.0178841430896294,2.5548890408202283,"[184, 279, 374, 469, 564]","[""insufficient_post_history""]",7,5
2,0,2,0,4,4,0,0,0,0,6,6,False,2,y,within_tolerance_under_iid,7,"[659, 754, 849, 944]",,0.01326660613610209,0.44434336804129604,0.5837876733319748,6,0.5837876733319748,1.5985275549986093,1.4299819177899287,0.06633303068051045,2.0448482852061622,"[89, 184, 279, 374, 469, 564]","[""insufficient_post_history""]",7,6
0,0,0,0,3,3,0,0,0,0,3,3,True,2,y,noise_baseline_short,8,"[754, 849, 944]",,0.22087431226587495,0.4417486245317499,0.39122061202641706,3,0.39122061202641706,0.9059528023071066,0.677613976997946,0.4417486245317499,0.45916070182297297,"[469, 564, 659]",[],8,3
1,0,1,0,3,3,0,0,0,0,4,4,False,2,y,noise_baseline_short,8,"[754, 849, 944]",,0.1258324551772196,0.3578352146424647,0.27839261283162103,4,0.27839261283162103,0.6522500780647587,0.5567852256632421,0.3774973655316588,0.3100097875168674,"[374, 469, 564, 659]","[""insufficient_post_history""]",8,4
2,0,2,0,3,3,0,0,0,0,5,5,False,2,y,within_tolerance_under_iid,8,"[754, 849, 944]",,0.7074696682313487,0.6147649313294126,0.6796694828899726,5,0.6796694828899726,1.1879785077692149,1.5197871659741091,2.829878672925395,2.3097530298596145,"[279, 374, 469, 564, 659]","[""insufficient_post_history""]",8,5
3,0,3,0,3,3,0,0,0,0,6,6,False,2,y,within_tolerance_under_iid,8,"[754, 849, 944]",,0.17352301100091844,0.665217680307171,0.6167959870143538,6,0.6167959870143538,1.6497113057548047,1.510835443581486,0.8676150550045922,2.2826237375820653,"[184, 279, 374, 469, 564, 659]","[""insufficient_post_history""]",8,6
1,0,1,0,2,2,0,0,0,0,3,3,False,2,y,review_trend,9,"[849, 944]",,1.8041901352554426,1.330435360614342,1.053552177632856,3,1.053552177632856,0.38681915369264397,1.8248059000849375,3.608380270510885,3.329916572984799,"[564, 659, 754]","[""insufficient_post_history""]",9,3
2,0,2,0,2,2,0,0,0,0,4,4,False,2,y,noise_baseline_short,9,"[849, 944]",,0.9489515963899222,0.665217680307171,0.7686722632956763,4,0.7686722632956763,1.1374838282072983,1.5373445265913526,2.8468547891697664,2.36342819344039,"[469, 564, 659, 754]","[""insufficient_post_history""]",9,4
3,0,3,0,2,2,0,0,0,0,5,5,False,2,y,within_tolerance_under_iid,9,"[849, 944]",,0.6428979302894695,0.4417486245317499,0.6187731762086318,5,0.6187731762086318,1.0838861232007624,1.3836188846559563,2.571591721157878,1.9144012179765926,"[374, 469, 564, 659, 754]","[""insufficient_post_history""]",9,5
4,0,4,0,2,2,0,0,0,0,6,6,False,2,y,within_tolerance_under_iid,9,"[849, 944]",,0.910620089581776,0.665217680307171,0.8105215242827366,6,0.8105215242827366,1.1398297743133279,1.9853641600355498,4.55310044790888,3.941670847953664,"[279, 374, 469, 564, 659, 754]","[""insufficient_post_history""]",9,6
2,0,2,0,1,1,0,0,0,0,3,3,False,2,y,noise_baseline_short,10,[944],,-1.311411607452321,2.277944909896543,1.4158971016095458,3,1.4158971016095458,2.9306973241459984,2.4524057182772463,2.622823214904642,6.0142938070389365,"[659, 754, 849]","[""insufficient_post_history""]",10,3
3,0,3,0,1,1,0,0,0,0,4,4,False,2,y,noise_baseline_short,10,[944],,-0.1599218652974357,1.311411607452321,1.0462880382724438,4,1.0462880382724438,2.5503675120835947,2.0925760765448875,0.47976559589230716,4.378874636127994,"[564, 659, 754, 849]","[""insufficient_post_history""]",10,4
4,0,4,0,1,1,0,0,0,0,5,5,False,2,y,within_tolerance_under_iid,10,[944],,-0.07537689102348992,0.8886867360825921,0.8104641934452261,5,0.8104641934452261,2.088079454118285,1.8122530298730652,0.3015075640939597,3.2842610442841047,"[469, 564, 659, 754, 849]","[""insufficient_post_history""]",10,5
5,0,5,0,1,1,0,0,0,0,6,6,False,2,y,within_tolerance_under_iid,10,[944],,-0.0013213704056954877,0.665217680307171,0.6635315393643751,6,0.6635315393643751,1.8171538567628296,1.6253136996861692,0.006606852028477439,2.641644622387543,"[374, 469, 564, 659, 754, 849]","[""insufficient_post_history""]",10,6
0,0,0,0,3,3,3,0,3,0,0,0,False,20,y,pre_data_incomplete,1,"[71, 166, 261]",,,,,,,,,,,[],"[""insufficient_pre_history""]",1,3
0,0,0,0,4,4,4,0,4,0,0,0,False,20,y,pre_data_incomplete,1,"[71, 166, 261, 356]",,,,,,,,,,,[],"[""insufficient_pre_history""]",1,4
0,0,0,0,5,5,5,0,5,0,0,0,False,20,y,pre_data_incomplete,1,"[71, 166, 261, 356, 451]",,,,,,,,,,,[],"[""insufficient_pre_history""]",1,5
0,0,0,0,6,6,6,0,6,0,0,0,False,20,y,pre_data_incomplete,1,"[71, 166, 261, 356, 451, 546]",,,,,,,,,,,[],"[""insufficient_pre_history""]",1,6
0,0,0,0,3,3,2,0,2,0,1,1,False,20,y,pre_data_incomplete,2,"[166, 261, 356]",,,,,,,,,,,[71],"[""insufficient_pre_history""]",2,3
0,0,0,0,4,4,3,0,3,0,1,1,False,20,y,pre_data_incomplete,2,"[166, 261, 356, 451]",,,,,,,,,,,[71],"[""insufficient_pre_history""]",2,4
0,0,0,0,5,5,4,0,4,0,1,1,False,20,y,pre_data_incomplete,2,"[166, 261, 356, 451, 546]",,,,,,,,,,,[71],"[""insufficient_pre_history""]",2,5
0,0,0,0,6,6,5,0,5,0,1,1,False,20,y,pre_data_incomplete,2,"[166, 261, 356, 451, 546, 641]",,,,,,,,,,,[71],"[""insufficient_pre_history""]",2,6
0,0,0,0,3,3,1,0,1,0,2,2,False,20,y,pre_data_incomplete,3,"[261, 356, 451]",,,,,,,,,,,"[71, 166]","[""insufficient_pre_history""]",3,3
0,0,0,0,4,4,2,0,2,0,2,2,False,20,y,pre_data_incomplete,3,"[261, 356, 451, 546]",,,,,,,,,,,"[71, 166]","[""insufficient_pre_history""]",3,4
0,0,0,0,5,5,3,0,3,0,2,2,False,20,y,pre_data_incomplete,3,"[261, 356, 451, 546, 641]",,,,,,,,,,,"[71, 166]","[""insufficient_pre_history""]",3,5
0,0,0,0,6,6,4,0,4,0,2,2,False,20,y,pre_data_incomplete,3,"[261, 356, 451, 546, 641, 736]",,,,,,,,,,,"[71, 166]","[""insufficient_pre_history""]",3,6
0,0,0,0,3,3,0,0,0,0,3,3,True,20,y,review_trend,4,"[356, 451, 546]",,2.2671526588587367,2.0930719952735073,1.3102267663417402,3,1.3102267663417402,0.14213626662297,2.2693793287405697,4.5343053177174735,5.150082537714998,"[71, 166, 261]",[],4,3
0,0,0,0,4,4,1,0,1,0,3,3,False,20,y,pre_data_incomplete,4,"[356, 451, 546, 641]",,,,,,,,,,,"[71, 166, 261]","[""insufficient_pre_history""]",4,4
0,0,0,0,5,5,2,0,2,0,3,3,False,20,y,pre_data_incomplete,4,"[356, 451, 546, 641, 736]",,,,,,,,,,,"[71, 166, 261]","[""insufficient_pre_history""]",4,5
0,0,0,0,6,6,3,0,3,0,3,3,False,20,y,pre_data_incomplete,4,"[356, 451, 546, 641, 736, 831]",,,,,,,,,,,"[71, 166, 261]","[""insufficient_pre_history""]",4,6
0,0,0,0,3,3,0,0,0,0,3,3,True,20,y,noise_baseline_short,5,"[451, 546, 641]",,-0.1362085403719282,0.2724170807438564,0.8627388465170819,3,0.8627388465170819,2.1044724685291674,1.4943075158309533,0.2724170807438564,2.2329549518688747,"[166, 261, 356]",[],5,3
0,0,0,0,4,4,0,0,0,0,4,4,True,20,y,noise_baseline_short,5,"[451, 546, 641, 736]",,0.7903198066032918,1.0465359976367536,0.9315465313200656,4,0.9315465313200656,1.9092302502089717,1.8630930626401312,2.3709594198098753,3.4711157600577836,"[71, 166, 261, 356]",[],5,4
0,0,0,0,5,5,1,0,1,0,4,4,False,20,y,pre_data_incomplete,5,"[451, 546, 641, 736, 831]",,,,,,,,,,,"[71, 166, 261, 356]","[""insufficient_pre_history""]",5,5
0,0,0,0,6,6,2,0,2,0,4,4,False,20,y,pre_data_incomplete,5,"[451, 546, 641, 736, 831, 926]",,,,,,,,,,,"[71, 166, 261, 356]","[""insufficient_pre_history""]",5,6
0,0,0,0,3,3,0,0,0,0,3,3,True,20,y,noise_baseline_short,6,"[546, 641, 736]",,0.4574352570134626,0.9148705140269251,1.0895220821489242,3,1.0895220821489242,2.589180599383291,1.8871076022501687,0.9148705140269252,3.5611751024703806,"[261, 356, 451]",[],6,3
0,0,0,0,4,4,0,0,0,0,4,4,True,20,y,noise_baseline_short,6,"[546, 641, 736, 831]",,0.7354661106224852,1.3568252015939117,0.8975001715005493,4,0.8975001715005493,1.865680397971656,1.7950003430010986,2.206398331867456,3.2220262313740613,"[166, 261, 356, 451]",[],6,4
0,0,0,0,5,5,0,0,0,0,5,5,True,20,y,within_tolerance_under_iid,6,"[546, 641, 736, 831, 926]",,1.062593458274494,2.0930719952735073,0.9829216216526939,5,0.9829216216526939,1.6362202083429702,2.197879562569753,4.250373833097976,4.830674571561808,"[71, 166, 261, 356, 451]",[],6,5
1,0,1,0,5,5,1,0,1,0,5,5,False,20,y,pre_data_incomplete,6,"[546, 641, 736, 831, 926]",,,,,,,,,,,"[71, 166, 261, 356, 451]","[""insufficient_pre_history"", ""insufficient_post_history""]",6,6
0,0,0,0,3,3,0,0,0,0,3,3,True,20,y,noise_baseline_short,7,"[641, 736, 831]",,0.7531952651964101,1.5063905303928202,1.0524789218104484,3,1.0524789218104484,2.3476935639267578,1.8229469664710083,1.5063905303928202,3.3231356425658514,"[356, 451, 546]",[],7,3
0,0,0,0,4,4,0,0,0,0,4,4,True,20,y,noise_baseline_short,7,"[641, 736, 831, 926]",,0.0006741298829739062,1.061065193410964,0.7852438159579991,4,0.7852438159579991,1.9234463774365878,1.5704876319159982,0.0020223896489217187,2.46643140200112,"[261, 356, 451, 546]",[],7,4
1,0,1,0,4,4,0,0,0,0,5,5,False,20,y,within_tolerance_under_iid,7,"[641, 736, 831, 926]",,0.3382817413324853,1.2339734496489638,0.6958241980566532,5,0.6958241980566532,1.6871159737684809,1.5559102072439537,1.3531269653299411,2.420856573005923,"[166, 261, 356, 451, 546]","[""insufficient_post_history""]",7,5
2,0,2,0,4,4,0,0,0,0,6,6,False,20,y,within_tolerance_under_iid,7,"[641, 736, 831, 926]",,0.6854253808810631,1.3568252015939117,0.8077249927606867,6,0.8077249927606867,1.6845586027709458,1.9785140847569187,3.4271269044053154,3.914517983581508,"[71, 166, 261, 356, 451, 546]","[""insufficient_post_history""]",7,6
0,0,0,0,3,3,0,0,0,0,3,3,True,20,y,noise_baseline_short,8,"[736, 831, 926]",,-0.8622549659391834,0.39762045494356124,0.6513010018421096,3,0.6513010018421096,1.0286839735456408,1.1280864262110446,1.7245099318783668,1.2725789850016067,"[451, 546, 641]",[],8,3
1,0,1,0,3,3,0,0,0,0,4,4,False,20,y,noise_baseline_short,8,"[736, 831, 926]",,0.35899025691872166,0.9520054926681908,0.7457673371966926,4,0.7457673371966926,1.7363261548367714,1.4915346743933853,1.0769707707561649,2.2246756849177816,"[356, 451, 546, 641]","[""insufficient_post_history""]",8,4
2,0,2,0,3,3,0,0,0,0,5,5,False,20,y,within_tolerance_under_iid,8,"[736, 831, 926]",,-0.011288830531006332,0.8096394178514418,0.608358341560059,5,0.608358341560059,1.5706392602978072,1.3603306064073273,0.04515532212402533,1.8504993587285268,"[261, 356, 451, 546, 641]","[""insufficient_post_history""]",8,5
3,0,3,0,3,3,0,0,0,0,6,6,False,20,y,within_tolerance_under_iid,8,"[736, 831, 926]",,0.23327745205121042,1.2206166612219835,0.5700489281153321,6,0.5700489281153321,1.4829322257559379,1.3963290023030512,1.166387260256052,1.9497346826726345,"[166, 261, 356, 451, 546, 641]","[""insufficient_post_history""]",8,6
1,0,1,0,2,2,0,0,0,0,3,3,False,20,y,noise_baseline_short,9,"[831, 926]",,0.39140626834762327,0.3851920817516853,0.2259880077497929,3,0.2259880077497929,0.005073862108830262,0.3914227113239105,0.7828125366952465,0.15321173894016138,"[546, 641, 736]","[""insufficient_post_history""]",9,3
2,0,2,0,2,2,0,0,0,0,4,4,False,20,y,noise_baseline_short,9,"[831, 926]",,-0.3620333095436484,0.39140626834762327,0.4607605718883236,4,0.4607605718883236,0.9726929292399078,0.9215211437766472,1.0860999286309452,0.84920121842742,"[451, 546, 641, 736]","[""insufficient_post_history""]",9,4
3,0,3,0,2,2,0,0,0,0,5,5,False,20,y,within_tolerance_under_iid,9,"[831, 926]",,0.28538962022977665,0.39762045494356124,0.5872946416620722,5,0.5872946416620722,1.4240584689717712,1.3132307415777738,1.1415584809191066,1.7245749806249095,"[356, 451, 546, 641, 736]","[""insufficient_post_history""]",9,5
4,0,4,0,2,2,0,0,0,0,6,6,False,20,y,within_tolerance_under_iid,9,"[831, 926]",,0.04193331110538385,0.6036299363975015,0.4999196274801333,6,0.4999196274801333,1.3662738536839611,1.2245479997285738,0.20966655552691923,1.499517803639251,"[261, 356, 451, 546, 641, 736]","[""insufficient_post_history""]",9,6
2,0,2,0,1,1,0,0,0,0,3,3,False,20,y,noise_baseline_short,10,[926],,-0.1648121972995893,0.3296243945991786,0.20655746795474206,3,0.20655746795474206,0.44907661334098464,0.35776802918039347,0.3296243945991786,0.12799796270362285,"[641, 736, 831]","[""insufficient_post_history""]",10,3
3,0,3,0,1,1,0,0,0,0,4,4,False,20,y,noise_baseline_short,10,[926],,0.058918026278483325,0.19881022747178062,0.17932214576942626,4,0.17932214576942626,0.4292554684901848,0.3586442915388525,0.17675407883544997,0.12862572785340545,"[546, 641, 736, 831]","[""insufficient_post_history""]",10,4
4,0,4,0,1,1,0,0,0,0,5,5,False,20,y,within_tolerance_under_iid,10,[926],,-0.33254561162598445,0.3851920817516853,0.3877385814300957,5,0.3877385814300957,0.7960230969160502,0.8670098255770317,1.3301824465039378,0.7517060376471149,"[451, 546, 641, 736, 831]","[""insufficient_post_history""]",10,5
5,0,5,0,1,1,0,0,0,0,6,6,False,20,y,within_tolerance_under_iid,10,[926],,0.12147428166427228,0.39140626834762327,0.48197452031204446,6,0.48197452031204446,1.2952560680757654,1.1805916437871953,0.6073714083213614,1.393796629380152,"[356, 451, 546, 641, 736, 831]","[""insufficient_post_history""]",10,6
0,0,0,0,3,3,3,0,3,0,0,0,False,21,y,pre_data_incomplete,1,"[70, 165, 260]",,,,,,,,,,,[],"[""insufficient_pre_history""]",1,3
0,0,0,0,4,4,4,0,4,0,0,0,False,21,y,pre_data_incomplete,1,"[70, 165, 260, 355]",,,,,,,,,,,[],"[""insufficient_pre_history""]",1,4
0,0,0,0,5,5,5,0,5,0,0,0,False,21,y,pre_data_incomplete,1,"[70, 165, 260, 355, 450]",,,,,,,,,,,[],"[""insufficient_pre_history""]",1,5
0,0,0,0,6,6,6,0,6,0,0,0,False,21,y,pre_data_incomplete,1,"[70, 165, 260, 355, 450, 545]",,,,,,,,,,,[],"[""insufficient_pre_history""]",1,6
0,0,0,0,3,3,2,0,2,0,1,1,False,21,y,pre_data_incomplete,2,"[165, 260, 355]",,,,,,,,,,,[70],"[""insufficient_pre_history""]",2,3
0,0,0,0,4,4,3,0,3,0,1,1,False,21,y,pre_data_incomplete,2,"[165, 260, 355, 450]",,,,,,,,,,,[70],"[""insufficient_pre_history""]",2,4
0,0,0,0,5,5,4,0,4,0,1,1,False,21,y,pre_data_incomplete,2,"[165, 260, 355, 450, 545]",,,,,,,,,,,[70],"[""insufficient_pre_history""]",2,5
0,0,0,0,6,6,5,0,5,0,1,1,False,21,y,pre_data_incomplete,2,"[165, 260, 355, 450, 545, 640]",,,,,,,,,,,[70],"[""insufficient_pre_history""]",2,6
0,0,0,0,3,3,1,0,1,0,2,2,False,21,y,pre_data_incomplete,3,"[260, 355, 450]",,,,,,,,,,,"[70, 165]","[""insufficient_pre_history""]",3,3
0,0,0,0,4,4,2,0,2,0,2,2,False,21,y,pre_data_incomplete,3,"[260, 355, 450, 545]",,,,,,,,,,,"[70, 165]","[""insufficient_pre_history""]",3,4
0,0,0,0,5,5,3,0,3,0,2,2,False,21,y,pre_data_incomplete,3,"[260, 355, 450, 545, 640]",,,,,,,,,,,"[70, 165]","[""insufficient_pre_history""]",3,5
0,0,0,0,6,6,4,0,4,0,2,2,False,21,y,pre_data_incomplete,3,"[260, 355, 450, 545, 640, 735]",,,,,,,,,,,"[70, 165]","[""insufficient_pre_history""]",3,6
0,0,0,0,3,3,0,0,0,0,3,3,True,21,y,review_trend,4,"[355, 450, 545]",,3.406952577268555,2.9742959339780857,1.9722848949675358,3,1.9722848949675358,0.3532626699623352,3.4160976450844185,6.81390515453711,11.66972312075131,"[70, 165, 260]",[],4,3
0,0,0,0,4,4,1,0,1,0,3,3,False,21,y,pre_data_incomplete,4,"[355, 450, 545, 640]",,,,,,,,,,,"[70, 165, 260]","[""insufficient_pre_history""]",4,4
0,0,0,0,5,5,2,0,2,0,3,3,False,21,y,pre_data_incomplete,4,"[355, 450, 545, 640, 735]",,,,,,,,,,,"[70, 165, 260]","[""insufficient_pre_history""]",4,5
0,0,0,0,6,6,3,0,3,0,3,3,False,21,y,pre_data_incomplete,4,"[355, 450, 545, 640, 735, 830]",,,,,,,,,,,"[70, 165, 260]","[""insufficient_pre_history""]",4,6
0,0,0,0,3,3,0,0,0,0,3,3,True,21,y,noise_baseline_short,5,"[450, 545, 640]",,-0.01924063203280435,0.0384812640656087,0.9979073536270978,3,0.9979073536270978,2.444212371030018,1.7284262377287358,0.0384812640656087,2.987457259269113,"[165, 260, 355]",[],5,3
0,0,0,0,4,4,0,0,0,0,4,4,True,21,y,noise_baseline_short,5,"[450, 545, 640, 735]",,1.4377679803458334,1.5063885990218473,1.3960153094229766,4,1.3960153094229766,2.554449167940249,2.792030618845953,4.3133039410375,7.795434976573315,"[70, 165, 260, 355]",[],5,4
0,0,0,0,5,5,1,0,1,0,4,4,False,21,y,pre_data_incomplete,5,"[450, 545, 640, 735, 830]",,,,,,,,,,,"[70, 165, 260, 355]","[""insufficient_pre_history""]",5,5
0,0,0,0,6,6,2,0,2,0,4,4,False,21,y,pre_data_incomplete,5,"[450, 545, 640, 735, 830, 925]",,,,,,,,,,,"[70, 165, 260, 355]","[""insufficient_pre_history""]",5,6
0,0,0,0,3,3,0,0,0,0,3,3,True,21,y,review_trend,6,"[545, 640, 735]",,-1.8232766115982315,0.6337760251527681,1.1248666317172147,3,1.1248666317172147,0.9712231618442457,1.9483261578730844,3.646553223196463,3.7959748174524948,"[260, 355, 450]",[],6,3
0,0,0,0,4,4,0,0,0,0,4,4,True,21,y,noise_baseline_short,6,"[545, 640, 735, 830]",,-0.5029549065698825,0.3361286446091884,0.8174617202834953,4,0.8174617202834953,1.837675947947927,1.6349234405669906,1.5088647197096474,2.672974656515406,"[165, 260, 355, 450]",[],6,4
0,0,0,0,5,5,0,0,0,0,5,5,True,21,y,high_noise_under_iid,6,"[545, 640, 735, 830, 925]",,0.6296222598615688,0.6337760251527681,1.0850266830747404,5,1.0850266830747404,2.5548265537052,2.42619342075624,2.5184890394462753,5.886414514920865,"[70, 165, 260, 355, 450]",[],6,5
1,0,1,0,5,5,1,0,1,0,5,5,False,21,y,pre_data_incomplete,6,"[545, 640, 735, 830, 925]",,,,,,,,,,,"[70, 165, 260, 355, 450]","[""insufficient_pre_history"", ""insufficient_post_history""]",6,6
0,0,0,0,3,3,0,0,0,0,3,3,True,21,y,noise_baseline_short,7,"[640, 735, 830]",,-0.00022453488027812663,0.00044906976055625325,0.21118386987915697,3,0.21118386987915697,0.5172926256491536,0.3657811923697145,0.00044906976055625325,0.1337958806914101,"[355, 450, 545]",[],7,3
0,0,0,0,4,4,0,0,0,0,4,4,True,21,y,noise_baseline_short,7,"[640, 735, 830, 925]",,-0.9673454828565522,0.316888012576384,0.8197622200953371,4,0.8197622200953371,1.3010255097292966,1.6395244401906741,2.902036448569657,2.6880403899825436,"[260, 355, 450, 545]",[],7,4
1,0,1,0,4,4,0,0,0,0,5,5,False,21,y,within_tolerance_under_iid,7,"[640, 735, 830, 925]",,-0.3724413890848792,0.0384812640656087,0.6446537615197186,5,0.6446537615197186,1.5192589818500009,1.4414896327090292,1.489765556339517,2.077892361207612,"[165, 260, 355, 450, 545]","[""insufficient_post_history""]",7,5
2,0,2,0,4,4,0,0,0,0,6,6,False,21,y,within_tolerance_under_iid,7,"[640, 735, 830, 925]",,0.3992527247990135,0.33612864460918834,0.8871164324322611,6,0.8871164324322611,2.2814315144882236,2.1729826018972296,1.9962636239950675,4.7218533881480536,"[70, 165, 260, 355, 450, 545]","[""insufficient_post_history""]",7,6
0,0,0,0,3,3,0,0,0,0,3,3,True,21,y,noise_baseline_short,8,"[735, 830, 925]",,-0.8236810614788701,0.6333269553922118,0.6797241135068025,3,0.6797241135068025,1.189642064159525,1.1773166997234965,1.6473621229577402,1.3860746114478257,"[450, 545, 640]",[],8,3
1,0,1,0,3,3,0,0,0,0,4,4,False,21,y,noise_baseline_short,8,"[735, 830, 925]",,-0.6210087488939313,0.31688801257638405,0.5385495793327297,4,0.5385495793327297,0.8809564296205268,1.0770991586654595,1.863026246681794,1.1601425975978403,"[355, 450, 545, 640]","[""insufficient_post_history""]",8,4
2,0,2,0,3,3,0,0,0,0,5,5,False,21,y,within_tolerance_under_iid,8,"[735, 830, 925]",,-1.0588279762068962,0.6333269553922118,0.8567436037640614,5,0.8567436037640614,1.0753333157411717,1.9157369373045863,4.235311904827585,3.670048012953156,"[260, 355, 450, 545, 640]","[""insufficient_post_history""]",8,5
3,0,3,0,3,3,0,0,0,0,6,6,False,21,y,within_tolerance_under_iid,8,"[735, 830, 925]",,-0.6077586254127458,0.33612864460918834,0.6995353895454434,6,0.6995353895454434,1.4332226160328356,1.7135047614053982,3.0387931270637294,2.9360985673589703,"[165, 260, 355, 450, 545, 640]","[""insufficient_post_history""]",8,6
1,0,1,0,2,2,0,0,0,0,3,3,False,21,y,noise_baseline_short,9,"[830, 925]",,2.1512491506448574,2.280689078349952,1.93004591741798,3,1.93004591741798,3.618662410857143,3.3429375899088267,4.302498301289715,11.175231730025436,"[545, 640, 735]","[""insufficient_post_history""]",9,3
2,0,2,0,2,2,0,0,0,0,4,4,False,21,y,noise_baseline_short,9,"[830, 925]",,1.2526786691695828,1.140344539174976,1.4033343206244104,4,1.4033343206244104,2.809461455897386,2.806668641248821,3.7580360075087484,7.877388861769502,"[450, 545, 640, 735]","[""insufficient_post_history""]",9,4
3,0,3,0,2,2,0,0,0,0,5,5,False,21,y,high_noise_under_iid,9,"[830, 925]",,0.6956736340100577,0.6333269553922118,1.0892270536220707,5,1.0892270536220707,2.509229193482649,2.435585734830759,2.7826945360402306,5.932077871711089,"[355, 450, 545, 640, 735]","[""insufficient_post_history""]",9,5
4,0,4,0,2,2,0,0,0,0,6,6,False,21,y,within_tolerance_under_iid,9,"[830, 925]",,0.006750647956800195,1.45723255175136,0.9993971207639761,6,0.9993971207639761,2.7369253119560377,2.4480129962784005,0.03375323978400097,5.992767629947951,"[260, 355, 450, 545, 640, 735]","[""insufficient_post_history""]",9,6
2,0,2,0,1,1,0,0,0,0,3,3,False,21,y,noise_baseline_short,10,[925],,1.1171502392773434,2.2343004785546867,1.9328055598927978,3,1.9328055598927978,4.463000636329802,3.347717430885936,2.2343004785546867,11.207211997057533,"[640, 735, 830]","[""insufficient_post_history""]",10,3
3,0,3,0,1,1,0,0,0,0,4,4,False,21,y,noise_baseline_short,10,[925],,0.6444021580253871,1.140344539174976,1.3765783228507331,4,1.3765783228507331,3.2142918225459534,2.7531566457014662,1.9332064740761614,7.57987151577015,"[545, 640, 735, 830]","[""insufficient_post_history""]",10,4
4,0,4,0,1,1,0,0,0,0,5,5,False,21,y,high_noise_under_iid,10,[925],,0.5476375012483607,0.5869383555969464,1.089863435406446,5,1.089863435406446,2.630397804451089,2.4370087277602646,2.190550004993443,5.9390115391797025,"[450, 545, 640, 735, 830]","[""insufficient_post_history""]",10,5
5,0,5,0,1,1,0,0,0,0,6,6,False,21,y,within_tolerance_under_iid,10,[925],,0.35121709554047764,0.31688801257638405,0.8909898229992156,6,0.8909898229992156,2.326864875596945,2.1824704323607778,1.7560854777023882,4.763177188129041,"[355, 450, 545, 640, 735, 830]","[""insufficient_post_history""]",10,6
0,0,0,0,3,3,3,0,3,0,0,0,False,22,y,pre_data_incomplete,1,"[69, 164, 259]",,,,,,,,,,,[],"[""insufficient_pre_history""]",1,3
0,0,0,0,4,4,4,0,4,0,0,0,False,22,y,pre_data_incomplete,1,"[69, 164, 259, 354]",,,,,,,,,,,[],"[""insufficient_pre_history""]",1,4
0,0,0,0,5,5,5,0,5,0,0,0,False,22,y,pre_data_incomplete,1,"[69, 164, 259, 354, 449]",,,,,,,,,,,[],"[""insufficient_pre_history""]",1,5
0,0,0,0,6,6,6,0,6,0,0,0,False,22,y,pre_data_incomplete,1,"[69, 164, 259, 354, 449, 544]",,,,,,,,,,,[],"[""insufficient_pre_history""]",1,6
0,0,0,0,3,3,2,0,2,0,1,1,False,22,y,pre_data_incomplete,2,"[164, 259, 354]",,,,,,,,,,,[69],"[""insufficient_pre_history""]",2,3
0,0,0,0,4,4,3,0,3,0,1,1,False,22,y,pre_data_incomplete,2,"[164, 259, 354, 449]",,,,,,,,,,,[69],"[""insufficient_pre_history""]",2,4
0,0,0,0,5,5,4,0,4,0,1,1,False,22,y,pre_data_incomplete,2,"[164, 259, 354, 449, 544]",,,,,,,,,,,[69],"[""insufficient_pre_history""]",2,5
0,0,0,0,6,6,5,0,5,0,1,1,False,22,y,pre_data_incomplete,2,"[164, 259, 354, 449, 544, 639]",,,,,,,,,,,[69],"[""insufficient_pre_history""]",2,6
0,0,0,0,3,3,1,0,1,0,2,2,False,22,y,pre_data_incomplete,3,"[259, 354, 449]",,,,,,,,,,,"[69, 164]","[""insufficient_pre_history""]",3,3
0,0,0,0,4,4,2,0,2,0,2,2,False,22,y,pre_data_incomplete,3,"[259, 354, 449, 544]",,,,,,,,,,,"[69, 164]","[""insufficient_pre_history""]",3,4
0,0,0,0,5,5,3,0,3,0,2,2,False,22,y,pre_data_incomplete,3,"[259, 354, 449, 544, 639]",,,,,,,,,,,"[69, 164]","[""insufficient_pre_history""]",3,5
0,0,0,0,6,6,4,0,4,0,2,2,False,22,y,pre_data_incomplete,3,"[259, 354, 449, 544, 639, 734]",,,,,,,,,,,"[69, 164]","[""insufficient_pre_history""]",3,6
0,0,0,0,3,3,0,0,0,0,3,3,True,22,y,noise_baseline_short,4,"[354, 449, 544]",,-0.3202345103700376,0.41471766144022043,0.306921111786876,3,0.306921111786876,0.6000859354284823,0.5316029595303962,0.6404690207400752,0.28260170658147604,"[69, 164, 259]",[],4,3
0,0,0,0,4,4,1,0,1,0,3,3,False,22,y,pre_data_incomplete,4,"[354, 449, 544, 639]",,,,,,,,,,,"[69, 164, 259]","[""insufficient_pre_history""]",4,4
0,0,0,0,5,5,2,0,2,0,3,3,False,22,y,pre_data_incomplete,4,"[354, 449, 544, 639, 734]",,,,,,,,,,,"[69, 164, 259]","[""insufficient_pre_history""]",4,5
0,0,0,0,6,6,3,0,3,0,3,3,False,22,y,pre_data_incomplete,4,"[354, 449, 544, 639, 734, 829]",,,,,,,,,,,"[69, 164, 259]","[""insufficient_pre_history""]",4,6
0,0,0,0,3,3,0,0,0,0,3,3,True,22,y,noise_baseline_short,5,"[449, 544, 639]",,-0.5996410457759482,0.14409540937160092,0.3780402650783909,3,0.3780402650783909,0.3719514545806946,0.6547849464225793,1.1992820915518965,0.42874332606162013,"[164, 259, 354]",[],5,3
0,0,0,0,4,4,0,0,0,0,4,4,True,22,y,noise_baseline_short,5,"[449, 544, 639, 734]",,-0.34088799725153235,0.39228221505583805,0.28026002088107005,4,0.28026002088107005,0.4251617446927053,0.5605200417621401,1.022663991754597,0.3141827172170313,"[69, 164, 259, 354]",[],5,4
0,0,0,0,5,5,1,0,1,0,4,4,False,22,y,pre_data_incomplete,5,"[449, 544, 639, 734, 829]",,,,,,,,,,,"[69, 164, 259, 354]","[""insufficient_pre_history""]",5,5
0,0,0,0,6,6,2,0,2,0,4,4,False,22,y,pre_data_incomplete,5,"[449, 544, 639, 734, 829, 924]",,,,,,,,,,,"[69, 164, 259, 354]","[""insufficient_pre_history""]",5,6
0,0,0,0,3,3,0,0,0,0,3,3,True,22,y,noise_baseline_short,6,"[544, 639, 734]",,-0.7449178096483686,0.14409540937160092,0.4744230632004292,3,0.4744230632004292,0.49056943557077043,0.8217248497456039,1.4898356192967372,0.6752317286894353,"[259, 354, 449]",[],6,3
0,0,0,0,4,4,0,0,0,0,4,4,True,22,y,review_trend,6,"[544, 639, 734, 829]",,-0.77791623138027,0.5996410457759482,0.5220198223511212,4,0.5220198223511212,0.34949107564109966,1.0440396447022424,2.33374869414081,1.0900187797099847,"[164, 259, 354, 449]",[],6,4
0,0,0,0,5,5,0,0,0,0,5,5,True,22,y,within_tolerance_under_iid,6,"[544, 639, 734, 829, 924]",,-0.5459891371625522,0.6404690207400751,0.4337759313991135,5,0.4337759313991135,0.5106172063389846,0.9699524696117033,2.1839565486502086,0.9408077933058422,"[69, 164, 259, 354, 449]",[],6,5
1,0,1,0,5,5,1,0,1,0,5,5,False,22,y,pre_data_incomplete,6,"[544, 639, 734, 829, 924]",,,,,,,,,,,"[69, 164, 259, 354, 449]","[""insufficient_pre_history"", ""insufficient_post_history""]",6,6
0,0,0,0,3,3,0,0,0,0,3,3,True,22,y,noise_baseline_short,7,"[639, 734, 829]",,1.1924404972587337,1.3457402099251363,1.09077466462186,3,1.09077466462186,2.0724158691923478,1.8892771387339637,2.3848809945174674,3.5693681069427927,"[354, 449, 544]",[],7,3
0,0,0,0,4,4,0,0,0,0,4,4,True,22,y,noise_baseline_short,7,"[639, 734, 829, 924]",,0.5376616545512463,0.7449178096483686,0.7729502778825956,4,0.7729502778825956,1.6917484019604485,1.5459005557651913,1.6129849636537388,2.3898085283151267,"[259, 354, 449, 544]",[],7,4
1,0,1,0,4,4,0,0,0,0,5,5,False,22,y,within_tolerance_under_iid,7,"[639, 734, 829, 924]",,0.08813621866344044,1.0551866821802955,0.6253973303658874,5,0.6253973303658874,1.6067313077770324,1.3984309436450177,0.3525448746537618,1.9556091041438945,"[164, 259, 354, 449, 544]","[""insufficient_post_history""]",7,5
2,0,2,0,4,4,0,0,0,0,6,6,False,22,y,within_tolerance_under_iid,7,"[639, 734, 829, 924]",,0.006354871663607353,0.5996410457759482,0.5132095397203027,6,0.5132095397203027,1.4054193522668936,1.2571015034433572,0.031774358318036766,1.5803041899595491,"[69, 164, 259, 354, 449, 544]","[""insufficient_post_history""]",7,6
0,0,0,0,3,3,0,0,0,0,3,3,True,22,y,noise_baseline_short,8,"[734, 829, 924]",,0.4131629329949922,0.8263258659899844,1.1312549673506287,3,1.1312549673506287,2.708693336007379,1.9593910797659604,0.8263258659899844,3.839213403466416,"[449, 544, 639]",[],8,3
1,0,1,0,3,3,0,0,0,0,4,4,False,22,y,noise_baseline_short,8,"[734, 829, 924]",,0.21723781726371483,0.6728701049625682,0.8010896973303516,4,0.8010896973303516,1.9319646854663906,1.6021793946607032,0.6517134517911445,2.566978812675338,"[354, 449, 544, 639]","[""insufficient_post_history""]",8,4
2,0,2,0,3,3,0,0,0,0,5,5,False,22,y,within_tolerance_under_iid,8,"[734, 829, 924]",,0.10578614879039616,0.519414343935152,0.620527877238098,5,0.620527877238098,1.5905124788186316,1.3875425154380316,0.42314459516158465,1.9252742321481005,"[259, 354, 449, 544, 639]","[""insufficient_post_history""]",8,5
3,0,3,0,3,3,0,0,0,0,6,6,False,22,y,within_tolerance_under_iid,8,"[734, 829, 924]",,-0.09191044662636512,0.8593482177435243,0.5369351389724951,6,0.5369351389724951,1.4578364556268701,1.3152171154529868,0.4595522331318256,1.7297960607804754,"[164, 259, 354, 449, 544, 639]","[""insufficient_post_history""]",8,6
1,0,1,0,2,2,0,0,0,0,3,3,False,22,y,noise_baseline_short,9,"[829, 924]",,0.28827887898691434,0.5765577579738286,1.0771280884354526,3,1.0771280884354526,2.6067259328973895,1.8656405754297465,0.5765577579738287,3.4806147566898353,"[544, 639, 734]","[""insufficient_post_history""]",9,3
2,0,2,0,2,2,0,0,0,0,4,4,False,22,y,noise_baseline_short,9,"[829, 924]",,1.0017241548796676,1.740426548213224,1.0610119792194324,4,1.0610119792194324,2.060546120354835,2.1220239584388647,3.005172464639003,4.502985680188549,"[449, 544, 639, 734]","[""insufficient_post_history""]",9,4
3,0,3,0,2,2,0,0,0,0,5,5,False,22,y,within_tolerance_under_iid,9,"[829, 924]",,0.6749203370972576,1.3457402099251363,0.840085787157034,5,0.840085787157034,1.7850964475708597,1.878488927014548,2.6996813483890305,3.5287206489162677,"[354, 449, 544, 639, 734]","[""insufficient_post_history""]",9,5
4,0,4,0,2,2,0,0,0,0,6,6,False,22,y,within_tolerance_under_iid,9,"[829, 924]",,0.4645455682353035,1.0046249816159447,0.692072472851588,6,0.692072472851588,1.6272971450724505,1.6952244235125542,2.3227278411765178,2.873785846073472,"[259, 354, 449, 544, 639, 734]","[""insufficient_post_history""]",9,6
2,0,2,0,1,1,0,0,0,0,3,3,False,22,y,noise_baseline_short,10,[924],,-0.04567207355793734,0.09134414711587469,1.1758041026105706,3,1.1758041026105706,2.8793957438478186,2.0365524454694377,0.09134414711587469,4.147545863147547,"[639, 734, 829]","[""insufficient_post_history""]",10,3
3,0,3,0,1,1,0,0,0,0,4,4,False,22,y,noise_baseline_short,10,[924],,-0.5506065360279033,1.497819742784247,0.9423649479680074,4,0.9423649479680074,2.1378473465523338,1.8847298959360148,1.65181960808371,3.5522067806349815,"[544, 639, 734, 829]","[""insufficient_post_history""]",10,4
4,0,4,0,1,1,0,0,0,0,5,5,False,22,y,within_tolerance_under_iid,10,[924],,0.2046521195722048,0.8263258659899844,0.8736064280717175,5,0.8736064280717175,2.2244803829891406,1.9534433587491409,0.8186084782888192,3.815940955841125,"[449, 544, 639, 734, 829]","[""insufficient_post_history""]",10,5
5,0,5,0,1,1,0,0,0,0,6,6,False,22,y,within_tolerance_under_iid,10,[924],,0.19895568838690125,0.7185421785205054,0.7196852316089158,6,0.7196852316089158,1.9265056497388617,1.7628615928585751,0.9947784419345063,3.1076809955758726,"[354, 449, 544, 639, 734, 829]","[""insufficient_post_history""]",10,6
0,0,0,0,3,3,3,0,3,0,0,0,False,23,y,pre_data_incomplete,1,"[68, 163, 258]",,,,,,,,,,,[],"[""insufficient_pre_history""]",1,3
0,0,0,0,4,4,4,0,4,0,0,0,False,23,y,pre_data_incomplete,1,"[68, 163, 258, 353]",,,,,,,,,,,[],"[""insufficient_pre_history""]",1,4
0,0,0,0,5,5,5,0,5,0,0,0,False,23,y,pre_data_incomplete,1,"[68, 163, 258, 353, 448]",,,,,,,,,,,[],"[""insufficient_pre_history""]",1,5
0,0,0,0,6,6,6,0,6,0,0,0,False,23,y,pre_data_incomplete,1,"[68, 163, 258, 353, 448, 543]",,,,,,,,,,,[],"[""insufficient_pre_history""]",1,6
0,0,0,0,3,3,2,0,2,0,1,1,False,23,y,pre_data_incomplete,2,"[163, 258, 353]",,,,,,,,,,,[68],"[""insufficient_pre_history""]",2,3
0,0,0,0,4,4,3,0,3,0,1,1,False,23,y,pre_data_incomplete,2,"[163, 258, 353, 448]",,,,,,,,,,,[68],"[""insufficient_pre_history""]",2,4
0,0,0,0,5,5,4,0,4,0,1,1,False,23,y,pre_data_incomplete,2,"[163, 258, 353, 448, 543]",,,,,,,,,,,[68],"[""insufficient_pre_history""]",2,5
0,0,0,0,6,6,5,0,5,0,1,1,False,23,y,pre_data_incomplete,2,"[163, 258, 353, 448, 543, 638]",,,,,,,,,,,[68],"[""insufficient_pre_history""]",2,6
0,0,0,0,3,3,1,0,1,0,2,2,False,23,y,pre_data_incomplete,3,"[258, 353, 448]",,,,,,,,,,,"[68, 163]","[""insufficient_pre_history""]",3,3
0,0,0,0,4,4,2,0,2,0,2,2,False,23,y,pre_data_incomplete,3,"[258, 353, 448, 543]",,,,,,,,,,,"[68, 163]","[""insufficient_pre_history""]",3,4
0,0,0,0,5,5,3,0,3,0,2,2,False,23,y,pre_data_incomplete,3,"[258, 353, 448, 543, 638]",,,,,,,,,,,"[68, 163]","[""insufficient_pre_history""]",3,5
0,0,0,0,6,6,4,0,4,0,2,2,False,23,y,pre_data_incomplete,3,"[258, 353, 448, 543, 638, 733]",,,,,,,,,,,"[68, 163]","[""insufficient_pre_history""]",3,6
0,0,0,0,3,3,0,0,0,0,3,3,True,23,y,review_trend,4,"[353, 448, 543]",,2.3859521589619064,2.0490772581110774,1.3820993618159376,3,1.3820993618159376,0.27505720474506834,2.3938663157737246,4.771904317923813,5.730595937796067,"[68, 163, 258]",[],4,3
0,0,0,0,4,4,1,0,1,0,3,3,False,23,y,pre_data_incomplete,4,"[353, 448, 543, 638]",,,,,,,,,,,"[68, 163, 258]","[""insufficient_pre_history""]",4,4
0,0,0,0,5,5,2,0,2,0,3,3,False,23,y,pre_data_incomplete,4,"[353, 448, 543, 638, 733]",,,,,,,,,,,"[68, 163, 258]","[""insufficient_pre_history""]",4,5
0,0,0,0,6,6,3,0,3,0,3,3,False,23,y,pre_data_incomplete,4,"[353, 448, 543, 638, 733, 828]",,,,,,,,,,,"[68, 163, 258]","[""insufficient_pre_history""]",4,6
0,0,0,0,3,3,0,0,0,0,3,3,True,23,y,noise_baseline_short,5,"[448, 543, 638]",,0.5515065603148133,0.9460641374814509,0.5920957554980087,3,0.5920957554980087,1.2227613544481986,1.0255399314684306,1.1030131206296265,1.0517321510362734,"[163, 258, 353]",[],5,3
0,0,0,0,4,4,0,0,0,0,4,4,True,23,y,noise_baseline_short,5,"[448, 543, 638, 733]",,1.352659779943816,1.0245386290555387,1.0321125585578235,4,1.0321125585578235,1.34807892962635,2.064225117115647,4.057979339831448,4.261025334131106,"[68, 163, 258, 353]",[],5,4
0,0,0,0,5,5,1,0,1,0,4,4,False,23,y,pre_data_incomplete,5,"[448, 543, 638, 733, 828]",,,,,,,,,,,"[68, 163, 258, 353]","[""insufficient_pre_history""]",5,5
0,0,0,0,6,6,2,0,2,0,4,4,False,23,y,pre_data_incomplete,5,"[448, 543, 638, 733, 828, 923]",,,,,,,,,,,"[68, 163, 258, 353]","[""insufficient_pre_history""]",5,6
0,0,0,0,3,3,0,0,0,0,3,3,True,23,y,review_trend,6,"[543, 638, 733]",,-1.9226050166196271,0.9460641374814509,1.1567609105899894,3,1.1567609105899894,0.7973422889524766,2.003568669351501,3.8452100332392543,4.014287412806944,"[258, 353, 448]",[],6,3
0,0,0,0,4,4,0,0,0,0,4,4,True,23,y,noise_baseline_short,6,"[543, 638, 733, 828]",,-0.6334462462865982,1.0245386290555387,0.8257215654696658,4,0.8257215654696658,1.7572026789057658,1.6514431309393316,1.9003387388597945,2.7272644147267022,"[163, 258, 353, 448]",[],6,4
0,0,0,0,5,5,0,0,0,0,5,5,True,23,y,within_tolerance_under_iid,6,"[543, 638, 733, 828, 923]",,0.2956401689998743,1.7961327751281768,0.8854820516382197,5,0.8854820516382197,2.2216764075959903,1.9799980603190384,1.182560675999497,3.920392318867154,"[68, 163, 258, 353, 448]",[],6,5
1,0,1,0,5,5,1,0,1,0,5,5,False,23,y,pre_data_incomplete,6,"[543, 638, 733, 828, 923]",,,,,,,,,,,"[68, 163, 258, 353, 448]","[""insufficient_pre_history"", ""insufficient_post_history""]",6,6
0,0,0,0,3,3,0,0,0,0,3,3,True,23,y,noise_baseline_short,7,"[638, 733, 828]",,-0.30024221691968866,0.6004844338393773,0.8834739824088914,3,0.8834739824088914,2.1219959679318094,1.5302218246974124,0.6004844338393773,2.3415788327802782,"[353, 448, 543]",[],7,3
0,0,0,0,4,4,0,0,0,0,4,4,True,23,y,noise_baseline_short,7,"[638, 733, 828, 923]",,-0.7538791609720288,0.7732742856604142,0.8180510761367598,4,0.8180510761367598,1.6107175126760553,1.6361021522735195,2.261637482916086,2.676830252674043,"[258, 353, 448, 543]",[],7,4
1,0,1,0,4,4,0,0,0,0,5,5,False,23,y,within_tolerance_under_iid,7,"[638, 733, 828, 923]",,-0.28401526596587556,0.6004844338393773,0.6404369337648665,5,0.6404369337648665,1.5701955939294325,1.432060519199772,1.1360610638635023,2.0507973306507203,"[163, 258, 353, 448, 543]","[""insufficient_post_history""]",7,5
2,0,2,0,4,4,0,0,0,0,6,6,False,23,y,within_tolerance_under_iid,7,"[638, 733, 828, 923]",,0.27978046486139824,1.3247808459752273,0.7344670770390899,6,0.7344670770390899,1.924409469068646,1.7990695716191927,1.3989023243069911,3.236651323526065,"[68, 163, 258, 353, 448, 543]","[""insufficient_post_history""]",7,6
0,0,0,0,3,3,0,0,0,0,3,3,True,23,y,review_trend,8,"[733, 828, 923]",,3.509664317003626,2.2986614619184262,2.0661224759106958,3,2.0661224759106958,0.9887796906707803,3.5786291029373287,7.019328634007252,12.80658625639003,"[448, 543, 638]",[],8,3
1,0,1,0,3,3,0,0,0,0,4,4,False,23,y,noise_baseline_short,8,"[733, 828, 923]",,1.4659209676666771,1.4495729478789017,1.4618841425186655,4,1.4618841425186655,2.7295275723599466,2.923768285037331,4.397762903000031,8.548420984590134,"[353, 448, 543, 638]","[""insufficient_post_history""]",8,4
2,0,2,0,3,3,0,0,0,0,5,5,False,23,y,high_noise_under_iid,8,"[733, 828, 923]",,0.5747752767696618,0.9460641374814509,1.1433659551614692,5,1.1433659551614692,2.75935064587,2.5566439989000216,2.299101107078647,6.536428537111492,"[258, 353, 448, 543, 638]","[""insufficient_post_history""]",8,5
3,0,3,0,3,3,0,0,0,0,6,6,False,23,y,within_tolerance_under_iid,8,"[733, 828, 923]",,0.5307767909907168,1.0245386290555387,0.9629362771791269,6,0.9629362771791269,2.3920293782046147,2.3587025339040903,2.653883954953584,5.563477643445576,"[163, 258, 353, 448, 543, 638]","[""insufficient_post_history""]",8,6
1,0,1,0,2,2,0,0,0,0,3,3,False,23,y,noise_baseline_short,9,"[828, 923]",,-0.769666267122158,1.539332534244316,1.8832867180648596,3,1.8832867180648596,4.4828384812689315,3.2619482809079803,1.539332534244316,10.640306587318527,"[543, 638, 733]","[""insufficient_post_history""]",9,3
2,0,2,0,2,2,0,0,0,0,4,4,False,23,y,noise_baseline_short,9,"[828, 923]",,0.6998653955111156,1.1493307309592131,1.5743599157873187,4,1.5743599157873187,3.6942016643711115,3.1487198315746374,2.099596186533347,9.914436577751411,"[448, 543, 638, 733]","[""insufficient_post_history""]",9,4
3,0,3,0,2,2,0,0,0,0,5,5,False,23,y,high_noise_under_iid,9,"[828, 923]",,0.2739694697839865,1.539332534244316,1.2218575607109745,5,1.2218575607109745,3.114917081271681,2.7321565645718153,1.095877879135946,7.464679493332864,"[353, 448, 543, 638, 733]","[""insufficient_post_history""]",9,5
4,0,4,0,2,2,0,0,0,0,6,6,False,23,y,high_noise_under_iid,9,"[828, 923]",,-0.022005595747398514,1.5429405527825721,1.0191602507061321,6,1.0191602507061321,2.7907057435937292,2.496422580357003,0.11002797873699258,6.232125699716315,"[258, 353, 448, 543, 638, 733]","[""insufficient_post_history""]",9,6
2,0,2,0,1,1,0,0,0,0,3,3,False,23,y,noise_baseline_short,10,[923],,-1.0917348356521073,2.1834696713042145,1.8344425925315435,3,1.8344425925315435,4.219870596239941,3.1773477738330045,2.1834696713042145,10.09553887588155,"[638, 733, 828]","[""insufficient_post_history""]",10,3
3,0,3,0,1,1,0,0,0,0,4,4,False,23,y,noise_baseline_short,10,[923],,0.13515927960206908,2.0382650175144637,1.3819132842872317,4,1.3819132842872317,3.3782296953553597,2.7638265685744634,0.40547783880620725,7.638737301158093,"[543, 638, 733, 828]","[""insufficient_post_history""]",10,4
4,0,4,0,1,1,0,0,0,0,5,5,False,23,y,high_noise_under_iid,10,[923],,0.8132385391161758,2.2986614619184262,1.3045373851682371,5,1.3045373851682371,3.0233969069571134,2.9170342724260045,3.2529541564647033,8.50908894650791,"[448, 543, 638, 733, 828]","[""insufficient_post_history""]",10,5
5,0,5,0,1,1,0,0,0,0,6,6,False,23,y,high_noise_under_iid,10,[923],,0.47663483685249497,2.0382650175144637,1.0652412021266329,6,1.0652412021266329,2.7416464545265153,2.6092973981992094,2.383174184262475,6.808432912249165,"[353, 448, 543, 638, 733, 828]","[""insufficient_post_history""]",10,6
0,0,0,0,3,3,3,0,3,0,0,0,False,24,y,pre_data_incomplete,1,"[67, 162, 257]",,,,,,,,,,,[],"[""insufficient_pre_history""]",1,3
0,0,0,0,4,4,4,0,4,0,0,0,False,24,y,pre_data_incomplete,1,"[67, 162, 257, 352]",,,,,,,,,,,[],"[""insufficient_pre_history""]",1,4
0,0,0,0,5,5,5,0,5,0,0,0,False,24,y,pre_data_incomplete,1,"[67, 162, 257, 352, 447]",,,,,,,,,,,[],"[""insufficient_pre_history""]",1,5
0,0,0,0,6,6,6,0,6,0,0,0,False,24,y,pre_data_incomplete,1,"[67, 162, 257, 352, 447, 542]",,,,,,,,,,,[],"[""insufficient_pre_history""]",1,6
0,0,0,0,3,3,2,0,2,0,1,1,False,24,y,pre_data_incomplete,2,"[162, 257, 352]",,,,,,,,,,,[67],"[""insufficient_pre_history""]",2,3
0,0,0,0,4,4,3,0,3,0,1,1,False,24,y,pre_data_incomplete,2,"[162, 257, 352, 447]",,,,,,,,,,,[67],"[""insufficient_pre_history""]",2,4
0,0,0,0,5,5,4,0,4,0,1,1,False,24,y,pre_data_incomplete,2,"[162, 257, 352, 447, 542]",,,,,,,,,,,[67],"[""insufficient_pre_history""]",2,5
0,0,0,0,6,6,5,0,5,0,1,1,False,24,y,pre_data_incomplete,2,"[162, 257, 352, 447, 542, 637]",,,,,,,,,,,[67],"[""insufficient_pre_history""]",2,6
0,0,0,0,3,3,1,0,1,0,2,2,False,24,y,pre_data_incomplete,3,"[257, 352, 447]",,,,,,,,,,,"[67, 162]","[""insufficient_pre_history""]",3,3
0,0,0,0,4,4,2,0,2,0,2,2,False,24,y,pre_data_incomplete,3,"[257, 352, 447, 542]",,,,,,,,,,,"[67, 162]","[""insufficient_pre_history""]",3,4
0,0,0,0,5,5,3,0,3,0,2,2,False,24,y,pre_data_incomplete,3,"[257, 352, 447, 542, 637]",,,,,,,,,,,"[67, 162]","[""insufficient_pre_history""]",3,5
0,0,0,0,6,6,4,0,4,0,2,2,False,24,y,pre_data_incomplete,3,"[257, 352, 447, 542, 637, 732]",,,,,,,,,,,"[67, 162]","[""insufficient_pre_history""]",3,6
0,0,0,0,3,3,0,0,0,0,3,3,True,24,y,noise_baseline_short,4,"[352, 447, 542]",,-0.43499969577707354,0.8699993915541471,1.1773349835635976,3,1.1773349835635976,2.817491173097776,2.0392040090604198,0.8699993915541471,4.158352990568089,"[67, 162, 257]",[],4,3
0,0,0,0,4,4,1,0,1,0,3,3,False,24,y,pre_data_incomplete,4,"[352, 447, 542, 637]",,,,,,,,,,,"[67, 162, 257]","[""insufficient_pre_history""]",4,4
0,0,0,0,5,5,2,0,2,0,3,3,False,24,y,pre_data_incomplete,4,"[352, 447, 542, 637, 732]",,,,,,,,,,,"[67, 162, 257]","[""insufficient_pre_history""]",4,5
0,0,0,0,6,6,3,0,3,0,3,3,False,24,y,pre_data_incomplete,4,"[352, 447, 542, 637, 732, 827]",,,,,,,,,,,"[67, 162, 257]","[""insufficient_pre_history""]",4,6
0,0,0,0,3,3,0,0,0,0,3,3,True,24,y,noise_baseline_short,5,"[447, 542, 637]",,-2.193477995253355,0.5012484302870632,1.3863492444197152,3,1.3863492444197152,1.3816996539397906,2.4012273283696706,4.38695599050671,5.765892682509347,"[162, 257, 352]",[],5,3
0,0,0,0,4,4,0,0,0,0,4,4,True,24,y,noise_baseline_short,5,"[447, 542, 637, 732]",,-0.7999451025743277,0.6856239109206052,0.9824191165160956,4,0.9824191165160956,2.047218480071427,1.9648382330321912,2.399835307722983,3.860589281985063,"[67, 162, 257, 352]",[],5,4
0,0,0,0,5,5,1,0,1,0,4,4,False,24,y,pre_data_incomplete,5,"[447, 542, 637, 732, 827]",,,,,,,,,,,"[67, 162, 257, 352]","[""insufficient_pre_history""]",5,5
0,0,0,0,6,6,2,0,2,0,4,4,False,24,y,pre_data_incomplete,5,"[447, 542, 637, 732, 827, 922]",,,,,,,,,,,"[67, 162, 257, 352]","[""insufficient_pre_history""]",5,6
0,0,0,0,3,3,0,0,0,0,3,3,True,24,y,review_trend,6,"[542, 637, 732]",,-1.1513354614727545,0.5012484302870632,0.6991529146561627,3,0.6991529146561627,0.5307938382685728,1.2109683704443408,2.302670922945509,1.4664443942166223,"[257, 352, 447]",[],6,3
0,0,0,0,4,4,0,0,0,0,4,4,True,24,y,review_trend,6,"[542, 637, 732, 827]",,-1.9066383879782531,1.1513354614727545,1.3025519881050818,4,1.3025519881050818,1.04483263445311,2.6051039762101635,5.719915163934759,6.7865667268660035,"[162, 257, 352, 447]",[],6,4
0,0,0,0,5,5,0,0,0,0,5,5,True,24,y,high_noise_under_iid,6,"[542, 637, 732, 827, 922]",,-1.073229661950602,0.8699993915541471,1.0160529166124372,5,1.0160529166124372,1.7444245960800155,2.2719633902823353,4.292918647802408,5.161817646783203,"[67, 162, 257, 352, 447]",[],6,5
1,0,1,0,5,5,1,0,1,0,5,5,False,24,y,pre_data_incomplete,6,"[542, 637, 732, 827, 922]",,,,,,,,,,,"[67, 162, 257, 352, 447]","[""insufficient_pre_history"", ""insufficient_post_history""]",6,6
0,0,0,0,3,3,0,0,0,0,3,3,True,24,y,noise_baseline_short,7,"[637, 732, 827]",,-0.019019501618357637,0.038039003236715274,0.5942357974551183,3,0.5942357974551183,1.4553259480195841,1.0292465928684735,0.038039003236715274,1.0593485489313614,"[352, 447, 542]",[],7,3
0,0,0,0,4,4,0,0,0,0,4,4,True,24,y,noise_baseline_short,7,"[637, 732, 827, 922]",,-0.3419284793229781,0.26964371676188925,0.5041590687675864,4,0.5041590687675864,1.1103019802257803,1.0083181375351729,1.0257854379689344,1.0167054664824,"[257, 352, 447, 542]",[],7,4
1,0,1,0,4,4,0,0,0,0,5,5,False,24,y,high_noise_under_iid,7,"[637, 732, 827, 922]",,-1.115266091043236,0.5012484302870632,1.0218668242463667,5,1.0218668242463667,1.6779006319007195,2.284963682966706,4.461064364172944,5.2210590324767745,"[162, 257, 352, 447, 542]","[""insufficient_post_history""]",7,5
2,0,2,0,4,4,0,0,0,0,6,6,False,24,y,within_tolerance_under_iid,7,"[637, 732, 827, 922]",,-0.7460805144334902,0.7046434125389628,0.8439484654426667,6,0.8439484654426667,1.70487081800847,2.0672431095394153,3.730402572167451,4.273494073938191,"[67, 162, 257, 352, 447, 542]","[""insufficient_post_history""]",7,6
0,0,0,0,3,3,0,0,0,0,3,3,True,24,y,noise_baseline_short,8,"[732, 827, 922]",,0.42888460679933194,0.8577692135986639,0.5091074199647723,3,0.5091074199647723,1.0896137749130592,0.8817999178892914,0.8577692135986639,0.7775710951895609,"[447, 542, 637]",[],8,3
1,0,1,0,3,3,0,0,0,0,4,4,False,24,y,noise_baseline_short,8,"[732, 827, 922]",,-0.1067576347757615,0.4718266395298909,0.42823470115309464,4,0.42823470115309464,1.035285841771631,0.8564694023061893,0.3202729043272845,0.7335398370867212,"[352, 447, 542, 637]","[""insufficient_post_history""]",8,4
2,0,2,0,3,3,0,0,0,0,5,5,False,24,y,within_tolerance_under_iid,8,"[732, 827, 922]",,-0.29278424219304056,0.5392874335237785,0.4090793724806314,5,0.4090793724806314,0.9109871084008112,0.9147292850596487,1.1711369687721622,0.836729664945736,"[257, 352, 447, 542, 637]","[""insufficient_post_history""]",8,5
3,0,3,0,3,3,0,0,0,0,6,6,False,24,y,within_tolerance_under_iid,8,"[732, 827, 922]",,-0.8592094611732068,0.7224508546734225,0.8735963456865777,6,0.8735963456865777,1.5792325302137347,2.1398652880921394,4.2960473058660344,4.579023451181654,"[162, 257, 352, 447, 542, 637]","[""insufficient_post_history""]",8,6
1,0,1,0,2,2,0,0,0,0,3,3,False,24,y,review_trend,9,"[827, 922]",,-0.6758217099524031,0.44602914408173966,0.39763321656722705,3,0.39763321656722705,0.18762484435600596,0.6887209338714758,1.3516434199048062,0.4743365247527978,"[542, 637, 732]","[""insufficient_post_history""]",9,3
2,0,2,0,2,2,0,0,0,0,4,4,False,24,y,noise_baseline_short,9,"[827, 922]",,0.03296059327277061,0.42888460679933194,0.37806630778446726,4,0.37806630778446726,0.9246019666421029,0.7561326155689345,0.09888177981831182,0.5717365323271181,"[447, 542, 637, 732]","[""insufficient_post_history""]",9,4
3,0,3,0,2,2,0,0,0,0,5,5,False,24,y,within_tolerance_under_iid,9,"[827, 922]",,-0.19215956326843792,0.8577692135986639,0.35957067593196745,5,0.35957067593196745,0.8595674187730071,0.8040244740994268,0.7686382530737517,0.6464553549508598,"[352, 447, 542, 637, 732]","[""insufficient_post_history""]",9,5
4,0,4,0,2,2,0,0,0,0,6,6,False,24,y,within_tolerance_under_iid,9,"[827, 922]",,-0.30063516042572963,0.6948412115707607,0.3684565543915699,6,0.3684565543915699,0.7891658142858291,0.9025305506433825,1.503175802128648,0.8145613948446472,"[257, 352, 447, 542, 637, 732]","[""insufficient_post_history""]",9,6
2,0,2,0,1,1,0,0,0,0,3,3,False,24,y,noise_baseline_short,10,[922],,3.2616539948722947,0.44602914408173966,2.252457290399957,3,2.252457290399957,3.027310606119348,3.901370468851651,6.523307989744589,15.22069153522775,"[637, 732, 827]","[""insufficient_post_history""]",10,3
3,0,3,0,1,1,0,0,0,0,4,4,False,24,y,noise_baseline_short,10,[922],,1.640705199768283,0.6758217099524031,1.6171587032118657,4,1.6171587032118657,2.9935647223463526,3.2343174064237314,4.922115599304849,10.460809085495534,"[542, 637, 732, 827]","[""insufficient_post_history""]",10,4
4,0,4,0,1,1,0,0,0,0,5,5,False,24,y,high_noise_under_iid,10,[922],,1.3410510986781703,0.8577692135986639,1.3565575142509383,5,1.3565575142509383,2.5047145743413846,3.033354817253238,5.364204394712681,9.201241447353425,"[447, 542, 637, 732, 827]","[""insufficient_post_history""]",10,5
5,0,5,0,1,1,0,0,0,0,6,6,False,24,y,high_noise_under_iid,10,[922],,0.8065108424614785,0.6948412115707607,1.1086168668626575,6,1.1086168668626575,2.5242768911181566,2.7155456440565033,4.032554212307392,7.374188144954249,"[352, 447, 542, 637, 732, 827]","[""insufficient_post_history""]",10,6
0,0,0,0,3,3,3,0,3,0,0,0,False,25,y,pre_data_incomplete,1,"[66, 161, 256]",,,,,,,,,,,[],"[""insufficient_pre_history""]",1,3
0,0,0,0,4,4,4,0,4,0,0,0,False,25,y,pre_data_incomplete,1,"[66, 161, 256, 351]",,,,,,,,,,,[],"[""insufficient_pre_history""]",1,4
0,0,0,0,5,5,5,0,5,0,0,0,False,25,y,pre_data_incomplete,1,"[66, 161, 256, 351, 446]",,,,,,,,,,,[],"[""insufficient_pre_history""]",1,5
0,0,0,0,6,6,6,0,6,0,0,0,False,25,y,pre_data_incomplete,1,"[66, 161, 256, 351, 446, 541]",,,,,,,,,,,[],"[""insufficient_pre_history""]",1,6
0,0,0,0,3,3,2,0,2,0,1,1,False,25,y,pre_data_incomplete,2,"[161, 256, 351]",,,,,,,,,,,[66],"[""insufficient_pre_history""]",2,3
0,0,0,0,4,4,3,0,3,0,1,1,False,25,y,pre_data_incomplete,2,"[161, 256, 351, 446]",,,,,,,,,,,[66],"[""insufficient_pre_history""]",2,4
0,0,0,0,5,5,4,0,4,0,1,1,False,25,y,pre_data_incomplete,2,"[161, 256, 351, 446, 541]",,,,,,,,,,,[66],"[""insufficient_pre_history""]",2,5
0,0,0,0,6,6,5,0,5,0,1,1,False,25,y,pre_data_incomplete,2,"[161, 256, 351, 446, 541, 636]",,,,,,,,,,,[66],"[""insufficient_pre_history""]",2,6
0,0,0,0,3,3,1,0,1,0,2,2,False,25,y,pre_data_incomplete,3,"[256, 351, 446]",,,,,,,,,,,"[66, 161]","[""insufficient_pre_history""]",3,3
0,0,0,0,4,4,2,0,2,0,2,2,False,25,y,pre_data_incomplete,3,"[256, 351, 446, 541]",,,,,,,,,,,"[66, 161]","[""insufficient_pre_history""]",3,4
0,0,0,0,5,5,3,0,3,0,2,2,False,25,y,pre_data_incomplete,3,"[256, 351, 446, 541, 636]",,,,,,,,,,,"[66, 161]","[""insufficient_pre_history""]",3,5
0,0,0,0,6,6,4,0,4,0,2,2,False,25,y,pre_data_incomplete,3,"[256, 351, 446, 541, 636, 731]",,,,,,,,,,,"[66, 161]","[""insufficient_pre_history""]",3,6
0,0,0,0,3,3,0,0,0,0,3,3,True,25,y,noise_baseline_short,4,"[351, 446, 541]",,-2.591808231666314,0.18572840397801182,1.7596438873169198,3,1.7596438873169198,2.267849166405091,3.0477926160609092,5.183616463332628,9.289039830515401,"[66, 161, 256]",[],4,3
0,0,0,0,4,4,1,0,1,0,3,3,False,25,y,pre_data_incomplete,4,"[351, 446, 541, 636]",,,,,,,,,,,"[66, 161, 256]","[""insufficient_pre_history""]",4,4
0,0,0,0,5,5,2,0,2,0,3,3,False,25,y,pre_data_incomplete,4,"[351, 446, 541, 636, 731]",,,,,,,,,,,"[66, 161, 256]","[""insufficient_pre_history""]",4,5
0,0,0,0,6,6,3,0,3,0,3,3,False,25,y,pre_data_incomplete,4,"[351, 446, 541, 636, 731, 826]",,,,,,,,,,,"[66, 161, 256]","[""insufficient_pre_history""]",4,6
0,0,0,0,3,3,0,0,0,0,3,3,True,25,y,noise_baseline_short,5,"[446, 541, 636]",,-0.8969595380124792,0.18572840397801182,0.6312089298609882,3,0.6312089298609882,0.8840110028469121,1.0932859367104113,1.7939190760249584,1.1952741394087616,"[161, 256, 351]",[],5,3
0,0,0,0,4,4,0,0,0,0,4,4,True,25,y,noise_baseline_short,5,"[446, 541, 636, 731]",,-2.1304063426028788,0.9898237400014851,1.5423449348137659,4,1.5423449348137659,1.7106692918760322,3.0846898696275318,6.391219027808637,9.51531159178272,"[66, 161, 256, 351]",[],5,4
0,0,0,0,5,5,1,0,1,0,4,4,False,25,y,pre_data_incomplete,5,"[446, 541, 636, 731, 826]",,,,,,,,,,,"[66, 161, 256, 351]","[""insufficient_pre_history""]",5,5
0,0,0,0,6,6,2,0,2,0,4,4,False,25,y,pre_data_incomplete,5,"[446, 541, 636, 731, 826, 921]",,,,,,,,,,,"[66, 161, 256, 351]","[""insufficient_pre_history""]",5,6
0,0,0,0,3,3,0,0,0,0,3,3,True,25,y,noise_baseline_short,6,"[541, 636, 731]",,0.5050428974316421,1.0100857948632842,0.8780591764703816,3,0.8780591764703816,2.028741197839382,1.5208431056987877,1.0100857948632842,2.3129637521515334,"[256, 351, 446]",[],6,3
0,0,0,0,4,4,0,0,0,0,4,4,True,25,y,noise_baseline_short,6,"[541, 636, 731, 826]",,0.1607795116520918,0.5979070994206481,0.6218318838056586,4,0.6218318838056586,1.5018069855630753,1.2436637676113171,0.48233853495627543,1.546699566869176,"[161, 256, 351, 446]",[],6,4
0,0,0,0,5,5,0,0,0,0,5,5,True,25,y,high_noise_under_iid,6,"[541, 636, 731, 826, 921]",,-1.0140980412963647,1.0100857948632842,1.1957878043700911,5,1.1957878043700911,2.4707772790489524,2.673862817236744,4.056392165185459,7.149542365401217,"[66, 161, 256, 351, 446]",[],6,5
1,0,1,0,5,5,1,0,1,0,5,5,False,25,y,pre_data_incomplete,6,"[541, 636, 731, 826, 921]",,,,,,,,,,,"[66, 161, 256, 351, 446]","[""insufficient_pre_history"", ""insufficient_post_history""]",6,6
0,0,0,0,3,3,0,0,0,0,3,3,True,25,y,review_trend,7,"[636, 731, 826]",,1.9549235376944099,0.9201138005225653,1.1802075762264377,3,1.1802075762264377,0.8449186123115298,2.0441794855019086,3.9098470753888197,4.178669768946848,"[351, 446, 541]",[],7,3
0,0,0,0,4,4,0,0,0,0,4,4,True,25,y,noise_baseline_short,7,"[636, 731, 826, 921]",,0.8780332061023804,0.9650997976929248,0.838363566590885,4,0.838363566590885,1.5131969604700748,1.67672713318177,2.6340996183071415,2.811413879147957,"[256, 351, 446, 541]",[],7,4
1,0,1,0,4,4,0,0,0,0,5,5,False,25,y,within_tolerance_under_iid,7,"[636, 731, 826, 921]",,0.5241941793591007,1.0100857948632842,0.6549559537693229,5,0.6549559537693229,1.39422028996115,1.4645260348964158,2.096776717436403,2.1448365068894173,"[161, 256, 351, 446, 541]","[""insufficient_post_history""]",7,5
2,0,2,0,4,4,0,0,0,0,6,6,False,25,y,within_tolerance_under_iid,7,"[636, 731, 826, 921]",,-0.4188368349489422,1.0579639996819306,0.9941828133922721,6,0.9941828133922721,2.5778895846656895,2.435240603855693,2.094184174744711,5.93039679866744,"[66, 161, 256, 351, 446, 541]","[""insufficient_post_history""]",7,6
0,0,0,0,3,3,0,0,0,0,3,3,True,25,y,review_trend,8,"[731, 826, 921]",,2.2852535967944276,0.9201138005225653,1.3956582942329396,3,1.3956582942329396,1.114631976144348,2.4173510756163648,4.570507193588855,5.843586222783595,"[446, 541, 636]",[],8,3
1,0,1,0,3,3,0,0,0,0,4,4,False,25,y,review_trend,8,"[731, 826, 921]",,2.3600835205887893,1.9549235376944099,1.5575365330475726,4,1.5575365330475726,0.7940621828800167,3.115073066095145,7.080250561766368,9.70368020711141,"[351, 446, 541, 636]","[""insufficient_post_history""]",8,4
2,0,2,0,3,3,0,0,0,0,5,5,False,25,y,high_noise_under_iid,8,"[731, 826, 921]",,1.5071033052293097,1.0100857948632842,1.2500085140677741,5,1.2500085140677741,1.6868928022162915,2.7951040099090454,6.028413220917239,7.812606426209625,"[256, 351, 446, 541, 636]","[""insufficient_post_history""]",8,5
3,0,3,0,3,3,0,0,0,0,6,6,False,25,y,high_noise_under_iid,8,"[731, 826, 921]",,1.0746268292335588,1.0579639996819306,1.0505616342197448,6,1.0505616342197448,1.7958976190149183,2.573339947182798,5.373134146167794,6.6220784837667654,"[161, 256, 351, 446, 541, 636]","[""insufficient_post_history""]",8,6
1,0,1,0,2,2,0,0,0,0,3,3,False,25,y,noise_baseline_short,9,"[826, 921]",,-0.9099645715155957,1.8199291430311912,1.6083452963066707,3,1.6083452963066707,3.723516685887634,2.785735769317574,1.8199291430311915,7.760323776455374,"[541, 636, 731]","[""insufficient_post_history""]",9,3
2,0,2,0,2,2,0,0,0,0,4,4,False,25,y,noise_baseline_short,9,"[826, 921]",,0.09509473655404128,0.9099645715155956,1.1998937081562833,4,1.1998937081562833,2.9352788526709874,2.3997874163125665,0.28528420966212387,5.758979643492143,"[446, 541, 636, 731]","[""insufficient_post_history""]",9,4
3,0,3,0,2,2,0,0,0,0,5,5,False,25,y,high_noise_under_iid,9,"[826, 921]",,0.8750343058304113,0.9201138005225653,1.2444201775707875,5,1.2444201775707875,2.7877578328054917,2.78260810962064,3.5001372233216452,7.742907891726552,"[351, 446, 541, 636, 731]","[""insufficient_post_history""]",9,5
4,0,4,0,2,2,0,0,0,0,6,6,False,25,y,high_noise_under_iid,9,"[826, 921]",,0.690062499076034,0.9650997976929248,1.0399740473419121,6,1.0399740473419121,2.4552556462259663,2.5474057617247206,3.45031249538017,6.4892761148683045,"[256, 351, 446, 541, 636, 731]","[""insufficient_post_history""]",9,6
2,0,2,0,1,1,0,0,0,0,3,3,False,25,y,noise_baseline_short,10,[921],,-1.8988979133929267,1.6725267093116276,1.6183844376457106,3,1.6183844376457106,2.916055993479363,2.803124072181156,3.7977958267858534,7.857504564041467,"[636, 731, 826]","[""insufficient_post_history""]",10,3
3,0,3,0,1,1,0,0,0,0,4,4,False,25,y,noise_baseline_short,10,[921],,-0.5912529837256171,0.9099645715155957,1.1529334766107815,4,1.1529334766107815,2.6648796186747026,2.305866953221563,1.7737589511768512,5.317022405959293,"[541, 636, 731, 826]","[""insufficient_post_history""]",10,4
4,0,4,0,1,1,0,0,0,0,5,5,False,25,y,within_tolerance_under_iid,10,[921],,-0.027450640942518766,0.7727113668030018,0.9324546358460101,5,0.9324546358460101,2.4070658197158328,2.085031951686491,0.10980256377007507,4.347358239553578,"[446, 541, 636, 731, 826]","[""insufficient_post_history""]",10,5
5,0,5,0,1,1,0,0,0,0,6,6,False,25,y,high_noise_under_iid,10,[921],,0.5646620163967626,0.9099645715155956,1.018859810946974,6,1.018859810946974,2.5279687279298515,2.4956866562486204,2.823310081983813,6.228451886177419,"[351, 446, 541, 636, 731, 826]","[""insufficient_post_history""]",10,6
0,0,0,0,3,3,3,0,3,0,0,0,False,26,y,pre_data_incomplete,1,"[65, 160, 255]",,,,,,,,,,,[],"[""insufficient_pre_history""]",1,3
0,0,0,0,4,4,4,0,4,0,0,0,False,26,y,pre_data_incomplete,1,"[65, 160, 255, 350]",,,,,,,,,,,[],"[""insufficient_pre_history""]",1,4
0,0,0,0,5,5,5,0,5,0,0,0,False,26,y,pre_data_incomplete,1,"[65, 160, 255, 350, 445]",,,,,,,,,,,[],"[""insufficient_pre_history""]",1,5
0,0,0,0,6,6,6,0,6,0,0,0,False,26,y,pre_data_incomplete,1,"[65, 160, 255, 350, 445, 540]",,,,,,,,,,,[],"[""insufficient_pre_history""]",1,6
0,0,0,0,3,3,2,0,2,0,1,1,False,26,y,pre_data_incomplete,2,"[160, 255, 350]",,,,,,,,,,,[65],"[""insufficient_pre_history""]",2,3
0,0,0,0,4,4,3,0,3,0,1,1,False,26,y,pre_data_incomplete,2,"[160, 255, 350, 445]",,,,,,,,,,,[65],"[""insufficient_pre_history""]",2,4
0,0,0,0,5,5,4,0,4,0,1,1,False,26,y,pre_data_incomplete,2,"[160, 255, 350, 445, 540]",,,,,,,,,,,[65],"[""insufficient_pre_history""]",2,5
0,0,0,0,6,6,5,0,5,0,1,1,False,26,y,pre_data_incomplete,2,"[160, 255, 350, 445, 540, 635]",,,,,,,,,,,[65],"[""insufficient_pre_history""]",2,6
0,0,0,0,3,3,1,0,1,0,2,2,False,26,y,pre_data_incomplete,3,"[255, 350, 445]",,,,,,,,,,,"[65, 160]","[""insufficient_pre_history""]",3,3
0,0,0,0,4,4,2,0,2,0,2,2,False,26,y,pre_data_incomplete,3,"[255, 350, 445, 540]",,,,,,,,,,,"[65, 160]","[""insufficient_pre_history""]",3,4
0,0,0,0,5,5,3,0,3,0,2,2,False,26,y,pre_data_incomplete,3,"[255, 350, 445, 540, 635]",,,,,,,,,,,"[65, 160]","[""insufficient_pre_history""]",3,5
0,0,0,0,6,6,4,0,4,0,2,2,False,26,y,pre_data_incomplete,3,"[255, 350, 445, 540, 635, 730]",,,,,,,,,,,"[65, 160]","[""insufficient_pre_history""]",3,6
0,0,0,0,3,3,0,0,0,0,3,3,True,26,y,noise_baseline_short,4,"[350, 445, 540]",,-0.17941470880488053,0.35882941760976106,0.2193221701970554,3,0.2193221701970554,0.47353353689954913,0.37987714200756856,0.35882941760976106,0.14430664301983842,"[65, 160, 255]",[],4,3
0,0,0,0,4,4,1,0,1,0,3,3,False,26,y,pre_data_incomplete,4,"[350, 445, 540, 635]",,,,,,,,,,,"[65, 160, 255]","[""insufficient_pre_history""]",4,4
0,0,0,0,5,5,2,0,2,0,3,3,False,26,y,pre_data_incomplete,4,"[350, 445, 540, 635, 730]",,,,,,,,,,,"[65, 160, 255]","[""insufficient_pre_history""]",4,5
0,0,0,0,6,6,3,0,3,0,3,3,False,26,y,pre_data_incomplete,4,"[350, 445, 540, 635, 730, 825]",,,,,,,,,,,"[65, 160, 255]","[""insufficient_pre_history""]",4,6
0,0,0,0,3,3,0,0,0,0,3,3,True,26,y,review_trend,5,"[445, 540, 635]",,0.6012557999848571,0.4005430619447621,0.3535237245312216,3,0.3535237245312216,0.16388126435837994,0.6123210525690597,1.2025115999697142,0.3749370714192811,"[160, 255, 350]",[],5,3
0,0,0,0,4,4,0,0,0,0,4,4,True,26,y,noise_baseline_short,5,"[445, 540, 635, 730]",,0.17299604231903354,0.37968623977726157,0.2562306831013877,4,0.2562306831013877,0.564894592937922,0.5124613662027754,0.5189881269571006,0.26261665185041505,"[65, 160, 255, 350]",[],5,4
0,0,0,0,5,5,1,0,1,0,4,4,False,26,y,pre_data_incomplete,5,"[445, 540, 635, 730, 825]",,,,,,,,,,,"[65, 160, 255, 350]","[""insufficient_pre_history""]",5,5
0,0,0,0,6,6,2,0,2,0,4,4,False,26,y,pre_data_incomplete,5,"[445, 540, 635, 730, 825, 920]",,,,,,,,,,,"[65, 160, 255, 350]","[""insufficient_pre_history""]",5,6
0,0,0,0,3,3,0,0,0,0,3,3,True,26,y,review_trend,6,"[540, 635, 730]",,1.8217860111112487,0.8019685380249522,1.1053777880713715,3,1.1053777880713715,0.8326774799453143,1.9145704904977183,3.6435720222224974,3.665580163084674,"[255, 350, 445]",[],6,3
0,0,0,0,4,4,0,0,0,0,4,4,True,26,y,review_trend,6,"[540, 635, 730, 825]",,1.293431379052673,0.6012557999848571,0.9123552018109391,4,0.9123552018109391,0.9010772746183469,1.8247104036218782,3.8802941371580193,3.3295680570859174,"[160, 255, 350, 445]",[],6,4
0,0,0,0,5,5,0,0,0,0,5,5,True,26,y,within_tolerance_under_iid,6,"[540, 635, 730, 825, 920]",,0.7771996809195187,0.4431391204151911,0.718652405946563,5,0.718652405946563,1.1956632986536047,1.6069556318902891,3.108798723678075,2.582306402863918,"[65, 160, 255, 350, 445]",[],6,5
1,0,1,0,5,5,1,0,1,0,5,5,False,26,y,pre_data_incomplete,6,"[540, 635, 730, 825, 920]",,,,,,,,,,,"[65, 160, 255, 350, 445]","[""insufficient_pre_history"", ""insufficient_post_history""]",6,6
0,0,0,0,3,3,0,0,0,0,3,3,True,26,y,noise_baseline_short,7,"[635, 730, 825]",,1.0167554043641964,0.8080926754691523,0.8453431368636881,3,0.8453431368636881,1.4899822178964552,1.464177262877559,2.033510808728393,2.1438150571276204,"[350, 445, 540]",[],7,3
0,0,0,0,4,4,0,0,0,0,4,4,True,26,y,noise_baseline_short,7,"[635, 730, 825, 920]",,1.134804152445758,1.4177396733766725,0.8517335763720234,4,0.8517335763720234,1.0645418496689205,1.7034671527440468,3.4044124573372736,2.9018003404779096,"[255, 350, 445, 540]",[],7,4
1,0,1,0,4,4,0,0,0,0,5,5,False,26,y,within_tolerance_under_iid,7,"[635, 730, 825, 920]",,1.011561683961871,1.2025115999697142,0.7953287422308726,5,0.7953287422308726,0.8978466386811412,1.778409132087639,4.046246735847484,3.162739041092709,"[160, 255, 350, 445, 540]","[""insufficient_post_history""]",7,5
2,0,2,0,4,4,0,0,0,0,6,6,False,26,y,within_tolerance_under_iid,7,"[635, 730, 825, 920]",,0.7233589553212756,0.7806705087897376,0.671151113409841,6,0.671151113409841,1.0436080911526424,1.6439777681549148,3.616794776606378,2.702662902187615,"[65, 160, 255, 350, 445, 540]","[""insufficient_post_history""]",7,6
0,0,0,0,3,3,0,0,0,0,3,3,True,26,y,noise_baseline_short,8,"[730, 825, 920]",,0.0617872852905188,0.1235745705810376,0.292146111085601,3,0.292146111085601,0.7102540137778159,0.5060119076339221,0.1235745705810376,0.25604805066732095,"[445, 540, 635]",[],8,3
1,0,1,0,3,3,0,0,0,0,4,4,False,26,y,noise_baseline_short,8,"[730, 825, 920]",,0.8087441488866597,0.465833623025095,0.6852378810062248,4,0.6852378810062248,1.0872616867614662,1.3704757620124497,2.426232446659979,1.8782038142636046,"[350, 445, 540, 635]","[""insufficient_post_history""]",8,4
2,0,2,0,3,3,0,0,0,0,5,5,False,26,y,within_tolerance_under_iid,8,"[730, 825, 920]",,0.9567803994335462,0.9316672460501899,0.7660845447194697,5,0.7660845447194697,0.9279768793381623,1.713017118504712,3.827121597734185,2.9344276482901863,"[255, 350, 445, 540, 635]","[""insufficient_post_history""]",8,5
3,0,3,0,3,3,0,0,0,0,6,6,False,26,y,review_trend,8,"[730, 825, 920]",,0.9196139942342592,1.8217860111112487,0.761910488910822,6,0.761910488910822,0.8086492706233639,1.8662919275059746,4.598069971171296,3.4830455586739655,"[160, 255, 350, 445, 540, 635]","[""insufficient_post_history""]",8,6
1,0,1,0,2,2,0,0,0,0,3,3,False,26,y,noise_baseline_short,9,"[825, 920]",,-0.47365123214753535,0.9316672460501899,0.5424180935924905,3,0.5424180935924905,1.1474377325629979,0.939495697046844,0.9473024642950707,0.8826521647695353,"[540, 635, 730]","[""insufficient_post_history""]",9,3
2,0,2,0,2,2,0,0,0,0,4,4,False,26,y,noise_baseline_short,9,"[825, 920]",,-0.433451817324248,0.465833623025095,0.43410851014767055,4,0.43410851014767055,0.8130190629016937,0.8682170202953411,1.3003554519727438,0.7538007943305207,"[445, 540, 635, 730]","[""insufficient_post_history""]",9,4
3,0,3,0,2,2,0,0,0,0,5,5,False,26,y,within_tolerance_under_iid,9,"[825, 920]",,0.22959912594476814,0.9316672460501899,0.5588167460504575,5,0.5588167460504575,1.3806237149663452,1.24955223113406,0.9183965037790726,1.5613807783321079,"[350, 445, 540, 635, 730]","[""insufficient_post_history""]",9,5
4,0,4,0,2,2,0,0,0,0,6,6,False,26,y,within_tolerance_under_iid,9,"[825, 920]",,0.5008093114616562,1.3435311929072065,0.6277956793448561,6,0.6277956793448561,1.3633275502703728,1.537779077118822,2.504046557308281,2.364764490024416,"[255, 350, 445, 540, 635, 730]","[""insufficient_post_history""]",9,6
2,0,2,0,1,1,0,0,0,0,3,3,False,26,y,review_trend,10,[920],,-4.061307437843819,1.8789697103452607,2.455045875808528,3,2.455045875808528,1.7818712929321567,4.252264191812802,8.122614875687638,18.081750756973385,"[635, 730, 825]","[""insufficient_post_history""]",10,3
3,0,3,0,1,1,0,0,0,0,4,4,False,26,y,noise_baseline_short,10,[920],,-2.3451812599257607,0.9394848551726304,1.8369223478090275,4,1.8369223478090275,2.5487279997116072,3.673844695618055,7.0355437797772815,13.497134847520918,"[540, 635, 730, 825]","[""insufficient_post_history""]",10,4
4,0,4,0,1,1,0,0,0,0,5,5,False,26,y,high_noise_under_iid,10,[920],,-1.6945383074508271,0.9316672460501899,1.515585565107823,5,1.515585565107823,2.3962047317289654,3.388952349298526,6.7781532298033085,11.484998025815997,"[445, 540, 635, 730, 825]","[""insufficient_post_history""]",10,5
5,0,5,0,1,1,0,0,0,0,6,6,False,26,y,high_noise_under_iid,10,[920],,-0.8606200650796503,1.3435311929072065,1.2438317167184645,6,1.2438317167184645,2.89187869291462,3.0467530318502702,4.303100325398251,9.282704037088813,"[350, 445, 540, 635, 730, 825]","[""insufficient_post_history""]",10,6
0,0,0,0,3,3,3,0,3,0,0,0,False,27,y,pre_data_incomplete,1,"[64, 159, 254]",,,,,,,,,,,[],"[""insufficient_pre_history""]",1,3
0,0,0,0,4,4,4,0,4,0,0,0,False,27,y,pre_data_incomplete,1,"[64, 159, 254, 349]",,,,,,,,,,,[],"[""insufficient_pre_history""]",1,4
0,0,0,0,5,5,5,0,5,0,0,0,False,27,y,pre_data_incomplete,1,"[64, 159, 254, 349, 444]",,,,,,,,,,,[],"[""insufficient_pre_history""]",1,5
0,0,0,0,6,6,6,0,6,0,0,0,False,27,y,pre_data_incomplete,1,"[64, 159, 254, 349, 444, 539]",,,,,,,,,,,[],"[""insufficient_pre_history""]",1,6
0,0,0,0,3,3,2,0,2,0,1,1,False,27,y,pre_data_incomplete,2,"[159, 254, 349]",,,,,,,,,,,[64],"[""insufficient_pre_history""]",2,3
0,0,0,0,4,4,3,0,3,0,1,1,False,27,y,pre_data_incomplete,2,"[159, 254, 349, 444]",,,,,,,,,,,[64],"[""insufficient_pre_history""]",2,4
0,0,0,0,5,5,4,0,4,0,1,1,False,27,y,pre_data_incomplete,2,"[159, 254, 349, 444, 539]",,,,,,,,,,,[64],"[""insufficient_pre_history""]",2,5
0,0,0,0,6,6,5,0,5,0,1,1,False,27,y,pre_data_incomplete,2,"[159, 254, 349, 444, 539, 634]",,,,,,,,,,,[64],"[""insufficient_pre_history""]",2,6
0,0,0,0,3,3,1,0,1,0,2,2,False,27,y,pre_data_incomplete,3,"[254, 349, 444]",,,,,,,,,,,"[64, 159]","[""insufficient_pre_history""]",3,3
0,0,0,0,4,4,2,0,2,0,2,2,False,27,y,pre_data_incomplete,3,"[254, 349, 444, 539]",,,,,,,,,,,"[64, 159]","[""insufficient_pre_history""]",3,4
0,0,0,0,5,5,3,0,3,0,2,2,False,27,y,pre_data_incomplete,3,"[254, 349, 444, 539, 634]",,,,,,,,,,,"[64, 159]","[""insufficient_pre_history""]",3,5
0,0,0,0,6,6,4,0,4,0,2,2,False,27,y,pre_data_incomplete,3,"[254, 349, 444, 539, 634, 729]",,,,,,,,,,,"[64, 159]","[""insufficient_pre_history""]",3,6
0,0,0,0,3,3,0,0,0,0,3,3,True,27,y,noise_baseline_short,4,"[349, 444, 539]",,-1.981682743997721,1.1814649711708318,1.5558742794665872,3,1.5558742794665872,2.5826992944044718,2.6948533022257473,3.963365487995442,7.262234320517015,"[64, 159, 254]",[],4,3
0,0,0,0,4,4,1,0,1,0,3,3,False,27,y,pre_data_incomplete,4,"[349, 444, 539, 634]",,,,,,,,,,,"[64, 159, 254]","[""insufficient_pre_history""]",4,4
0,0,0,0,5,5,2,0,2,0,3,3,False,27,y,pre_data_incomplete,4,"[349, 444, 539, 634, 729]",,,,,,,,,,,"[64, 159, 254]","[""insufficient_pre_history""]",4,5
0,0,0,0,6,6,3,0,3,0,3,3,False,27,y,pre_data_incomplete,4,"[349, 444, 539, 634, 729, 824]",,,,,,,,,,,"[64, 159, 254]","[""insufficient_pre_history""]",4,6
0,0,0,0,3,3,0,0,0,0,3,3,True,27,y,review_trend,5,"[444, 539, 634]",,1.8605571562881034,1.1814649711708318,1.097784890451473,3,1.097784890451473,0.5544764472829906,1.9014192060433852,3.7211143125762067,3.6153949971106574,"[159, 254, 349]",[],5,3
0,0,0,0,4,4,0,0,0,0,4,4,True,27,y,noise_baseline_short,5,"[444, 539, 634, 729]",,-0.3089683468599369,1.8605571562881034,1.1716875658436319,4,1.1716875658436319,2.8281543298257334,2.3433751316872637,0.9269050405798107,5.4914070078103006,"[64, 159, 254, 349]",[],5,4
0,0,0,0,5,5,1,0,1,0,4,4,False,27,y,pre_data_incomplete,5,"[444, 539, 634, 729, 824]",,,,,,,,,,,"[64, 159, 254, 349]","[""insufficient_pre_history""]",5,5
0,0,0,0,6,6,2,0,2,0,4,4,False,27,y,pre_data_incomplete,5,"[444, 539, 634, 729, 824, 919]",,,,,,,,,,,"[64, 159, 254, 349]","[""insufficient_pre_history""]",5,6
0,0,0,0,3,3,0,0,0,0,3,3,True,27,y,review_trend,6,"[539, 634, 729]",,2.5583640127107814,2.539649341405375,1.4770853245317246,3,1.4770853245317246,0.015280465134050625,2.5583868292033105,5.116728025421563,6.545343167840969,"[254, 349, 444]",[],6,3
0,0,0,0,4,4,0,0,0,0,4,4,True,27,y,review_trend,6,"[539, 634, 729, 824]",,2.143422833118256,1.8605571562881034,1.4007575720743526,4,1.4007575720743526,0.5357957171442155,2.801515144148705,6.430268499354767,7.84848710289454,"[159, 254, 349, 444]",[],6,4
0,0,0,0,5,5,0,0,0,0,5,5,True,27,y,high_noise_under_iid,6,"[539, 634, 729, 824, 919]",,0.6027839387428449,2.539649341405375,1.182017785350678,5,1.182017785350678,2.8466258464858036,2.643072118657871,2.4111357549713794,6.985830224426609,"[64, 159, 254, 349, 444]",[],6,5
1,0,1,0,5,5,1,0,1,0,5,5,False,27,y,pre_data_incomplete,6,"[539, 634, 729, 824, 919]",,,,,,,,,,,"[64, 159, 254, 349, 444]","[""insufficient_pre_history"", ""insufficient_post_history""]",6,6
0,0,0,0,3,3,0,0,0,0,3,3,True,27,y,noise_baseline_short,7,"[634, 729, 824]",,0.7422741785487132,1.0925303269187618,0.7468021039148075,3,0.7468021039148075,1.4981116053849803,1.293499187179779,1.4845483570974265,1.6731401472347487,"[349, 444, 539]",[],7,3
0,0,0,0,4,4,0,0,0,0,4,4,True,27,y,noise_baseline_short,7,"[634, 729, 824, 919]",,1.4649671779524591,1.288539342008094,1.1073968392838274,4,1.1073968392838274,1.4116105967085564,2.2147936785676547,4.394901533857377,4.905311038623244,"[254, 349, 444, 539]",[],7,4
1,0,1,0,4,4,0,0,0,0,5,5,False,27,y,review_trend,7,"[634, 729, 824, 919]",,1.552805336476883,2.539649341405375,1.1868969732946546,5,1.1868969732946546,1.1636787034242444,2.6539823145756003,6.211221345907532,7.043622126080062,"[159, 254, 349, 444, 539]","[""insufficient_post_history""]",7,5
2,0,2,0,4,4,0,0,0,0,6,6,False,27,y,high_noise_under_iid,7,"[634, 729, 824, 919]",,0.6210968395348389,1.3189554472617737,1.0176522608796794,6,1.0176522608796794,2.465647037331317,2.4927287747448856,3.105484197674194,6.213696744441138,"[64, 159, 254, 349, 444, 539]","[""insufficient_post_history""]",7,6
0,0,0,0,3,3,0,0,0,0,3,3,True,27,y,noise_baseline_short,8,"[729, 824, 919]",,-0.1529854544092366,0.3059709088184732,0.3253985957835818,3,0.3253985957835818,0.7671351760322035,0.5636069006087315,0.3059709088184732,0.31765273841378056,"[444, 539, 634]",[],8,3
1,0,1,0,3,3,0,0,0,0,4,4,False,27,y,noise_baseline_short,8,"[729, 824, 919]",,0.5720792998674383,0.5462651634593809,0.5757072701834073,4,0.5757072701834073,1.0818716893930345,1.1514145403668146,1.7162378996023149,1.3257554437681227,"[349, 444, 539, 634]","[""insufficient_post_history""]",8,4
2,0,2,0,3,3,0,0,0,0,5,5,False,27,y,within_tolerance_under_iid,8,"[729, 824, 919]",,1.1106062590303607,1.0925303269187618,0.9374291490039938,5,0.9374291490039938,1.3217419770985201,2.0961553012627094,4.442425036121443,4.39386704701176,"[254, 349, 444, 539, 634]","[""insufficient_post_history""]",8,5
3,0,3,0,3,3,0,0,0,0,6,6,False,27,y,review_trend,8,"[729, 824, 919]",,1.2745937776684058,1.6818190510582383,1.069248896675614,6,1.069248896675614,1.211247639318414,2.6191142048891463,6.372968888342029,6.859759218252105,"[159, 254, 349, 444, 539, 634]","[""insufficient_post_history""]",8,6
1,0,1,0,2,2,0,0,0,0,3,3,False,27,y,noise_baseline_short,9,"[824, 919]",,-1.749919329738955,0.7865594181002885,1.3174207722339824,3,1.3174207722339824,2.071026225206582,2.281839712455883,3.49983865947791,5.206792473340745,"[539, 634, 729]","[""insufficient_post_history""]",9,3
2,0,2,0,2,2,0,0,0,0,4,4,False,27,y,noise_baseline_short,9,"[824, 919]",,-1.2990547541089728,0.5462651634593809,1.0569004255717802,4,1.0569004255717802,1.5758721147383923,2.1138008511435604,3.8971642623269185,4.468154038295241,"[444, 539, 634, 729]","[""insufficient_post_history""]",9,4
3,0,3,0,2,2,0,0,0,0,5,5,False,27,y,within_tolerance_under_iid,9,"[824, 919]",,-0.433655151357944,1.0925303269187618,0.8466545479541612,5,0.8466545479541612,2.0376383853566433,1.89317712268486,1.734620605431776,3.5841196178573247,"[349, 444, 539, 634, 729]","[""insufficient_post_history""]",9,5
4,0,4,0,2,2,0,0,0,0,6,6,False,27,y,within_tolerance_under_iid,9,"[824, 919]",,0.23835966267996683,1.6818190510582383,0.8941961640800056,6,0.8941961640800056,2.3975683067321567,2.190324331950037,1.1917983133998342,4.7975206791323775,"[254, 349, 444, 539, 634, 729]","[""insufficient_post_history""]",9,6
2,0,2,0,1,1,0,0,0,0,3,3,False,27,y,review_trend,10,[919],,-4.981972723298622,4.286398077578198,2.8856730532993815,3,2.8856730532993815,0.5679343200107402,4.998132342346941,9.963945446597243,24.981326911614516,"[634, 729, 824]","[""insufficient_post_history""]",10,3
3,0,3,0,1,1,0,0,0,0,4,4,False,27,y,noise_baseline_short,10,[919],,-3.1818556163069065,2.143199038789099,2.268350732297572,4,2.268350732297572,2.358384481107792,4.536701464595144,9.54556684892072,20.581660178859718,"[539, 634, 729, 824]","[""insufficient_post_history""]",10,4
4,0,4,0,1,1,0,0,0,0,5,5,False,27,y,high_noise_under_iid,10,[919],,-2.4039671370309343,1.0925303269187618,1.9360480306879018,5,1.9360480306879018,2.392701373159842,4.3291350043227474,9.615868548123737,18.741409885652512,"[444, 539, 634, 729, 824]","[""insufficient_post_history""]",10,5
5,0,5,0,1,1,0,0,0,0,6,6,False,27,y,high_noise_under_iid,10,[919],,-1.4701353113739248,1.6818190510582383,1.5847756466683536,6,1.5847756466683536,3.0627889013770626,3.8818916911267096,7.350676556869624,15.069083101638586,"[349, 444, 539, 634, 729, 824]","[""insufficient_post_history""]",10,6
0,0,0,0,3,3,3,0,3,0,0,0,False,28,y,pre_data_incomplete,1,"[63, 158, 253]",,,,,,,,,,,[],"[""insufficient_pre_history""]",1,3
0,0,0,0,4,4,4,0,4,0,0,0,False,28,y,pre_data_incomplete,1,"[63, 158, 253, 348]",,,,,,,,,,,[],"[""insufficient_pre_history""]",1,4
0,0,0,0,5,5,5,0,5,0,0,0,False,28,y,pre_data_incomplete,1,"[63, 158, 253, 348, 443]",,,,,,,,,,,[],"[""insufficient_pre_history""]",1,5
0,0,0,0,6,6,6,0,6,0,0,0,False,28,y,pre_data_incomplete,1,"[63, 158, 253, 348, 443, 538]",,,,,,,,,,,[],"[""insufficient_pre_history""]",1,6
0,0,0,0,3,3,2,0,2,0,1,1,False,28,y,pre_data_incomplete,2,"[158, 253, 348]",,,,,,,,,,,[63],"[""insufficient_pre_history""]",2,3
0,0,0,0,4,4,3,0,3,0,1,1,False,28,y,pre_data_incomplete,2,"[158, 253, 348, 443]",,,,,,,,,,,[63],"[""insufficient_pre_history""]",2,4
0,0,0,0,5,5,4,0,4,0,1,1,False,28,y,pre_data_incomplete,2,"[158, 253, 348, 443, 538]",,,,,,,,,,,[63],"[""insufficient_pre_history""]",2,5
0,0,0,0,6,6,5,0,5,0,1,1,False,28,y,pre_data_incomplete,2,"[158, 253, 348, 443, 538, 633]",,,,,,,,,,,[63],"[""insufficient_pre_history""]",2,6
0,0,0,0,3,3,1,0,1,0,2,2,False,28,y,pre_data_incomplete,3,"[253, 348, 443]",,,,,,,,,,,"[63, 158]","[""insufficient_pre_history""]",3,3
0,0,0,0,4,4,2,0,2,0,2,2,False,28,y,pre_data_incomplete,3,"[253, 348, 443, 538]",,,,,,,,,,,"[63, 158]","[""insufficient_pre_history""]",3,4
0,0,0,0,5,5,3,0,3,0,2,2,False,28,y,pre_data_incomplete,3,"[253, 348, 443, 538, 633]",,,,,,,,,,,"[63, 158]","[""insufficient_pre_history""]",3,5
0,0,0,0,6,6,4,0,4,0,2,2,False,28,y,pre_data_incomplete,3,"[253, 348, 443, 538, 633, 728]",,,,,,,,,,,"[63, 158]","[""insufficient_pre_history""]",3,6
0,0,0,0,3,3,0,0,0,0,3,3,True,28,y,noise_baseline_short,4,"[348, 443, 538]",,2.720165829906369,0.0053072897451842405,1.8143290817671356,3,1.8143290817671356,2.2253394836059166,3.1425101512704665,5.440331659812738,9.875370050837931,"[63, 158, 253]",[],4,3
0,0,0,0,4,4,1,0,1,0,3,3,False,28,y,pre_data_incomplete,4,"[348, 443, 538, 633]",,,,,,,,,,,"[63, 158, 253]","[""insufficient_pre_history""]",4,4
0,0,0,0,5,5,2,0,2,0,3,3,False,28,y,pre_data_incomplete,4,"[348, 443, 538, 633, 728]",,,,,,,,,,,"[63, 158, 253]","[""insufficient_pre_history""]",4,5
0,0,0,0,6,6,3,0,3,0,3,3,False,28,y,pre_data_incomplete,4,"[348, 443, 538, 633, 728, 823]",,,,,,,,,,,"[63, 158, 253]","[""insufficient_pre_history""]",4,6
0,0,0,0,3,3,0,0,0,0,3,3,True,28,y,noise_baseline_short,5,"[443, 538, 633]",,0.2089676063967824,0.0053072897451842405,0.14020465703402307,3,0.14020465703402307,0.17495472007855936,0.24284158944069714,0.4179352127935648,0.058972037562084106,"[158, 253, 348]",[],5,3
0,0,0,0,4,4,0,0,0,0,4,4,True,28,y,noise_baseline_short,5,"[443, 538, 633, 728]",,1.7585415197309278,0.21162125126937453,1.3993117826309565,4,1.3993117826309565,2.004312874407348,2.798623565261913,5.275624559192783,7.8322938600393,"[63, 158, 253, 348]",[],5,4
0,0,0,0,5,5,1,0,1,0,4,4,False,28,y,pre_data_incomplete,5,"[443, 538, 633, 728, 823]",,,,,,,,,,,"[63, 158, 253, 348]","[""insufficient_pre_history""]",5,5
0,0,0,0,6,6,2,0,2,0,4,4,False,28,y,pre_data_incomplete,5,"[443, 538, 633, 728, 823, 918]",,,,,,,,,,,"[63, 158, 253, 348]","[""insufficient_pre_history""]",5,6
0,0,0,0,3,3,0,0,0,0,3,3,True,28,y,noise_baseline_short,6,"[538, 633, 728]",,-0.4020012442640506,0.42324250253874907,0.3599139160667694,3,0.3599139160667694,0.673808697696472,0.6233891889787251,0.8040024885281012,0.38861408093555266,"[253, 348, 443]",[],6,3
0,0,0,0,4,4,0,0,0,0,4,4,True,28,y,noise_baseline_short,6,"[538, 633, 728, 823]",,-0.2004686832281107,0.21162125126937453,0.25663547479187737,4,0.25663547479187737,0.5428640429627684,0.5132709495837547,0.6014060496843321,0.2634470676866093,"[158, 253, 348, 443]",[],6,4
0,0,0,0,5,5,0,0,0,0,5,5,True,28,y,high_noise_under_iid,6,"[538, 633, 728, 823, 918]",,0.9690593555362839,0.42324250253874907,1.087614854127339,5,1.087614854127339,2.180776702067765,2.431980747167248,3.8762374221451354,5.9145303545921655,"[63, 158, 253, 348, 443]",[],6,5
1,0,1,0,5,5,1,0,1,0,5,5,False,28,y,pre_data_incomplete,6,"[538, 633, 728, 823, 918]",,,,,,,,,,,"[63, 158, 253, 348, 443]","[""insufficient_pre_history"", ""insufficient_post_history""]",6,6
0,0,0,0,3,3,0,0,0,0,3,3,True,28,y,noise_baseline_short,7,"[633, 728, 823]",,1.2527374512220388,1.2272449910668501,1.0984011754031924,3,1.0984011754031924,2.0248971848896695,1.9024866428917033,2.5054749024440777,3.619455426381344,"[348, 443, 538]",[],7,3
0,0,0,0,4,4,0,0,0,0,4,4,True,28,y,noise_baseline_short,7,"[633, 728, 823, 918]",,0.7558907223881629,0.6136224955334251,0.805187250660419,4,0.805187250660419,1.5689270509731355,1.610374501320838,2.2676721671644886,2.5933060345043373,"[253, 348, 443, 538]",[],7,4
1,0,1,0,4,4,0,0,0,0,5,5,False,28,y,within_tolerance_under_iid,7,"[633, 728, 823, 918]",,0.5042817741947184,0.4179352127935648,0.6363621566572906,5,0.6363621566572906,1.3608985770022972,1.4229490405940721,2.0171270967788737,2.02478397212759,"[158, 253, 348, 443, 538]","[""insufficient_post_history""]",7,5
2,0,2,0,4,4,0,0,0,0,6,6,False,28,y,high_noise_under_iid,7,"[633, 728, 823, 918]",,1.1383016711913347,0.6136224955334251,1.1196872181578987,6,1.1196872181578987,1.9323364639108513,2.7426623560032035,5.691508355956674,7.522196799037044,"[63, 158, 253, 348, 443, 538]","[""insufficient_post_history""]",7,6
0,0,0,0,3,3,0,0,0,0,3,3,True,28,y,noise_baseline_short,8,"[728, 823, 918]",,-3.5654420260684407,3.732719893510928,3.1867834345441226,3,3.1867834345441226,5.958924254393485,5.519670821349267,7.1308840521368815,30.4667659760545,"[443, 538, 633]",[],8,3
1,0,1,0,3,3,0,0,0,0,4,4,False,28,y,noise_baseline_short,8,"[728, 823, 918]",,-2.134166723610027,1.866359946755464,2.3293527879454725,4,2.3293527879454725,4.600938757889001,4.658705575890945,6.402500170830081,21.703537642837382,"[348, 443, 538, 633]","[""insufficient_post_history""]",8,4
2,0,2,0,3,3,0,0,0,0,5,5,False,28,y,high_noise_under_iid,8,"[728, 823, 918]",,-1.336429817888589,0.8040024885281012,1.8243021021284793,5,1.8243021021284793,4.029107288022601,4.079263511855044,5.345719271554356,16.64039079915194,"[253, 348, 443, 538, 633]","[""insufficient_post_history""]",8,5
3,0,3,0,3,3,0,0,0,0,6,6,False,28,y,high_noise_under_iid,8,"[728, 823, 918]",,-0.9183446265191204,0.6136224955334251,1.500426793127028,6,1.500426793127028,3.632480967517732,3.6752800395617125,4.591723132595602,13.507683369200743,"[158, 253, 348, 443, 538, 633]","[""insufficient_post_history""]",8,6
1,0,1,0,2,2,0,0,0,0,3,3,False,28,y,noise_baseline_short,9,"[823, 918]",,-1.9916887925327027,3.983377585065406,3.1729998288156027,3,3.1729998288156027,7.243888388799368,5.495796915915974,3.9833775850654054,30.203783740991526,"[538, 633, 728]","[""insufficient_post_history""]",9,3
2,0,2,0,2,2,0,0,0,0,4,4,False,28,y,noise_baseline_short,9,"[823, 918]",,-1.1615577020311243,1.991688792532703,2.264160242105581,4,2.264160242105581,5.233114643662992,4.528320484211162,3.484673106093373,20.505686407726408,"[443, 538, 633, 728]","[""insufficient_post_history""]",9,4
3,0,3,0,2,2,0,0,0,0,5,5,False,28,y,high_noise_under_iid,9,"[823, 918]",,-1.008668941737954,1.2272449910668501,1.8052542455004439,5,1.8052542455004439,4.281928205753413,4.036671209609087,4.034675766951816,16.29471445448689,"[348, 443, 538, 633, 728]","[""insufficient_post_history""]",9,5
4,0,4,0,2,2,0,0,0,0,6,6,False,28,y,high_noise_under_iid,9,"[823, 918]",,-0.7604276610432332,0.7389513413106641,1.4895412445413818,6,1.4895412445413818,3.756414999414409,3.648615999956604,3.8021383052161664,13.31239871513933,"[253, 348, 443, 538, 633, 728]","[""insufficient_post_history""]",9,6
2,0,2,0,1,1,0,0,0,0,3,3,False,28,y,noise_baseline_short,10,[918],,3.5645679866246356,0.24890961266686684,2.3359990783532214,3,2.3359990783532214,2.7072237258609015,4.04606909014185,7.129135973249271,16.3706750822013,"[633, 728, 823]","[""insufficient_post_history""]",10,3
3,0,3,0,1,1,0,0,0,0,4,4,False,28,y,noise_baseline_short,10,[918],,-0.4323177556613211,1.9916887925327027,2.2641015933623945,4,2.2641015933623945,5.503606957782023,4.528203186724789,1.2969532669839632,20.504624100264532,"[538, 633, 728, 823]","[""insufficient_post_history""]",10,4
4,0,4,0,1,1,0,0,0,0,5,5,False,28,y,high_noise_under_iid,10,[918],,-0.3986873742840628,0.24890961266686684,1.763238573494018,5,1.763238573494018,4.494095723539542,3.942721310882383,1.5947494971362512,15.545051335286098,"[443, 538, 633, 728, 823]","[""insufficient_post_history""]",10,5
5,0,5,0,1,1,0,0,0,0,6,6,False,28,y,high_noise_under_iid,10,[918],,-0.5074440677166728,0.7389513413106641,1.4761765606321153,6,1.4761765606321153,3.900854913099982,3.6158793438053163,2.537220338583364,13.074583428957965,"[348, 443, 538, 633, 728, 823]","[""insufficient_post_history""]",10,6
0,0,0,0,3,3,3,0,3,0,0,0,False,29,y,pre_data_incomplete,1,"[62, 157, 252]",,,,,,,,,,,[],"[""insufficient_pre_history""]",1,3
0,0,0,0,4,4,4,0,4,0,0,0,False,29,y,pre_data_incomplete,1,"[62, 157, 252, 347]",,,,,,,,,,,[],"[""insufficient_pre_history""]",1,4
0,0,0,0,5,5,5,0,5,0,0,0,False,29,y,pre_data_incomplete,1,"[62, 157, 252, 347, 442]",,,,,,,,,,,[],"[""insufficient_pre_history""]",1,5
0,0,0,0,6,6,6,0,6,0,0,0,False,29,y,pre_data_incomplete,1,"[62, 157, 252, 347, 442, 537]",,,,,,,,,,,[],"[""insufficient_pre_history""]",1,6
0,0,0,0,3,3,2,0,2,0,1,1,False,29,y,pre_data_incomplete,2,"[157, 252, 347]",,,,,,,,,,,[62],"[""insufficient_pre_history""]",2,3
0,0,0,0,4,4,3,0,3,0,1,1,False,29,y,pre_data_incomplete,2,"[157, 252, 347, 442]",,,,,,,,,,,[62],"[""insufficient_pre_history""]",2,4
0,0,0,0,5,5,4,0,4,0,1,1,False,29,y,pre_data_incomplete,2,"[157, 252, 347, 442, 537]",,,,,,,,,,,[62],"[""insufficient_pre_history""]",2,5
0,0,0,0,6,6,5,0,5,0,1,1,False,29,y,pre_data_incomplete,2,"[157, 252, 347, 442, 537, 632]",,,,,,,,,,,[62],"[""insufficient_pre_history""]",2,6
0,0,0,0,3,3,1,0,1,0,2,2,False,29,y,pre_data_incomplete,3,"[252, 347, 442]",,,,,,,,,,,"[62, 157]","[""insufficient_pre_history""]",3,3
0,0,0,0,4,4,2,0,2,0,2,2,False,29,y,pre_data_incomplete,3,"[252, 347, 442, 537]",,,,,,,,,,,"[62, 157]","[""insufficient_pre_history""]",3,4
0,0,0,0,5,5,3,0,3,0,2,2,False,29,y,pre_data_incomplete,3,"[252, 347, 442, 537, 632]",,,,,,,,,,,"[62, 157]","[""insufficient_pre_history""]",3,5
0,0,0,0,6,6,4,0,4,0,2,2,False,29,y,pre_data_incomplete,3,"[252, 347, 442, 537, 632, 727]",,,,,,,,,,,"[62, 157]","[""insufficient_pre_history""]",3,6
0,0,0,0,3,3,0,0,0,0,3,3,True,29,y,noise_baseline_short,4,"[347, 442, 537]",,1.272693487025661,2.545386974051322,1.5348965623552515,3,1.5348965623552515,3.30090098593471,2.658518830362107,2.545386974051322,7.067722371389906,"[62, 157, 252]",[],4,3
0,0,0,0,4,4,1,0,1,0,3,3,False,29,y,pre_data_incomplete,4,"[347, 442, 537, 632]",,,,,,,,,,,"[62, 157, 252]","[""insufficient_pre_history""]",4,4
0,0,0,0,5,5,2,0,2,0,3,3,False,29,y,pre_data_incomplete,4,"[347, 442, 537, 632, 727]",,,,,,,,,,,"[62, 157, 252]","[""insufficient_pre_history""]",4,5
0,0,0,0,6,6,3,0,3,0,3,3,False,29,y,pre_data_incomplete,4,"[347, 442, 537, 632, 727, 822]",,,,,,,,,,,"[62, 157, 252]","[""insufficient_pre_history""]",4,6
0,0,0,0,3,3,0,0,0,0,3,3,True,29,y,noise_baseline_short,5,"[442, 537, 632]",,-1.3226313786300166,0.12480530920928173,0.9032739375622814,3,0.9032739375622814,1.1818271067301394,1.564516353010669,2.645262757260033,2.447711418837804,"[157, 252, 347]",[],5,3
0,0,0,0,4,4,0,0,0,0,4,4,True,29,y,noise_baseline_short,5,"[442, 537, 632, 727]",,0.5240508783312496,1.3350961416303018,1.0854074933528968,4,1.0854074933528968,2.5262785380991395,2.1708149867057935,1.572152634993749,4.712437706506474,"[62, 157, 252, 347]",[],5,4
0,0,0,0,5,5,1,0,1,0,4,4,False,29,y,pre_data_incomplete,5,"[442, 537, 632, 727, 822]",,,,,,,,,,,"[62, 157, 252, 347]","[""insufficient_pre_history""]",5,5
0,0,0,0,6,6,2,0,2,0,4,4,False,29,y,pre_data_incomplete,5,"[442, 537, 632, 727, 822, 917]",,,,,,,,,,,"[62, 157, 252, 347]","[""insufficient_pre_history""]",5,6
0,0,0,0,3,3,0,0,0,0,3,3,True,29,y,noise_baseline_short,6,"[537, 632, 727]",,1.1974454602861866,0.12480530920928173,0.778330391484967,3,0.778330391484967,0.8758070159200924,1.3481077831269375,2.394890920572373,1.8173945949274255,"[252, 347, 442]",[],6,3
0,0,0,0,4,4,0,0,0,0,4,4,True,29,y,noise_baseline_short,6,"[537, 632, 727, 822]",,-0.10007261284815423,1.1974454602861866,0.7319468561108667,4,0.7319468561108667,1.7859005799365901,1.4638937122217335,0.3002178385444627,2.1429848006823273,"[157, 252, 347, 442]",[],6,4
0,0,0,0,5,5,0,0,0,0,5,5,True,29,y,within_tolerance_under_iid,6,"[537, 632, 727, 822, 917]",,0.7235293031987358,2.2700856113630916,0.9590888762223566,5,0.9590888762223566,2.094602820265836,2.1445879236970713,2.894117212794943,4.599257362467316,"[62, 157, 252, 347, 442]",[],6,5
1,0,1,0,5,5,1,0,1,0,5,5,False,29,y,pre_data_incomplete,6,"[537, 632, 727, 822, 917]",,,,,,,,,,,"[62, 157, 252, 347, 442]","[""insufficient_pre_history"", ""insufficient_post_history""]",6,6
0,0,0,0,3,3,0,0,0,0,3,3,True,29,y,noise_baseline_short,7,"[632, 727, 822]",,-2.6059998209787985,2.2700856113630916,2.2148467301955526,3,2.2148467301955526,3.981307083818646,3.836227067676494,5.211999641957597,14.716638114773792,"[347, 442, 537]",[],7,3
0,0,0,0,4,4,0,0,0,0,4,4,True,29,y,noise_baseline_short,7,"[632, 727, 822, 917]",,-1.2991497386881852,1.1974454602861866,1.580680587558437,4,1.580680587558437,3.2820468629302915,3.161361175116874,3.8974492160645555,9.994204479536345,"[252, 347, 442, 537]",[],7,4
1,0,1,0,4,4,0,0,0,0,5,5,False,29,y,high_noise_under_iid,7,"[632, 727, 822, 917]",,-1.3319633877862886,2.2700856113630916,1.4017078019445375,5,1.4017078019445375,2.6804496250077445,3.1343139297397977,5.327853551145155,9.823923810160935,"[157, 252, 347, 442, 537]","[""insufficient_post_history""]",7,5
2,0,2,0,4,4,0,0,0,0,6,6,False,29,y,high_noise_under_iid,7,"[632, 727, 822, 917]",,-0.39170751205618587,2.4701389473118476,1.2229486009302437,6,1.2229486009302437,3.2474216639125952,2.99560005392967,1.9585375602809294,8.973619683103442,"[62, 157, 252, 347, 442, 537]","[""insufficient_post_history""]",7,6
0,0,0,0,3,3,0,0,0,0,3,3,True,29,y,noise_baseline_short,8,"[727, 822, 917]",,-3.7329165707052905,0.01625211191010667,2.491324149975103,3,2.491324149975103,3.061183410676779,4.315100005880224,7.465833141410581,18.620088060747502,"[442, 537, 632]",[],8,3
1,0,1,0,3,3,0,0,0,0,4,4,False,29,y,noise_baseline_short,8,"[727, 822, 917]",,-2.3069327843463157,2.605999820978798,1.8876492750638925,4,1.8876492750638925,2.8415614607405244,3.775298550127785,6.920798353038947,14.252879142596955,"[347, 442, 537, 632]","[""insufficient_post_history""]",8,4
2,0,2,0,3,3,0,0,0,0,5,5,False,29,y,high_noise_under_iid,8,"[727, 822, 917]",,-1.5353884083634013,2.394890920572373,1.5112234440480214,5,1.5112234440480214,2.7142678762077685,3.379198350082726,6.141553633453605,11.418981489201819,"[252, 347, 442, 537, 632]","[""insufficient_post_history""]",8,5
3,0,3,0,3,3,0,0,0,0,6,6,False,29,y,high_noise_under_iid,8,"[727, 822, 917]",,-1.4913299663834132,2.520076838916203,1.4267466771927146,6,1.4267466771927146,2.3530322843797418,3.4948013513335363,7.4566498319170655,12.213636485282711,"[157, 252, 347, 442, 537, 632]","[""insufficient_post_history""]",8,6
1,0,1,0,2,2,0,0,0,0,3,3,False,29,y,noise_baseline_short,9,"[822, 917]",,3.1295122534600646,0.01625211191010667,2.0836380988452152,3,2.0836380988452152,2.5419662611141085,3.608967051786135,6.259024506920129,13.02464318087791,"[537, 632, 727]","[""insufficient_post_history""]",9,3
2,0,2,0,2,2,0,0,0,0,4,4,False,29,y,noise_baseline_short,9,"[822, 917]",,-0.36529301272915715,3.129512253460064,1.9966847570201463,4,1.9966847570201463,4.856634910164418,3.9933695140402925,1.0958790381874715,15.947000075666402,"[442, 537, 632, 727]","[""insufficient_post_history""]",9,4
3,0,3,0,2,2,0,0,0,0,5,5,False,29,y,high_noise_under_iid,9,"[822, 917]",,-0.5371783411485518,2.2700856113630916,1.5867396866610637,5,1.5867396866610637,3.977823984815229,3.548057801970855,2.148713364594207,12.588714166126254,"[347, 442, 537, 632, 727]","[""insufficient_post_history""]",9,5
4,0,4,0,2,2,0,0,0,0,6,6,False,29,y,high_noise_under_iid,9,"[822, 917]",,-0.49171934207440254,1.7209578927674527,1.3133767957116782,6,1.3133767957116782,3.44664582516248,3.217102989505193,2.4585967103720128,10.349751645083252,"[252, 347, 442, 537, 632, 727]","[""insufficient_post_history""]",9,6
2,0,2,0,1,1,0,0,0,0,3,3,False,29,y,review_trend,10,[917],,4.312668373125009,2.3825643512399948,2.571696954346484,3,2.571696954346484,1.5759233347039663,4.454309786598249,8.625336746250017,19.84087567498494,"[632, 727, 822]","[""insufficient_post_history""]",10,3
3,0,3,0,1,1,0,0,0,0,4,4,False,29,y,review_trend,10,[917],,3.216753896949039,3.129512253460064,2.202734871854168,4,2.202734871854168,1.8009667987645734,4.405469743708336,9.650261690847117,19.408163662729592,"[537, 632, 727, 822]","[""insufficient_post_history""]",10,4
4,0,4,0,1,1,0,0,0,0,5,5,False,29,y,high_noise_under_iid,10,[917],,0.8578031716598998,2.3825643512399948,1.8640240191186381,5,1.8640240191186381,4.550950379277065,4.168084418441643,3.4312126866395993,17.372927719256005,"[442, 537, 632, 727, 822]","[""insufficient_post_history""]",10,5
5,0,5,0,1,1,0,0,0,0,6,6,False,29,y,high_noise_under_iid,10,[917],,0.38557188439203033,2.326324981301543,1.5268539168127184,6,1.5268539168127184,4.102951289407474,3.7400130079610734,1.9278594219601517,13.987697299718034,"[347, 442, 537, 632, 727, 822]","[""insufficient_post_history""]",10,6
0,0,0,0,3,3,3,0,3,0,0,0,False,3,y,pre_data_incomplete,1,"[88, 183, 278]",,,,,,,,,,,[],"[""insufficient_pre_history""]",1,3
0,0,0,0,4,4,4,0,4,0,0,0,False,3,y,pre_data_incomplete,1,"[88, 183, 278, 373]",,,,,,,,,,,[],"[""insufficient_pre_history""]",1,4
0,0,0,0,5,5,5,0,5,0,0,0,False,3,y,pre_data_incomplete,1,"[88, 183, 278, 373, 468]",,,,,,,,,,,[],"[""insufficient_pre_history""]",1,5
0,0,0,0,6,6,6,0,6,0,0,0,False,3,y,pre_data_incomplete,1,"[88, 183, 278, 373, 468, 563]",,,,,,,,,,,[],"[""insufficient_pre_history""]",1,6
0,0,0,0,3,3,2,0,2,0,1,1,False,3,y,pre_data_incomplete,2,"[183, 278, 373]",,,,,,,,,,,[88],"[""insufficient_pre_history""]",2,3
0,0,0,0,4,4,3,0,3,0,1,1,False,3,y,pre_data_incomplete,2,"[183, 278, 373, 468]",,,,,,,,,,,[88],"[""insufficient_pre_history""]",2,4
0,0,0,0,5,5,4,0,4,0,1,1,False,3,y,pre_data_incomplete,2,"[183, 278, 373, 468, 563]",,,,,,,,,,,[88],"[""insufficient_pre_history""]",2,5
0,0,0,0,6,6,5,0,5,0,1,1,False,3,y,pre_data_incomplete,2,"[183, 278, 373, 468, 563, 658]",,,,,,,,,,,[88],"[""insufficient_pre_history""]",2,6
0,0,0,0,3,3,1,0,1,0,2,2,False,3,y,pre_data_incomplete,3,"[278, 373, 468]",,,,,,,,,,,"[88, 183]","[""insufficient_pre_history""]",3,3
0,0,0,0,4,4,2,0,2,0,2,2,False,3,y,pre_data_incomplete,3,"[278, 373, 468, 563]",,,,,,,,,,,"[88, 183]","[""insufficient_pre_history""]",3,4
0,0,0,0,5,5,3,0,3,0,2,2,False,3,y,pre_data_incomplete,3,"[278, 373, 468, 563, 658]",,,,,,,,,,,"[88, 183]","[""insufficient_pre_history""]",3,5
0,0,0,0,6,6,4,0,4,0,2,2,False,3,y,pre_data_incomplete,3,"[278, 373, 468, 563, 658, 753]",,,,,,,,,,,"[88, 183]","[""insufficient_pre_history""]",3,6
0,0,0,0,3,3,0,0,0,0,3,3,True,3,y,noise_baseline_short,4,"[373, 468, 563]",,-0.49477111265761076,0.9895422253152215,1.5078940071740288,3,1.5078940071740288,3.62668845000328,2.6117490328540467,0.9895422253152215,6.821233010614047,"[88, 183, 278]",[],4,3
0,0,0,0,4,4,1,0,1,0,3,3,False,3,y,pre_data_incomplete,4,"[373, 468, 563, 658]",,,,,,,,,,,"[88, 183, 278]","[""insufficient_pre_history""]",4,4
0,0,0,0,5,5,2,0,2,0,3,3,False,3,y,pre_data_incomplete,4,"[373, 468, 563, 658, 753]",,,,,,,,,,,"[88, 183, 278]","[""insufficient_pre_history""]",4,5
0,0,0,0,6,6,3,0,3,0,3,3,False,3,y,pre_data_incomplete,4,"[373, 468, 563, 658, 753, 848]",,,,,,,,,,,"[88, 183, 278]","[""insufficient_pre_history""]",4,6
0,0,0,0,3,3,0,0,0,0,3,3,True,3,y,review_trend,5,"[468, 563, 658]",,2.547733906569187,1.1484708465193565,1.5431130615763164,3,1.5431130615763164,1.1424935043491542,2.6727502244733414,5.095467813138374,7.143593762422297,"[183, 278, 373]",[],5,3
0,0,0,0,4,4,0,0,0,0,4,4,True,3,y,noise_baseline_short,5,"[468, 563, 658, 753]",,0.4423782830231423,0.5742354232596782,1.1922967497156152,4,1.1922967497156152,2.835521622747438,2.3845934994312303,1.3271348490694268,5.686286157529682,"[88, 183, 278, 373]",[],5,4
0,0,0,0,5,5,1,0,1,0,4,4,False,3,y,pre_data_incomplete,5,"[468, 563, 658, 753, 848]",,,,,,,,,,,"[88, 183, 278, 373]","[""insufficient_pre_history""]",5,5
0,0,0,0,6,6,2,0,2,0,4,4,False,3,y,pre_data_incomplete,5,"[468, 563, 658, 753, 848, 943]",,,,,,,,,,,"[88, 183, 278, 373]","[""insufficient_pre_history""]",5,6
0,0,0,0,3,3,0,0,0,0,3,3,True,3,y,noise_baseline_short,6,"[563, 658, 753]",,-0.8430658640749008,1.1484708465193565,0.8231712811606958,3,0.8231712811606958,1.626082914992261,1.4257744823018905,1.6861317281498016,2.032832874383224,"[278, 373, 468]",[],6,3
0,0,0,0,4,4,0,0,0,0,4,4,True,3,y,noise_baseline_short,6,"[563, 658, 753, 848]",,0.7931066561927005,1.417301287334579,1.1072778761641722,4,1.1072778761641722,2.4049616109229106,2.2145557523283443,2.3793199685781015,4.904257180170559,"[183, 278, 373, 468]",[],6,4
0,0,0,0,5,5,0,0,0,0,5,5,True,3,y,within_tolerance_under_iid,6,"[563, 658, 753, 848, 943]",,-0.02558800937916721,1.1484708465193565,0.9559507758411008,5,0.9559507758411008,2.4678121386080805,2.137570917924365,0.10235203751666884,4.569209429156013,"[88, 183, 278, 373, 468]",[],6,5
1,0,1,0,5,5,1,0,1,0,5,5,False,3,y,pre_data_incomplete,6,"[563, 658, 753, 848, 943]",,,,,,,,,,,"[88, 183, 278, 373, 468]","[""insufficient_pre_history"", ""insufficient_post_history""]",6,6
0,0,0,0,3,3,0,0,0,0,3,3,True,3,y,noise_baseline_short,7,"[658, 753, 848]",,0.3646566582223806,0.7293133164447612,1.0870031725599976,3,1.0870031725599976,2.6121842251574012,1.8827447228624754,0.7293133164447612,3.5447276914664996,"[373, 468, 563]",[],7,3
0,0,0,0,4,4,0,0,0,0,4,4,True,3,y,noise_baseline_short,7,"[658, 753, 848, 943]",,0.2798749914223195,0.9388920814820588,0.7766979384099953,4,0.7766979384099953,1.8503332397497791,1.5533958768199907,0.8396249742669584,2.413038750121348,"[278, 373, 468, 563]",[],7,4
1,0,1,0,4,4,0,0,0,0,5,5,False,3,y,high_noise_under_iid,7,"[658, 753, 848, 943]",,0.9963430531016468,1.6861317281498016,1.0466070376447472,5,1.0466070376447472,1.9983936074016342,2.340284481903336,3.9853722124065873,5.476931456237566,"[183, 278, 373, 468, 563]","[""insufficient_post_history""]",7,5
2,0,2,0,4,4,0,0,0,0,6,6,False,3,y,within_tolerance_under_iid,7,"[658, 753, 848, 943]",,0.3534936071477568,1.0183563920841263,0.8908819141278651,6,0.8908819141278651,2.3250460891911926,2.1822061106872495,1.767468035738784,4.7620235095207715,"[88, 183, 278, 373, 468, 563]","[""insufficient_post_history""]",7,6
0,0,0,0,3,3,0,0,0,0,3,3,True,3,y,noise_baseline_short,8,"[753, 848, 943]",,-0.7130279716315033,1.4260559432630067,1.4838941063619864,3,1.4838941063619864,3.492110040751459,2.570179985270976,1.4260559432630067,6.605825156687515,"[468, 563, 658]",[],8,3
1,0,1,0,3,3,0,0,0,0,4,4,False,3,y,noise_baseline_short,8,"[753, 848, 943]",,-0.9218059662682574,1.7819579455569596,1.1757535847313847,4,1.1757535847313847,2.4839612222079515,2.3515071694627694,2.765417898804772,5.529585968034806,"[373, 468, 563, 658]","[""insufficient_post_history""]",8,4
2,0,2,0,3,3,0,0,0,0,5,5,False,3,y,within_tolerance_under_iid,8,"[753, 848, 943]",,-0.5495062026380855,1.6861317281498016,0.9150346582024569,5,0.9150346582024569,2.1390182987261905,2.0460796975089792,2.198024810552342,4.186442128558436,"[278, 373, 468, 563, 658]","[""insufficient_post_history""]",8,5
3,0,3,0,3,3,0,0,0,0,6,6,False,3,y,within_tolerance_under_iid,8,"[753, 848, 943]",,0.19922275400726408,2.130329258966082,0.9574500661590273,6,0.9574500661590273,2.588761722602072,2.3452641162836123,0.9961137700363204,5.500263775127553,"[183, 278, 373, 468, 563, 658]","[""insufficient_post_history""]",8,6
1,0,1,0,2,2,0,0,0,0,3,3,False,3,y,noise_baseline_short,9,"[848, 943]",,-1.6588832588587674,1.672205316659391,1.4663572437814605,3,1.4663572437814605,2.7198224326779856,2.5398052482761515,3.317766517717535,6.450610699171082,"[563, 658, 753]","[""insufficient_post_history""]",9,3
2,0,2,0,2,2,0,0,0,0,4,4,False,3,y,noise_baseline_short,9,"[848, 943]",,-0.42515237141877726,0.8361026583296955,1.055732227544979,4,1.055732227544979,2.4971056986749627,2.111464455089958,1.2754571142563318,4.458282145108333,"[468, 563, 658, 753]","[""insufficient_post_history""]",9,4
3,0,3,0,2,2,0,0,0,0,5,5,False,3,y,within_tolerance_under_iid,9,"[848, 943]",,-0.6602962345808554,1.672205316659391,0.9323065825830676,5,0.9323065825830676,2.0835866596278807,2.084700894526261,2.6411849383234216,4.345977819638592,"[373, 468, 563, 658, 753]","[""insufficient_post_history""]",9,5
4,0,4,0,2,2,0,0,0,0,6,6,False,3,y,within_tolerance_under_iid,9,"[848, 943]",,-0.46908489818427607,1.4173012873345792,0.7687179678223424,6,0.7687179678223424,1.8625995404110407,1.8829667772739567,2.3454244909213804,3.54556388431747,"[278, 373, 468, 563, 658, 753]","[""insufficient_post_history""]",9,6
2,0,2,0,1,1,0,0,0,0,3,3,False,3,y,review_trend,10,[943],,3.508677060180629,1.672205316659391,2.116209205229044,3,2.116209205229044,1.4994728995554707,3.6653818629016577,7.017354120361258,13.435024200888428,"[658, 753, 848]","[""insufficient_post_history""]",10,3
3,0,3,0,1,1,0,0,0,0,4,4,False,3,y,noise_baseline_short,10,[943],,0.7754352174612389,2.494985917188463,1.5852695466966085,4,1.5852695466966085,3.6844575954818812,3.170539093393217,2.3263056523837164,10.052318142734682,"[563, 658, 753, 848]","[""insufficient_post_history""]",10,4
4,0,4,0,1,1,0,0,0,0,5,5,False,3,y,high_noise_under_iid,10,[943],,0.7864829836478968,1.672205316659391,1.2910699228326554,5,1.2910699228326554,3.0084146476832503,2.8869201111592258,3.1459319345915873,8.334307728215595,"[468, 563, 658, 753, 848]","[""insufficient_post_history""]",10,5
5,0,5,0,1,1,0,0,0,0,6,6,False,3,y,high_noise_under_iid,10,[943],,0.27234155137021987,1.7819579455569596,1.0742069319069139,6,1.0742069319069139,2.8861584487930503,2.631258861332573,1.3617077568510993,6.923523195341189,"[373, 468, 563, 658, 753, 848]","[""insufficient_post_history""]",10,6
0,0,0,0,3,3,3,0,3,0,0,0,False,30,y,pre_data_incomplete,1,"[61, 156, 251]",,,,,,,,,,,[],"[""insufficient_pre_history""]",1,3
0,0,0,0,4,4,4,0,4,0,0,0,False,30,y,pre_data_incomplete,1,"[61, 156, 251, 346]",,,,,,,,,,,[],"[""insufficient_pre_history""]",1,4
0,0,0,0,5,5,5,0,5,0,0,0,False,30,y,pre_data_incomplete,1,"[61, 156, 251, 346, 441]",,,,,,,,,,,[],"[""insufficient_pre_history""]",1,5
0,0,0,0,6,6,6,0,6,0,0,0,False,30,y,pre_data_incomplete,1,"[61, 156, 251, 346, 441, 536]",,,,,,,,,,,[],"[""insufficient_pre_history""]",1,6
0,0,0,0,3,3,2,0,2,0,1,1,False,30,y,pre_data_incomplete,2,"[156, 251, 346]",,,,,,,,,,,[61],"[""insufficient_pre_history""]",2,3
0,0,0,0,4,4,3,0,3,0,1,1,False,30,y,pre_data_incomplete,2,"[156, 251, 346, 441]",,,,,,,,,,,[61],"[""insufficient_pre_history""]",2,4
0,0,0,0,5,5,4,0,4,0,1,1,False,30,y,pre_data_incomplete,2,"[156, 251, 346, 441, 536]",,,,,,,,,,,[61],"[""insufficient_pre_history""]",2,5
0,0,0,0,6,6,5,0,5,0,1,1,False,30,y,pre_data_incomplete,2,"[156, 251, 346, 441, 536, 631]",,,,,,,,,,,[61],"[""insufficient_pre_history""]",2,6
0,0,0,0,3,3,1,0,1,0,2,2,False,30,y,pre_data_incomplete,3,"[251, 346, 441]",,,,,,,,,,,"[61, 156]","[""insufficient_pre_history""]",3,3
0,0,0,0,4,4,2,0,2,0,2,2,False,30,y,pre_data_incomplete,3,"[251, 346, 441, 536]",,,,,,,,,,,"[61, 156]","[""insufficient_pre_history""]",3,4
0,0,0,0,5,5,3,0,3,0,2,2,False,30,y,pre_data_incomplete,3,"[251, 346, 441, 536, 631]",,,,,,,,,,,"[61, 156]","[""insufficient_pre_history""]",3,5
0,0,0,0,6,6,4,0,4,0,2,2,False,30,y,pre_data_incomplete,3,"[251, 346, 441, 536, 631, 726]",,,,,,,,,,,"[61, 156]","[""insufficient_pre_history""]",3,6
0,0,0,0,3,3,0,0,0,0,3,3,True,30,y,noise_baseline_short,4,"[346, 441, 536]",,3.407172553438425,0.9210965483511613,2.439498760998496,3,2.439498760998496,3.534016922946317,4.225335799050721,6.81434510687685,17.853462614739595,"[61, 156, 251]",[],4,3
0,0,0,0,4,4,1,0,1,0,3,3,False,30,y,pre_data_incomplete,4,"[346, 441, 536, 631]",,,,,,,,,,,"[61, 156, 251]","[""insufficient_pre_history""]",4,4
0,0,0,0,5,5,2,0,2,0,3,3,False,30,y,pre_data_incomplete,4,"[346, 441, 536, 631, 726]",,,,,,,,,,,"[61, 156, 251]","[""insufficient_pre_history""]",4,5
0,0,0,0,6,6,3,0,3,0,3,3,False,30,y,pre_data_incomplete,4,"[346, 441, 536, 631, 726, 821]",,,,,,,,,,,"[61, 156, 251]","[""insufficient_pre_history""]",4,6
0,0,0,0,3,3,0,0,0,0,3,3,True,30,y,noise_baseline_short,5,"[441, 536, 631]",,3.3643463538469414,1.0067489475341287,2.4281440855033773,3,2.4281440855033773,3.568984368486892,4.205668924189718,6.728692707693883,17.6876510998951,"[156, 251, 346]",[],5,3
0,0,0,0,4,4,0,0,0,0,4,4,True,30,y,noise_baseline_short,5,"[441, 536, 631, 726]",,2.5158230133256176,3.3643463538469414,1.9745136417840545,4,1.9745136417840545,2.7511472413524145,3.949027283568109,7.547469039976853,15.59481648636532,"[61, 156, 251, 346]",[],5,4
0,0,0,0,5,5,1,0,1,0,4,4,False,30,y,pre_data_incomplete,5,"[441, 536, 631, 726, 821]",,,,,,,,,,,"[61, 156, 251, 346]","[""insufficient_pre_history""]",5,5
0,0,0,0,6,6,2,0,2,0,4,4,False,30,y,pre_data_incomplete,5,"[441, 536, 631, 726, 821, 916]",,,,,,,,,,,"[61, 156, 251, 346]","[""insufficient_pre_history""]",5,6
0,0,0,0,3,3,0,0,0,0,3,3,True,30,y,noise_baseline_short,6,"[536, 631, 726]",,-3.4580062618191585,1.0067489475341287,2.1572123045257943,3,2.1572123045257943,2.0014432160878073,3.7364013141514203,6.916012523638317,13.960694780392462,"[251, 346, 441]",[],6,3
0,0,0,0,4,4,0,0,0,0,4,4,True,30,y,noise_baseline_short,6,"[536, 631, 726, 821]",,0.14515384472349563,3.3643463538469414,1.9871881093858799,4,1.9871881093858799,4.862183192344025,3.9743762187717597,0.4354615341704869,15.79566632833851,"[156, 251, 346, 441]",[],6,4
0,0,0,0,5,5,0,0,0,0,5,5,True,30,y,high_noise_under_iid,6,"[536, 631, 726, 821, 916]",,0.6525357874170951,0.9210965483511613,1.6449018920309695,5,1.6449018920309695,4.076600509801469,3.6781124468992674,2.6101431496683802,13.528511172035316,"[61, 156, 251, 346, 441]",[],6,5
1,0,1,0,5,5,1,0,1,0,5,5,False,30,y,pre_data_incomplete,6,"[536, 631, 726, 821, 916]",,,,,,,,,,,"[61, 156, 251, 346, 441]","[""insufficient_pre_history"", ""insufficient_post_history""]",6,6
0,0,0,0,3,3,0,0,0,0,3,3,True,30,y,noise_baseline_short,7,"[631, 726, 821]",,-2.618991455064399,0.6712806659753898,1.8679531089639474,3,1.8679531089639474,2.686495937150805,3.2353896908818,5.237982910128798,10.467746451864228,"[346, 441, 536]",[],7,3
0,0,0,0,4,4,0,0,0,0,4,4,True,30,y,noise_baseline_short,7,"[631, 726, 821, 916]",,-2.464345914909297,2.954631788052094,1.7715807874829541,4,1.7715807874829541,1.910101816303779,3.5431615749659082,7.393037744727891,12.553993946314895,"[251, 346, 441, 536]",[],7,4
1,0,1,0,4,4,0,0,0,0,5,5,False,30,y,high_noise_under_iid,7,"[631, 726, 821, 916]",,-0.3934592928508146,1.490709797565085,1.6082722727014933,5,1.6082722727014933,4.089934470196391,3.5962061280886184,1.5738371714032584,12.932698515702132,"[156, 251, 346, 441, 536]","[""insufficient_post_history""]",7,5
2,0,2,0,4,4,0,0,0,0,6,6,False,30,y,high_noise_under_iid,7,"[631, 726, 821, 916]",,0.12284584838013074,0.796188607163276,1.3743698698926374,6,1.3743698698926374,3.7550859472499774,3.366504899092266,0.6142292419006536,11.33335523561223,"[61, 156, 251, 346, 441, 536]","[""insufficient_post_history""]",7,6
0,0,0,0,3,3,0,0,0,0,3,3,True,30,y,noise_baseline_short,8,"[726, 821, 916]",,-0.2821627540627394,0.5643255081254788,0.3571339329462353,3,0.3571339329462353,0.7784832925691703,0.618574116969776,0.5643255081254788,0.3826339381849381,"[441, 536, 631]",[],8,3
1,0,1,0,3,3,0,0,0,0,4,4,False,30,y,noise_baseline_short,8,"[726, 821, 916]",,-1.8749486586713608,0.6178030870504343,1.4899595928472364,4,1.4899595928472364,2.128684182369751,2.979919185694473,5.6248459760140825,8.87991835327001,"[346, 441, 536, 631]","[""insufficient_post_history""]",8,4
2,0,2,0,3,3,0,0,0,0,5,5,False,30,y,review_trend,8,"[726, 821, 916]",,-2.019865897365639,1.2356061741008686,1.5822639664521383,5,1.5822639664521383,1.758086341949687,3.538049787335428,8.079463589462556,12.517796297664267,"[251, 346, 441, 536, 631]","[""insufficient_post_history""]",8,5
3,0,3,0,3,3,0,0,0,0,6,6,False,30,y,high_noise_under_iid,8,"[726, 821, 916]",,-0.6676554580506253,1.0275176528452818,1.4111206082209469,6,1.4111206082209469,3.60336559488979,3.4565254556671685,3.3382772902531266,11.947568225675127,"[156, 251, 346, 441, 536, 631]","[""insufficient_post_history""]",8,6
1,0,1,0,2,2,0,0,0,0,3,3,False,30,y,noise_baseline_short,9,"[821, 916]",,2.744758743941472,1.2356061741008686,2.0667851194040927,3,2.0667851194040927,3.2499543464262395,3.579776835135197,5.489517487882944,12.814802189370566,"[536, 631, 726]","[""insufficient_post_history""]",9,3
2,0,2,0,2,2,0,0,0,0,4,4,False,30,y,noise_baseline_short,9,"[821, 916]",,1.7246788287474133,0.6178030870504343,1.551970038642023,4,1.551970038642023,2.6486550075899395,3.103940077284046,5.17403648624224,9.63444400337009,"[441, 536, 631, 726]","[""insufficient_post_history""]",9,4
3,0,3,0,2,2,0,0,0,0,5,5,False,30,y,high_noise_under_iid,9,"[821, 916]",,-0.006125635261718809,1.2356061741008686,1.4830367975690202,5,1.4830367975690202,3.8291682136290777,3.316171092497924,0.024502541046875236,10.996990714718876,"[346, 441, 536, 631, 726]","[""insufficient_post_history""]",9,5
4,0,4,0,2,2,0,0,0,0,6,6,False,30,y,high_noise_under_iid,9,"[821, 916]",,-0.6435873838746724,3.0803990769291665,1.4226482909480727,6,1.4226482909480727,3.656133961583529,3.4847623962653222,3.2179369193733622,12.143568958424831,"[251, 346, 441, 536, 631, 726]","[""insufficient_post_history""]",9,6
2,0,2,0,1,1,0,0,0,0,3,3,False,30,y,noise_baseline_short,10,[916],,3.7478861254258558,0.7706485888678996,2.380567032745877,3,2.380567032745877,2.4309042692092566,4.123263051539342,7.4957722508517115,17.001298192189527,"[631, 726, 821]","[""insufficient_post_history""]",10,3
3,0,3,0,1,1,0,0,0,0,4,4,False,30,y,noise_baseline_short,10,[916],,2.5505621892236343,3.130083038375421,1.8976904456958115,4,1.8976904456958115,2.3116996914322296,3.795380891391623,7.651686567670903,14.404916110740672,"[536, 631, 726, 821]","[""insufficient_post_history""]",10,4
4,0,4,0,1,1,0,0,0,0,5,5,False,30,y,high_noise_under_iid,10,[916],,1.935241097333541,1.2356061741008686,1.611299047912447,5,1.611299047912447,2.196520838962069,3.602974203212922,7.740964389334164,12.981423109017792,"[441, 536, 631, 726, 821]","[""insufficient_post_history""]",10,5
5,0,5,0,1,1,0,0,0,0,6,6,False,30,y,high_noise_under_iid,10,[916],,0.6387915463024102,3.0803990769291665,1.424000247464901,6,1.424000247464901,3.6637530262670217,3.488073999885982,3.193957731512051,12.166660228680593,"[346, 441, 536, 631, 726, 821]","[""insufficient_post_history""]",10,6
0,0,0,0,3,3,3,0,3,0,0,0,False,31,y,pre_data_incomplete,1,"[60, 155, 250]",,,,,,,,,,,[],"[""insufficient_pre_history""]",1,3
0,0,0,0,4,4,4,0,4,0,0,0,False,31,y,pre_data_incomplete,1,"[60, 155, 250, 345]",,,,,,,,,,,[],"[""insufficient_pre_history""]",1,4
0,0,0,0,5,5,5,0,5,0,0,0,False,31,y,pre_data_incomplete,1,"[60, 155, 250, 345, 440]",,,,,,,,,,,[],"[""insufficient_pre_history""]",1,5
0,0,0,0,6,6,6,0,6,0,0,0,False,31,y,pre_data_incomplete,1,"[60, 155, 250, 345, 440, 535]",,,,,,,,,,,[],"[""insufficient_pre_history""]",1,6
0,0,0,0,3,3,2,0,2,0,1,1,False,31,y,pre_data_incomplete,2,"[155, 250, 345]",,,,,,,,,,,[60],"[""insufficient_pre_history""]",2,3
0,0,0,0,4,4,3,0,3,0,1,1,False,31,y,pre_data_incomplete,2,"[155, 250, 345, 440]",,,,,,,,,,,[60],"[""insufficient_pre_history""]",2,4
0,0,0,0,5,5,4,0,4,0,1,1,False,31,y,pre_data_incomplete,2,"[155, 250, 345, 440, 535]",,,,,,,,,,,[60],"[""insufficient_pre_history""]",2,5
0,0,0,0,6,6,5,0,5,0,1,1,False,31,y,pre_data_incomplete,2,"[155, 250, 345, 440, 535, 630]",,,,,,,,,,,[60],"[""insufficient_pre_history""]",2,6
0,0,0,0,3,3,1,0,1,0,2,2,False,31,y,pre_data_incomplete,3,"[250, 345, 440]",,,,,,,,,,,"[60, 155]","[""insufficient_pre_history""]",3,3
0,0,0,0,4,4,2,0,2,0,2,2,False,31,y,pre_data_incomplete,3,"[250, 345, 440, 535]",,,,,,,,,,,"[60, 155]","[""insufficient_pre_history""]",3,4
0,0,0,0,5,5,3,0,3,0,2,2,False,31,y,pre_data_incomplete,3,"[250, 345, 440, 535, 630]",,,,,,,,,,,"[60, 155]","[""insufficient_pre_history""]",3,5
0,0,0,0,6,6,4,0,4,0,2,2,False,31,y,pre_data_incomplete,3,"[250, 345, 440, 535, 630, 725]",,,,,,,,,,,"[60, 155]","[""insufficient_pre_history""]",3,6
0,0,0,0,3,3,0,0,0,0,3,3,True,31,y,noise_baseline_short,4,"[345, 440, 535]",,1.1414214480660423,0.5466952624188663,0.8665555566298058,3,0.8665555566298058,1.3783415223178879,1.500918251663953,2.2828428961320846,2.252755598177977,"[60, 155, 250]",[],4,3
0,0,0,0,4,4,1,0,1,0,3,3,False,31,y,pre_data_incomplete,4,"[345, 440, 535, 630]",,,,,,,,,,,"[60, 155, 250]","[""insufficient_pre_history""]",4,4
0,0,0,0,5,5,2,0,2,0,3,3,False,31,y,pre_data_incomplete,4,"[345, 440, 535, 630, 725]",,,,,,,,,,,"[60, 155, 250]","[""insufficient_pre_history""]",4,5
0,0,0,0,6,6,3,0,3,0,3,3,False,31,y,pre_data_incomplete,4,"[345, 440, 535, 630, 725, 820]",,,,,,,,,,,"[60, 155, 250]","[""insufficient_pre_history""]",4,6
0,0,0,0,3,3,0,0,0,0,3,3,True,31,y,noise_baseline_short,5,"[440, 535, 630]",,-2.8001965153324537,0.5466952624188663,1.7826811726635923,3,1.7826811726635923,1.8399760681202912,3.087694364749808,5.6003930306649075,9.533856490107722,"[155, 250, 345]",[],5,3
0,0,0,0,4,4,0,0,0,0,4,4,True,31,y,noise_baseline_short,5,"[440, 535, 630, 725]",,-0.8859259878760737,1.4147690792754755,1.2755589750353944,4,1.2755589750353944,2.7928734401641946,2.551117950070789,2.657777963628221,6.508202795173384,"[60, 155, 250, 345]",[],5,4
0,0,0,0,5,5,1,0,1,0,4,4,False,31,y,pre_data_incomplete,5,"[440, 535, 630, 725, 820]",,,,,,,,,,,"[60, 155, 250, 345]","[""insufficient_pre_history""]",5,5
0,0,0,0,6,6,2,0,2,0,4,4,False,31,y,pre_data_incomplete,5,"[440, 535, 630, 725, 820, 915]",,,,,,,,,,,"[60, 155, 250, 345]","[""insufficient_pre_history""]",5,6
0,0,0,0,3,3,0,0,0,0,3,3,True,31,y,noise_baseline_short,6,"[535, 630, 725]",,-1.116295786809357,2.232591573618714,1.4621705028395475,3,1.4621705028395475,3.2148752555811067,2.5325536002466293,2.232591573618714,6.413827738122165,"[250, 345, 440]",[],6,3
0,0,0,0,4,4,0,0,0,0,4,4,True,31,y,noise_baseline_short,6,"[535, 630, 725, 820]",,-1.3391558276358784,1.3896434180187902,1.2736976972707594,4,1.2736976972707594,2.291394579174258,2.547395394541519,4.017467482907636,6.48922329613134,"[155, 250, 345, 440]",[],6,4
0,0,0,0,5,5,0,0,0,0,5,5,True,31,y,within_tolerance_under_iid,6,"[535, 630, 725, 820, 915]",,-0.5499890385638168,2.232591573618714,0.993823421692328,5,0.993823421692328,2.3614134499406227,2.2222567285354846,2.199956154255267,4.938424967521235,"[60, 155, 250, 345, 440]",[],6,5
1,0,1,0,5,5,1,0,1,0,5,5,False,31,y,pre_data_incomplete,6,"[535, 630, 725, 820, 915]",,,,,,,,,,,"[60, 155, 250, 345, 440]","[""insufficient_pre_history"", ""insufficient_post_history""]",6,6
0,0,0,0,3,3,0,0,0,0,3,3,True,31,y,review_trend,7,"[630, 725, 820]",,2.094198288024148,1.3672903814209691,1.2331258615302294,3,1.2331258615302294,0.5935178203908266,2.1358366442975014,4.188396576048296,4.561798171124012,"[345, 440, 535]",[],7,3
0,0,0,0,4,4,0,0,0,0,4,4,True,31,y,noise_baseline_short,7,"[630, 725, 820, 915]",,0.02252026180340927,1.116295786809357,1.1053266998883484,4,1.1053266998883484,2.707252255597392,2.210653399776697,0.06756078541022781,4.8869884539442685,"[250, 345, 440, 535]",[],7,4
1,0,1,0,4,4,0,0,0,0,5,5,False,31,y,high_noise_under_iid,7,"[630, 725, 820, 915]",,-0.5056584482851937,1.3672903814209691,1.0001265347945938,5,1.0001265347945938,2.4116493007057045,2.2363509179020205,2.0226337931407747,5.00126542800121,"[155, 250, 345, 440, 535]","[""insufficient_post_history""]",7,5
2,0,2,0,4,4,0,0,0,0,6,6,False,31,y,within_tolerance_under_iid,7,"[630, 725, 820, 915]",,-0.18010999304820244,1.1414214480660423,0.8264131090954515,6,0.8264131090954515,2.231651050154202,2.024290434030864,0.9005499652410122,4.097751761308863,"[60, 155, 250, 345, 440, 535]","[""insufficient_post_history""]",7,6
0,0,0,0,3,3,0,0,0,0,3,3,True,31,y,noise_baseline_short,8,"[725, 820, 915]",,0.7606334347321654,0.15397648804336161,0.4834738091335727,3,0.4834738091335727,0.49533332276746206,0.8374012015482057,1.5212668694643308,0.7012407723543786,"[440, 535, 630]",[],8,3
1,0,1,0,3,3,0,0,0,0,4,4,False,31,y,review_trend,8,"[725, 820, 915]",,1.4394409573695943,0.7606334347321654,1.0058677276102297,4,1.0058677276102297,0.9437391791718022,2.0117354552204594,4.318322872108783,4.047079541791069,"[345, 440, 535, 630]","[""insufficient_post_history""]",8,4
2,0,2,0,3,3,0,0,0,0,5,5,False,31,y,within_tolerance_under_iid,8,"[725, 820, 915]",,0.276574716773953,0.8653011921977449,0.8963482010737808,5,0.8963482010737808,2.258603271329292,2.004295509110624,1.106298867095812,4.017200487841015,"[250, 345, 440, 535, 630]","[""insufficient_post_history""]",8,5
3,0,3,0,3,3,0,0,0,0,6,6,False,31,y,within_tolerance_under_iid,8,"[725, 820, 915]",,-0.17328277756663296,1.0616605793854974,0.8276743559376015,6,0.8276743559376015,2.2375139143020193,2.027379845233828,0.8664138878331649,4.11026903686034,"[155, 250, 345, 440, 535, 630]","[""insufficient_post_history""]",8,6
1,0,1,0,2,2,0,0,0,0,3,3,False,31,y,noise_baseline_short,9,"[820, 915]",,1.3511275733441754,0.15397648804336161,0.8762171141008931,3,0.8762171141008931,0.9774697680020309,1.5176525600841229,2.702255146688351,2.3032692931298917,"[535, 630, 725]","[""insufficient_post_history""]",9,3
2,0,2,0,2,2,0,0,0,0,4,4,False,31,y,review_trend,9,"[820, 915]",,1.236261307237132,0.7606334347321653,0.848584022055148,4,0.848584022055148,0.7069045236059786,1.697168044110296,3.708783921711396,2.880379369949168,"[440, 535, 630, 725]","[""insufficient_post_history""]",9,4
3,0,3,0,2,2,0,0,0,0,5,5,False,31,y,review_trend,9,"[820, 915]",,1.5302570314937625,1.3672903814209691,1.1242915256765484,5,1.1242915256765484,0.7881968598856924,2.5139922779397126,6.12102812597505,6.320157173540505,"[345, 440, 535, 630, 725]","[""insufficient_post_history""]",9,5
4,0,4,0,2,2,0,0,0,0,6,6,False,31,y,within_tolerance_under_iid,9,"[820, 915]",,0.6736908384613992,1.116295786809357,0.9473841135729016,6,0.9473841135729016,2.1785064383391184,2.320607668672556,3.368454192306996,5.385219951901875,"[250, 345, 440, 535, 630, 725]","[""insufficient_post_history""]",9,6
2,0,2,0,1,1,0,0,0,0,3,3,False,31,y,noise_baseline_short,10,[915],,0.5604586746984609,1.1209173493969218,0.7373955720199332,3,0.7373955720199332,1.6230482203921475,1.2772065960148395,1.1209173493969218,1.6312566889038136,"[630, 725, 820]","[""insufficient_post_history""]",10,3
3,0,3,0,1,1,0,0,0,0,4,4,False,31,y,noise_baseline_short,10,[915],,0.637296017096584,0.6374469187201417,0.6248130731606845,4,0.6248130731606845,1.1519473620079475,1.249626146321369,1.911888051289752,1.561565505569995,"[535, 630, 725, 820]","[""insufficient_post_history""]",10,4
4,0,4,0,1,1,0,0,0,0,5,5,False,31,y,within_tolerance_under_iid,10,[915],,0.7986623584410856,1.1209173493969218,0.6816513785935597,5,0.6816513785935597,0.9856227153198193,1.5242188194916446,3.1946494337643423,2.323243009692503,"[440, 535, 630, 725, 820]","[""insufficient_post_history""]",10,5
5,0,5,0,1,1,0,0,0,0,6,6,False,31,y,review_trend,10,[915],,1.1336875754232634,1.3210921094306263,0.9665258327506663,6,0.9665258327506663,1.176151986832718,2.3674951134577262,5.668437877116316,5.605033112246212,"[345, 440, 535, 630, 725, 820]","[""insufficient_post_history""]",10,6
0,0,0,0,3,3,3,0,3,0,0,0,False,32,y,pre_data_incomplete,1,"[59, 154, 249]",,,,,,,,,,,[],"[""insufficient_pre_history""]",1,3
0,0,0,0,4,4,4,0,4,0,0,0,False,32,y,pre_data_incomplete,1,"[59, 154, 249, 344]",,,,,,,,,,,[],"[""insufficient_pre_history""]",1,4
0,0,0,0,5,5,5,0,5,0,0,0,False,32,y,pre_data_incomplete,1,"[59, 154, 249, 344, 439]",,,,,,,,,,,[],"[""insufficient_pre_history""]",1,5
0,0,0,0,6,6,6,0,6,0,0,0,False,32,y,pre_data_incomplete,1,"[59, 154, 249, 344, 439, 534]",,,,,,,,,,,[],"[""insufficient_pre_history""]",1,6
0,0,0,0,3,3,2,0,2,0,1,1,False,32,y,pre_data_incomplete,2,"[154, 249, 344]",,,,,,,,,,,[59],"[""insufficient_pre_history""]",2,3
0,0,0,0,4,4,3,0,3,0,1,1,False,32,y,pre_data_incomplete,2,"[154, 249, 344, 439]",,,,,,,,,,,[59],"[""insufficient_pre_history""]",2,4
0,0,0,0,5,5,4,0,4,0,1,1,False,32,y,pre_data_incomplete,2,"[154, 249, 344, 439, 534]",,,,,,,,,,,[59],"[""insufficient_pre_history""]",2,5
0,0,0,0,6,6,5,0,5,0,1,1,False,32,y,pre_data_incomplete,2,"[154, 249, 344, 439, 534, 629]",,,,,,,,,,,[59],"[""insufficient_pre_history""]",2,6
0,0,0,0,3,3,1,0,1,0,2,2,False,32,y,pre_data_incomplete,3,"[249, 344, 439]",,,,,,,,,,,"[59, 154]","[""insufficient_pre_history""]",3,3
0,0,0,0,4,4,2,0,2,0,2,2,False,32,y,pre_data_incomplete,3,"[249, 344, 439, 534]",,,,,,,,,,,"[59, 154]","[""insufficient_pre_history""]",3,4
0,0,0,0,5,5,3,0,3,0,2,2,False,32,y,pre_data_incomplete,3,"[249, 344, 439, 534, 629]",,,,,,,,,,,"[59, 154]","[""insufficient_pre_history""]",3,5
0,0,0,0,6,6,4,0,4,0,2,2,False,32,y,pre_data_incomplete,3,"[249, 344, 439, 534, 629, 724]",,,,,,,,,,,"[59, 154]","[""insufficient_pre_history""]",3,6
0,0,0,0,3,3,0,0,0,0,3,3,True,32,y,noise_baseline_short,4,"[344, 439, 534]",,-2.8331612333061535,0.10127702680342998,1.8721229494128837,3,1.8721229494128837,2.2305741140999276,3.2426120663988134,5.666322466612307,10.514533013155182,"[59, 154, 249]",[],4,3
0,0,0,0,4,4,1,0,1,0,3,3,False,32,y,pre_data_incomplete,4,"[344, 439, 534, 629]",,,,,,,,,,,"[59, 154, 249]","[""insufficient_pre_history""]",4,4
0,0,0,0,5,5,2,0,2,0,3,3,False,32,y,pre_data_incomplete,4,"[344, 439, 534, 629, 724]",,,,,,,,,,,"[59, 154, 249]","[""insufficient_pre_history""]",4,5
0,0,0,0,6,6,3,0,3,0,3,3,False,32,y,pre_data_incomplete,4,"[344, 439, 534, 629, 724, 819]",,,,,,,,,,,"[59, 154, 249]","[""insufficient_pre_history""]",4,6
0,0,0,0,3,3,0,0,0,0,3,3,True,32,y,noise_baseline_short,5,"[439, 534, 629]",,-2.5791608224868803,0.4067237948351159,1.7910803255364478,3,1.7910803255364478,2.4379645810881017,3.102242124266132,5.1583216449737606,9.623906197571243,"[154, 249, 344]",[],5,3
0,0,0,0,4,4,0,0,0,0,4,4,True,32,y,noise_baseline_short,5,"[439, 534, 629, 724]",,-2.134384145514045,2.6297993358885954,1.5647436072283893,4,1.5647436072283893,1.8170157227218404,3.1294872144567787,6.403152436542135,9.793690225448447,"[59, 154, 249, 344]",[],5,4
0,0,0,0,5,5,1,0,1,0,4,4,False,32,y,pre_data_incomplete,5,"[439, 534, 629, 724, 819]",,,,,,,,,,,"[59, 154, 249, 344]","[""insufficient_pre_history""]",5,5
0,0,0,0,6,6,2,0,2,0,4,4,False,32,y,pre_data_incomplete,5,"[439, 534, 629, 724, 819, 914]",,,,,,,,,,,"[59, 154, 249, 344]","[""insufficient_pre_history""]",5,6
0,0,0,0,3,3,0,0,0,0,3,3,True,32,y,noise_baseline_short,6,"[534, 629, 724]",,3.06102933887441,0.4067237948351159,1.9763895185544624,3,1.9763895185544624,2.1672314014455916,3.423207061682921,6.12205867774882,11.71834658715582,"[249, 344, 439]",[],6,3
0,0,0,0,4,4,0,0,0,0,4,4,True,32,y,noise_baseline_short,6,"[534, 629, 724, 819]",,0.2077763508654947,2.7825227199044384,1.6342579624144258,4,1.6342579624144258,3.989594841126383,3.2685159248288516,0.6233290525964841,10.683196350859802,"[154, 249, 344, 439]",[],6,4
0,0,0,0,5,5,0,0,0,0,5,5,True,32,y,high_noise_under_iid,6,"[534, 629, 724, 819, 914]",,-0.4246849222700734,0.5570132379399435,1.3718122948290432,5,1.3718122948290432,3.4560963823774333,3.067465543607724,1.6987396890802935,9.40934486122063,"[59, 154, 249, 344, 439]",[],6,5
1,0,1,0,5,5,1,0,1,0,5,5,False,32,y,pre_data_incomplete,6,"[534, 629, 724, 819, 914]",,,,,,,,,,,"[59, 154, 249, 344, 439]","[""insufficient_pre_history"", ""insufficient_post_history""]",6,6
0,0,0,0,3,3,0,0,0,0,3,3,True,32,y,noise_baseline_short,7,"[629, 724, 819]",,2.8755784717425352,0.035822060571366166,1.9111099484690148,3,1.9111099484690148,2.318651400388849,3.3101395295986724,5.7511569434850704,10.95702370541172,"[344, 439, 534]",[],7,3
0,0,0,0,4,4,0,0,0,0,4,4,True,32,y,noise_baseline_short,7,"[629, 724, 819, 914]",,2.4188977097874265,2.8755784717425352,1.7157764527499022,4,1.7157764527499022,1.7423167590392639,3.4315529054998044,7.256693129362279,11.77555534324415,"[249, 344, 439, 534]",[],7,4
1,0,1,0,4,4,0,0,0,0,5,5,False,32,y,high_noise_under_iid,7,"[629, 724, 819, 914]",,0.730772927477144,0.5928352985113097,1.4126089143760685,5,1.4126089143760685,3.394553882528088,3.1586895581670693,2.923091709908576,9.977319724873675,"[154, 249, 344, 439, 534]","[""insufficient_post_history""]",7,5
2,0,2,0,4,4,0,0,0,0,6,6,False,32,y,high_noise_under_iid,7,"[629, 724, 819, 914]",,0.12958728191983832,0.5242857548239117,1.2013338999398704,6,1.2013338999398704,3.278803861956489,2.9426550655604253,0.6479364095991915,8.659218834868431,"[59, 154, 249, 344, 439, 534]","[""insufficient_post_history""]",7,6
0,0,0,0,3,3,0,0,0,0,3,3,True,32,y,noise_baseline_short,8,"[724, 819, 914]",,-0.552264228645976,0.035822060571366166,0.37428937383486055,3,0.37428937383486055,0.4801704444364337,0.6482882122151196,1.104528457291952,0.42027760609707593,"[439, 534, 629]",[],8,3
1,0,1,0,3,3,0,0,0,0,4,4,False,32,y,noise_baseline_short,8,"[724, 819, 914]",,1.3868241337436622,0.5701752589316591,1.3656657453386367,4,1.3656657453386367,2.52627287186348,2.7313314906772734,4.160472401230987,7.460171711965336,"[344, 439, 534, 629]","[""insufficient_post_history""]",8,4
2,0,2,0,3,3,0,0,0,0,5,5,False,32,y,high_noise_under_iid,8,"[724, 819, 914]",,1.5786217384398806,1.1403505178633182,1.379355617465059,5,1.379355617465059,2.0922055713129453,3.0843329257980683,6.3144869537595225,9.513109597162073,"[249, 344, 439, 534, 629]","[""insufficient_post_history""]",8,5
3,0,3,0,3,3,0,0,0,0,6,6,False,32,y,high_noise_under_iid,8,"[724, 819, 914]",,0.6128971714604063,0.8486818779016307,1.1756834778998586,6,1.1756834778998586,2.953523222673147,2.8798246198753565,3.0644858573020315,8.293389841240241,"[154, 249, 344, 439, 534, 629]","[""insufficient_post_history""]",8,6
1,0,1,0,2,2,0,0,0,0,3,3,False,32,y,noise_baseline_short,9,"[819, 914]",,-0.45838981450716143,0.22357088884899523,0.3488766205111858,3,0.3488766205111858,0.5568185826173692,0.6042720322983001,0.9167796290143229,0.36514468901791786,"[534, 629, 724]","[""insufficient_post_history""]",9,3
2,0,2,0,2,2,0,0,0,0,4,4,False,32,y,noise_baseline_short,9,"[819, 914]",,-0.3783223223192188,0.45838981450716143,0.29538889283506947,4,0.29538889283506947,0.4070726460344047,0.5907777856701389,1.1349669669576565,0.34901839204131263,"[439, 534, 629, 724]","[""insufficient_post_history""]",9,4
3,0,3,0,2,2,0,0,0,0,5,5,False,32,y,high_noise_under_iid,9,"[819, 914]",,0.8564226171649543,0.8809575684429567,1.0703262102282962,5,1.0703262102282962,2.278696040437502,2.3933221641702014,3.425690468659817,5.727990981508337,"[344, 439, 534, 629, 724]","[""insufficient_post_history""]",9,5
4,0,4,0,2,2,0,0,0,0,6,6,False,32,y,high_noise_under_iid,9,"[819, 914]",,1.1449641966847413,1.0106540431531374,1.1613428335523,6,1.1613428335523,2.0928457066112576,2.84469735864111,5.724820983423706,8.09230306225971,"[249, 344, 439, 534, 629, 724]","[""insufficient_post_history""]",9,6
2,0,2,0,1,1,0,0,0,0,3,3,False,32,y,noise_baseline_short,10,[914],,1.9789717269285363,0.22357088884899523,1.2836761183014755,3,1.2836761183014755,1.4332787824496098,2.223392257360952,3.9579434538570726,4.943473130092631,"[629, 724, 819]","[""insufficient_post_history""]",10,3
3,0,3,0,1,1,0,0,0,0,4,4,False,32,y,noise_baseline_short,10,[914],,0.8676349696830258,0.5701752589316591,0.9099055917750074,4,0.9099055917750074,1.7565856125217456,1.8198111835500148,2.6029049090490775,3.3117127437737057,"[534, 629, 724, 819]","[""insufficient_post_history""]",10,4
4,0,4,0,1,1,0,0,0,0,5,5,False,32,y,within_tolerance_under_iid,10,[914],,0.47900503641159187,0.8809575684429567,0.7062569124496796,5,0.7062569124496796,1.600158146203304,1.5792384658166012,1.9160201456463675,2.4939941319147723,"[439, 534, 629, 724, 819]","[""insufficient_post_history""]",10,5
5,0,5,0,1,1,0,0,0,0,6,6,False,32,y,high_noise_under_iid,10,[914],,1.1160150335486267,0.5701752589316591,1.139383254370136,6,1.139383254370136,2.0706133629801564,2.790907594678565,5.580075167743134,7.789165202034494,"[344, 439, 534, 629, 724, 819]","[""insufficient_post_history""]",10,6
0,0,0,0,3,3,3,0,3,0,0,0,False,33,y,pre_data_incomplete,1,"[58, 153, 248]",,,,,,,,,,,[],"[""insufficient_pre_history""]",1,3
0,0,0,0,4,4,4,0,4,0,0,0,False,33,y,pre_data_incomplete,1,"[58, 153, 248, 343]",,,,,,,,,,,[],"[""insufficient_pre_history""]",1,4
0,0,0,0,5,5,5,0,5,0,0,0,False,33,y,pre_data_incomplete,1,"[58, 153, 248, 343, 438]",,,,,,,,,,,[],"[""insufficient_pre_history""]",1,5
0,0,0,0,6,6,6,0,6,0,0,0,False,33,y,pre_data_incomplete,1,"[58, 153, 248, 343, 438, 533]",,,,,,,,,,,[],"[""insufficient_pre_history""]",1,6
0,0,0,0,3,3,2,0,2,0,1,1,False,33,y,pre_data_incomplete,2,"[153, 248, 343]",,,,,,,,,,,[58],"[""insufficient_pre_history""]",2,3
0,0,0,0,4,4,3,0,3,0,1,1,False,33,y,pre_data_incomplete,2,"[153, 248, 343, 438]",,,,,,,,,,,[58],"[""insufficient_pre_history""]",2,4
0,0,0,0,5,5,4,0,4,0,1,1,False,33,y,pre_data_incomplete,2,"[153, 248, 343, 438, 533]",,,,,,,,,,,[58],"[""insufficient_pre_history""]",2,5
0,0,0,0,6,6,5,0,5,0,1,1,False,33,y,pre_data_incomplete,2,"[153, 248, 343, 438, 533, 628]",,,,,,,,,,,[58],"[""insufficient_pre_history""]",2,6
0,0,0,0,3,3,1,0,1,0,2,2,False,33,y,pre_data_incomplete,3,"[248, 343, 438]",,,,,,,,,,,"[58, 153]","[""insufficient_pre_history""]",3,3
0,0,0,0,4,4,2,0,2,0,2,2,False,33,y,pre_data_incomplete,3,"[248, 343, 438, 533]",,,,,,,,,,,"[58, 153]","[""insufficient_pre_history""]",3,4
0,0,0,0,5,5,3,0,3,0,2,2,False,33,y,pre_data_incomplete,3,"[248, 343, 438, 533, 628]",,,,,,,,,,,"[58, 153]","[""insufficient_pre_history""]",3,5
0,0,0,0,6,6,4,0,4,0,2,2,False,33,y,pre_data_incomplete,3,"[248, 343, 438, 533, 628, 723]",,,,,,,,,,,"[58, 153]","[""insufficient_pre_history""]",3,6
0,0,0,0,3,3,0,0,0,0,3,3,True,33,y,review_trend,4,"[343, 438, 533]",,-1.110864881305747,0.648420138914517,0.6596225767075344,3,0.6596225767075344,0.3775845510304422,1.1424998166769487,2.221729762611494,1.3053058311068613,"[58, 153, 248]",[],4,3
0,0,0,0,4,4,1,0,1,0,3,3,False,33,y,pre_data_incomplete,4,"[343, 438, 533, 628]",,,,,,,,,,,"[58, 153, 248]","[""insufficient_pre_history""]",4,4
0,0,0,0,5,5,2,0,2,0,3,3,False,33,y,pre_data_incomplete,4,"[343, 438, 533, 628, 723]",,,,,,,,,,,"[58, 153, 248]","[""insufficient_pre_history""]",4,5
0,0,0,0,6,6,3,0,3,0,3,3,False,33,y,pre_data_incomplete,4,"[343, 438, 533, 628, 723, 818]",,,,,,,,,,,"[58, 153, 248]","[""insufficient_pre_history""]",4,6
0,0,0,0,3,3,0,0,0,0,3,3,True,33,y,noise_baseline_short,5,"[438, 533, 628]",,1.5237631462062375,0.648420138914517,1.139392752564423,3,1.139392752564423,1.773580225449452,1.9734861372173347,3.047526292412475,3.8946475337889965,"[153, 248, 343]",[],5,3
0,0,0,0,4,4,0,0,0,0,4,4,True,33,y,noise_baseline_short,5,"[438, 533, 628, 723]",,0.37742298672319796,1.110864881305747,0.8285603264491348,4,0.8285603264491348,1.939833242865307,1.6571206528982696,1.1322689601695939,2.7460488582619873,"[58, 153, 248, 343]",[],5,4
0,0,0,0,5,5,1,0,1,0,4,4,False,33,y,pre_data_incomplete,5,"[438, 533, 628, 723, 818]",,,,,,,,,,,"[58, 153, 248, 343]","[""insufficient_pre_history""]",5,5
0,0,0,0,6,6,2,0,2,0,4,4,False,33,y,pre_data_incomplete,5,"[438, 533, 628, 723, 818, 913]",,,,,,,,,,,"[58, 153, 248, 343]","[""insufficient_pre_history""]",5,6
0,0,0,0,3,3,0,0,0,0,3,3,True,33,y,review_trend,6,"[533, 628, 723]",,3.7377099778625458,3.695946431326992,2.158012764601805,3,2.158012764601805,0.03409979295369539,3.7377877516725015,7.4754199557250915,13.971057276552974,"[248, 343, 438]",[],6,3
0,0,0,0,4,4,0,0,0,0,4,4,True,33,y,review_trend,6,"[533, 628, 723, 818]",,2.4176945881758716,1.847973215663496,1.7086918445208843,4,1.7086918445208843,1.704303116512977,3.4173836890417686,7.253083764527615,11.678511278128726,"[153, 248, 343, 438]",[],6,4
0,0,0,0,5,5,0,0,0,0,5,5,True,33,y,high_noise_under_iid,6,"[533, 628, 723, 818, 913]",,1.355490667863967,1.5733096236969766,1.3316459630065813,5,1.3316459630065813,2.386913621476591,2.9776508952458864,5.421962671455868,8.86640485395863,"[58, 153, 248, 343, 438]",[],6,5
1,0,1,0,5,5,1,0,1,0,5,5,False,33,y,pre_data_incomplete,6,"[533, 628, 723, 818, 913]",,,,,,,,,,,"[58, 153, 248, 343, 438]","[""insufficient_pre_history"", ""insufficient_post_history""]",6,6
0,0,0,0,3,3,0,0,0,0,3,3,True,33,y,noise_baseline_short,7,"[628, 723, 818]",,0.8531878667154488,1.7063757334308975,1.092750675949386,3,1.092750675949386,2.389302234315726,1.8926996907495703,1.7063757334308975,3.582312119363519,"[343, 438, 533]",[],7,3
0,0,0,0,4,4,0,0,0,0,4,4,True,33,y,noise_baseline_short,7,"[628, 723, 818, 913]",,1.9986440018671767,1.8897367621990497,1.5825933425980174,4,1.5825933425980174,2.2452539973718526,3.165186685196035,5.99593200560153,10.018406752142262,"[248, 343, 438, 533]",[],7,4
1,0,1,0,4,4,0,0,0,0,5,5,False,33,y,high_noise_under_iid,7,"[628, 723, 818, 913]",,1.698322400741184,3.047526292412475,1.4111564660775633,5,1.4111564660775633,1.9134838790765367,3.155441785037808,6.793289602964736,9.956812858762587,"[153, 248, 343, 438, 533]","[""insufficient_post_history""]",7,5
2,0,2,0,4,4,0,0,0,0,6,6,False,33,y,high_noise_under_iid,7,"[628, 723, 818, 913]",,1.145140225499734,2.3769510129216864,1.1700863855703396,6,1.1700863855703396,2.128644352040997,2.8661145996247894,5.72570112749867,8.214612898182367,"[58, 153, 248, 343, 438, 533]","[""insufficient_post_history""]",7,6
0,0,0,0,3,3,0,0,0,0,3,3,True,33,y,noise_baseline_short,8,"[723, 818, 913]",,0.42269229495460525,0.8453845899092105,0.8669854850526336,3,0.8669854850526336,2.0378040718684707,1.5016629095359089,0.8453845899092105,2.2549914938758513,"[438, 533, 628]",[],8,3
1,0,1,0,3,3,0,0,0,0,4,4,False,33,y,noise_baseline_short,8,"[723, 818, 913]",,1.1801476551954728,1.459241190438206,1.0419872820520781,4,1.0419872820520781,1.7414229111824706,2.0839745641041563,3.5404429655864185,4.342949983833108,"[343, 438, 533, 628]","[""insufficient_post_history""]",8,4
2,0,2,0,3,3,0,0,0,0,5,5,False,33,y,high_noise_under_iid,8,"[723, 818, 913]",,1.8347984824699501,2.0730977909672017,1.4835032740178626,5,1.4835032740178626,1.8574879602744885,3.3172141655474388,7.339193929879801,11.00390982010859,"[248, 343, 438, 533, 628]","[""insufficient_post_history""]",8,5
3,0,3,0,3,3,0,0,0,0,6,6,False,33,y,review_trend,8,"[723, 818, 913]",,1.6670960586363055,3.348977952637256,1.4100020784779663,6,1.4100020784779663,1.6588409836956362,3.45378562853474,8.335480293181528,11.928635167873109,"[153, 248, 343, 438, 533, 628]","[""insufficient_post_history""]",8,6
1,0,1,0,2,2,0,0,0,0,3,3,False,33,y,review_trend,9,"[818, 913]",,2.470817678428398,2.023152975980384,1.4343106623787676,3,1.4343106623787676,0.3655166989508313,2.4842989410777956,4.941635356856796,6.171741228640255,"[533, 628, 723]","[""insufficient_post_history""]",9,3
2,0,2,0,2,2,0,0,0,0,4,4,False,33,y,noise_baseline_short,9,"[818, 913]",,1.1524095078545196,1.4342687829447973,1.0233865827744257,4,1.0233865827744257,1.7215694590496655,2.0467731655488515,3.4572285235635585,4.189280391210866,"[438, 533, 628, 723]","[""insufficient_post_history""]",9,4
3,0,3,0,2,2,0,0,0,0,5,5,False,33,y,high_noise_under_iid,9,"[818, 913]",,1.41414067704846,2.0730977909672017,1.1534854441815066,5,1.1534854441815066,1.484658754724621,2.579271864246388,5.65656270819384,6.6526433496930375,"[343, 438, 533, 628, 723]","[""insufficient_post_history""]",9,5
4,0,4,0,2,2,0,0,0,0,6,6,False,33,y,review_trend,9,"[818, 913]",,1.8148932617150901,2.312429057153655,1.5055695135045968,6,1.5055695135045968,1.6093499968934946,3.6878770803765692,9.07446630857545,13.60043735996681,"[248, 343, 438, 533, 628, 723]","[""insufficient_post_history""]",9,6
2,0,2,0,1,1,0,0,0,0,3,3,False,33,y,review_trend,10,[913],,1.6552985874633874,1.2874441989463907,0.9635211519402311,3,0.9635211519402311,0.30035185050338714,1.6688675893277722,3.310597174926775,2.78511903070869,"[628, 723, 818]","[""insufficient_post_history""]",10,3
3,0,3,0,1,1,0,0,0,0,4,4,False,33,y,review_trend,10,[913],,2.0710391643389947,1.6552985874633874,1.3574596809881119,4,1.3574596809881119,0.577211107382018,2.7149193619762237,6.213117493016984,7.370787142033385,"[533, 628, 723, 818]","[""insufficient_post_history""]",10,4
4,0,4,0,1,1,0,0,0,0,5,5,False,33,y,high_noise_under_iid,10,[913],,1.3253598886528768,2.023152975980384,1.0906995345040662,5,1.0906995345040662,1.4406851549231803,2.4388783021784697,5.301439554611507,5.948127372836935,"[438, 533, 628, 723, 818]","[""insufficient_post_history""]",10,5
5,0,5,0,1,1,0,0,0,0,6,6,False,33,y,review_trend,10,[913],,1.4628963292775892,2.470817678428398,1.2127001562250852,6,1.2127001562250852,1.2911333043597883,2.9704965937449037,7.314481646387946,8.823850013450075,"[343, 438, 533, 628, 723, 818]","[""insufficient_post_history""]",10,6
0,0,0,0,3,3,3,0,3,0,0,0,False,34,y,pre_data_incomplete,1,"[57, 152, 247]",,,,,,,,,,,[],"[""insufficient_pre_history""]",1,3
0,0,0,0,4,4,4,0,4,0,0,0,False,34,y,pre_data_incomplete,1,"[57, 152, 247, 342]",,,,,,,,,,,[],"[""insufficient_pre_history""]",1,4
0,0,0,0,5,5,5,0,5,0,0,0,False,34,y,pre_data_incomplete,1,"[57, 152, 247, 342, 437]",,,,,,,,,,,[],"[""insufficient_pre_history""]",1,5
0,0,0,0,6,6,6,0,6,0,0,0,False,34,y,pre_data_incomplete,1,"[57, 152, 247, 342, 437, 532]",,,,,,,,,,,[],"[""insufficient_pre_history""]",1,6
0,0,0,0,3,3,2,0,2,0,1,1,False,34,y,pre_data_incomplete,2,"[152, 247, 342]",,,,,,,,,,,[57],"[""insufficient_pre_history""]",2,3
0,0,0,0,4,4,3,0,3,0,1,1,False,34,y,pre_data_incomplete,2,"[152, 247, 342, 437]",,,,,,,,,,,[57],"[""insufficient_pre_history""]",2,4
0,0,0,0,5,5,4,0,4,0,1,1,False,34,y,pre_data_incomplete,2,"[152, 247, 342, 437, 532]",,,,,,,,,,,[57],"[""insufficient_pre_history""]",2,5
0,0,0,0,6,6,5,0,5,0,1,1,False,34,y,pre_data_incomplete,2,"[152, 247, 342, 437, 532, 627]",,,,,,,,,,,[57],"[""insufficient_pre_history""]",2,6
0,0,0,0,3,3,1,0,1,0,2,2,False,34,y,pre_data_incomplete,3,"[247, 342, 437]",,,,,,,,,,,"[57, 152]","[""insufficient_pre_history""]",3,3
0,0,0,0,4,4,2,0,2,0,2,2,False,34,y,pre_data_incomplete,3,"[247, 342, 437, 532]",,,,,,,,,,,"[57, 152]","[""insufficient_pre_history""]",3,4
0,0,0,0,5,5,3,0,3,0,2,2,False,34,y,pre_data_incomplete,3,"[247, 342, 437, 532, 627]",,,,,,,,,,,"[57, 152]","[""insufficient_pre_history""]",3,5
0,0,0,0,6,6,4,0,4,0,2,2,False,34,y,pre_data_incomplete,3,"[247, 342, 437, 532, 627, 722]",,,,,,,,,,,"[57, 152]","[""insufficient_pre_history""]",3,6
0,0,0,0,3,3,0,0,0,0,3,3,True,34,y,noise_baseline_short,4,"[342, 437, 532]",,-0.3353274042396892,0.6706548084793784,1.6606100526369105,3,1.6606100526369105,4.0399091011363515,2.8762609827267567,0.6706548084793784,8.272877240756287,"[57, 152, 247]",[],4,3
0,0,0,0,4,4,1,0,1,0,3,3,False,34,y,pre_data_incomplete,4,"[342, 437, 532, 627]",,,,,,,,,,,"[57, 152, 247]","[""insufficient_pre_history""]",4,4
0,0,0,0,5,5,2,0,2,0,3,3,False,34,y,pre_data_incomplete,4,"[342, 437, 532, 627, 722]",,,,,,,,,,,"[57, 152, 247]","[""insufficient_pre_history""]",4,5
0,0,0,0,6,6,3,0,3,0,3,3,False,34,y,pre_data_incomplete,4,"[342, 437, 532, 627, 722, 817]",,,,,,,,,,,"[57, 152, 247]","[""insufficient_pre_history""]",4,6
0,0,0,0,3,3,0,0,0,0,3,3,True,34,y,noise_baseline_short,5,"[437, 532, 627]",,-1.969923056924195,1.3433392428962496,1.585331988295482,3,1.585331988295482,2.7052673395201277,2.7458755505919634,3.93984611384839,7.539832539338719,"[152, 247, 342]",[],5,3
0,0,0,0,4,4,0,0,0,0,4,4,True,34,y,noise_baseline_short,5,"[437, 532, 627, 722]",,-0.3265132053494026,0.6716696214481248,1.1851223171326013,4,1.1851223171326013,2.8566697842462685,2.3702446342652026,0.9795396160482077,5.618059626262983,"[57, 152, 247, 342]",[],5,4
0,0,0,0,5,5,1,0,1,0,4,4,False,34,y,pre_data_incomplete,5,"[437, 532, 627, 722, 817]",,,,,,,,,,,"[57, 152, 247, 342]","[""insufficient_pre_history""]",5,5
0,0,0,0,6,6,2,0,2,0,4,4,False,34,y,pre_data_incomplete,5,"[437, 532, 627, 722, 817, 912]",,,,,,,,,,,"[57, 152, 247, 342]","[""insufficient_pre_history""]",5,6
0,0,0,0,3,3,0,0,0,0,3,3,True,34,y,review_trend,6,"[532, 627, 722]",,2.4647661109590024,1.3433392428962496,1.4713113638900857,3,1.4713113638900857,0.9156412035337257,2.548386036011089,4.929532221918005,6.49427138853631,"[247, 342, 437]",[],6,3
0,0,0,0,4,4,0,0,0,0,4,4,True,34,y,noise_baseline_short,6,"[532, 627, 722, 817]",,0.02823798384163454,1.9699230569241948,1.3112107460403233,4,1.3112107460403233,3.2114869241304915,2.6224214920806466,0.08471395152490363,6.877094482126485,"[152, 247, 342, 437]",[],6,4
0,0,0,0,5,5,0,0,0,0,5,5,True,34,y,high_noise_under_iid,6,"[532, 627, 722, 817, 912]",,0.45779087130288626,1.3433392428962496,1.108336099237677,5,1.108336099237677,2.7369358389133667,2.4783148598123987,1.831163485211545,6.142044544366949,"[57, 152, 247, 342, 437]",[],6,5
1,0,1,0,5,5,1,0,1,0,5,5,False,34,y,pre_data_incomplete,6,"[532, 627, 722, 817, 912]",,,,,,,,,,,"[57, 152, 247, 342, 437]","[""insufficient_pre_history"", ""insufficient_post_history""]",6,6
0,0,0,0,3,3,0,0,0,0,3,3,True,34,y,noise_baseline_short,7,"[627, 722, 817]",,0.3739582608756167,0.7479165217512334,1.092295555602194,3,1.092295555602194,2.62277866450366,1.8919113991846754,0.7479165217512334,3.5793287423649165,"[342, 437, 532]",[],7,3
0,0,0,0,4,4,0,0,0,0,4,4,True,34,y,noise_baseline_short,7,"[627, 722, 817, 912]",,0.9859960272964203,1.0456278823237415,1.0403742453218634,4,1.0403742453218634,2.015887151445589,2.080748490643727,2.957988081889261,4.329514281316147,"[247, 342, 437, 532]",[],7,4
1,0,1,0,4,4,0,0,0,0,5,5,False,34,y,high_noise_under_iid,7,"[627, 722, 817, 912]",,-0.14543269622763083,2.091255764647483,1.0281152238489577,5,1.0281152238489577,2.641269365215613,2.2989355292286824,0.5817307849105233,5.285104567549961,"[152, 247, 342, 437, 532]","[""insufficient_post_history""]",7,5
2,0,2,0,4,4,0,0,0,0,6,6,False,34,y,within_tolerance_under_iid,7,"[627, 722, 817, 912]",,0.21101098912162478,1.381970099532177,0.9068748398559815,6,0.9068748398559815,2.444046879569715,2.2213806182153637,1.055054945608124,4.9345318509828715,"[57, 152, 247, 342, 437, 532]","[""insufficient_post_history""]",7,6
0,0,0,0,3,3,0,0,0,0,3,3,True,34,y,noise_baseline_short,8,"[722, 817, 912]",,0.10578178868855703,0.21156357737711406,0.983251313870586,3,0.983251313870586,2.403813491877666,1.703041232232708,0.21156357737711406,2.9003494386847,"[437, 532, 627]",[],8,3
1,0,1,0,3,3,0,0,0,0,4,4,False,34,y,noise_baseline_short,8,"[722, 817, 912]",,0.8554993211926087,1.524920017323818,0.9708802996515605,4,0.9708802996515605,1.9560045030895223,1.941760599303121,2.5664979635778264,3.7704342250060163,"[342, 437, 532, 627]","[""insufficient_post_history""]",8,4
2,0,2,0,3,3,0,0,0,0,5,5,False,34,y,high_noise_under_iid,8,"[722, 817, 912]",,1.103010812034147,2.091255764647483,1.0107139834750796,5,1.0107139834750796,1.659771732618574,2.2600251728598773,4.412043248136588,5.107713781960318,"[247, 342, 437, 532, 627]","[""insufficient_post_history""]",8,5
3,0,3,0,3,3,0,0,0,0,6,6,False,34,y,within_tolerance_under_iid,8,"[722, 817, 912]",,0.2614146424490458,1.7017465847371354,0.9307177190413263,6,0.9307177190413263,2.4895358959355423,2.2797835062182843,1.3070732122452289,5.1974128352249345,"[152, 247, 342, 437, 532, 627]","[""insufficient_post_history""]",8,6
1,0,1,0,2,2,0,0,0,0,3,3,False,34,y,noise_baseline_short,9,"[817, 912]",,0.7555506706210876,1.5111013412421754,0.880425032048175,3,0.880425032048175,1.8732794213865238,1.524940887762896,1.5111013412421752,2.3254447111710896,"[532, 627, 722]","[""insufficient_post_history""]",9,3
2,0,2,0,2,2,0,0,0,0,4,4,False,34,y,noise_baseline_short,9,"[817, 912]",,-0.0931685313437404,0.7693693467027303,0.7043707956218813,4,0.7043707956218813,1.7190486811804193,1.4087415912437626,0.2795055940312212,1.9845528709000084,"[437, 532, 627, 722]","[""insufficient_post_history""]",9,4
3,0,3,0,2,2,0,0,0,0,5,5,False,34,y,within_tolerance_under_iid,9,"[817, 912]",,0.47295993033639305,1.5111013412421754,0.7533983688865233,5,0.7533983688865233,1.7431074826087098,1.6846499669677288,1.8918397213455722,2.83804551120437,"[342, 437, 532, 627, 722]","[""insufficient_post_history""]",9,5
4,0,4,0,2,2,0,0,0,0,6,6,False,34,y,within_tolerance_under_iid,9,"[817, 912]",,0.7590508211821251,1.7930964895108779,0.8388052080905691,6,0.8388052080905691,1.6602001162280002,2.054644753410958,3.7952541059106255,4.2215650627191765,"[247, 342, 437, 532, 627, 722]","[""insufficient_post_history""]",9,6
2,0,2,0,1,1,0,0,0,0,3,3,False,34,y,noise_baseline_short,10,[912],,-0.4961486152123227,0.5464414629808153,0.45036829574102644,3,0.45036829574102644,0.8512712341538676,0.7800607703416638,0.9922972304246453,0.60849480542603,"[627, 722, 817]","[""insufficient_post_history""]",10,3
3,0,3,0,1,1,0,0,0,0,4,4,False,34,y,noise_baseline_short,10,[912],,0.4633889719263511,0.7693693467027303,0.6368771912656019,4,0.6368771912656019,1.3772624994055314,1.2737543825312039,1.3901669157790533,1.6224502270174486,"[532, 627, 722, 817]","[""insufficient_post_history""]",10,4
4,0,4,0,1,1,0,0,0,0,5,5,False,34,y,within_tolerance_under_iid,10,[912],,-0.005036596485288725,0.7807336530475313,0.5471829122421851,5,0.5471829122421851,1.4127902788400952,1.2235381878998277,0.0201463859411549,1.4970456972491943,"[437, 532, 627, 722, 817]","[""insufficient_post_history""]",10,5
5,0,5,0,1,1,0,0,0,0,6,6,False,34,y,within_tolerance_under_iid,10,[912],,0.37416032332667765,1.159736173226496,0.6269759509297472,6,0.6269759509297472,1.5283190283093018,1.5357711607741449,1.8708016166333883,2.3585930582655643,"[342, 437, 532, 627, 722, 817]","[""insufficient_post_history""]",10,6
0,0,0,0,3,3,3,0,3,0,0,0,False,35,y,pre_data_incomplete,1,"[56, 151, 246]",,,,,,,,,,,[],"[""insufficient_pre_history""]",1,3
0,0,0,0,4,4,4,0,4,0,0,0,False,35,y,pre_data_incomplete,1,"[56, 151, 246, 341]",,,,,,,,,,,[],"[""insufficient_pre_history""]",1,4
0,0,0,0,5,5,5,0,5,0,0,0,False,35,y,pre_data_incomplete,1,"[56, 151, 246, 341, 436]",,,,,,,,,,,[],"[""insufficient_pre_history""]",1,5
0,0,0,0,6,6,6,0,6,0,0,0,False,35,y,pre_data_incomplete,1,"[56, 151, 246, 341, 436, 531]",,,,,,,,,,,[],"[""insufficient_pre_history""]",1,6
0,0,0,0,3,3,2,0,2,0,1,1,False,35,y,pre_data_incomplete,2,"[151, 246, 341]",,,,,,,,,,,[56],"[""insufficient_pre_history""]",2,3
0,0,0,0,4,4,3,0,3,0,1,1,False,35,y,pre_data_incomplete,2,"[151, 246, 341, 436]",,,,,,,,,,,[56],"[""insufficient_pre_history""]",2,4
0,0,0,0,5,5,4,0,4,0,1,1,False,35,y,pre_data_incomplete,2,"[151, 246, 341, 436, 531]",,,,,,,,,,,[56],"[""insufficient_pre_history""]",2,5
0,0,0,0,6,6,5,0,5,0,1,1,False,35,y,pre_data_incomplete,2,"[151, 246, 341, 436, 531, 626]",,,,,,,,,,,[56],"[""insufficient_pre_history""]",2,6
0,0,0,0,3,3,1,0,1,0,2,2,False,35,y,pre_data_incomplete,3,"[246, 341, 436]",,,,,,,,,,,"[56, 151]","[""insufficient_pre_history""]",3,3
0,0,0,0,4,4,2,0,2,0,2,2,False,35,y,pre_data_incomplete,3,"[246, 341, 436, 531]",,,,,,,,,,,"[56, 151]","[""insufficient_pre_history""]",3,4
0,0,0,0,5,5,3,0,3,0,2,2,False,35,y,pre_data_incomplete,3,"[246, 341, 436, 531, 626]",,,,,,,,,,,"[56, 151]","[""insufficient_pre_history""]",3,5
0,0,0,0,6,6,4,0,4,0,2,2,False,35,y,pre_data_incomplete,3,"[246, 341, 436, 531, 626, 721]",,,,,,,,,,,"[56, 151]","[""insufficient_pre_history""]",3,6
0,0,0,0,3,3,0,0,0,0,3,3,True,35,y,noise_baseline_short,4,"[341, 436, 531]",,-0.7505005742145681,1.5010011484291361,1.779810565020526,3,1.779810565020526,4.228457361776196,3.0827223264634216,1.5010011484291361,9.50317694207605,"[56, 151, 246]",[],4,3
0,0,0,0,4,4,1,0,1,0,3,3,False,35,y,pre_data_incomplete,4,"[341, 436, 531, 626]",,,,,,,,,,,"[56, 151, 246]","[""insufficient_pre_history""]",4,4
0,0,0,0,5,5,2,0,2,0,3,3,False,35,y,pre_data_incomplete,4,"[341, 436, 531, 626, 721]",,,,,,,,,,,"[56, 151, 246]","[""insufficient_pre_history""]",4,5
0,0,0,0,6,6,3,0,3,0,3,3,False,35,y,pre_data_incomplete,4,"[341, 436, 531, 626, 721, 816]",,,,,,,,,,,"[56, 151, 246]","[""insufficient_pre_history""]",4,6
0,0,0,0,3,3,0,0,0,0,3,3,True,35,y,noise_baseline_short,5,"[436, 531, 626]",,0.5544501000117004,1.1089002000234007,1.3303637663324808,3,1.3303637663324808,3.162969597991117,2.3042576358365463,1.1089002000234007,5.309603252311029,"[151, 246, 341]",[],5,3
0,0,0,0,4,4,0,0,0,0,4,4,True,35,y,noise_baseline_short,5,"[436, 531, 626, 721]",,-1.003286463225488,2.2141404467594183,1.3882174616240082,4,1.3882174616240082,3.0077278810288104,2.7764349232480163,3.009859389676464,7.708590883031218,"[56, 151, 246, 341]",[],5,4
0,0,0,0,5,5,1,0,1,0,4,4,False,35,y,pre_data_incomplete,5,"[436, 531, 626, 721, 816]",,,,,,,,,,,"[56, 151, 246, 341]","[""insufficient_pre_history""]",5,5
0,0,0,0,6,6,2,0,2,0,4,4,False,35,y,pre_data_incomplete,5,"[436, 531, 626, 721, 816, 911]",,,,,,,,,,,"[56, 151, 246, 341]","[""insufficient_pre_history""]",5,6
0,0,0,0,3,3,0,0,0,0,3,3,True,35,y,noise_baseline_short,6,"[531, 626, 721]",,-0.3960130050141675,0.792026010028335,1.0009194407852862,3,1.0009194407852862,2.3869197224395458,1.733643325723544,0.792026010028335,3.0055191808257904,"[246, 341, 436]",[],6,3
0,0,0,0,4,4,0,0,0,0,4,4,True,35,y,noise_baseline_short,6,"[531, 626, 721, 816]",,0.7589383956976071,1.6596903467477182,1.0417812869089813,4,1.0417812869089813,2.252083652389994,2.0835625738179626,2.2768151870928213,4.341232999014933,"[151, 246, 341, 436]",[],6,4
0,0,0,0,5,5,0,0,0,0,5,5,True,35,y,high_noise_under_iid,6,"[531, 626, 721, 816, 911]",,-0.34771541168915415,2.293027158457471,1.0862699508874907,5,1.0862699508874907,2.7319460736967134,2.4289734520997874,1.3908616467566166,5.8999120310055595,"[56, 151, 246, 341, 436]",[],6,5
1,0,1,0,5,5,1,0,1,0,5,5,False,35,y,pre_data_incomplete,6,"[531, 626, 721, 816, 911]",,,,,,,,,,,"[56, 151, 246, 341, 436]","[""insufficient_pre_history"", ""insufficient_post_history""]",6,6
0,0,0,0,3,3,0,0,0,0,3,3,True,35,y,noise_baseline_short,7,"[626, 721, 816]",,0.9044529371217171,0.7184488092236672,0.7518802671152134,3,0.7518802671152134,1.325093727072642,1.3022948238520085,1.8089058742434343,1.6959718082317334,"[341, 436, 531]",[],7,3
0,0,0,0,4,4,0,0,0,0,4,4,True,35,y,noise_baseline_short,7,"[626, 721, 816, 911]",,-0.2004069774288905,0.755237409626001,0.7086218787474098,4,0.7086218787474098,1.706593803671979,1.4172437574948196,0.6012209322866715,2.008579868158035,"[246, 341, 436, 531]",[],7,4
1,0,1,0,4,4,0,0,0,0,5,5,False,35,y,within_tolerance_under_iid,7,"[626, 721, 816, 911]",,0.5043586138505335,1.510474819252002,0.8165673983704549,5,0.8165673983704549,1.896652332222711,1.8259002109664881,2.017434455402134,3.3339115804074657,"[151, 246, 341, 436, 531]","[""insufficient_post_history""]",7,5
2,0,2,0,4,4,0,0,0,0,6,6,False,35,y,within_tolerance_under_iid,7,"[626, 721, 816, 911]",,-0.21337131089798916,1.6596903467477182,0.8871009705276646,6,0.8871009705276646,2.3880806059382196,2.1729447281205165,1.0668565544899458,4.721688791466745,"[56, 151, 246, 341, 436, 531]","[""insufficient_post_history""]",7,6
0,0,0,0,3,3,0,0,0,0,3,3,True,35,y,review_trend,8,"[721, 816, 911]",,-1.0361648448303595,0.7184488092236672,0.6075320052171557,3,0.6075320052171557,0.259414056778776,1.0522763002603137,2.072329689660719,1.1072854120895341,"[436, 531, 626]",[],8,3
1,0,1,0,3,3,0,0,0,0,4,4,False,35,y,noise_baseline_short,8,"[721, 816, 911]",,0.064662617219548,0.9044529371217174,0.5864871122383608,4,0.5864871122383608,1.4329513815080905,1.1729742244767216,0.193987851658644,1.3758685312867664,"[341, 436, 531, 626]","[""insufficient_post_history""]",8,4
2,0,2,0,3,3,0,0,0,0,5,5,False,35,y,within_tolerance_under_iid,8,"[721, 816, 911]",,-0.39198055251346736,1.353880880437052,0.6216275695164138,5,0.6216275695164138,1.4366545824901737,1.3900015021266774,1.5679222100538694,1.9321041759144193,"[246, 341, 436, 531, 626]","[""insufficient_post_history""]",8,5
3,0,3,0,3,3,0,0,0,0,6,6,False,35,y,within_tolerance_under_iid,8,"[721, 816, 911]",,0.1661587484245717,1.2636773417335507,0.6817592387037981,6,0.6817592387037981,1.8344424914244462,1.6699622622526216,0.8307937421228585,2.7887739573478934,"[151, 246, 341, 436, 531, 626]","[""insufficient_post_history""]",8,6
1,0,1,0,2,2,0,0,0,0,3,3,False,35,y,noise_baseline_short,9,"[816, 911]",,0.6795749633008259,1.353880880437052,0.7831850257242099,3,0.7831850257242099,1.6603097438794816,1.3565162562814697,1.3591499266016518,1.8401363535558937,"[531, 626, 721]","[""insufficient_post_history""]",9,3
2,0,2,0,2,2,0,0,0,0,4,4,False,35,y,noise_baseline_short,9,"[816, 911]",,0.0568222471696902,0.6795749633008259,0.5820587577239117,4,0.5820587577239117,1.4229133723544405,1.1641175154478234,0.1704667415090706,1.3551695897724132,"[436, 531, 626, 721]","[""insufficient_post_history""]",9,4
3,0,3,0,2,2,0,0,0,0,5,5,False,35,y,within_tolerance_under_iid,9,"[816, 911]",,0.4263781912029453,1.353880880437052,0.6013761097469799,5,0.6013761097469799,1.3435129187014758,1.3447178614386208,1.7055127648117812,1.8082661268720577,"[341, 436, 531, 626, 721]","[""insufficient_post_history""]",9,5
4,0,4,0,2,2,0,0,0,0,6,6,False,35,y,within_tolerance_under_iid,9,"[816, 911]",,-0.003142808315893499,1.0755879683149934,0.5692094073919252,6,0.5692094073919252,1.5588303012300653,1.3942726049022118,0.015714041579467493,1.9439960967807992,"[246, 341, 436, 531, 626, 721]","[""insufficient_post_history""]",9,6
2,0,2,0,1,1,0,0,0,0,3,3,False,35,y,noise_baseline_short,10,[911],,1.262717520500278,0.18759576603814765,0.8747555365703926,3,0.8747555365703926,1.184175839732678,1.515121033542095,2.525435041000556,2.2955917462816666,"[626, 721, 816]","[""insufficient_post_history""]",10,3
3,0,3,0,1,1,0,0,0,0,4,4,False,35,y,noise_baseline_short,10,[911],,0.6227693288729216,0.6795749633008259,0.6262715663322158,4,0.6262715663322158,1.1763045338326164,1.2525431326644316,1.8683079866187646,1.5688642991848283,"[531, 626, 721, 816]","[""insufficient_post_history""]",10,4
4,0,4,0,1,1,0,0,0,0,5,5,False,35,y,within_tolerance_under_iid,10,[911],,0.2265360629281326,0.6407011173779846,0.4924722632348377,5,0.4924722632348377,1.2024132294463883,1.1012014576262676,0.9061442517125304,1.2126446502782167,"[436, 531, 626, 721, 816]","[""insufficient_post_history""]",10,5
5,0,5,0,1,1,0,0,0,0,6,6,False,35,y,within_tolerance_under_iid,10,[911],,0.44201493273518844,0.9061276389707444,0.5428286126333365,6,0.5428286126333365,1.1641290808462086,1.3296531187345806,2.2100746636759423,1.7679774161605968,"[341, 436, 531, 626, 721, 816]","[""insufficient_post_history""]",10,6
0,0,0,0,3,3,3,0,3,0,0,0,False,36,y,pre_data_incomplete,1,"[55, 150, 245]",,,,,,,,,,,[],"[""insufficient_pre_history""]",1,3
0,0,0,0,4,4,4,0,4,0,0,0,False,36,y,pre_data_incomplete,1,"[55, 150, 245, 340]",,,,,,,,,,,[],"[""insufficient_pre_history""]",1,4
0,0,0,0,5,5,5,0,5,0,0,0,False,36,y,pre_data_incomplete,1,"[55, 150, 245, 340, 435]",,,,,,,,,,,[],"[""insufficient_pre_history""]",1,5
0,0,0,0,6,6,6,0,6,0,0,0,False,36,y,pre_data_incomplete,1,"[55, 150, 245, 340, 435, 530]",,,,,,,,,,,[],"[""insufficient_pre_history""]",1,6
0,0,0,0,3,3,2,0,2,0,1,1,False,36,y,pre_data_incomplete,2,"[150, 245, 340]",,,,,,,,,,,[55],"[""insufficient_pre_history""]",2,3
0,0,0,0,4,4,3,0,3,0,1,1,False,36,y,pre_data_incomplete,2,"[150, 245, 340, 435]",,,,,,,,,,,[55],"[""insufficient_pre_history""]",2,4
0,0,0,0,5,5,4,0,4,0,1,1,False,36,y,pre_data_incomplete,2,"[150, 245, 340, 435, 530]",,,,,,,,,,,[55],"[""insufficient_pre_history""]",2,5
0,0,0,0,6,6,5,0,5,0,1,1,False,36,y,pre_data_incomplete,2,"[150, 245, 340, 435, 530, 625]",,,,,,,,,,,[55],"[""insufficient_pre_history""]",2,6
0,0,0,0,3,3,1,0,1,0,2,2,False,36,y,pre_data_incomplete,3,"[245, 340, 435]",,,,,,,,,,,"[55, 150]","[""insufficient_pre_history""]",3,3
0,0,0,0,4,4,2,0,2,0,2,2,False,36,y,pre_data_incomplete,3,"[245, 340, 435, 530]",,,,,,,,,,,"[55, 150]","[""insufficient_pre_history""]",3,4
0,0,0,0,5,5,3,0,3,0,2,2,False,36,y,pre_data_incomplete,3,"[245, 340, 435, 530, 625]",,,,,,,,,,,"[55, 150]","[""insufficient_pre_history""]",3,5
0,0,0,0,6,6,4,0,4,0,2,2,False,36,y,pre_data_incomplete,3,"[245, 340, 435, 530, 625, 720]",,,,,,,,,,,"[55, 150]","[""insufficient_pre_history""]",3,6
0,0,0,0,3,3,0,0,0,0,3,3,True,36,y,review_trend,4,"[340, 435, 530]",,2.5316680805712064,2.1439720928947774,1.4673611230675172,3,1.4673611230675172,0.31655244837720187,2.541544018204268,5.063336161142413,6.459445996469896,"[55, 150, 245]",[],4,3
0,0,0,0,4,4,1,0,1,0,3,3,False,36,y,pre_data_incomplete,4,"[340, 435, 530, 625]",,,,,,,,,,,"[55, 150, 245]","[""insufficient_pre_history""]",4,4
0,0,0,0,5,5,2,0,2,0,3,3,False,36,y,pre_data_incomplete,4,"[340, 435, 530, 625, 720]",,,,,,,,,,,"[55, 150, 245]","[""insufficient_pre_history""]",4,5
0,0,0,0,6,6,3,0,3,0,3,3,False,36,y,pre_data_incomplete,4,"[340, 435, 530, 625, 720, 815]",,,,,,,,,,,"[55, 150, 245]","[""insufficient_pre_history""]",4,6
0,0,0,0,3,3,0,0,0,0,3,3,True,36,y,noise_baseline_short,5,"[435, 530, 625]",,0.5700461622553916,1.1400923245107832,0.8494542368631023,3,0.8494542368631023,1.9182100377549516,1.4712978969515407,1.1400923245107832,2.1647175015740268,"[150, 245, 340]",[],5,3
0,0,0,0,4,4,0,0,0,0,4,4,True,36,y,noise_baseline_short,5,"[435, 530, 625, 720]",,1.2771557320464317,1.4596820341238177,1.0607325841424944,4,1.0607325841424944,1.6349632352508856,2.1214651682849888,3.831467196139295,4.500614460246457,"[55, 150, 245, 340]",[],5,4
0,0,0,0,5,5,1,0,1,0,4,4,False,36,y,pre_data_incomplete,5,"[435, 530, 625, 720, 815]",,,,,,,,,,,"[55, 150, 245, 340]","[""insufficient_pre_history""]",5,5
0,0,0,0,6,6,2,0,2,0,4,4,False,36,y,pre_data_incomplete,5,"[435, 530, 625, 720, 815, 910]",,,,,,,,,,,"[55, 150, 245, 340]","[""insufficient_pre_history""]",5,6
0,0,0,0,3,3,0,0,0,0,3,3,True,36,y,noise_baseline_short,6,"[530, 625, 720]",,-0.7200891177804734,0.339093508175905,0.5454308030014675,3,0.5454308030014675,0.8648189926714335,0.9447138628116329,1.4401782355609467,0.8924842825884769,"[245, 340, 435]",[],6,3
0,0,0,0,4,4,0,0,0,0,4,4,True,36,y,noise_baseline_short,6,"[530, 625, 720, 815]",,0.2658285754323213,0.7395929163433441,0.6014806988891327,4,0.6014806988891327,1.412094935911185,1.2029613977782654,0.7974857262969639,1.447116124544638,"[150, 245, 340, 435]",[],6,4
0,0,0,0,5,5,0,0,0,0,5,5,True,36,y,within_tolerance_under_iid,6,"[530, 625, 720, 815, 910]",,0.8386408175673715,1.1400923245107832,0.8456461160660099,5,0.8456461160660099,1.556616294343799,1.8909222004322754,3.354563270269486,3.5755867680876383,"[55, 150, 245, 340, 435]",[],6,5
1,0,1,0,5,5,1,0,1,0,5,5,False,36,y,pre_data_incomplete,6,"[530, 625, 720, 815, 910]",,,,,,,,,,,"[55, 150, 245, 340, 435]","[""insufficient_pre_history"", ""insufficient_post_history""]",6,6
0,0,0,0,3,3,0,0,0,0,3,3,True,36,y,noise_baseline_short,7,"[625, 720, 815]",,1.4091310334527276,0.339093508175905,0.8883149537697891,3,0.8883149537697891,0.8736819808528908,1.538606633052473,2.818262066905455,2.367310371273067,"[340, 435, 530]",[],7,3
0,0,0,0,4,4,0,0,0,0,4,4,True,36,y,noise_baseline_short,7,"[625, 720, 815, 910]",,0.3456064477681715,0.8896358718684259,0.6538871654625676,4,0.6538871654625676,1.5055899206266934,1.3077743309251353,1.0368193433045145,1.710273700626685,"[245, 340, 435, 530]",[],7,4
1,0,1,0,4,4,0,0,0,0,5,5,False,36,y,within_tolerance_under_iid,7,"[625, 720, 815, 910]",,0.6476530547271528,1.4401782355609467,0.6942790627303205,5,0.6942790627303205,1.3473336070352337,1.5524551796198374,2.5906122189086114,2.4101170847284616,"[150, 245, 340, 435, 530]","[""insufficient_post_history""]",7,5
2,0,2,0,4,4,0,0,0,0,6,6,False,36,y,within_tolerance_under_iid,7,"[625, 720, 815, 910]",,0.947711947882237,1.4596820341238175,0.8806155425575591,6,0.8806155425575591,1.3735672654661215,2.1570587388301843,4.738559739411185,4.652902402763666,"[55, 150, 245, 340, 435, 530]","[""insufficient_post_history""]",7,6
0,0,0,0,3,3,0,0,0,0,3,3,True,36,y,noise_baseline_short,8,"[720, 815, 910]",,0.8671464381413632,0.7448756824468236,0.7344267721464736,3,0.7344267721464736,1.316210549840117,1.2720644837965034,1.7342928762827263,1.6181480509364645,"[435, 530, 625]",[],8,3
1,0,1,0,3,3,0,0,0,0,4,4,False,36,y,noise_baseline_short,8,"[720, 815, 910]",,0.8699327712105445,1.0366931922293157,0.6780088017177345,4,0.6780088017177345,0.930708356669889,1.356017603435469,2.609798313631633,1.8387837408268728,"[340, 435, 530, 625]","[""insufficient_post_history""]",8,4
2,0,2,0,3,3,0,0,0,0,5,5,False,36,y,within_tolerance_under_iid,8,"[720, 815, 910]",,0.34064913483490145,1.0389903231686033,0.5335853304926138,5,0.5335853304926138,1.2293423401288688,1.1931330707781758,1.3625965393396058,1.4235665245845597,"[245, 340, 435, 530, 625]","[""insufficient_post_history""]",8,5
3,0,3,0,3,3,0,0,0,0,6,6,False,36,y,within_tolerance_under_iid,8,"[720, 815, 910]",,0.5578130863579654,1.0366931922293157,0.6077135344503287,6,0.6077135344503287,1.1868289694243903,1.4885880691865916,2.7890654317898274,2.2158944397246647,"[150, 245, 340, 435, 530, 625]","[""insufficient_post_history""]",8,6
1,0,1,0,2,2,0,0,0,0,3,3,False,36,y,noise_baseline_short,9,"[815, 910]",,0.4352642323133017,0.7448756824468236,0.46679701443916943,3,0.46679701443916943,0.9635802054179803,0.8085161458301042,0.8705284646266034,0.6536983580679664,"[530, 625, 720]","[""insufficient_post_history""]",9,3
2,0,2,0,2,2,0,0,0,0,4,4,False,36,y,noise_baseline_short,9,"[815, 910]",,0.9304215387621637,0.8077020735367135,0.7114642884573664,4,0.7114642884573664,0.9342794030799881,1.4229285769147328,2.791264616286491,2.0247257350005867,"[435, 530, 625, 720]","[""insufficient_post_history""]",9,4
3,0,3,0,2,2,0,0,0,0,5,5,False,36,y,review_trend,9,"[815, 910]",,0.9111873939346843,1.615404147073427,0.708945703067811,5,0.708945703067811,0.7636437933381074,1.5852507844160066,3.644749575738737,2.5130200494915647,"[340, 435, 530, 625, 720]","[""insufficient_post_history""]",9,5
4,0,4,0,2,2,0,0,0,0,6,6,False,36,y,within_tolerance_under_iid,9,"[815, 910]",,0.5213406186023278,1.239584279364775,0.5788522580289709,6,0.5788522580289709,1.1506158555503692,1.4178926686288456,2.6067030930116393,2.0104196197514295,"[245, 340, 435, 530, 625, 720]","[""insufficient_post_history""]",9,6
2,0,2,0,1,1,0,0,0,0,3,3,False,36,y,noise_baseline_short,10,[910],,-0.9848388061885965,1.615404147073427,1.0366069564001021,3,1.0366069564001021,2.1230894809198553,1.7954559159643129,1.969677612377193,3.2236619461712497,"[625, 720, 815]","[""insufficient_post_history""]",10,3
3,0,3,0,1,1,0,0,0,0,4,4,False,36,y,noise_baseline_short,10,[910],,-0.6528255737398624,0.8077020735367135,0.7640821135177651,4,0.7640821135177651,1.5612417438900033,1.5281642270355302,1.9584767212195873,2.3352859047910997,"[530, 625, 720, 815]","[""insufficient_post_history""]",10,4
4,0,4,0,1,1,0,0,0,0,5,5,False,36,y,within_tolerance_under_iid,10,[910],,0.03997589924376703,1.615404147073427,0.6960844453302968,5,0.6960844453302968,1.7957997638389662,1.5564921378387797,0.15990359697506812,2.422667775153935,"[435, 530, 625, 720, 815]","[""insufficient_post_history""]",10,5
5,0,5,0,1,1,0,0,0,0,6,6,False,36,y,within_tolerance_under_iid,10,[910],,0.2806502642293951,1.154385560276549,0.6430301668329997,6,0.6430301668329997,1.660290176031569,1.5750957979575886,1.4032513211469755,2.480926772743653,"[340, 435, 530, 625, 720, 815]","[""insufficient_post_history""]",10,6
0,0,0,0,3,3,3,0,3,0,0,0,False,37,y,pre_data_incomplete,1,"[54, 149, 244]",,,,,,,,,,,[],"[""insufficient_pre_history""]",1,3
0,0,0,0,4,4,4,0,4,0,0,0,False,37,y,pre_data_incomplete,1,"[54, 149, 244, 339]",,,,,,,,,,,[],"[""insufficient_pre_history""]",1,4
0,0,0,0,5,5,5,0,5,0,0,0,False,37,y,pre_data_incomplete,1,"[54, 149, 244, 339, 434]",,,,,,,,,,,[],"[""insufficient_pre_history""]",1,5
0,0,0,0,6,6,6,0,6,0,0,0,False,37,y,pre_data_incomplete,1,"[54, 149, 244, 339, 434, 529]",,,,,,,,,,,[],"[""insufficient_pre_history""]",1,6
0,0,0,0,3,3,2,0,2,0,1,1,False,37,y,pre_data_incomplete,2,"[149, 244, 339]",,,,,,,,,,,[54],"[""insufficient_pre_history""]",2,3
0,0,0,0,4,4,3,0,3,0,1,1,False,37,y,pre_data_incomplete,2,"[149, 244, 339, 434]",,,,,,,,,,,[54],"[""insufficient_pre_history""]",2,4
0,0,0,0,5,5,4,0,4,0,1,1,False,37,y,pre_data_incomplete,2,"[149, 244, 339, 434, 529]",,,,,,,,,,,[54],"[""insufficient_pre_history""]",2,5
0,0,0,0,6,6,5,0,5,0,1,1,False,37,y,pre_data_incomplete,2,"[149, 244, 339, 434, 529, 624]",,,,,,,,,,,[54],"[""insufficient_pre_history""]",2,6
0,0,0,0,3,3,1,0,1,0,2,2,False,37,y,pre_data_incomplete,3,"[244, 339, 434]",,,,,,,,,,,"[54, 149]","[""insufficient_pre_history""]",3,3
0,0,0,0,4,4,2,0,2,0,2,2,False,37,y,pre_data_incomplete,3,"[244, 339, 434, 529]",,,,,,,,,,,"[54, 149]","[""insufficient_pre_history""]",3,4
0,0,0,0,5,5,3,0,3,0,2,2,False,37,y,pre_data_incomplete,3,"[244, 339, 434, 529, 624]",,,,,,,,,,,"[54, 149]","[""insufficient_pre_history""]",3,5
0,0,0,0,6,6,4,0,4,0,2,2,False,37,y,pre_data_incomplete,3,"[244, 339, 434, 529, 624, 719]",,,,,,,,,,,"[54, 149]","[""insufficient_pre_history""]",3,6
0,0,0,0,3,3,0,0,0,0,3,3,True,37,y,noise_baseline_short,4,"[339, 434, 529]",,-1.7304445641763557,2.4121553113832643,1.7043880915008462,3,1.7043880915008462,3.3824186345460534,2.952086770294818,3.4608891283527115,8.71481629934969,"[54, 149, 244]",[],4,3
0,0,0,0,4,4,1,0,1,0,3,3,False,37,y,pre_data_incomplete,4,"[339, 434, 529, 624]",,,,,,,,,,,"[54, 149, 244]","[""insufficient_pre_history""]",4,4
0,0,0,0,5,5,2,0,2,0,3,3,False,37,y,pre_data_incomplete,4,"[339, 434, 529, 624, 719]",,,,,,,,,,,"[54, 149, 244]","[""insufficient_pre_history""]",4,5
0,0,0,0,6,6,3,0,3,0,3,3,False,37,y,pre_data_incomplete,4,"[339, 434, 529, 624, 719, 814]",,,,,,,,,,,"[54, 149, 244]","[""insufficient_pre_history""]",4,6
0,0,0,0,3,3,0,0,0,0,3,3,True,37,y,noise_baseline_short,5,"[434, 529, 624]",,-2.2981207554757654,1.276802928784445,1.7833849328525708,3,1.7833849328525708,2.9189129652760113,3.088913313153463,4.596241510951531,9.541385456176702,"[149, 244, 339]",[],5,3
0,0,0,0,4,4,0,0,0,0,4,4,True,37,y,noise_baseline_short,5,"[434, 529, 624, 719]",,-1.2425303038440778,1.7304445641763557,1.2894991927520194,4,1.2894991927520194,2.4732862993841853,2.578998385504039,3.7275909115322334,6.651232672432438,"[54, 149, 244, 339]",[],5,4
0,0,0,0,5,5,1,0,1,0,4,4,False,37,y,pre_data_incomplete,5,"[434, 529, 624, 719, 814]",,,,,,,,,,,"[54, 149, 244, 339]","[""insufficient_pre_history""]",5,5
0,0,0,0,6,6,2,0,2,0,4,4,False,37,y,pre_data_incomplete,5,"[434, 529, 624, 719, 814, 909]",,,,,,,,,,,"[54, 149, 244, 339]","[""insufficient_pre_history""]",5,6
0,0,0,0,3,3,0,0,0,0,3,3,True,37,y,review_trend,6,"[529, 624, 719]",,2.719330615547862,1.276802928784445,1.641989413859729,3,1.641989413859729,1.1778189241359114,2.844009090295291,5.438661231095724,8.08838770568225,"[244, 339, 434]",[],6,3
0,0,0,0,4,4,0,0,0,0,4,4,True,37,y,noise_baseline_short,6,"[529, 624, 719, 814]",,-0.0026346697136311547,2.2981207554757654,1.474343794880665,4,1.474343794880665,3.611387600259417,2.94868758976133,0.007904009140893464,8.694758502012482,"[149, 244, 339, 434]",[],6,4
0,0,0,0,5,5,0,0,0,0,5,5,True,37,y,high_noise_under_iid,6,"[529, 624, 719, 814, 909]",,-0.06406973054655081,2.1840861995682666,1.1437445687157046,5,1.1437445687157046,2.9508181614376254,2.557490604544495,0.25627892218620324,6.540758192333366,"[54, 149, 244, 339, 434]",[],6,5
1,0,1,0,5,5,1,0,1,0,5,5,False,37,y,pre_data_incomplete,6,"[529, 624, 719, 814, 909]",,,,,,,,,,,"[54, 149, 244, 339, 434]","[""insufficient_pre_history"", ""insufficient_post_history""]",6,6
0,0,0,0,3,3,0,0,0,0,3,3,True,37,y,noise_baseline_short,7,"[624, 719, 814]",,1.3207574839989213,1.5203433343134358,1.215869823735375,3,1.215869823735375,2.3197491042230043,2.105948310099485,2.6415149679978427,4.435018284810876,"[339, 434, 529]",[],7,3
0,0,0,0,4,4,0,0,0,0,4,4,True,37,y,noise_baseline_short,7,"[624, 719, 814, 909]",,1.5916811992658142,1.9591589483911438,1.2346776447947676,4,1.2346776447947676,1.6771853562129249,2.469355289589535,4.775043597797443,6.097715546223817,"[244, 339, 434, 529]",[],7,4
1,0,1,0,4,4,0,0,0,0,5,5,False,37,y,high_noise_under_iid,7,"[624, 719, 814, 909]",,0.15292081451883455,1.9547265429536886,1.1523902038913283,5,1.1523902038913283,2.9623310576505406,2.576822832505853,0.6116832580753382,6.640015910123489,"[149, 244, 339, 434, 529]","[""insufficient_post_history""]",7,5
2,0,2,0,4,4,0,0,0,0,6,6,False,37,y,within_tolerance_under_iid,7,"[624, 719, 814, 909]",,0.06459420414318762,1.96624932284835,0.9412982202586381,6,0.9412982202586381,2.574308304560022,2.3057003354235945,0.3229710207159381,5.316254036772477,"[54, 149, 244, 339, 434, 529]","[""insufficient_post_history""]",7,6
0,0,0,0,3,3,0,0,0,0,3,3,True,37,y,noise_baseline_short,8,"[719, 814, 909]",,-0.3350985780487477,0.6701971560974954,0.4399088672395452,3,0.4399088672395452,0.9677482910526338,0.7619445087589642,0.6701971560974954,0.5805594344279393,"[434, 529, 624]",[],8,3
1,0,1,0,3,3,0,0,0,0,4,4,False,37,y,noise_baseline_short,8,"[719, 814, 909]",,0.8954640104327913,0.7601716671567179,0.9125710020461026,4,0.9125710020461026,1.7297616939051523,1.8251420040922053,2.6863920312983742,3.3311433351017117,"[339, 434, 529, 624]","[""insufficient_post_history""]",8,4
2,0,2,0,3,3,0,0,0,0,5,5,False,37,y,high_noise_under_iid,8,"[719, 814, 909]",,1.2178443117994298,1.5203433343134358,1.0453441849534046,5,1.0453441849534046,1.5300807846315059,2.3374606574399257,4.871377247197719,5.46372232507949,"[244, 339, 434, 529, 624]","[""insufficient_post_history""]",8,5
3,0,3,0,3,3,0,0,0,0,6,6,False,37,y,within_tolerance_under_iid,8,"[719, 814, 909]",,0.2969688619705543,1.312461849525592,0.9721747554710577,6,0.9721747554710577,2.588936983498479,2.3813320917191,1.4848443098527713,5.670742531051264,"[149, 244, 339, 434, 529, 624]","[""insufficient_post_history""]",8,6
1,0,1,0,2,2,0,0,0,0,3,3,False,37,y,review_trend,9,"[814, 909]",,2.1084127217553656,0.8501461782159404,1.2875233465141196,3,1.2875233465141196,1.0273703306956885,2.2300558520935643,4.216825443510731,4.973149103456754,"[529, 624, 719]","[""insufficient_post_history""]",9,3
2,0,2,0,2,2,0,0,0,0,4,4,False,37,y,noise_baseline_short,9,"[814, 909]",,0.8939592505807827,0.7601716671567179,0.9113922324777133,4,0.9113922324777133,1.7279777065335287,1.8227844649554266,2.6818777517423484,3.3225432056828406,"[434, 529, 624, 719]","[""insufficient_post_history""]",9,4
3,0,3,0,2,2,0,0,0,0,5,5,False,37,y,high_noise_under_iid,9,"[814, 909]",,1.3046483666919653,0.8501461782159404,1.1108452416199952,5,1.1108452416199952,1.5977556560663033,2.483925472744488,5.218593466767861,6.169885754148929,"[339, 434, 529, 624, 719]","[""insufficient_post_history""]",9,5
4,0,4,0,2,2,0,0,0,0,6,6,False,37,y,review_trend,9,"[814, 909]",,1.4180101944512287,2.0809291511556394,1.1992567113064978,6,1.1992567113064978,1.41052506500036,2.937567013309153,7.090050972256144,8.629299957682056,"[244, 339, 434, 529, 624, 719]","[""insufficient_post_history""]",9,6
2,0,2,0,1,1,0,0,0,0,3,3,False,37,y,noise_baseline_short,10,[909],,-0.7348549298338876,1.4697098596677751,1.4314956458781674,3,1.4314956458781674,3.348888646880719,2.4794231894746113,1.4697098596677751,6.147539352504453,"[624, 719, 814]","[""insufficient_post_history""]",10,3
3,0,3,0,1,1,0,0,0,0,4,4,False,37,y,noise_baseline_short,10,[909],,0.1507988220939288,0.7348549298338874,1.0779364991324814,4,1.0779364991324814,2.6296067890674544,2.1558729982649627,0.4523964662817864,4.64778838464796,"[529, 624, 719, 814]","[""insufficient_post_history""]",10,4
4,0,4,0,1,1,0,0,0,0,5,5,False,37,y,within_tolerance_under_iid,10,[909],,-0.006298858801980911,0.8501461782159404,0.838953434341564,5,0.838953434341564,2.1661379260216425,1.8759569091446437,0.025195435207923646,3.519214324967525,"[434, 529, 624, 719, 814]","[""insufficient_post_history""]",10,5
5,0,5,0,1,1,0,0,0,0,6,6,False,37,y,within_tolerance_under_iid,10,[909],,0.5442671125296533,1.0699535078826352,0.9368972732710766,6,0.9368972732710766,2.299419924062884,2.2949202609190302,2.7213355626482665,5.2666590039766685,"[339, 434, 529, 624, 719, 814]","[""insufficient_post_history""]",10,6
0,0,0,0,3,3,3,0,3,0,0,0,False,38,y,pre_data_incomplete,1,"[53, 148, 243]",,,,,,,,,,,[],"[""insufficient_pre_history""]",1,3
0,0,0,0,4,4,4,0,4,0,0,0,False,38,y,pre_data_incomplete,1,"[53, 148, 243, 338]",,,,,,,,,,,[],"[""insufficient_pre_history""]",1,4
0,0,0,0,5,5,5,0,5,0,0,0,False,38,y,pre_data_incomplete,1,"[53, 148, 243, 338, 433]",,,,,,,,,,,[],"[""insufficient_pre_history""]",1,5
0,0,0,0,6,6,6,0,6,0,0,0,False,38,y,pre_data_incomplete,1,"[53, 148, 243, 338, 433, 528]",,,,,,,,,,,[],"[""insufficient_pre_history""]",1,6
0,0,0,0,3,3,2,0,2,0,1,1,False,38,y,pre_data_incomplete,2,"[148, 243, 338]",,,,,,,,,,,[53],"[""insufficient_pre_history""]",2,3
0,0,0,0,4,4,3,0,3,0,1,1,False,38,y,pre_data_incomplete,2,"[148, 243, 338, 433]",,,,,,,,,,,[53],"[""insufficient_pre_history""]",2,4
0,0,0,0,5,5,4,0,4,0,1,1,False,38,y,pre_data_incomplete,2,"[148, 243, 338, 433, 528]",,,,,,,,,,,[53],"[""insufficient_pre_history""]",2,5
0,0,0,0,6,6,5,0,5,0,1,1,False,38,y,pre_data_incomplete,2,"[148, 243, 338, 433, 528, 623]",,,,,,,,,,,[53],"[""insufficient_pre_history""]",2,6
0,0,0,0,3,3,1,0,1,0,2,2,False,38,y,pre_data_incomplete,3,"[243, 338, 433]",,,,,,,,,,,"[53, 148]","[""insufficient_pre_history""]",3,3
0,0,0,0,4,4,2,0,2,0,2,2,False,38,y,pre_data_incomplete,3,"[243, 338, 433, 528]",,,,,,,,,,,"[53, 148]","[""insufficient_pre_history""]",3,4
0,0,0,0,5,5,3,0,3,0,2,2,False,38,y,pre_data_incomplete,3,"[243, 338, 433, 528, 623]",,,,,,,,,,,"[53, 148]","[""insufficient_pre_history""]",3,5
0,0,0,0,6,6,4,0,4,0,2,2,False,38,y,pre_data_incomplete,3,"[243, 338, 433, 528, 623, 718]",,,,,,,,,,,"[53, 148]","[""insufficient_pre_history""]",3,6
0,0,0,0,3,3,0,0,0,0,3,3,True,38,y,noise_baseline_short,4,"[338, 433, 528]",,-1.2470525406655264,2.494105081331053,2.3916768781367184,3,2.3916768781367184,5.586629543662449,4.142505868220514,2.494105081331053,17.16035486824139,"[53, 148, 243]",[],4,3
0,0,0,0,4,4,1,0,1,0,3,3,False,38,y,pre_data_incomplete,4,"[338, 433, 528, 623]",,,,,,,,,,,"[53, 148, 243]","[""insufficient_pre_history""]",4,4
0,0,0,0,5,5,2,0,2,0,3,3,False,38,y,pre_data_incomplete,4,"[338, 433, 528, 623, 718]",,,,,,,,,,,"[53, 148, 243]","[""insufficient_pre_history""]",4,5
0,0,0,0,6,6,3,0,3,0,3,3,False,38,y,pre_data_incomplete,4,"[338, 433, 528, 623, 718, 813]",,,,,,,,,,,"[53, 148, 243]","[""insufficient_pre_history""]",4,6
0,0,0,0,3,3,0,0,0,0,3,3,True,38,y,noise_baseline_short,5,"[433, 528, 623]",,2.4349290478314005,0.7252852456369897,1.7566885762252074,3,1.7566885762252074,2.58030416561587,3.0426738670978914,4.869858095662801,9.257864261520437,"[148, 243, 338]",[],5,3
0,0,0,0,4,4,0,0,0,0,4,4,True,38,y,noise_baseline_short,5,"[433, 528, 623, 718]",,-0.40630276396043363,1.6096951634840213,1.6929274438469926,4,1.6929274438469926,4.096744456367416,3.385854887693985,1.2189082918813008,11.464013320521248,"[53, 148, 243, 338]",[],5,4
0,0,0,0,5,5,1,0,1,0,4,4,False,38,y,pre_data_incomplete,5,"[433, 528, 623, 718, 813]",,,,,,,,,,,"[53, 148, 243, 338]","[""insufficient_pre_history""]",5,5
0,0,0,0,6,6,2,0,2,0,4,4,False,38,y,pre_data_incomplete,5,"[433, 528, 623, 718, 813, 908]",,,,,,,,,,,"[53, 148, 243, 338]","[""insufficient_pre_history""]",5,6
0,0,0,0,3,3,0,0,0,0,3,3,True,38,y,review_trend,6,"[528, 623, 718]",,-0.7067121828493604,0.6881391200617312,0.4080674354434348,3,0.4080674354434348,0.015164842263455278,0.706793531102362,1.4134243656987209,0.4995570956081456,"[243, 338, 433]",[],6,3
0,0,0,0,4,4,0,0,0,0,4,4,True,38,y,noise_baseline_short,6,"[528, 623, 718, 813]",,1.1819871681166219,0.7067121828493604,1.2542034577615957,4,1.2542034577615957,2.43832395648855,2.5084069155231914,3.5459615043498656,6.2921052538445705,"[148, 243, 338, 433]",[],6,4
0,0,0,0,5,5,0,0,0,0,5,5,True,38,y,high_noise_under_iid,6,"[528, 623, 718, 813, 908]",,-0.2945200798396747,0.7252852456369897,1.3145152098879345,5,1.3145152098879345,3.351197993068882,2.9393453667668252,1.1780803193586988,8.639751185133601,"[53, 148, 243, 338, 433]",[],6,5
1,0,1,0,5,5,1,0,1,0,5,5,False,38,y,pre_data_incomplete,6,"[528, 623, 718, 813, 908]",,,,,,,,,,,"[53, 148, 243, 338, 433]","[""insufficient_pre_history"", ""insufficient_post_history""]",6,6
0,0,0,0,3,3,0,0,0,0,3,3,True,38,y,noise_baseline_short,7,"[623, 718, 813]",,-0.12892719302498512,0.25785438604997024,0.2007166722422586,3,0.2007166722422586,0.45659462643950816,0.34765147424974163,0.25785438604997024,0.12086154754801877,"[338, 433, 528]",[],7,3
0,0,0,0,4,4,0,0,0,0,4,4,True,38,y,noise_baseline_short,7,"[623, 718, 813, 908]",,-0.3637558015122611,0.3440695600308656,0.29635071936851076,4,0.29635071936851076,0.4428846185936403,0.5927014387370215,1.0912674045367834,0.3512949954809353,"[243, 338, 433, 528]",[],7,4
1,0,1,0,4,4,0,0,0,0,5,5,False,38,y,within_tolerance_under_iid,7,"[623, 718, 813, 908]",,0.7810583053526942,0.4302847340117609,0.9899193837668787,5,0.9899193837668787,2.1211857504348615,2.2135270343474427,3.1242332214107766,4.899701931786986,"[148, 243, 338, 433, 528]","[""insufficient_post_history""]",7,5
2,0,2,0,4,4,0,0,0,0,6,6,False,38,y,high_noise_under_iid,7,"[623, 718, 813, 908]",,-0.15903862525496704,0.7067121828493604,1.0733515269847491,6,1.0733515269847491,2.9206109180598863,2.629163555749804,0.7951931262748352,6.912501002882953,"[53, 148, 243, 338, 433, 528]","[""insufficient_post_history""]",7,6
0,0,0,0,3,3,0,0,0,0,3,3,True,38,y,noise_baseline_short,8,"[718, 813, 908]",,-1.3628203266799945,0.4302847340117609,0.988099381366677,3,0.988099381366677,1.464064151299021,1.7114383314544608,2.725640653359989,2.9290211623716287,"[433, 528, 623]",[],8,3
1,0,1,0,3,3,0,0,0,0,4,4,False,38,y,noise_baseline_short,8,"[718, 813, 908]",,-0.9811054586253402,0.3440695600308656,0.7875071910864471,4,0.7875071910864471,1.14655381631919,1.5750143821728941,2.9433163758760204,2.4806703040514635,"[338, 433, 528, 623]","[""insufficient_post_history""]",8,4
2,0,2,0,3,3,0,0,0,0,5,5,False,38,y,within_tolerance_under_iid,8,"[718, 813, 908]",,-0.853598442416739,0.4302847340117609,0.7098610676822342,5,0.7098610676822342,0.964667766514531,1.587297601918055,3.414393769666956,2.5195136770548077,"[243, 338, 433, 528, 623]","[""insufficient_post_history""]",8,5
3,0,3,0,3,3,0,0,0,0,6,6,False,38,y,within_tolerance_under_iid,8,"[718, 813, 908]",,0.10408095988807978,0.8356393758743456,0.9015077996567905,6,0.9015077996567905,2.459263841913084,2.2082341082983405,0.5204047994403989,4.876297877052168,"[148, 243, 338, 433, 528, 623]","[""insufficient_post_history""]",8,6
1,0,1,0,2,2,0,0,0,0,3,3,False,38,y,noise_baseline_short,9,"[813, 908]",,-0.7458821618509967,1.4917643237019933,0.9114901685933515,3,0.9114901685933515,1.9677920535257236,1.5787472826032065,1.4917643237019933,2.4924429823270087,"[528, 623, 718]","[""insufficient_post_history""]",9,3
2,0,2,0,2,2,0,0,0,0,4,4,False,38,y,noise_baseline_short,9,"[813, 908]",,-0.6340364156442447,0.7458821618509967,0.7026091068424776,4,0.7026091068424776,1.3989109697190887,1.4052182136849551,1.902109246932734,1.9746382280719363,"[433, 528, 623, 718]","[""insufficient_post_history""]",9,4
3,0,3,0,2,2,0,0,0,0,5,5,False,38,y,within_tolerance_under_iid,9,"[813, 908]",,-0.6224878072863916,0.6881391200617312,0.624105287918354,5,0.624105287918354,1.1424006165309426,1.3955418489025178,2.4899512291455665,1.9475370520382578,"[338, 433, 528, 623, 718]","[""insufficient_post_history""]",9,5
4,0,4,0,2,2,0,0,0,0,6,6,False,38,y,within_tolerance_under_iid,9,"[813, 908]",,-0.6338735532342332,0.8356393758743456,0.6041436571326193,6,0.6041436571326193,0.9897300550574262,1.479843691313868,3.169367766171166,2.1899373507214546,"[243, 338, 433, 528, 623, 718]","[""insufficient_post_history""]",9,6
2,0,2,0,1,1,0,0,0,0,3,3,False,38,y,noise_baseline_short,10,[908],,0.5824164120176285,0.4993282396344998,0.49304024202903546,3,0.49304024202903546,0.8832408095108167,0.8539707493703456,1.164832824035257,0.7292660407801494,"[623, 718, 813]","[""insufficient_post_history""]",10,3
3,0,3,0,1,1,0,0,0,0,4,4,False,38,y,noise_baseline_short,10,[908],,-0.4309116626339723,0.8320805318348785,0.6539188228254836,4,0.6539188228254836,1.4496367850561263,1.3078376456509673,1.292734987901917,1.710439307381865,"[528, 623, 718, 813]","[""insufficient_post_history""]",10,4
4,0,4,0,1,1,0,0,0,0,5,5,False,38,y,within_tolerance_under_iid,10,[908],,-0.4613379982351457,1.0614795896902325,0.5630487866212389,5,0.5630487866212389,1.184926331909411,1.2590153615338644,1.8453519929405828,1.5851196805782473,"[433, 528, 623, 718, 813]","[""insufficient_post_history""]",10,5
5,0,5,0,1,1,0,0,0,0,6,6,False,38,y,within_tolerance_under_iid,10,[908],,-0.502431397239279,0.9955462816682465,0.53756259737108,6,0.53756259737108,1.0309647758851308,1.316754068364344,2.512156986196395,1.7338412765540514,"[338, 433, 528, 623, 718, 813]","[""insufficient_post_history""]",10,6
0,0,0,0,3,3,3,0,3,0,0,0,False,39,y,pre_data_incomplete,1,"[52, 147, 242]",,,,,,,,,,,[],"[""insufficient_pre_history""]",1,3
0,0,0,0,4,4,4,0,4,0,0,0,False,39,y,pre_data_incomplete,1,"[52, 147, 242, 337]",,,,,,,,,,,[],"[""insufficient_pre_history""]",1,4
0,0,0,0,5,5,5,0,5,0,0,0,False,39,y,pre_data_incomplete,1,"[52, 147, 242, 337, 432]",,,,,,,,,,,[],"[""insufficient_pre_history""]",1,5
0,0,0,0,6,6,6,0,6,0,0,0,False,39,y,pre_data_incomplete,1,"[52, 147, 242, 337, 432, 527]",,,,,,,,,,,[],"[""insufficient_pre_history""]",1,6
0,0,0,0,3,3,2,0,2,0,1,1,False,39,y,pre_data_incomplete,2,"[147, 242, 337]",,,,,,,,,,,[52],"[""insufficient_pre_history""]",2,3
0,0,0,0,4,4,3,0,3,0,1,1,False,39,y,pre_data_incomplete,2,"[147, 242, 337, 432]",,,,,,,,,,,[52],"[""insufficient_pre_history""]",2,4
0,0,0,0,5,5,4,0,4,0,1,1,False,39,y,pre_data_incomplete,2,"[147, 242, 337, 432, 527]",,,,,,,,,,,[52],"[""insufficient_pre_history""]",2,5
0,0,0,0,6,6,5,0,5,0,1,1,False,39,y,pre_data_incomplete,2,"[147, 242, 337, 432, 527, 622]",,,,,,,,,,,[52],"[""insufficient_pre_history""]",2,6
0,0,0,0,3,3,1,0,1,0,2,2,False,39,y,pre_data_incomplete,3,"[242, 337, 432]",,,,,,,,,,,"[52, 147]","[""insufficient_pre_history""]",3,3
0,0,0,0,4,4,2,0,2,0,2,2,False,39,y,pre_data_incomplete,3,"[242, 337, 432, 527]",,,,,,,,,,,"[52, 147]","[""insufficient_pre_history""]",3,4
0,0,0,0,5,5,3,0,3,0,2,2,False,39,y,pre_data_incomplete,3,"[242, 337, 432, 527, 622]",,,,,,,,,,,"[52, 147]","[""insufficient_pre_history""]",3,5
0,0,0,0,6,6,4,0,4,0,2,2,False,39,y,pre_data_incomplete,3,"[242, 337, 432, 527, 622, 717]",,,,,,,,,,,"[52, 147]","[""insufficient_pre_history""]",3,6
0,0,0,0,3,3,0,0,0,0,3,3,True,39,y,noise_baseline_short,4,"[337, 432, 527]",,-1.6761964890324812,3.3523929780649624,2.219375428673771,3,2.219375428673771,4.892289282198639,3.844071003532928,3.3523929780649624,14.776881880202653,"[52, 147, 242]",[],4,3
0,0,0,0,4,4,1,0,1,0,3,3,False,39,y,pre_data_incomplete,4,"[337, 432, 527, 622]",,,,,,,,,,,"[52, 147, 242]","[""insufficient_pre_history""]",4,4
0,0,0,0,5,5,2,0,2,0,3,3,False,39,y,pre_data_incomplete,4,"[337, 432, 527, 622, 717]",,,,,,,,,,,"[52, 147, 242]","[""insufficient_pre_history""]",4,5
0,0,0,0,6,6,3,0,3,0,3,3,False,39,y,pre_data_incomplete,4,"[337, 432, 527, 622, 717, 812]",,,,,,,,,,,"[52, 147, 242]","[""insufficient_pre_history""]",4,6
0,0,0,0,3,3,0,0,0,0,3,3,True,39,y,review_trend,5,"[432, 527, 622]",,2.7157029971262228,1.1157962755481048,1.656127673002158,3,1.656127673002158,1.3063183679718204,2.868497273460553,5.4314059942524455,8.228276607850628,"[147, 242, 337]",[],5,3
0,0,0,0,4,4,0,0,0,0,4,4,True,39,y,noise_baseline_short,5,"[432, 527, 622, 717]",,-0.2394180388846233,1.6761964890324812,1.6099225427398518,4,1.6099225427398518,3.925277196373946,3.2198450854797036,0.7182541166538698,10.367402374487801,"[52, 147, 242, 337]",[],5,4
0,0,0,0,5,5,1,0,1,0,4,4,False,39,y,pre_data_incomplete,5,"[432, 527, 622, 717, 812]",,,,,,,,,,,"[52, 147, 242, 337]","[""insufficient_pre_history""]",5,5
0,0,0,0,6,6,2,0,2,0,4,4,False,39,y,pre_data_incomplete,5,"[432, 527, 622, 717, 812, 907]",,,,,,,,,,,"[52, 147, 242, 337]","[""insufficient_pre_history""]",5,6
0,0,0,0,3,3,0,0,0,0,3,3,True,39,y,noise_baseline_short,6,"[527, 622, 717]",,-0.6587418006922869,1.1157962755481048,0.7032312456688689,3,0.7032312456688689,1.4489042719763443,1.2180322469684317,1.3174836013845739,1.4836025546549667,"[242, 337, 432]",[],6,3
0,0,0,0,4,4,0,0,0,0,4,4,True,39,y,noise_baseline_short,6,"[527, 622, 717, 812]",,1.0110174627507404,1.2166399384663393,1.1727374836063895,4,1.1727374836063895,2.386731752368774,2.345474967212779,3.033052388252221,5.501252821821787,"[147, 242, 337, 432]",[],6,4
0,0,0,0,5,5,0,0,0,0,5,5,True,39,y,high_noise_under_iid,6,"[527, 622, 717, 812, 907]",,-0.3908347164646628,1.3174836013845739,1.2761737733392837,5,1.2761737733392837,3.2168759295958957,2.8536113082890475,1.5633388658586511,8.143097498795129,"[52, 147, 242, 337, 432]",[],6,5
1,0,1,0,5,5,1,0,1,0,5,5,False,39,y,pre_data_incomplete,6,"[527, 622, 717, 812, 907]",,,,,,,,,,,"[52, 147, 242, 337, 432]","[""insufficient_pre_history"", ""insufficient_post_history""]",6,6
0,0,0,0,3,3,0,0,0,0,3,3,True,39,y,noise_baseline_short,7,"[622, 717, 812]",,1.0592910454122744,2.1185820908245487,1.3150557319952203,3,1.3150557319952203,2.8516722167422484,2.2777433426004023,2.1185820908245487,5.188114734760454,"[337, 432, 527]",[],7,3
0,0,0,0,4,4,0,0,0,0,4,4,True,39,y,noise_baseline_short,7,"[622, 717, 812, 907]",,0.7269855222185281,1.2166399384663393,0.9636157623099664,4,0.9636157623099664,2.0615678864507325,1.9272315246199327,2.1809565666555843,3.7142213494888705,"[242, 337, 432, 527]",[],7,4
1,0,1,0,4,4,0,0,0,0,5,5,False,39,y,high_noise_under_iid,7,"[622, 717, 812, 907]",,1.3782492568769413,1.3174836013845739,1.2597078820607681,5,1.2597078820607681,2.060871079721883,2.8167924560801656,5.512997027507765,7.934319740630133,"[147, 242, 337, 432, 527]","[""insufficient_post_history""]",7,5
2,0,2,0,4,4,0,0,0,0,6,6,False,39,y,high_noise_under_iid,7,"[622, 717, 812, 907]",,0.27200290197273874,2.275930983878614,1.1915145319559957,6,1.1915145319559957,3.213116040891676,2.9186026244033103,1.3600145098636938,8.518241279173889,"[52, 147, 242, 337, 432, 527]","[""insufficient_post_history""]",7,6
0,0,0,0,3,3,0,0,0,0,3,3,True,39,y,noise_baseline_short,8,"[717, 812, 907]",,1.3645222206937115,1.822817526369804,1.3226613464069585,3,1.3226613464069585,2.602452005732404,2.290916653184311,2.729044441387423,5.248299111837203,"[432, 527, 622]",[],8,3
1,0,1,0,3,3,0,0,0,0,4,4,False,39,y,noise_baseline_short,8,"[717, 812, 907]",,0.543915566112146,1.0592910454122744,0.9352641380876754,4,0.9352641380876754,2.123370832028535,1.8705282761753508,1.631746698336438,3.4988760319715295,"[337, 432, 527, 622]","[""insufficient_post_history""]",8,4
2,0,2,0,3,3,0,0,0,0,5,5,False,39,y,within_tolerance_under_iid,8,"[717, 812, 907]",,0.4941703770830247,1.1157962755481048,0.7577663503613209,5,0.7577663503613209,1.7361022645507318,1.694417070469836,1.9766815083320988,2.8710492086995814,"[242, 337, 432, 527, 622]","[""insufficient_post_history""]",8,5
3,0,3,0,3,3,0,0,0,0,6,6,False,39,y,high_noise_under_iid,8,"[717, 812, 907]",,1.0258773718777494,1.3645222206937115,1.0654607907725242,6,1.0654607907725242,1.9772945034136549,2.609835278334952,5.129386859388747,6.811240180041675,"[147, 242, 337, 432, 527, 622]","[""insufficient_post_history""]",8,6
1,0,1,0,2,2,0,0,0,0,3,3,False,39,y,review_trend,9,"[812, 907]",,-1.8632362140454282,1.822817526369804,1.0758242957691373,3,1.0758242957691373,0.03300172029273258,1.863382340289153,3.7264724280908563,3.4721937461014805,"[527, 622, 717]","[""insufficient_post_history""]",9,3
2,0,2,0,2,2,0,0,0,0,4,4,False,39,y,noise_baseline_short,9,"[812, 907]",,0.06533510926293078,1.3645222206937115,1.0173654835876116,4,1.0173654835876116,2.4898842286172123,2.034730967175223,0.19600532778879232,4.140130108781819,"[432, 527, 622, 717]","[""insufficient_post_history""]",9,4
3,0,3,0,2,2,0,0,0,0,5,5,False,39,y,within_tolerance_under_iid,9,"[812, 907]",,-0.048673623314519285,1.6078903372663078,0.7922347528017899,5,0.7922347528017899,2.043610110798423,1.7714907614025444,0.19469449325807714,3.1381795177345664,"[337, 432, 527, 622, 717]","[""insufficient_post_history""]",9,5
4,0,4,0,2,2,0,0,0,0,6,6,False,39,y,within_tolerance_under_iid,9,"[812, 907]",,0.08510529578658413,0.9518274508605261,0.6601355867067635,6,0.6601355867067635,1.799070512522324,1.6169953484843724,0.4255264789329206,2.614673957020097,"[242, 337, 432, 527, 622, 717]","[""insufficient_post_history""]",9,6
2,0,2,0,1,1,0,0,0,0,3,3,False,39,y,review_trend,10,[907],,-1.3469193259040377,0.7901837500870235,0.7994810478513662,3,0.7994810478513662,0.454572694135421,1.3847417945669709,2.6938386518080755,1.9175098376205553,"[622, 717, 812]","[""insufficient_post_history""]",10,3
3,0,3,0,1,1,0,0,0,0,4,4,False,39,y,review_trend,10,[907],,-1.545362343625469,1.3469193259040377,1.0115427836288615,4,1.0115427836288615,0.4110363559720089,2.023085567257723,4.636087030876407,4.092875212446503,"[527, 622, 717, 812]","[""insufficient_post_history""]",10,4
4,0,4,0,1,1,0,0,0,0,5,5,False,39,y,within_tolerance_under_iid,10,[907],,-0.3656060848932162,0.8253895396663709,0.8829730506971936,5,0.8829730506971936,2.179919728800484,1.974387763659293,1.4624243395728649,3.8982070412875447,"[432, 527, 622, 717, 812]","[""insufficient_post_history""]",10,5
5,0,5,0,1,1,0,0,0,0,6,6,False,39,y,within_tolerance_under_iid,10,[907],,-0.32391483840392415,1.3469193259040377,0.733321701436143,6,0.733321701436143,1.890549334155074,1.7962639858281402,1.6195741920196207,3.226564306783197,"[337, 432, 527, 622, 717, 812]","[""insufficient_post_history""]",10,6
0,0,0,0,3,3,3,0,3,0,0,0,False,4,y,pre_data_incomplete,1,"[87, 182, 277]",,,,,,,,,,,[],"[""insufficient_pre_history""]",1,3
0,0,0,0,4,4,4,0,4,0,0,0,False,4,y,pre_data_incomplete,1,"[87, 182, 277, 372]",,,,,,,,,,,[],"[""insufficient_pre_history""]",1,4
0,0,0,0,5,5,5,0,5,0,0,0,False,4,y,pre_data_incomplete,1,"[87, 182, 277, 372, 467]",,,,,,,,,,,[],"[""insufficient_pre_history""]",1,5
0,0,0,0,6,6,6,0,6,0,0,0,False,4,y,pre_data_incomplete,1,"[87, 182, 277, 372, 467, 562]",,,,,,,,,,,[],"[""insufficient_pre_history""]",1,6
0,0,0,0,3,3,2,0,2,0,1,1,False,4,y,pre_data_incomplete,2,"[182, 277, 372]",,,,,,,,,,,[87],"[""insufficient_pre_history""]",2,3
0,0,0,0,4,4,3,0,3,0,1,1,False,4,y,pre_data_incomplete,2,"[182, 277, 372, 467]",,,,,,,,,,,[87],"[""insufficient_pre_history""]",2,4
0,0,0,0,5,5,4,0,4,0,1,1,False,4,y,pre_data_incomplete,2,"[182, 277, 372, 467, 562]",,,,,,,,,,,[87],"[""insufficient_pre_history""]",2,5
0,0,0,0,6,6,5,0,5,0,1,1,False,4,y,pre_data_incomplete,2,"[182, 277, 372, 467, 562, 657]",,,,,,,,,,,[87],"[""insufficient_pre_history""]",2,6
0,0,0,0,3,3,1,0,1,0,2,2,False,4,y,pre_data_incomplete,3,"[277, 372, 467]",,,,,,,,,,,"[87, 182]","[""insufficient_pre_history""]",3,3
0,0,0,0,4,4,2,0,2,0,2,2,False,4,y,pre_data_incomplete,3,"[277, 372, 467, 562]",,,,,,,,,,,"[87, 182]","[""insufficient_pre_history""]",3,4
0,0,0,0,5,5,3,0,3,0,2,2,False,4,y,pre_data_incomplete,3,"[277, 372, 467, 562, 657]",,,,,,,,,,,"[87, 182]","[""insufficient_pre_history""]",3,5
0,0,0,0,6,6,4,0,4,0,2,2,False,4,y,pre_data_incomplete,3,"[277, 372, 467, 562, 657, 752]",,,,,,,,,,,"[87, 182]","[""insufficient_pre_history""]",3,6
0,0,0,0,3,3,0,0,0,0,3,3,True,4,y,noise_baseline_short,4,"[372, 467, 562]",,-1.218909616737942,0.5544095608218529,0.919050407687199,3,0.919050407687199,1.4479090453711398,1.591842000831119,2.437819233475884,2.5339609556100195,"[87, 182, 277]",[],4,3
0,0,0,0,4,4,1,0,1,0,3,3,False,4,y,pre_data_incomplete,4,"[372, 467, 562, 657]",,,,,,,,,,,"[87, 182, 277]","[""insufficient_pre_history""]",4,4
0,0,0,0,5,5,2,0,2,0,3,3,False,4,y,pre_data_incomplete,4,"[372, 467, 562, 657, 752]",,,,,,,,,,,"[87, 182, 277]","[""insufficient_pre_history""]",4,5
0,0,0,0,6,6,3,0,3,0,3,3,False,4,y,pre_data_incomplete,4,"[372, 467, 562, 657, 752, 847]",,,,,,,,,,,"[87, 182, 277]","[""insufficient_pre_history""]",4,6
0,0,0,0,3,3,0,0,0,0,3,3,True,4,y,noise_baseline_short,5,"[467, 562, 657]",,0.3663222133855042,0.1782348659491555,0.22059332676634885,3,0.22059332676634885,0.15357267609754405,0.38207884976995976,0.7326444267710084,0.14598424744153546,"[182, 277, 372]",[],5,3
0,0,0,0,4,4,0,0,0,0,4,4,True,4,y,noise_baseline_short,5,"[467, 562, 657, 752]",,-0.6224343541758334,0.36632221338550425,0.6595140693967703,4,0.6595140693967703,1.2810899785916718,1.3190281387935405,1.8673030625275002,1.7398352309291516,"[87, 182, 277, 372]",[],5,4
0,0,0,0,5,5,1,0,1,0,4,4,False,4,y,pre_data_incomplete,5,"[467, 562, 657, 752, 847]",,,,,,,,,,,"[87, 182, 277, 372]","[""insufficient_pre_history""]",5,5
0,0,0,0,6,6,2,0,2,0,4,4,False,4,y,pre_data_incomplete,5,"[467, 562, 657, 752, 847, 942]",,,,,,,,,,,"[87, 182, 277, 372]","[""insufficient_pre_history""]",5,6
0,0,0,0,3,3,0,0,0,0,3,3,True,4,y,noise_baseline_short,6,"[562, 657, 752]",,1.1488989953082167,0.1782348659491555,0.7380225498124531,3,0.7380225498124531,0.7925439428508614,1.2782925534067013,2.2977979906164334,1.634031852095024,"[277, 372, 467]",[],6,3
0,0,0,0,4,4,0,0,0,0,4,4,True,4,y,noise_baseline_short,6,"[562, 657, 752, 847]",,0.8734857520264014,0.36632221338550425,0.6255566995062116,4,0.6255566995062116,0.6636894667687657,1.2511133990124232,2.620457256079204,1.5652847371884189,"[182, 277, 372, 467]",[],6,4
0,0,0,0,5,5,0,0,0,0,5,5,True,4,y,within_tolerance_under_iid,6,"[562, 657, 752, 847, 942]",,0.04526019410521061,0.7326444267710084,0.6229377182448783,5,0.6229377182448783,1.6062941993439739,1.3929310837441589,0.18104077642084243,1.940257004060677,"[87, 182, 277, 372, 467]",[],6,5
1,0,1,0,5,5,1,0,1,0,5,5,False,4,y,pre_data_incomplete,6,"[562, 657, 752, 847, 942]",,,,,,,,,,,"[87, 182, 277, 372, 467]","[""insufficient_pre_history"", ""insufficient_post_history""]",6,6
0,0,0,0,3,3,0,0,0,0,3,3,True,4,y,noise_baseline_short,7,"[657, 752, 847]",,-0.41264189165854726,0.8252837833170945,0.8770456872022311,3,0.8770456872022311,2.067536738038073,1.5190876907934252,0.8252837833170945,2.3076274123201013,"[372, 467, 562]",[],7,3
0,0,0,0,4,4,0,0,0,0,4,4,True,4,y,noise_baseline_short,7,"[657, 752, 847, 942]",,0.017841637256346094,0.4126418916585472,0.6386196058770768,4,0.6386196058770768,1.5640377859929055,1.2772392117541536,0.053524911769038286,1.6313400040423718,"[277, 372, 467, 562]",[],7,4
1,0,1,0,4,4,0,0,0,0,5,5,False,4,y,within_tolerance_under_iid,7,"[657, 752, 847, 942]",,0.21125192775242613,0.5544095608218529,0.5344519420170594,5,0.5344519420170594,1.3249533069414132,1.1950708730569208,0.8450077110097045,1.4281943916290307,"[182, 277, 372, 467, 562]","[""insufficient_post_history""]",7,5
2,0,2,0,4,4,0,0,0,0,6,6,False,4,y,within_tolerance_under_iid,7,"[657, 752, 847, 942]",,-0.19112809239871717,0.6898466720694737,0.5681452405054721,6,0.5681452405054721,1.5036951440078454,1.3916659390292356,0.9556404619935859,1.936734085854124,"[87, 182, 277, 372, 467, 562]","[""insufficient_post_history""]",7,6
0,0,0,0,3,3,0,0,0,0,3,3,True,4,y,noise_baseline_short,8,"[752, 847, 942]",,-1.327897751204571,0.2890514055752297,0.9371624956083231,3,0.9371624956083231,1.320233458044677,1.6232130573416603,2.655795502409142,2.6348206295244605,"[467, 562, 657]",[],8,3
1,0,1,0,3,3,0,0,0,0,4,4,False,4,y,noise_baseline_short,8,"[752, 847, 942]",,-0.45535440412099665,0.41264189165854726,0.6656780706940378,4,0.6656780706940378,1.4630087762678148,1.3313561413880757,1.3660632123629899,1.7725091752117454,"[372, 467, 562, 657]","[""insufficient_post_history""]",8,4
2,0,2,0,3,3,0,0,0,0,5,5,False,4,y,within_tolerance_under_iid,8,"[752, 847, 942]",,-0.1541278806902513,0.3579975117927093,0.520851110160846,5,0.520851110160846,1.3150619178141425,1.164658488475883,0.6165115227610052,1.3564293947789285,"[277, 372, 467, 562, 657]","[""insufficient_post_history""]",8,5
3,0,3,0,3,3,0,0,0,0,6,6,False,4,y,within_tolerance_under_iid,8,"[752, 847, 942]",,0.03315647479169084,0.3663222133855042,0.4481751478846348,6,0.4481751478846348,1.2254173002065167,1.0978004277137468,0.16578237395845422,1.205165779088485,"[182, 277, 372, 467, 562, 657]","[""insufficient_post_history""]",8,6
1,0,1,0,2,2,0,0,0,0,3,3,False,4,y,noise_baseline_short,9,"[847, 942]",,1.348680374225401,0.2890514055752297,0.855026302822507,3,0.855026302822507,0.8651834299548374,1.4809489982963546,2.697360748450802,2.193209935554976,"[562, 657, 752]","[""insufficient_post_history""]",9,3
2,0,2,0,2,2,0,0,0,0,4,4,False,4,y,noise_baseline_short,9,"[847, 942]",,-0.04534070730254809,1.3278977512045713,0.7765559927570725,4,0.7765559927570725,1.9008145122485771,1.553111985514145,0.1360221219076443,2.41215683954769,"[467, 562, 657, 752]","[""insufficient_post_history""]",9,4
3,0,3,0,2,2,0,0,0,0,5,5,False,4,y,within_tolerance_under_iid,9,"[847, 942]",,0.10883584278582725,0.8252837833170945,0.6157251055735075,5,0.6157251055735075,1.5773285121708291,1.3768031915155974,0.435343371143309,1.8955870281675347,"[372, 467, 562, 657, 752]","[""insufficient_post_history""]",9,5
4,0,4,0,2,2,0,0,0,0,6,6,False,4,y,within_tolerance_under_iid,9,"[847, 942]",,0.16280043183440995,0.5916406475549019,0.5162578864668892,6,0.5162578864668892,1.3722104885532367,1.2645683975315674,0.8140021591720498,1.599133232035556,"[277, 372, 467, 562, 657, 752]","[""insufficient_post_history""]",9,6
2,0,2,0,1,1,0,0,0,0,3,3,False,4,y,noise_baseline_short,10,[942],,0.7391755315499718,0.9299582797756285,0.7012012771298565,3,0.7012012771298565,1.3628420500582168,1.214516238321096,1.4783510630999437,1.475049693145625,"[657, 752, 847]","[""insufficient_post_history""]",10,3
3,0,3,0,1,1,0,0,0,0,4,4,False,4,y,noise_baseline_short,10,[942],,0.7710516748901093,0.8837012343375867,0.6346474639432531,4,0.6346474639432531,0.9645531128768959,1.2692949278865062,2.313155024670328,1.6111096139584111,"[562, 657, 752, 847]","[""insufficient_post_history""]",10,4
4,0,4,0,1,1,0,0,0,0,5,5,False,4,y,within_tolerance_under_iid,10,[942],,0.03424718698324045,1.1774444393091987,0.604204545136856,5,0.604204545136856,1.5587958973855485,1.35104243524035,0.1369887479329618,1.8253156618201754,"[467, 562, 657, 752, 847]","[""insufficient_post_history""]",10,5
5,0,5,0,1,1,0,0,0,0,6,6,False,4,y,within_tolerance_under_iid,10,[942],,0.12163389582185466,1.151817423208519,0.5074979985865449,6,0.5074979985865449,1.3663562379881418,1.2431111420207335,0.6081694791092733,1.545325311416092,"[372, 467, 562, 657, 752, 847]","[""insufficient_post_history""]",10,6
0,0,0,0,3,3,3,0,3,0,0,0,False,40,y,pre_data_incomplete,1,"[51, 146, 241]",,,,,,,,,,,[],"[""insufficient_pre_history""]",1,3
0,0,0,0,4,4,4,0,4,0,0,0,False,40,y,pre_data_incomplete,1,"[51, 146, 241, 336]",,,,,,,,,,,[],"[""insufficient_pre_history""]",1,4
0,0,0,0,5,5,5,0,5,0,0,0,False,40,y,pre_data_incomplete,1,"[51, 146, 241, 336, 431]",,,,,,,,,,,[],"[""insufficient_pre_history""]",1,5
0,0,0,0,6,6,6,0,6,0,0,0,False,40,y,pre_data_incomplete,1,"[51, 146, 241, 336, 431, 526]",,,,,,,,,,,[],"[""insufficient_pre_history""]",1,6
0,0,0,0,3,3,2,0,2,0,1,1,False,40,y,pre_data_incomplete,2,"[146, 241, 336]",,,,,,,,,,,[51],"[""insufficient_pre_history""]",2,3
0,0,0,0,4,4,3,0,3,0,1,1,False,40,y,pre_data_incomplete,2,"[146, 241, 336, 431]",,,,,,,,,,,[51],"[""insufficient_pre_history""]",2,4
0,0,0,0,5,5,4,0,4,0,1,1,False,40,y,pre_data_incomplete,2,"[146, 241, 336, 431, 526]",,,,,,,,,,,[51],"[""insufficient_pre_history""]",2,5
0,0,0,0,6,6,5,0,5,0,1,1,False,40,y,pre_data_incomplete,2,"[146, 241, 336, 431, 526, 621]",,,,,,,,,,,[51],"[""insufficient_pre_history""]",2,6
0,0,0,0,3,3,1,0,1,0,2,2,False,40,y,pre_data_incomplete,3,"[241, 336, 431]",,,,,,,,,,,"[51, 146]","[""insufficient_pre_history""]",3,3
0,0,0,0,4,4,2,0,2,0,2,2,False,40,y,pre_data_incomplete,3,"[241, 336, 431, 526]",,,,,,,,,,,"[51, 146]","[""insufficient_pre_history""]",3,4
0,0,0,0,5,5,3,0,3,0,2,2,False,40,y,pre_data_incomplete,3,"[241, 336, 431, 526, 621]",,,,,,,,,,,"[51, 146]","[""insufficient_pre_history""]",3,5
0,0,0,0,6,6,4,0,4,0,2,2,False,40,y,pre_data_incomplete,3,"[241, 336, 431, 526, 621, 716]",,,,,,,,,,,"[51, 146]","[""insufficient_pre_history""]",3,6
0,0,0,0,3,3,0,0,0,0,3,3,True,40,y,noise_baseline_short,4,"[336, 431, 526]",,1.0220829975759522,2.0441659951519044,1.2771228474901228,3,1.2771228474901228,2.7743376322322395,2.2120416593599312,2.0441659951519044,4.893128302743839,"[51, 146, 241]",[],4,3
0,0,0,0,4,4,1,0,1,0,3,3,False,40,y,pre_data_incomplete,4,"[336, 431, 526, 621]",,,,,,,,,,,"[51, 146, 241]","[""insufficient_pre_history""]",4,4
0,0,0,0,5,5,2,0,2,0,3,3,False,40,y,pre_data_incomplete,4,"[336, 431, 526, 621, 716]",,,,,,,,,,,"[51, 146, 241]","[""insufficient_pre_history""]",4,5
0,0,0,0,6,6,3,0,3,0,3,3,False,40,y,pre_data_incomplete,4,"[336, 431, 526, 621, 716, 811]",,,,,,,,,,,"[51, 146, 241]","[""insufficient_pre_history""]",4,6
0,0,0,0,3,3,0,0,0,0,3,3,True,40,y,noise_baseline_short,5,"[431, 526, 621]",,2.118653303337873,0.18263217748532556,1.4438371069819134,3,1.4438371069819134,1.8789917268307599,2.5007992271459343,4.237306606675746,6.253996774493703,"[146, 241, 336]",[],5,3
0,0,0,0,4,4,0,0,0,0,4,4,True,40,y,noise_baseline_short,5,"[431, 526, 621, 716]",,1.0004540237160808,1.0220829975759522,1.0288768123744851,4,1.0288768123744851,1.9619516651352666,2.0577536247489703,3.0013620711482423,4.234349980167525,"[51, 146, 241, 336]",[],5,4
0,0,0,0,5,5,1,0,1,0,4,4,False,40,y,pre_data_incomplete,5,"[431, 526, 621, 716, 811]",,,,,,,,,,,"[51, 146, 241, 336]","[""insufficient_pre_history""]",5,5
0,0,0,0,6,6,2,0,2,0,4,4,False,40,y,pre_data_incomplete,5,"[431, 526, 621, 716, 811, 906]",,,,,,,,,,,"[51, 146, 241, 336]","[""insufficient_pre_history""]",5,6
0,0,0,0,3,3,0,0,0,0,3,3,True,40,y,noise_baseline_short,6,"[526, 621, 716]",,-0.8674386386354845,0.18263217748532556,0.5503846397067693,3,0.5503846397067693,0.5591421341263204,0.9532941596776153,1.734877277270969,0.9087697548754508,"[241, 336, 431]",[],6,3
0,0,0,0,4,4,0,0,0,0,4,4,True,40,y,noise_baseline_short,6,"[526, 621, 716, 811]",,0.7872552343184983,0.8674386386354846,1.0221790445716206,4,1.0221790445716206,2.1724808365238624,2.044358089143241,2.361765702955495,4.179399996645404,"[146, 241, 336, 431]",[],6,4
0,0,0,0,5,5,0,0,0,0,5,5,True,40,y,within_tolerance_under_iid,6,"[526, 621, 716, 811, 906]",,0.48558840424376176,1.5522450997856434,0.7970989812175233,5,0.7970989812175233,1.857361455918964,1.7823675067982103,1.942353616975047,3.176833929290068,"[51, 146, 241, 336, 431]",[],6,5
1,0,1,0,5,5,1,0,1,0,5,5,False,40,y,pre_data_incomplete,6,"[526, 621, 716, 811, 906]",,,,,,,,,,,"[51, 146, 241, 336, 431]","[""insufficient_pre_history"", ""insufficient_post_history""]",6,6
0,0,0,0,3,3,0,0,0,0,3,3,True,40,y,noise_baseline_short,7,"[621, 716, 811]",,0.11295220130921635,0.22590440261843275,0.558883475324329,3,0.558883475324329,1.3596279029140301,0.9680145747724047,0.2259044026184327,0.9370522169717995,"[336, 431, 526]",[],7,3
0,0,0,0,4,4,0,0,0,0,4,4,True,40,y,noise_baseline_short,7,"[621, 716, 811, 906]",,-0.14224284243863222,0.11295220130921638,0.4249347858481476,4,0.4249347858481476,1.0162848359492098,0.8498695716962952,0.42672852731589667,0.7222782888952441,"[241, 336, 431, 526]",[],7,4
1,0,1,0,4,4,0,0,0,0,5,5,False,40,y,within_tolerance_under_iid,7,"[621, 716, 811, 906]",,0.719154474131739,0.22590440261843275,0.8560827846109267,5,0.8560827846109267,1.778175385566807,1.914259300757343,2.876617896526956,3.664388670535992,"[146, 241, 336, 431, 526]","[""insufficient_post_history""]",7,5
2,0,2,0,4,4,0,0,0,0,6,6,False,40,y,within_tolerance_under_iid,7,"[621, 716, 811, 906]",,0.5231355269888583,0.980390839944701,0.7111377830252144,6,0.7111377830252144,1.6110764840951117,1.7419247052258315,2.6156776349442916,3.0343016786761003,"[51, 146, 241, 336, 431, 526]","[""insufficient_post_history""]",7,6
0,0,0,0,3,3,0,0,0,0,3,3,True,40,y,noise_baseline_short,8,"[716, 811, 906]",,-0.5011375299915278,1.0022750599830557,0.8129893977677412,3,0.8129893977677412,1.8610300689039139,1.4081389429485511,1.0022750599830557,1.9828552826482626,"[431, 526, 621]",[],8,3
1,0,1,0,3,3,0,0,0,0,4,4,False,40,y,noise_baseline_short,8,"[716, 811, 906]",,-0.5885410976902021,0.8890747512020383,0.6595958767729995,4,0.6595958767729995,1.3207758192667223,1.319191753545999,1.7656232930706064,1.7402668826237675,"[336, 431, 526, 621]","[""insufficient_post_history""]",8,4
2,0,2,0,3,3,0,0,0,0,5,5,False,40,y,within_tolerance_under_iid,8,"[716, 811, 906]",,-0.5248400271889617,0.22590440261843275,0.5605375248253457,5,0.5605375248253457,1.084662127630751,1.253400009448949,2.099360108755847,1.5710115836866256,"[241, 336, 431, 526, 621]","[""insufficient_post_history""]",8,5
3,0,3,0,3,3,0,0,0,0,6,6,False,40,y,within_tolerance_under_iid,8,"[716, 811, 906]",,0.1997572517185404,0.980390839944701,0.7411418961590565,6,0.7411418961590565,1.986229940994982,1.8154194725884838,0.998786258592702,3.295747861453449,"[146, 241, 336, 431, 526, 621]","[""insufficient_post_history""]",8,6
1,0,1,0,2,2,0,0,0,0,3,3,False,40,y,noise_baseline_short,9,"[811, 906]",,0.8332643555334434,1.6665287110668867,1.2970794567501627,3,1.2970794567501627,2.950564646018564,2.24660752054512,1.6665287110668867,5.047245351369891,"[526, 621, 716]","[""insufficient_post_history""]",9,3
2,0,2,0,2,2,0,0,0,0,4,4,False,40,y,noise_baseline_short,9,"[811, 906]",,0.7553610078025759,1.390212281193566,0.982298018374778,4,0.982298018374778,2.0887869089849223,1.964596036749556,2.2660830234077274,3.8596375876120628,"[431, 526, 621, 716]","[""insufficient_post_history""]",9,4
3,0,3,0,2,2,0,0,0,0,5,5,False,40,y,within_tolerance_under_iid,9,"[811, 906]",,0.27825911673875836,1.5522450997856434,0.7673527548442964,5,0.7673527548442964,1.9150564523324356,1.715852922553578,1.1130364669550334,2.944151251835655,"[336, 431, 526, 621, 716]","[""insufficient_post_history""]",9,5
4,0,4,0,2,2,0,0,0,0,6,6,False,40,y,within_tolerance_under_iid,9,"[811, 906]",,0.0761026772599414,0.8890747512020382,0.6339622901525802,6,0.6339622901525802,1.7288646747257173,1.5528841270400782,0.380513386299707,2.411449112013026,"[241, 336, 431, 526, 621, 716]","[""insufficient_post_history""]",9,6
2,0,2,0,1,1,0,0,0,0,3,3,False,40,y,noise_baseline_short,10,[906],,-0.22239492658536153,0.44478985317072306,1.5617366090108982,3,1.5617366090108982,3.8125068404931857,2.705007154847206,0.44478985317072306,7.317063707774575,"[621, 716, 811]","[""insufficient_post_history""]",10,3
3,0,3,0,1,1,0,0,0,0,4,4,False,40,y,noise_baseline_short,10,[906],,-0.5228689973219545,1.6126072077789275,1.1620067857384482,4,1.1620067857384482,2.723614996601398,2.3240135714768964,1.5686069919658634,5.401039080408799,"[526, 621, 716, 811]","[""insufficient_post_history""]",10,4
4,0,4,0,1,1,0,0,0,0,5,5,False,40,y,within_tolerance_under_iid,10,[906],,-0.122760111524067,1.4470649131537787,0.9107065650960892,5,0.9107065650960892,2.3407284125793217,2.0364017871101927,0.491040446096268,4.146932238545587,"[431, 526, 621, 716, 811]","[""insufficient_post_history""]",10,5
5,0,5,0,1,1,0,0,0,0,6,6,False,40,y,within_tolerance_under_iid,10,[906],,-0.21265542819061004,1.390212281193566,0.7619488146632029,6,0.7619488146632029,2.038724422897102,1.866385806043316,1.0632771409530501,3.483395976999959,"[336, 431, 526, 621, 716, 811]","[""insufficient_post_history""]",10,6
0,0,0,0,3,3,3,0,3,0,0,0,False,41,y,pre_data_incomplete,1,"[50, 145, 240]",,,,,,,,,,,[],"[""insufficient_pre_history""]",1,3
0,0,0,0,4,4,4,0,4,0,0,0,False,41,y,pre_data_incomplete,1,"[50, 145, 240, 335]",,,,,,,,,,,[],"[""insufficient_pre_history""]",1,4
0,0,0,0,5,5,5,0,5,0,0,0,False,41,y,pre_data_incomplete,1,"[50, 145, 240, 335, 430]",,,,,,,,,,,[],"[""insufficient_pre_history""]",1,5
0,0,0,0,6,6,6,0,6,0,0,0,False,41,y,pre_data_incomplete,1,"[50, 145, 240, 335, 430, 525]",,,,,,,,,,,[],"[""insufficient_pre_history""]",1,6
0,0,0,0,3,3,2,0,2,0,1,1,False,41,y,pre_data_incomplete,2,"[145, 240, 335]",,,,,,,,,,,[50],"[""insufficient_pre_history""]",2,3
0,0,0,0,4,4,3,0,3,0,1,1,False,41,y,pre_data_incomplete,2,"[145, 240, 335, 430]",,,,,,,,,,,[50],"[""insufficient_pre_history""]",2,4
0,0,0,0,5,5,4,0,4,0,1,1,False,41,y,pre_data_incomplete,2,"[145, 240, 335, 430, 525]",,,,,,,,,,,[50],"[""insufficient_pre_history""]",2,5
0,0,0,0,6,6,5,0,5,0,1,1,False,41,y,pre_data_incomplete,2,"[145, 240, 335, 430, 525, 620]",,,,,,,,,,,[50],"[""insufficient_pre_history""]",2,6
0,0,0,0,3,3,1,0,1,0,2,2,False,41,y,pre_data_incomplete,3,"[240, 335, 430]",,,,,,,,,,,"[50, 145]","[""insufficient_pre_history""]",3,3
0,0,0,0,4,4,2,0,2,0,2,2,False,41,y,pre_data_incomplete,3,"[240, 335, 430, 525]",,,,,,,,,,,"[50, 145]","[""insufficient_pre_history""]",3,4
0,0,0,0,5,5,3,0,3,0,2,2,False,41,y,pre_data_incomplete,3,"[240, 335, 430, 525, 620]",,,,,,,,,,,"[50, 145]","[""insufficient_pre_history""]",3,5
0,0,0,0,6,6,4,0,4,0,2,2,False,41,y,pre_data_incomplete,3,"[240, 335, 430, 525, 620, 715]",,,,,,,,,,,"[50, 145]","[""insufficient_pre_history""]",3,6
0,0,0,0,3,3,0,0,0,0,3,3,True,41,y,review_trend,4,"[335, 430, 525]",,1.4805538895684094,0.549611315743666,0.9093815685830965,3,0.9093815685830965,0.7601114285679601,1.5750950802526045,2.9611077791368188,2.4809245118359584,"[50, 145, 240]",[],4,3
0,0,0,0,4,4,1,0,1,0,3,3,False,41,y,pre_data_incomplete,4,"[335, 430, 525, 620]",,,,,,,,,,,"[50, 145, 240]","[""insufficient_pre_history""]",4,4
0,0,0,0,5,5,2,0,2,0,3,3,False,41,y,pre_data_incomplete,4,"[335, 430, 525, 620, 715]",,,,,,,,,,,"[50, 145, 240]","[""insufficient_pre_history""]",4,5
0,0,0,0,6,6,3,0,3,0,3,3,False,41,y,pre_data_incomplete,4,"[335, 430, 525, 620, 715, 810]",,,,,,,,,,,"[50, 145, 240]","[""insufficient_pre_history""]",4,6
0,0,0,0,3,3,0,0,0,0,3,3,True,41,y,noise_baseline_short,5,"[430, 525, 620]",,0.6379810519807784,1.1355343594315959,0.6965323939644561,3,0.6965323939644561,1.448069269640833,1.2064294954640196,1.2759621039615567,1.4554721275255686,"[145, 240, 335]",[],5,3
0,0,0,0,4,4,0,0,0,0,4,4,True,41,y,noise_baseline_short,5,"[430, 525, 620, 715]",,0.7888216722508821,0.9127867098526115,0.6635727628079195,4,0.6635727628079195,1.0422925657949966,1.327145525615839,2.366465016752646,1.7613152461621417,"[50, 145, 240, 335]",[],5,4
0,0,0,0,5,5,1,0,1,0,4,4,False,41,y,pre_data_incomplete,5,"[430, 525, 620, 715, 810]",,,,,,,,,,,"[50, 145, 240, 335]","[""insufficient_pre_history""]",5,5
0,0,0,0,6,6,2,0,2,0,4,4,False,41,y,pre_data_incomplete,5,"[430, 525, 620, 715, 810, 905]",,,,,,,,,,,"[50, 145, 240, 335]","[""insufficient_pre_history""]",5,6
0,0,0,0,3,3,0,0,0,0,3,3,True,41,y,review_trend,6,"[525, 620, 715]",,-1.1316980959279608,1.127861832424326,0.6533874516615175,3,0.6533874516615175,0.0031322960342558995,1.131700263305702,2.2633961918559216,1.2807454859661953,"[240, 335, 430]",[],6,3
0,0,0,0,4,4,0,0,0,0,4,4,True,41,y,noise_baseline_short,6,"[525, 620, 715, 810]",,-0.0691233544819903,0.6379810519807785,0.5618014382681961,4,0.5618014382681961,1.3717798806310637,1.1236028765363921,0.20737006344597092,1.262483424160855,"[145, 240, 335, 430]",[],6,4
0,0,0,0,5,5,0,0,0,0,5,5,True,41,y,within_tolerance_under_iid,6,"[525, 620, 715, 810, 905]",,0.2671385278523351,0.697711587280897,0.5295238685625849,5,0.5295238685625849,1.2772732175639618,1.184051365814604,1.0685541114093404,1.4019776368874288,"[50, 145, 240, 335, 430]",[],6,5
1,0,1,0,5,5,1,0,1,0,5,5,False,41,y,pre_data_incomplete,6,"[525, 620, 715, 810, 905]",,,,,,,,,,,"[50, 145, 240, 335, 430]","[""insufficient_pre_history"", ""insufficient_post_history""]",6,6
0,0,0,0,3,3,0,0,0,0,3,3,True,41,y,noise_baseline_short,7,"[620, 715, 810]",,0.016630492874013775,0.03326098574802759,0.38161825057488163,3,0.38161825057488163,0.9344740705041171,0.6609821990912459,0.03326098574802755,0.4368974675154994,"[335, 430, 525]",[],7,3
0,0,0,0,4,4,0,0,0,0,4,4,True,41,y,noise_baseline_short,7,"[620, 715, 810, 905]",,-0.4434681953475031,0.5677671797157979,0.4620784565007685,4,0.4620784565007685,0.888503741725868,0.924156913001537,1.3304045860425093,0.8540659998485305,"[240, 335, 430, 525]",[],7,4
1,0,1,0,4,4,0,0,0,0,5,5,False,41,y,within_tolerance_under_iid,7,"[620, 715, 810, 905]",,0.035504998756324714,1.127861832424326,0.44077415158949784,5,0.44077415158949784,1.136226357263664,0.9856009656789142,0.14201999502529886,0.9714092635472082,"[145, 240, 335, 430, 525]","[""insufficient_post_history""]",7,5
2,0,2,0,4,4,0,0,0,0,6,6,False,41,y,within_tolerance_under_iid,7,"[620, 715, 810, 905]",,0.24579824235560999,0.6546115448547922,0.4458026610362434,6,0.4458026610362434,1.1073512088053292,1.091989045513724,1.22899121177805,1.192440075521974,"[50, 145, 240, 335, 430, 525]","[""insufficient_post_history""]",7,6
0,0,0,0,3,3,0,0,0,0,3,3,True,41,y,review_trend,8,"[715, 810, 905]",,2.0447939753239854,1.1611228181723534,1.2167544223395426,3,1.2167544223395426,0.7215144784787545,2.1074804798262075,4.089587950647971,4.441473972848501,"[430, 525, 620]",[],8,3
1,0,1,0,3,3,0,0,0,0,4,4,False,41,y,noise_baseline_short,8,"[715, 810, 905]",,1.0046301172843286,0.5805614090861767,0.8743312211183613,4,0.8743312211183613,1.43649793732784,1.7486624422367225,3.013890351852986,3.057820336889299,"[335, 430, 525, 620]","[""insufficient_post_history""]",8,4
2,0,2,0,3,3,0,0,0,0,5,5,False,41,y,within_tolerance_under_iid,8,"[715, 810, 905]",,0.3685644503332125,1.1022733736835684,0.6903349011576986,5,0.6903349011576986,1.6505401110579894,1.5436357662292124,1.47425780133285,2.3828113787820477,"[240, 335, 430, 525, 620]","[""insufficient_post_history""]",8,5
3,0,3,0,3,3,0,0,0,0,6,6,False,41,y,within_tolerance_under_iid,8,"[715, 810, 905]",,0.47867883307002784,1.1316980959279608,0.6446085044292386,6,0.6446085044292386,1.4539402307146712,1.5789619197102245,2.393394165350139,2.4931207438949974,"[145, 240, 335, 430, 525, 620]","[""insufficient_post_history""]",8,6
1,0,1,0,2,2,0,0,0,0,3,3,False,41,y,noise_baseline_short,9,"[810, 905]",,-1.800953681626333,2.928465132475617,1.8884945447299146,3,1.8884945447299146,3.8615542914895027,3.2709685012888676,3.601907363252666,10.69923493642394,"[525, 620, 715]","[""insufficient_post_history""]",9,3
2,0,2,0,2,2,0,0,0,0,4,4,False,41,y,noise_baseline_short,9,"[810, 905]",,-0.4393888502765321,1.800953681626333,1.3557422215264299,4,1.3557422215264299,3.2473936353648574,2.7114844430528597,1.3181665508295963,7.352147884917677,"[430, 525, 620, 715]","[""insufficient_post_history""]",9,4
3,0,3,0,2,2,0,0,0,0,5,5,False,41,y,high_noise_under_iid,9,"[810, 905]",,-0.3047704804361306,1.127861832424326,1.0535939056024843,5,1.0535939056024843,2.662852599563185,2.3559075936066516,1.2190819217445223,5.550300589613484,"[335, 430, 525, 620, 715]","[""insufficient_post_history""]",9,5
4,0,4,0,2,2,0,0,0,0,6,6,False,41,y,within_tolerance_under_iid,9,"[810, 905]",,-0.3849886431953681,1.1316980959279608,0.8947305979734936,6,0.8947305979734936,2.31422237583089,2.191633422290332,1.9249432159768403,4.803257057700033,"[240, 335, 430, 525, 620, 715]","[""insufficient_post_history""]",9,6
2,0,2,0,1,1,0,0,0,0,3,3,False,41,y,noise_baseline_short,10,[905],,-1.7117495005094019,3.106873494709479,1.8858946190523282,3,1.8858946190523282,3.934389200375935,3.2664652979193853,3.4234990010188038,10.66979554251158,"[620, 715, 810]","[""insufficient_post_history""]",10,3
3,0,3,0,1,1,0,0,0,0,4,4,False,41,y,noise_baseline_short,10,[905],,-0.8015474101357845,1.7117495005094019,1.3370791898111776,4,1.3370791898111776,3.020014723841298,2.674158379622355,2.4046422304073536,7.151123039304459,"[525, 620, 715, 810]","[""insufficient_post_history""]",10,4
4,0,4,0,1,1,0,0,0,0,5,5,False,41,y,high_noise_under_iid,10,[905],,-0.22697294639943327,0.6660889496291665,1.050178632238059,5,1.050178632238059,2.6796974958762054,2.3482708102020524,0.9078917855977331,5.514375798047004,"[430, 525, 620, 715, 810]","[""insufficient_post_history""]",10,5
5,0,5,0,1,1,0,0,0,0,6,6,False,41,y,within_tolerance_under_iid,10,[905],,-0.1915072261926034,0.5805614090861767,0.8604940032378126,6,0.8604940032378126,2.322266407993351,2.1077712346574566,0.957536130963017,4.44269957764942,"[335, 430, 525, 620, 715, 810]","[""insufficient_post_history""]",10,6
0,0,0,0,3,3,3,0,3,0,0,0,False,42,y,pre_data_incomplete,1,"[49, 144, 239]",,,,,,,,,,,[],"[""insufficient_pre_history""]",1,3
0,0,0,0,4,4,4,0,4,0,0,0,False,42,y,pre_data_incomplete,1,"[49, 144, 239, 334]",,,,,,,,,,,[],"[""insufficient_pre_history""]",1,4
0,0,0,0,5,5,5,0,5,0,0,0,False,42,y,pre_data_incomplete,1,"[49, 144, 239, 334, 429]",,,,,,,,,,,[],"[""insufficient_pre_history""]",1,5
0,0,0,0,6,6,6,0,6,0,0,0,False,42,y,pre_data_incomplete,1,"[49, 144, 239, 334, 429, 524]",,,,,,,,,,,[],"[""insufficient_pre_history""]",1,6
0,0,0,0,3,3,2,0,2,0,1,1,False,42,y,pre_data_incomplete,2,"[144, 239, 334]",,,,,,,,,,,[49],"[""insufficient_pre_history""]",2,3
0,0,0,0,4,4,3,0,3,0,1,1,False,42,y,pre_data_incomplete,2,"[144, 239, 334, 429]",,,,,,,,,,,[49],"[""insufficient_pre_history""]",2,4
0,0,0,0,5,5,4,0,4,0,1,1,False,42,y,pre_data_incomplete,2,"[144, 239, 334, 429, 524]",,,,,,,,,,,[49],"[""insufficient_pre_history""]",2,5
0,0,0,0,6,6,5,0,5,0,1,1,False,42,y,pre_data_incomplete,2,"[144, 239, 334, 429, 524, 619]",,,,,,,,,,,[49],"[""insufficient_pre_history""]",2,6
0,0,0,0,3,3,1,0,1,0,2,2,False,42,y,pre_data_incomplete,3,"[239, 334, 429]",,,,,,,,,,,"[49, 144]","[""insufficient_pre_history""]",3,3
0,0,0,0,4,4,2,0,2,0,2,2,False,42,y,pre_data_incomplete,3,"[239, 334, 429, 524]",,,,,,,,,,,"[49, 144]","[""insufficient_pre_history""]",3,4
0,0,0,0,5,5,3,0,3,0,2,2,False,42,y,pre_data_incomplete,3,"[239, 334, 429, 524, 619]",,,,,,,,,,,"[49, 144]","[""insufficient_pre_history""]",3,5
0,0,0,0,6,6,4,0,4,0,2,2,False,42,y,pre_data_incomplete,3,"[239, 334, 429, 524, 619, 714]",,,,,,,,,,,"[49, 144]","[""insufficient_pre_history""]",3,6
0,0,0,0,3,3,0,0,0,0,3,3,True,42,y,review_trend,4,"[334, 429, 524]",,1.9198293425269926,1.5108976028037864,1.116764139080999,3,1.116764139080999,0.3338913673168245,1.9342922289592062,3.839658685053985,3.741486427011974,"[49, 144, 239]",[],4,3
0,0,0,0,4,4,1,0,1,0,3,3,False,42,y,pre_data_incomplete,4,"[334, 429, 524, 619]",,,,,,,,,,,"[49, 144, 239]","[""insufficient_pre_history""]",4,4
0,0,0,0,5,5,2,0,2,0,3,3,False,42,y,pre_data_incomplete,4,"[334, 429, 524, 619, 714]",,,,,,,,,,,"[49, 144, 239]","[""insufficient_pre_history""]",4,5
0,0,0,0,6,6,3,0,3,0,3,3,False,42,y,pre_data_incomplete,4,"[334, 429, 524, 619, 714, 809]",,,,,,,,,,,"[49, 144, 239]","[""insufficient_pre_history""]",4,6
0,0,0,0,3,3,0,0,0,0,3,3,True,42,y,noise_baseline_short,5,"[429, 524, 619]",,1.3510828911955985,0.3734047001409986,0.8453881148067219,3,0.8453881148067219,0.7982709002436851,1.4642551669601134,2.702165782391197,2.1440431939693894,"[144, 239, 334]",[],5,3
0,0,0,0,4,4,0,0,0,0,4,4,True,42,y,review_trend,5,"[429, 524, 619, 714]",,1.496795123783515,1.3510828911955985,0.9962424470160748,4,0.9962424470160748,0.5949831703201277,1.9924848940321496,4.490385371350545,3.9699960529463065,"[49, 144, 239, 334]",[],5,4
0,0,0,0,5,5,1,0,1,0,4,4,False,42,y,pre_data_incomplete,5,"[429, 524, 619, 714, 809]",,,,,,,,,,,"[49, 144, 239, 334]","[""insufficient_pre_history""]",5,5
0,0,0,0,6,6,2,0,2,0,4,4,False,42,y,pre_data_incomplete,5,"[429, 524, 619, 714, 809, 904]",,,,,,,,,,,"[49, 144, 239, 334]","[""insufficient_pre_history""]",5,6
0,0,0,0,3,3,0,0,0,0,3,3,True,42,y,noise_baseline_short,6,"[524, 619, 714]",,-0.8734963230659135,0.3734047001409986,0.6535161003630419,3,0.6535161003630419,1.018090422203727,1.13192308939307,1.746992646131827,1.2812498803011523,"[239, 334, 429]",[],6,3
0,0,0,0,4,4,0,0,0,0,4,4,True,42,y,noise_baseline_short,6,"[524, 619, 714, 809]",,0.21187100084961133,1.0601986731364128,0.6575012973497891,4,0.6575012973497891,1.5753172485557931,1.3150025946995783,0.635613002548834,1.7292318240666231,"[144, 239, 334, 429]",[],6,4
0,0,0,0,5,5,0,0,0,0,5,5,True,42,y,within_tolerance_under_iid,6,"[524, 619, 714, 809, 904]",,0.6887497860235514,1.746992646131827,0.7739878972619467,5,0.7739878972619467,1.5532098618328558,1.7306895520398362,2.7549991440942057,2.9952863255398485,"[49, 144, 239, 334, 429]",[],6,5
1,0,1,0,5,5,1,0,1,0,5,5,False,42,y,pre_data_incomplete,6,"[524, 619, 714, 809, 904]",,,,,,,,,,,"[49, 144, 239, 334, 429]","[""insufficient_pre_history"", ""insufficient_post_history""]",6,6
0,0,0,0,3,3,0,0,0,0,3,3,True,42,y,noise_baseline_short,7,"[619, 714, 809]",,-0.6702855315091886,0.7798262832544486,0.6191995151958297,3,0.6191995151958297,1.1840113387174096,1.0724850203411942,1.3405710630183771,1.1502241188562516,"[334, 429, 524]",[],7,3
0,0,0,0,4,4,0,0,0,0,4,4,True,42,y,noise_baseline_short,7,"[619, 714, 809, 904]",,-0.5021896434904961,0.6702855315091886,0.47932612989368206,4,0.47932612989368206,0.8648902460545795,0.9586522597873641,1.5065689304714884,0.91901415519542,"[239, 334, 429, 524]",[],7,4
1,0,1,0,4,4,0,0,0,0,5,5,False,42,y,within_tolerance_under_iid,7,"[619, 714, 809, 904]",,0.09761967926138133,0.9671663628773784,0.5093662007746642,5,0.5093662007746642,1.3030454727344656,1.1389774503729553,0.39047871704552534,1.2972696324580777,"[144, 239, 334, 429, 524]","[""insufficient_post_history""]",7,5
2,0,2,0,4,4,0,0,0,0,6,6,False,42,y,within_tolerance_under_iid,7,"[619, 714, 809, 904]",,0.47089061769654705,1.1643805411250994,0.6383640088892275,6,0.6383640088892275,1.4443721554059088,1.563666091936112,2.3544530884827353,2.4450516470707533,"[49, 144, 239, 334, 429, 524]","[""insufficient_post_history""]",7,6
0,0,0,0,3,3,0,0,0,0,3,3,True,42,y,noise_baseline_short,8,"[714, 809, 904]",,-0.20078350817879076,0.4015670163575815,0.34681689285469885,3,0.34681689285469885,0.8006645419294904,0.6007044793475099,0.4015670163575815,0.36084587150816294,"[429, 524, 619]",[],8,3
1,0,1,0,3,3,0,0,0,0,4,4,False,42,y,noise_baseline_short,8,"[714, 809, 904]",,-0.6786066804636773,0.5906966498060151,0.5556264324411576,4,0.5556264324411576,0.8372913636476259,1.1112528648823152,2.035820041391032,1.234882929709153,"[334, 429, 524, 619]","[""insufficient_post_history""]",8,4
2,0,2,0,3,3,0,0,0,0,5,5,False,42,y,within_tolerance_under_iid,8,"[714, 809, 904]",,-0.5637690387997194,0.9671663628773784,0.485404253473267,5,0.485404253473267,0.7150735381080742,1.0853969073337635,2.2550761551988776,1.1780864464496983,"[239, 334, 429, 524, 619]","[""insufficient_post_history""]",8,5
3,0,3,0,3,3,0,0,0,0,6,6,False,42,y,within_tolerance_under_iid,8,"[714, 809, 904]",,-0.1177396953171717,0.881580867865201,0.4625498427646851,6,0.4625498427646851,1.2425754085582583,1.1330110953780679,0.5886984765858585,1.2837141422498095,"[144, 239, 334, 429, 524, 619]","[""insufficient_post_history""]",8,6
1,0,1,0,2,2,0,0,0,0,3,3,False,42,y,noise_baseline_short,9,"[809, 904]",,-0.32973709517564714,0.5219191092607358,0.34180857969200756,3,0.34180857969200756,0.6953743790481911,0.5920298264895126,0.6594741903512943,0.3504993154532025,"[524, 619, 714]","[""insufficient_post_history""]",9,3
2,0,2,0,2,2,0,0,0,0,4,4,False,42,y,noise_baseline_short,9,"[809, 904]",,-0.08203370209025672,0.2609595546303679,0.2452407668864315,4,0.2452407668864315,0.5865444414208423,0.490481533772863,0.24610110627077014,0.24057213497218016,"[429, 524, 619, 714]","[""insufficient_post_history""]",9,4
3,0,3,0,2,2,0,0,0,0,5,5,False,42,y,within_tolerance_under_iid,9,"[809, 904]",,-0.4401657523096924,0.5219191092607358,0.44204713054892203,5,0.44204713054892203,0.8104843032547762,0.9884474331661136,1.7606630092387696,0.9770283281326786,"[334, 429, 524, 619, 714]","[""insufficient_post_history""]",9,5
4,0,4,0,2,2,0,0,0,0,6,6,False,42,y,within_tolerance_under_iid,9,"[809, 904]",,-0.42626484487943245,0.6508726962575921,0.41452556431382953,6,0.41452556431382953,0.7027025045208406,1.015376117908134,2.1313242243971624,1.0309886608181928,"[239, 334, 429, 524, 619, 714]","[""insufficient_post_history""]",9,6
2,0,2,0,1,1,0,0,0,0,3,3,False,42,y,noise_baseline_short,10,[904],,3.3713808346408154,0.5219191092607358,2.1658474943991637,3,2.1658474943991637,2.3265757562572538,3.751357901745101,6.742761669281631,14.072686106985406,"[619, 714, 809]","[""insufficient_post_history""]",10,3
3,0,3,0,1,1,0,0,0,0,4,4,False,42,y,noise_baseline_short,10,[904],,1.7206024218269538,0.590696649806015,1.5625535398905912,4,1.5625535398905912,2.6922592102462497,3.1251070797811824,5.161807265480862,9.766294260098471,"[524, 619, 714, 809]","[""insufficient_post_history""]",10,4
4,0,4,0,1,1,0,0,0,0,5,5,False,42,y,high_noise_under_iid,10,[904],,1.2022915115496802,0.5219191092607358,1.2577366595372863,5,1.2577366595372863,2.3932531073440657,2.8123846685188814,4.809166046198721,7.909507523720057,"[429, 524, 619, 714, 809]","[""insufficient_post_history""]",10,5
5,0,5,0,1,1,0,0,0,0,6,6,False,42,y,high_noise_under_iid,10,[904],,0.5795328432101013,0.6508726962575921,1.0345664183641345,6,1.0345664183641345,2.5608743469720494,2.5341598300108776,2.8976642160505066,6.421966044040759,"[334, 429, 524, 619, 714, 809]","[""insufficient_post_history""]",10,6
0,0,0,0,3,3,3,0,3,0,0,0,False,43,y,pre_data_incomplete,1,"[48, 143, 238]",,,,,,,,,,,[],"[""insufficient_pre_history""]",1,3
0,0,0,0,4,4,4,0,4,0,0,0,False,43,y,pre_data_incomplete,1,"[48, 143, 238, 333]",,,,,,,,,,,[],"[""insufficient_pre_history""]",1,4
0,0,0,0,5,5,5,0,5,0,0,0,False,43,y,pre_data_incomplete,1,"[48, 143, 238, 333, 428]",,,,,,,,,,,[],"[""insufficient_pre_history""]",1,5
0,0,0,0,6,6,6,0,6,0,0,0,False,43,y,pre_data_incomplete,1,"[48, 143, 238, 333, 428, 523]",,,,,,,,,,,[],"[""insufficient_pre_history""]",1,6
0,0,0,0,3,3,2,0,2,0,1,1,False,43,y,pre_data_incomplete,2,"[143, 238, 333]",,,,,,,,,,,[48],"[""insufficient_pre_history""]",2,3
0,0,0,0,4,4,3,0,3,0,1,1,False,43,y,pre_data_incomplete,2,"[143, 238, 333, 428]",,,,,,,,,,,[48],"[""insufficient_pre_history""]",2,4
0,0,0,0,5,5,4,0,4,0,1,1,False,43,y,pre_data_incomplete,2,"[143, 238, 333, 428, 523]",,,,,,,,,,,[48],"[""insufficient_pre_history""]",2,5
0,0,0,0,6,6,5,0,5,0,1,1,False,43,y,pre_data_incomplete,2,"[143, 238, 333, 428, 523, 618]",,,,,,,,,,,[48],"[""insufficient_pre_history""]",2,6
0,0,0,0,3,3,1,0,1,0,2,2,False,43,y,pre_data_incomplete,3,"[238, 333, 428]",,,,,,,,,,,"[48, 143]","[""insufficient_pre_history""]",3,3
0,0,0,0,4,4,2,0,2,0,2,2,False,43,y,pre_data_incomplete,3,"[238, 333, 428, 523]",,,,,,,,,,,"[48, 143]","[""insufficient_pre_history""]",3,4
0,0,0,0,5,5,3,0,3,0,2,2,False,43,y,pre_data_incomplete,3,"[238, 333, 428, 523, 618]",,,,,,,,,,,"[48, 143]","[""insufficient_pre_history""]",3,5
0,0,0,0,6,6,4,0,4,0,2,2,False,43,y,pre_data_incomplete,3,"[238, 333, 428, 523, 618, 713]",,,,,,,,,,,"[48, 143]","[""insufficient_pre_history""]",3,6
0,0,0,0,3,3,0,0,0,0,3,3,True,43,y,noise_baseline_short,4,"[333, 428, 523]",,-0.023773706888190915,0.04754741377638183,0.5226701940628462,3,0.5226701940628462,1.2798337440041765,0.9052913317187344,0.04754741377638183,0.8195523952850797,"[48, 143, 238]",[],4,3
0,0,0,0,4,4,1,0,1,0,3,3,False,43,y,pre_data_incomplete,4,"[333, 428, 523, 618]",,,,,,,,,,,"[48, 143, 238]","[""insufficient_pre_history""]",4,4
0,0,0,0,5,5,2,0,2,0,3,3,False,43,y,pre_data_incomplete,4,"[333, 428, 523, 618, 713]",,,,,,,,,,,"[48, 143, 238]","[""insufficient_pre_history""]",4,5
0,0,0,0,6,6,3,0,3,0,3,3,False,43,y,pre_data_incomplete,4,"[333, 428, 523, 618, 713, 808]",,,,,,,,,,,"[48, 143, 238]","[""insufficient_pre_history""]",4,6
0,0,0,0,3,3,0,0,0,0,3,3,True,43,y,review_trend,5,"[428, 523, 618]",,1.1052878631035343,0.6668796188922482,0.6546572953813616,3,0.6546572953813616,0.3579588324490426,1.1338996971461444,2.2105757262070687,1.285728523188118,"[143, 238, 333]",[],5,3
0,0,0,0,4,4,0,0,0,0,4,4,True,43,y,noise_baseline_short,5,"[428, 523, 618, 713]",,0.34016927226624194,0.3334398094461241,0.47064362445206215,4,0.47064362445206215,1.0196787204501625,0.9412872489041243,1.0205078167987258,0.8860216849494948,"[48, 143, 238, 333]",[],5,4
0,0,0,0,5,5,1,0,1,0,4,4,False,43,y,pre_data_incomplete,5,"[428, 523, 618, 713, 808]",,,,,,,,,,,"[48, 143, 238, 333]","[""insufficient_pre_history""]",5,5
0,0,0,0,6,6,2,0,2,0,4,4,False,43,y,pre_data_incomplete,5,"[428, 523, 618, 713, 808, 903]",,,,,,,,,,,"[48, 143, 238, 333]","[""insufficient_pre_history""]",5,6
0,0,0,0,3,3,0,0,0,0,3,3,True,43,y,noise_baseline_short,6,"[523, 618, 713]",,0.42322258903766313,0.17956555918307804,0.2574923575592501,3,0.2574923575592501,0.1989451317952736,0.44598984585331325,0.8464451780753263,0.1989069426042621,"[238, 333, 428]",[],6,3
0,0,0,0,4,4,0,0,0,0,4,4,True,43,y,review_trend,6,"[523, 618, 713, 808]",,0.7837303475062688,0.4232225890376632,0.543443107509633,4,0.543443107509633,0.48620913462482057,1.086886215019266,2.3511910425188063,1.1813216443989059,"[143, 238, 333, 428]",[],6,4
0,0,0,0,5,5,0,0,0,0,5,5,True,43,y,within_tolerance_under_iid,6,"[523, 618, 713, 808, 903]",,0.38083712548049575,0.6193322051158664,0.42109365289510065,5,0.42109365289510065,0.8358684363639056,0.9415940327671463,1.523348501921983,0.8865993225426977,"[48, 143, 238, 333, 428]",[],6,5
1,0,1,0,5,5,1,0,1,0,5,5,False,43,y,pre_data_incomplete,6,"[523, 618, 713, 808, 903]",,,,,,,,,,,"[48, 143, 238, 333, 428]","[""insufficient_pre_history"", ""insufficient_post_history""]",6,6
0,0,0,0,3,3,0,0,0,0,3,3,True,43,y,noise_baseline_short,7,"[618, 713, 808]",,0.14991871228381828,0.12027186538455853,0.08711792544819989,3,0.08711792544819989,0.024206549128533345,0.15089267312627985,0.29983742456763657,0.022768598803194335,"[333, 428, 523]",[],7,3
0,0,0,0,4,4,0,0,0,0,4,4,True,43,y,noise_baseline_short,7,"[618, 713, 808, 903]",,0.3079716689562732,0.14991871228381828,0.2156555558309278,4,0.2156555558309278,0.20476215559814168,0.4313111116618556,0.9239150068688196,0.18602927504298566,"[238, 333, 428, 523]",[],7,4
1,0,1,0,4,4,0,0,0,0,5,5,False,43,y,within_tolerance_under_iid,7,"[618, 713, 808, 903]",,0.5867271479624736,0.29983742456763657,0.4638635959553164,5,0.4638635959553164,0.535693087345779,1.037230532843584,2.3469085918498944,1.0758471782629855,"[143, 238, 333, 428, 523]","[""insufficient_post_history""]",7,5
2,0,2,0,4,4,0,0,0,0,6,6,False,43,y,within_tolerance_under_iid,7,"[618, 713, 808, 903]",,0.35523290352800574,0.42322258903766313,0.379458262171651,6,0.379458262171651,0.7265199423112,0.9294791210037892,1.7761645176400287,0.8639314363819767,"[48, 143, 238, 333, 428, 523]","[""insufficient_post_history""]",7,6
0,0,0,0,3,3,0,0,0,0,3,3,True,43,y,noise_baseline_short,8,"[713, 808, 903]",,0.14119478940956925,0.12027186538455853,0.08181664759896173,3,0.08181664759896173,0.01708349592943183,0.1417105905463599,0.2823895788191385,0.02008189147299807,"[428, 523, 618]",[],8,3
1,0,1,0,3,3,0,0,0,0,4,4,False,43,y,noise_baseline_short,8,"[713, 808, 903]",,0.1506137279391208,0.14119478940956928,0.09747223638690661,4,0.09747223638690661,0.017140116344157116,0.19494447277381322,0.45184118381736244,0.03800334746506,"[333, 428, 523, 618]","[""insufficient_post_history""]",8,4
2,0,2,0,3,3,0,0,0,0,5,5,False,43,y,review_trend,8,"[713, 808, 903]",,0.25575069383565663,0.17956555918307804,0.19560285748552772,5,0.19560285748552772,0.19246244928632683,0.4373812859308436,1.0230027753426265,0.19130238928251836,"[238, 333, 428, 523, 618]","[""insufficient_post_history""]",8,5
3,0,3,0,3,3,0,0,0,0,6,6,False,43,y,within_tolerance_under_iid,8,"[713, 808, 903]",,0.46978202887454734,0.29111350169338757,0.4099665384078822,6,0.4099665384078822,0.5431417107873966,1.0042088307144332,2.348910144372737,1.0084353756848492,"[143, 238, 333, 428, 523, 618]","[""insufficient_post_history""]",8,6
1,0,1,0,2,2,0,0,0,0,3,3,False,43,y,noise_baseline_short,9,"[808, 903]",,-1.0069363446038055,0.16211771343457998,0.6998769571914638,3,0.6998769571914638,0.9545286413080252,1.2122224489023234,2.013872689207611,1.4694832656227461,"[523, 618, 713]","[""insufficient_post_history""]",9,3
2,0,2,0,2,2,0,0,0,0,4,4,False,43,y,noise_baseline_short,9,"[808, 903]",,-0.5518684758034578,0.14119478940956928,0.5102457102046636,4,0.5102457102046636,0.8948223690931569,1.0204914204093272,1.6556054274103733,1.0414027391290461,"[428, 523, 618, 713]","[""insufficient_post_history""]",9,4
3,0,3,0,2,2,0,0,0,0,5,5,False,43,y,within_tolerance_under_iid,9,"[808, 903]",,-0.3145680950460811,0.17956555918307804,0.3971183523676627,5,0.3971183523676627,0.8494172220871867,0.8879836310068083,1.2582723801843243,0.7885149289360356,"[333, 428, 523, 618, 713]","[""insufficient_post_history""]",9,5
4,0,4,0,2,2,0,0,0,0,6,6,False,43,y,within_tolerance_under_iid,9,"[808, 903]",,-0.10656116998135497,0.29111350169338757,0.335301200756803,6,0.335301200756803,0.8907987153788166,0.821316851996672,0.5328058499067748,0.6745613713737232,"[238, 333, 428, 523, 618, 713]","[""insufficient_post_history""]",9,6
2,0,2,0,1,1,0,0,0,0,3,3,False,43,y,noise_baseline_short,10,[903],,0.6316785238832744,1.2633570477665486,1.0044378236153748,3,1.0044378236153748,2.2924520788850615,1.7397373435457355,1.2633570477665488,3.026686024527572,"[618, 713, 808]","[""insufficient_post_history""]",10,3
3,0,3,0,1,1,0,0,0,0,4,4,False,43,y,noise_baseline_short,10,[903],,0.21004338809611944,0.7127373806005644,0.7111326031311542,4,0.7111326031311542,1.7099596232687213,1.4222652062623085,0.6301301642883583,2.022838316944367,"[523, 618, 713, 808]","[""insufficient_post_history""]",10,4
4,0,4,0,1,1,0,0,0,0,5,5,False,43,y,within_tolerance_under_iid,10,[903],,0.1077620563963763,0.16211771343457998,0.5508477622060881,5,0.5508477622060881,1.4086090697991576,1.2317330415464527,0.4310482255855052,1.5171662856372754,"[428, 523, 618, 713, 808]","[""insufficient_post_history""]",10,5
5,0,5,0,1,1,0,0,0,0,6,6,False,43,y,within_tolerance_under_iid,10,[903],,0.08879646202312137,0.23097756900110827,0.45088489267882914,6,0.45088489267882914,1.2207509358170756,1.104437919792686,0.44398231011560685,1.2197831186759953,"[333, 428, 523, 618, 713, 808]","[""insufficient_post_history""]",10,6
0,0,0,0,3,3,3,0,3,0,0,0,False,44,y,pre_data_incomplete,1,"[47, 142, 237]",,,,,,,,,,,[],"[""insufficient_pre_history""]",1,3
0,0,0,0,4,4,4,0,4,0,0,0,False,44,y,pre_data_incomplete,1,"[47, 142, 237, 332]",,,,,,,,,,,[],"[""insufficient_pre_history""]",1,4
0,0,0,0,5,5,5,0,5,0,0,0,False,44,y,pre_data_incomplete,1,"[47, 142, 237, 332, 427]",,,,,,,,,,,[],"[""insufficient_pre_history""]",1,5
0,0,0,0,6,6,6,0,6,0,0,0,False,44,y,pre_data_incomplete,1,"[47, 142, 237, 332, 427, 522]",,,,,,,,,,,[],"[""insufficient_pre_history""]",1,6
0,0,0,0,3,3,2,0,2,0,1,1,False,44,y,pre_data_incomplete,2,"[142, 237, 332]",,,,,,,,,,,[47],"[""insufficient_pre_history""]",2,3
0,0,0,0,4,4,3,0,3,0,1,1,False,44,y,pre_data_incomplete,2,"[142, 237, 332, 427]",,,,,,,,,,,[47],"[""insufficient_pre_history""]",2,4
0,0,0,0,5,5,4,0,4,0,1,1,False,44,y,pre_data_incomplete,2,"[142, 237, 332, 427, 522]",,,,,,,,,,,[47],"[""insufficient_pre_history""]",2,5
0,0,0,0,6,6,5,0,5,0,1,1,False,44,y,pre_data_incomplete,2,"[142, 237, 332, 427, 522, 617]",,,,,,,,,,,[47],"[""insufficient_pre_history""]",2,6
0,0,0,0,3,3,1,0,1,0,2,2,False,44,y,pre_data_incomplete,3,"[237, 332, 427]",,,,,,,,,,,"[47, 142]","[""insufficient_pre_history""]",3,3
0,0,0,0,4,4,2,0,2,0,2,2,False,44,y,pre_data_incomplete,3,"[237, 332, 427, 522]",,,,,,,,,,,"[47, 142]","[""insufficient_pre_history""]",3,4
0,0,0,0,5,5,3,0,3,0,2,2,False,44,y,pre_data_incomplete,3,"[237, 332, 427, 522, 617]",,,,,,,,,,,"[47, 142]","[""insufficient_pre_history""]",3,5
0,0,0,0,6,6,4,0,4,0,2,2,False,44,y,pre_data_incomplete,3,"[237, 332, 427, 522, 617, 712]",,,,,,,,,,,"[47, 142]","[""insufficient_pre_history""]",3,6
0,0,0,0,3,3,0,0,0,0,3,3,True,44,y,noise_baseline_short,4,"[332, 427, 522]",,-0.5485745426657098,1.0971490853314194,1.93251440849766,3,1.93251440849766,4.66966846538216,3.347213141876863,1.0971490853314196,11.20383581715318,"[47, 142, 237]",[],4,3
0,0,0,0,4,4,1,0,1,0,3,3,False,44,y,pre_data_incomplete,4,"[332, 427, 522, 617]",,,,,,,,,,,"[47, 142, 237]","[""insufficient_pre_history""]",4,4
0,0,0,0,5,5,2,0,2,0,3,3,False,44,y,pre_data_incomplete,4,"[332, 427, 522, 617, 712]",,,,,,,,,,,"[47, 142, 237]","[""insufficient_pre_history""]",4,5
0,0,0,0,6,6,3,0,3,0,3,3,False,44,y,pre_data_incomplete,4,"[332, 427, 522, 617, 712, 807]",,,,,,,,,,,"[47, 142, 237]","[""insufficient_pre_history""]",4,6
0,0,0,0,3,3,0,0,0,0,3,3,True,44,y,review_trend,5,"[427, 522, 617]",,3.355996362006384,1.5414147626026462,2.0298013347313604,3,2.0298013347313604,1.4815996717275168,3.515719041025837,6.711992724012768,12.36028037543163,"[142, 237, 332]",[],5,3
0,0,0,0,4,4,0,0,0,0,4,4,True,44,y,noise_baseline_short,5,"[427, 522, 617, 712]",,0.6503374993223803,0.7707073813013231,1.5468192679690183,4,1.5468192679690183,3.6467179667475027,3.0936385359380365,1.9510124979671408,9.570599391040838,"[47, 142, 237, 332]",[],5,4
0,0,0,0,5,5,1,0,1,0,4,4,False,44,y,pre_data_incomplete,5,"[427, 522, 617, 712, 807]",,,,,,,,,,,"[47, 142, 237, 332]","[""insufficient_pre_history""]",5,5
0,0,0,0,6,6,2,0,2,0,4,4,False,44,y,pre_data_incomplete,5,"[427, 522, 617, 712, 807, 902]",,,,,,,,,,,"[47, 142, 237, 332]","[""insufficient_pre_history""]",5,6
0,0,0,0,3,3,0,0,0,0,3,3,True,44,y,noise_baseline_short,6,"[522, 617, 712]",,-1.4715004441919204,1.5414147626026462,1.3154466379271679,3,1.3154466379271679,2.4600349649729165,2.2784204115355156,2.9430008883838408,5.191199571701668,"[237, 332, 427]",[],6,3
0,0,0,0,4,4,0,0,0,0,4,4,True,44,y,noise_baseline_short,6,"[522, 617, 712, 807]",,0.8224145981681492,2.2422078254932436,1.4992707937854237,4,1.4992707937854237,3.4345251564645225,2.9985415875708474,2.467243794504448,8.991251652391897,"[142, 237, 332, 427]",[],6,4
0,0,0,0,5,5,0,0,0,0,5,5,True,44,y,high_noise_under_iid,6,"[522, 617, 712, 807, 902]",,-0.13683072234177523,1.5414147626026462,1.2841469623011008,5,1.2841469623011008,3.3062285638865103,2.8714399008051212,0.5473228893671009,8.245167103935723,"[47, 142, 237, 332, 427]",[],6,5
1,0,1,0,5,5,1,0,1,0,5,5,False,44,y,pre_data_incomplete,6,"[522, 617, 712, 807, 902]",,,,,,,,,,,"[47, 142, 237, 332, 427]","[""insufficient_pre_history"", ""insufficient_post_history""]",6,6
0,0,0,0,3,3,0,0,0,0,3,3,True,44,y,noise_baseline_short,7,"[617, 712, 807]",,-0.09116245676657297,0.18232491353314595,1.4653632620955814,3,1.4653632620955814,3.587076212230371,2.5380836214944162,0.18232491353314595,6.441868469698211,"[332, 427, 522]",[],7,3
0,0,0,0,4,4,0,0,0,0,4,4,True,44,y,noise_baseline_short,7,"[617, 712, 807, 902]",,-0.04071461037779868,0.7707073813013231,1.0361743512338073,4,1.0361743512338073,2.5372819153935713,2.0723487024676146,0.12214383113339604,4.294629144619206,"[237, 332, 427, 522]",[],7,4
1,0,1,0,4,4,0,0,0,0,5,5,False,44,y,high_noise_under_iid,7,"[617, 712, 807, 902]",,1.0116334732575405,1.5414147626026462,1.3073635066389797,5,1.3073635066389797,2.8254771825703027,2.9233536721472566,4.046533893030162,8.54599669245685,"[142, 237, 332, 427, 522]","[""insufficient_post_history""]",7,5
2,0,2,0,4,4,0,0,0,0,6,6,False,44,y,high_noise_under_iid,7,"[617, 712, 807, 902]",,0.27239570858205414,0.9016777631703635,1.1254551401861492,6,1.1254551401861492,3.0290670300935543,2.756790821848576,1.3619785429102707,7.599895635428545,"[47, 142, 237, 332, 427, 522]","[""insufficient_post_history""]",7,6
0,0,0,0,3,3,0,0,0,0,3,3,True,44,y,noise_baseline_short,8,"[712, 807, 902]",,1.891794702407928,0.5185013326374854,1.3559002161225968,3,1.3559002161225968,1.9679984716382346,2.348488064317959,3.783589404815856,5.515396188243915,"[427, 522, 617]",[],8,3
1,0,1,0,3,3,0,0,0,0,4,4,False,44,y,noise_baseline_short,8,"[712, 807, 902]",,0.2199611998941447,0.3504131230853157,1.0579733048547402,4,1.0579733048547402,2.5680513544445307,2.1159466097094803,0.6598835996824342,4.477230055141045,"[332, 427, 522, 617]","[""insufficient_post_history""]",8,4
2,0,2,0,3,3,0,0,0,0,5,5,False,44,y,within_tolerance_under_iid,8,"[712, 807, 902]",,0.14988521193308837,0.7008262461706314,0.8204735744244973,5,0.8204735744244973,2.100704799110365,1.834634686155409,0.5995408477323535,3.365884431644556,"[237, 332, 427, 522, 617]","[""insufficient_post_history""]",8,5
3,0,3,0,3,3,0,0,0,0,6,6,False,44,y,high_noise_under_iid,8,"[712, 807, 902]",,0.8471053224409344,1.0299580476200658,1.112644984737147,6,1.112644984737147,2.478991018738067,2.725412477472787,4.235526612204672,7.427873172364356,"[142, 237, 332, 427, 522, 617]","[""insufficient_post_history""]",8,6
1,0,1,0,2,2,0,0,0,0,3,3,False,44,y,noise_baseline_short,9,"[807, 902]",,1.3897653645521406,0.5185013326374854,1.0239262719296214,3,1.0239262719296214,1.558093233753574,1.7734923261866906,2.7795307291042812,3.1452750310430795,"[522, 617, 712]","[""insufficient_post_history""]",9,3
2,0,2,0,2,2,0,0,0,0,4,4,False,44,y,review_trend,9,"[807, 902]",,2.0726363067035383,1.6490160308708834,1.4566267129297463,4,1.4566267129297463,1.411033357245284,2.9132534258594927,6.217908920110615,8.48704552328207,"[427, 522, 617, 712]","[""insufficient_post_history""]",9,4
3,0,3,0,2,2,0,0,0,0,5,5,False,44,y,high_noise_under_iid,9,"[807, 902]",,0.8978001035958126,0.5185013326374854,1.1367691404152842,5,1.1367691404152842,2.4347779715231783,2.541893072692579,3.5912004143832505,6.461220393002521,"[332, 427, 522, 617, 712]","[""insufficient_post_history""]",9,5
4,0,4,0,2,2,0,0,0,0,6,6,False,44,y,within_tolerance_under_iid,9,"[807, 902]",,0.6540775682802958,0.770707381301323,0.9426426096686689,6,0.9426426096686689,2.1892034535224285,2.3089934034937714,3.270387841401479,5.33145053737775,"[237, 332, 427, 522, 617, 712]","[""insufficient_post_history""]",9,6
2,0,2,0,1,1,0,0,0,0,3,3,False,44,y,noise_baseline_short,10,[902],,0.9319314806160472,1.4341691005096724,0.9547495782020612,3,0.9547495782020612,1.9319130346202558,1.6536747779509249,1.8638629612320945,2.734640271231041,"[617, 712, 807]","[""insufficient_post_history""]",10,3
3,0,3,0,1,1,0,0,0,0,4,4,False,44,y,noise_baseline_short,10,[902],,0.7334116947525594,0.9319314806160474,0.7389811996517966,4,0.7389811996517966,1.3899019733899576,1.4779623993035933,2.2002350842576783,2.1843728537552343,"[522, 617, 712, 807]","[""insufficient_post_history""]",10,4
4,0,4,0,1,1,0,0,0,0,5,5,False,44,y,high_noise_under_iid,10,[902],,1.407443546120018,1.345361628594609,1.1877671849523783,5,1.1877671849523783,1.6740016286177897,2.6559281669970836,5.629774184480072,7.053954428248489,"[427, 522, 617, 712, 807]","[""insufficient_post_history""]",10,5
5,0,5,0,1,1,0,0,0,0,6,6,False,44,y,within_tolerance_under_iid,10,[902],,0.7583299040669343,0.9319314806160472,0.971286673971457,6,0.971286673971457,2.135316711374343,2.3791567451950724,3.791649520334672,5.66038681820721,"[332, 427, 522, 617, 712, 807]","[""insufficient_post_history""]",10,6
0,0,0,0,3,3,3,0,3,0,0,0,False,45,y,pre_data_incomplete,1,"[46, 141, 236]",,,,,,,,,,,[],"[""insufficient_pre_history""]",1,3
0,0,0,0,4,4,4,0,4,0,0,0,False,45,y,pre_data_incomplete,1,"[46, 141, 236, 331]",,,,,,,,,,,[],"[""insufficient_pre_history""]",1,4
0,0,0,0,5,5,5,0,5,0,0,0,False,45,y,pre_data_incomplete,1,"[46, 141, 236, 331, 426]",,,,,,,,,,,[],"[""insufficient_pre_history""]",1,5
0,0,0,0,6,6,6,0,6,0,0,0,False,45,y,pre_data_incomplete,1,"[46, 141, 236, 331, 426, 521]",,,,,,,,,,,[],"[""insufficient_pre_history""]",1,6
0,0,0,0,3,3,2,0,2,0,1,1,False,45,y,pre_data_incomplete,2,"[141, 236, 331]",,,,,,,,,,,[46],"[""insufficient_pre_history""]",2,3
0,0,0,0,4,4,3,0,3,0,1,1,False,45,y,pre_data_incomplete,2,"[141, 236, 331, 426]",,,,,,,,,,,[46],"[""insufficient_pre_history""]",2,4
0,0,0,0,5,5,4,0,4,0,1,1,False,45,y,pre_data_incomplete,2,"[141, 236, 331, 426, 521]",,,,,,,,,,,[46],"[""insufficient_pre_history""]",2,5
0,0,0,0,6,6,5,0,5,0,1,1,False,45,y,pre_data_incomplete,2,"[141, 236, 331, 426, 521, 616]",,,,,,,,,,,[46],"[""insufficient_pre_history""]",2,6
0,0,0,0,3,3,1,0,1,0,2,2,False,45,y,pre_data_incomplete,3,"[236, 331, 426]",,,,,,,,,,,"[46, 141]","[""insufficient_pre_history""]",3,3
0,0,0,0,4,4,2,0,2,0,2,2,False,45,y,pre_data_incomplete,3,"[236, 331, 426, 521]",,,,,,,,,,,"[46, 141]","[""insufficient_pre_history""]",3,4
0,0,0,0,5,5,3,0,3,0,2,2,False,45,y,pre_data_incomplete,3,"[236, 331, 426, 521, 616]",,,,,,,,,,,"[46, 141]","[""insufficient_pre_history""]",3,5
0,0,0,0,6,6,4,0,4,0,2,2,False,45,y,pre_data_incomplete,3,"[236, 331, 426, 521, 616, 711]",,,,,,,,,,,"[46, 141]","[""insufficient_pre_history""]",3,6
0,0,0,0,3,3,0,0,0,0,3,3,True,45,y,noise_baseline_short,4,"[331, 426, 521]",,-0.033682736907826194,0.06736547381565239,0.6184125878502857,3,0.6184125878502857,1.5140461417469815,1.0711220221968467,0.06736547381565239,1.147302386435062,"[46, 141, 236]",[],4,3
0,0,0,0,4,4,1,0,1,0,3,3,False,45,y,pre_data_incomplete,4,"[331, 426, 521, 616]",,,,,,,,,,,"[46, 141, 236]","[""insufficient_pre_history""]",4,4
0,0,0,0,5,5,2,0,2,0,3,3,False,45,y,pre_data_incomplete,4,"[331, 426, 521, 616, 711]",,,,,,,,,,,"[46, 141, 236]","[""insufficient_pre_history""]",4,5
0,0,0,0,6,6,3,0,3,0,3,3,False,45,y,pre_data_incomplete,4,"[331, 426, 521, 616, 711, 806]",,,,,,,,,,,"[46, 141, 236]","[""insufficient_pre_history""]",4,6
0,0,0,0,3,3,0,0,0,0,3,3,True,45,y,review_trend,5,"[426, 521, 616]",,1.9339416882199887,1.820637510247012,1.117200330043894,3,1.117200330043894,0.092512473919762,1.9350477338687428,3.8678833764399774,3.744409732350557,"[141, 236, 331]",[],5,3
0,0,0,0,4,4,0,0,0,0,4,4,True,45,y,noise_baseline_short,5,"[426, 521, 616, 711]",,0.7760278687378952,0.9440014920313323,0.7899825701810798,4,0.7899825701810798,1.496290959170284,1.5799651403621595,2.328083606213686,2.4962898447596182,"[46, 141, 236, 331]",[],5,4
0,0,0,0,5,5,1,0,1,0,4,4,False,45,y,pre_data_incomplete,5,"[426, 521, 616, 711, 806]",,,,,,,,,,,"[46, 141, 236, 331]","[""insufficient_pre_history""]",5,5
0,0,0,0,6,6,2,0,2,0,4,4,False,45,y,pre_data_incomplete,5,"[426, 521, 616, 711, 806, 901]",,,,,,,,,,,"[46, 141, 236, 331]","[""insufficient_pre_history""]",5,6
0,0,0,0,3,3,0,0,0,0,3,3,True,45,y,noise_baseline_short,6,"[521, 616, 711]",,0.8868691941887736,0.27350747781541807,0.6417064856679378,3,0.6417064856679378,0.947443585279716,1.1114682367233377,1.7737383883775473,1.2353616412448858,"[236, 331, 426]",[],6,3
0,0,0,0,4,4,0,0,0,0,4,4,True,45,y,review_trend,6,"[521, 616, 711, 806]",,1.2830373562066641,1.0236229330964828,0.8968341390871092,4,0.8968341390871092,0.8428562716372411,1.7936682781742184,3.849112068619992,3.217245892128465,"[141, 236, 331, 426]",[],6,4
0,0,0,0,5,5,0,0,0,0,5,5,True,45,y,within_tolerance_under_iid,6,"[521, 616, 711, 806, 901]",,0.7280629205563767,1.7063729145618947,0.7000548476519829,5,0.7000548476519829,1.2248509612098406,1.565370227328093,2.9122516822255067,2.4503839486052055,"[46, 141, 236, 331, 426]",[],6,5
1,0,1,0,5,5,1,0,1,0,5,5,False,45,y,pre_data_incomplete,6,"[521, 616, 711, 806, 901]",,,,,,,,,,,"[46, 141, 236, 331, 426]","[""insufficient_pre_history"", ""insufficient_post_history""]",6,6
0,0,0,0,3,3,0,0,0,0,3,3,True,45,y,noise_baseline_short,7,"[616, 711, 806]",,-1.195578240852112,0.27350747781541807,0.7556039881404782,3,0.7556039881404782,0.7528676253928801,1.3087444978609797,2.391156481704224,1.7128121606813878,"[331, 426, 521]",[],7,3
0,0,0,0,4,4,0,0,0,0,4,4,True,45,y,noise_baseline_short,7,"[616, 711, 806, 901]",,-0.13052393243491944,1.0236229330964828,0.6078053242095357,4,0.6078053242095357,1.474439768345613,1.2156106484190714,0.39157179730475833,1.477709248549835,"[236, 331, 426, 521]",[],7,4
1,0,1,0,4,4,0,0,0,0,5,5,False,45,y,within_tolerance_under_iid,7,"[616, 711, 806, 901]",,0.47271921778490544,1.7737383883775473,0.7148986932587454,5,0.7148986932587454,1.6316625717173174,1.5985620751523255,1.8908768711396218,2.555400708115309,"[141, 236, 331, 426, 521]","[""insufficient_post_history""]",7,5
2,0,2,0,4,4,0,0,0,0,6,6,False,45,y,within_tolerance_under_iid,7,"[616, 711, 806, 901]",,0.30782837472663105,1.058824501944403,0.5853673606781792,6,0.5853673606781792,1.468109159207894,1.433851345741261,1.5391418736331552,2.055929681684025,"[46, 141, 236, 331, 426, 521]","[""insufficient_post_history""]",7,6
0,0,0,0,3,3,0,0,0,0,3,3,True,45,y,noise_baseline_short,8,"[711, 806, 901]",,0.9606842271468594,1.9213684542937188,1.1664227380311498,3,1.1664227380311498,2.5134485580968207,2.0203034453735538,1.9213684542937188,4.081626011388251,"[426, 521, 616]",[],8,3
1,0,1,0,3,3,0,0,0,0,4,4,False,45,y,noise_baseline_short,8,"[711, 806, 901]",,0.2825933925546097,0.9606842271468594,0.8291265173681602,4,0.8291265173681602,1.9811756931250482,1.6582530347363205,0.8477801776638291,2.7498031272122168,"[331, 426, 521, 616]","[""insufficient_post_history""]",8,4
2,0,2,0,3,3,0,0,0,0,5,5,False,45,y,within_tolerance_under_iid,8,"[711, 806, 901]",,0.49990572036383074,1.7737383883775473,0.7355752179336407,5,0.7355752179336407,1.6655690451251843,1.644796189863843,1.999622881455323,2.7053545061906155,"[236, 331, 426, 521, 616]","[""insufficient_post_history""]",8,5
3,0,3,0,3,3,0,0,0,0,6,6,False,45,y,within_tolerance_under_iid,8,"[711, 806, 901]",,0.7506709268640627,1.195578240852112,0.8093413957254598,6,0.8093413957254598,1.564419631793482,1.9824734472393348,3.7533546343203135,3.9302009690090114,"[141, 236, 331, 426, 521, 616]","[""insufficient_post_history""]",8,6
1,0,1,0,2,2,0,0,0,0,3,3,False,45,y,review_trend,9,"[806, 901]",,2.833959420172757,1.6289013821629896,1.6847730760659227,3,1.6847730760659227,0.9839257678544491,2.918112566970283,5.667918840345514,8.515380953509894,"[521, 616, 711]","[""insufficient_post_history""]",9,3
2,0,2,0,2,2,0,0,0,0,4,4,False,45,y,noise_baseline_short,9,"[806, 901]",,1.468982696755265,1.7751349182283542,1.2236624983488775,4,1.2236624983488775,1.8945511475746892,2.447324996697755,4.406948090265795,5.9893996394616655,"[426, 521, 616, 711]","[""insufficient_post_history""]",9,4
3,0,3,0,2,2,0,0,0,0,5,5,False,45,y,within_tolerance_under_iid,9,"[806, 901]",,0.84748931715763,1.6478609764783005,0.954556696518156,5,0.954556696518156,1.9184358481490458,2.1344536617922336,3.38995726863052,4.555892434338276,"[331, 426, 521, 616, 711]","[""insufficient_post_history""]",9,5
4,0,4,0,2,2,0,0,0,0,6,6,False,45,y,within_tolerance_under_iid,9,"[806, 901]",,0.8413135728490678,1.847553421335633,0.8837180447220773,6,0.8837180447220773,1.6614811343701155,2.164658286059134,4.206567864245339,4.6857454954044675,"[236, 331, 426, 521, 616, 711]","[""insufficient_post_history""]",9,6
2,0,2,0,1,1,0,0,0,0,3,3,False,45,y,noise_baseline_short,10,[901],,-7.136256831182176,1.6289013821629896,5.050923822945165,3,5.050923822945165,7.156721712486903,8.748456686501054,14.272513662364352,76.53549439558502,"[616, 711, 806]","[""insufficient_post_history""]",10,3
3,0,3,0,1,1,0,0,0,0,4,4,False,45,y,noise_baseline_short,10,[901],,-2.907158723038249,2.833959420172757,3.5718120312115413,4,3.5718120312115413,7.444334591855852,7.143624062423083,8.721476169114748,51.03136474523007,"[521, 616, 711, 806]","[""insufficient_post_history""]",10,4
4,0,4,0,1,1,0,0,0,0,5,5,False,45,y,high_noise_under_iid,10,[901],,-1.9034371575795752,2.117649003888806,2.8030477606457005,5,2.8030477606457005,6.348511763677935,6.267805336982346,7.613748630318301,39.28538374230438,"[426, 521, 616, 711, 806]","[""insufficient_post_history""]",10,5
5,0,5,0,1,1,0,0,0,0,6,6,False,45,y,high_noise_under_iid,10,[901],,-1.3838124703393602,2.019508729091262,2.314608898206927,6,2.314608898206927,5.639393448569909,5.66961075471254,6.919062351696801,32.1444861099521,"[331, 426, 521, 616, 711, 806]","[""insufficient_post_history""]",10,6
0,0,0,0,3,3,3,0,3,0,0,0,False,46,y,pre_data_incomplete,1,"[45, 140, 235]",,,,,,,,,,,[],"[""insufficient_pre_history""]",1,3
0,0,0,0,4,4,4,0,4,0,0,0,False,46,y,pre_data_incomplete,1,"[45, 140, 235, 330]",,,,,,,,,,,[],"[""insufficient_pre_history""]",1,4
0,0,0,0,5,5,5,0,5,0,0,0,False,46,y,pre_data_incomplete,1,"[45, 140, 235, 330, 425]",,,,,,,,,,,[],"[""insufficient_pre_history""]",1,5
0,0,0,0,6,6,6,0,6,0,0,0,False,46,y,pre_data_incomplete,1,"[45, 140, 235, 330, 425, 520]",,,,,,,,,,,[],"[""insufficient_pre_history""]",1,6
0,0,0,0,3,3,2,0,2,0,1,1,False,46,y,pre_data_incomplete,2,"[140, 235, 330]",,,,,,,,,,,[45],"[""insufficient_pre_history""]",2,3
0,0,0,0,4,4,3,0,3,0,1,1,False,46,y,pre_data_incomplete,2,"[140, 235, 330, 425]",,,,,,,,,,,[45],"[""insufficient_pre_history""]",2,4
0,0,0,0,5,5,4,0,4,0,1,1,False,46,y,pre_data_incomplete,2,"[140, 235, 330, 425, 520]",,,,,,,,,,,[45],"[""insufficient_pre_history""]",2,5
0,0,0,0,6,6,5,0,5,0,1,1,False,46,y,pre_data_incomplete,2,"[140, 235, 330, 425, 520, 615]",,,,,,,,,,,[45],"[""insufficient_pre_history""]",2,6
0,0,0,0,3,3,1,0,1,0,2,2,False,46,y,pre_data_incomplete,3,"[235, 330, 425]",,,,,,,,,,,"[45, 140]","[""insufficient_pre_history""]",3,3
0,0,0,0,4,4,2,0,2,0,2,2,False,46,y,pre_data_incomplete,3,"[235, 330, 425, 520]",,,,,,,,,,,"[45, 140]","[""insufficient_pre_history""]",3,4
0,0,0,0,5,5,3,0,3,0,2,2,False,46,y,pre_data_incomplete,3,"[235, 330, 425, 520, 615]",,,,,,,,,,,"[45, 140]","[""insufficient_pre_history""]",3,5
0,0,0,0,6,6,4,0,4,0,2,2,False,46,y,pre_data_incomplete,3,"[235, 330, 425, 520, 615, 710]",,,,,,,,,,,"[45, 140]","[""insufficient_pre_history""]",3,6
0,0,0,0,3,3,0,0,0,0,3,3,True,46,y,noise_baseline_short,4,"[330, 425, 520]",,-1.0275054581737202,0.06840781009950136,0.6966848714772662,3,0.6966848714772662,0.8948094365384152,1.2066935942632184,2.0550109163474404,1.4561094304358846,"[45, 140, 235]",[],4,3
0,0,0,0,4,4,1,0,1,0,3,3,False,46,y,pre_data_incomplete,4,"[330, 425, 520, 615]",,,,,,,,,,,"[45, 140, 235]","[""insufficient_pre_history""]",4,4
0,0,0,0,5,5,2,0,2,0,3,3,False,46,y,pre_data_incomplete,4,"[330, 425, 520, 615, 710]",,,,,,,,,,,"[45, 140, 235]","[""insufficient_pre_history""]",4,5
0,0,0,0,6,6,3,0,3,0,3,3,False,46,y,pre_data_incomplete,4,"[330, 425, 520, 615, 710, 805]",,,,,,,,,,,"[45, 140, 235]","[""insufficient_pre_history""]",4,6
0,0,0,0,3,3,0,0,0,0,3,3,True,46,y,noise_baseline_short,5,"[425, 520, 615]",,-0.019688299207273996,0.03937659841454799,0.03148864319439762,3,0.03148864319439762,0.0719301720420173,0.05453992987410462,0.03937659841454799,0.00297460395067225,"[140, 235, 330]",[],5,3
0,0,0,0,4,4,0,0,0,0,4,4,True,46,y,noise_baseline_short,5,"[425, 520, 615, 710]",,-0.6419978164484967,0.05389220425702468,0.5289042957512778,4,0.5289042957512778,0.8050065425655475,1.0578085915025557,1.9259934493454902,1.1189590162566208,"[45, 140, 235, 330]",[],5,4
0,0,0,0,5,5,1,0,1,0,4,4,False,46,y,pre_data_incomplete,5,"[425, 520, 615, 710, 805]",,,,,,,,,,,"[45, 140, 235, 330]","[""insufficient_pre_history""]",5,5
0,0,0,0,6,6,2,0,2,0,4,4,False,46,y,pre_data_incomplete,5,"[425, 520, 615, 710, 805, 900]",,,,,,,,,,,"[45, 140, 235, 330]","[""insufficient_pre_history""]",5,6
0,0,0,0,3,3,0,0,0,0,3,3,True,46,y,noise_baseline_short,6,"[520, 615, 710]",,-0.9832408596216252,0.10778440851404936,0.6382886635261762,3,0.6382886635261762,0.7148071990804566,1.1055483951225729,1.9664817192432504,1.2222372539580963,"[235, 330, 425]",[],6,3
0,0,0,0,4,4,0,0,0,0,4,4,True,46,y,noise_baseline_short,6,"[520, 615, 710, 805]",,-0.5802006135945297,0.05389220425702468,0.477457202124488,4,0.477457202124488,0.7254036111880016,0.954914404248976,1.740601840783589,0.9118615194421767,"[140, 235, 330, 425]",[],6,4
0,0,0,0,5,5,0,0,0,0,5,5,True,46,y,within_tolerance_under_iid,6,"[520, 615, 710, 805, 900]",,-0.808236186959593,0.06840781009950136,0.636587793024589,5,0.636587793024589,0.7239758341842906,1.4234535788495475,3.232944747838372,2.0262200911395847,"[45, 140, 235, 330, 425]",[],6,5
1,0,1,0,5,5,1,0,1,0,5,5,False,46,y,pre_data_incomplete,6,"[520, 615, 710, 805, 900]",,,,,,,,,,,"[45, 140, 235, 330, 425]","[""insufficient_pre_history"", ""insufficient_post_history""]",6,6
0,0,0,0,3,3,0,0,0,0,3,3,True,46,y,noise_baseline_short,7,"[615, 710, 805]",,0.9554919330453132,1.858697310729201,1.0882481131576252,3,1.0882481131576252,2.297775895625474,1.8849010232299714,1.9109838660906264,3.5528518673733935,"[330, 425, 520]",[],7,3
0,0,0,0,4,4,0,0,0,0,4,4,True,46,y,noise_baseline_short,7,"[615, 710, 805, 900]",,0.35509010620005305,0.9554919330453132,0.769839097350888,4,0.769839097350888,1.8001919220064475,1.539678194701776,1.065270318600159,2.3706089432401196,"[235, 330, 425, 520]",[],7,4
1,0,1,0,4,4,0,0,0,0,5,5,False,46,y,within_tolerance_under_iid,7,"[615, 710, 805, 900]",,0.17767328161089063,0.06840781009950136,0.596314814446672,5,0.596314814446672,1.5051189552753574,1.3334004610929324,0.7106931264435625,1.7779567896428448,"[140, 235, 330, 425, 520]","[""insufficient_post_history""]",7,5
2,0,2,0,4,4,0,0,0,0,6,6,False,46,y,within_tolerance_under_iid,7,"[615, 710, 805, 900]",,-0.20174466942284613,0.9554919330453132,0.6018702720737842,6,0.6018702720737842,1.593358777745599,1.474275057930855,1.0087233471142307,2.173486946437026,"[45, 140, 235, 330, 425, 520]","[""insufficient_post_history""]",7,6
0,0,0,0,3,3,0,0,0,0,3,3,True,46,y,noise_baseline_short,8,"[710, 805, 900]",,0.09206300616976493,0.18412601233952985,1.2270245039847212,3,1.2270245039847212,3.0027626622934545,2.1252687830335373,0.18412601233952985,4.516767400136851,"[425, 520, 615]",[],8,3
1,0,1,0,3,3,0,0,0,0,4,4,False,46,y,noise_baseline_short,8,"[710, 805, 900]",,-0.12540327183491862,0.9293486553646007,0.8781064910692569,4,0.8781064910692569,2.141754212434406,1.7562129821385137,0.37620981550475585,3.0842840386318517,"[330, 425, 520, 615]","[""insufficient_post_history""]",8,4
2,0,2,0,3,3,0,0,0,0,5,5,False,46,y,within_tolerance_under_iid,8,"[710, 805, 900]",,-0.16537275477168148,1.6745712983896712,0.6878836852561308,5,0.6878836852561308,1.7502569152959007,1.5381546808457782,0.6614910190867259,2.3659198222077777,"[235, 330, 425, 520, 615]","[""insufficient_post_history""]",8,5
3,0,3,0,3,3,0,0,0,0,6,6,False,46,y,within_tolerance_under_iid,8,"[710, 805, 900]",,-0.1433953834863019,0.8911778534518603,0.5645442720120493,6,0.5645442720120493,1.5166960738524482,1.382845403640511,0.7169769174315095,1.9122614103696876,"[140, 235, 330, 425, 520, 615]","[""insufficient_post_history""]",8,6
1,0,1,0,2,2,0,0,0,0,3,3,False,46,y,review_trend,9,"[805, 900]",,-3.3668121905445787,3.1480692166088597,1.9451969756826684,3,1.9451969756826684,0.17860289032047721,3.3691799926117034,6.733624381089157,11.351373822614999,"[520, 615, 710]","[""insufficient_post_history""]",9,3
2,0,2,0,2,2,0,0,0,0,4,4,False,46,y,noise_baseline_short,9,"[805, 900]",,-1.2477384777288287,1.5740346083044299,1.3779332411344212,4,1.3779332411344212,2.738625901821318,2.7558664822688423,3.743215433186486,7.594800068092843,"[425, 520, 615, 710]","[""insufficient_post_history""]",9,4
3,0,3,0,2,2,0,0,0,0,5,5,False,46,y,high_noise_under_iid,9,"[805, 900]",,-0.9461155017657532,1.6745712983896712,1.1149272012861668,5,1.1149272012861668,2.3028900579157394,2.4930530120394603,3.784462007063013,6.215313320839026,"[330, 425, 520, 615, 710]","[""insufficient_post_history""]",9,5
4,0,4,0,2,2,0,0,0,0,6,6,False,46,y,within_tolerance_under_iid,9,"[805, 900]",,-0.7401759238832025,0.9832408596216252,0.9396286037098437,6,0.9396286037098437,2.0554500977343837,2.3016106268129417,3.7008796194160127,5.297411477458263,"[235, 330, 425, 520, 615, 710]","[""insufficient_post_history""]",9,6
2,0,2,0,1,1,0,0,0,0,3,3,False,46,y,noise_baseline_short,10,[900],,-0.10925221402758667,0.21850442805517334,1.014901030423209,3,1.014901030423209,2.48118369267265,1.7578601493470047,0.21850442805517334,3.090072304662274,"[615, 710, 805]","[""insufficient_post_history""]",10,3
3,0,3,0,1,1,0,0,0,0,4,4,False,46,y,noise_baseline_short,10,[900],,-1.4560247994215272,1.5740346083044299,1.3784744462831038,4,1.3784744462831038,2.4700466094806406,2.7569488925662076,4.368074398264581,7.600767196222037,"[520, 615, 710, 805]","[""insufficient_post_history""]",10,4
4,0,4,0,1,1,0,0,0,0,5,5,False,46,y,high_noise_under_iid,10,[900],,-0.6802381212520444,0.18412601233952985,1.0688299495783027,5,1.0688299495783027,2.4644614155541857,2.3899764236447574,2.7209524850081777,5.711987305577784,"[425, 520, 615, 710, 805]","[""insufficient_post_history""]",10,5
5,0,5,0,1,1,0,0,0,0,6,6,False,46,y,within_tolerance_under_iid,10,[900],,-0.6269360974146431,0.9465378632224223,0.9158849618971345,6,0.9158849618971345,2.1381652575077754,2.2434508197363927,3.1346804870732154,5.033071580575892,"[330, 425, 520, 615, 710, 805]","[""insufficient_post_history""]",10,6
0,0,0,0,3,3,3,0,3,0,0,0,False,47,y,pre_data_incomplete,1,"[44, 139, 234]",,,,,,,,,,,[],"[""insufficient_pre_history""]",1,3
0,0,0,0,4,4,4,0,4,0,0,0,False,47,y,pre_data_incomplete,1,"[44, 139, 234, 329]",,,,,,,,,,,[],"[""insufficient_pre_history""]",1,4
0,0,0,0,5,5,5,0,5,0,0,0,False,47,y,pre_data_incomplete,1,"[44, 139, 234, 329, 424]",,,,,,,,,,,[],"[""insufficient_pre_history""]",1,5
0,0,0,0,6,6,6,0,6,0,0,0,False,47,y,pre_data_incomplete,1,"[44, 139, 234, 329, 424, 519]",,,,,,,,,,,[],"[""insufficient_pre_history""]",1,6
0,0,0,0,3,3,2,0,2,0,1,1,False,47,y,pre_data_incomplete,2,"[139, 234, 329]",,,,,,,,,,,[44],"[""insufficient_pre_history""]",2,3
0,0,0,0,4,4,3,0,3,0,1,1,False,47,y,pre_data_incomplete,2,"[139, 234, 329, 424]",,,,,,,,,,,[44],"[""insufficient_pre_history""]",2,4
0,0,0,0,5,5,4,0,4,0,1,1,False,47,y,pre_data_incomplete,2,"[139, 234, 329, 424, 519]",,,,,,,,,,,[44],"[""insufficient_pre_history""]",2,5
0,0,0,0,6,6,5,0,5,0,1,1,False,47,y,pre_data_incomplete,2,"[139, 234, 329, 424, 519, 614]",,,,,,,,,,,[44],"[""insufficient_pre_history""]",2,6
0,0,0,0,3,3,1,0,1,0,2,2,False,47,y,pre_data_incomplete,3,"[234, 329, 424]",,,,,,,,,,,"[44, 139]","[""insufficient_pre_history""]",3,3
0,0,0,0,4,4,2,0,2,0,2,2,False,47,y,pre_data_incomplete,3,"[234, 329, 424, 519]",,,,,,,,,,,"[44, 139]","[""insufficient_pre_history""]",3,4
0,0,0,0,5,5,3,0,3,0,2,2,False,47,y,pre_data_incomplete,3,"[234, 329, 424, 519, 614]",,,,,,,,,,,"[44, 139]","[""insufficient_pre_history""]",3,5
0,0,0,0,6,6,4,0,4,0,2,2,False,47,y,pre_data_incomplete,3,"[234, 329, 424, 519, 614, 709]",,,,,,,,,,,"[44, 139]","[""insufficient_pre_history""]",3,6
0,0,0,0,3,3,0,0,0,0,3,3,True,47,y,noise_baseline_short,4,"[329, 424, 519]",,-0.3094423322422535,0.618884664484507,0.9192153890479223,3,0.9192153890479223,2.208672106675884,1.5921277569301935,0.618884664484507,2.5348707943875692,"[44, 139, 234]",[],4,3
0,0,0,0,4,4,1,0,1,0,3,3,False,47,y,pre_data_incomplete,4,"[329, 424, 519, 614]",,,,,,,,,,,"[44, 139, 234]","[""insufficient_pre_history""]",4,4
0,0,0,0,5,5,2,0,2,0,3,3,False,47,y,pre_data_incomplete,4,"[329, 424, 519, 614, 709]",,,,,,,,,,,"[44, 139, 234]","[""insufficient_pre_history""]",4,5
0,0,0,0,6,6,3,0,3,0,3,3,False,47,y,pre_data_incomplete,4,"[329, 424, 519, 614, 709, 804]",,,,,,,,,,,"[44, 139, 234]","[""insufficient_pre_history""]",4,6
0,0,0,0,3,3,0,0,0,0,3,3,True,47,y,noise_baseline_short,5,"[424, 519, 614]",,-1.3742120234934814,0.2660781204922368,0.9635540585076361,3,0.9635540585076361,1.339291294293786,1.6689245851744203,2.7484240469869627,2.7853092709996106,"[139, 234, 329]",[],5,3
0,0,0,0,4,4,0,0,0,0,4,4,True,47,y,noise_baseline_short,5,"[424, 519, 614, 709]",,-0.40729217994560096,0.3094423322422535,0.6915913041082329,4,0.6915913041082329,1.566867541273562,1.3831826082164658,1.2218765398368028,1.9131941276725049,"[44, 139, 234, 329]",[],5,4
0,0,0,0,5,5,1,0,1,0,4,4,False,47,y,pre_data_incomplete,5,"[424, 519, 614, 709, 804]",,,,,,,,,,,"[44, 139, 234, 329]","[""insufficient_pre_history""]",5,5
0,0,0,0,6,6,2,0,2,0,4,4,False,47,y,pre_data_incomplete,5,"[424, 519, 614, 709, 804, 899]",,,,,,,,,,,"[44, 139, 234, 329]","[""insufficient_pre_history""]",5,6
0,0,0,0,3,3,0,0,0,0,3,3,True,47,y,noise_baseline_short,6,"[519, 614, 709]",,-0.18209081423817924,0.2660781204922368,0.18267353635110467,3,0.18267353635110467,0.3659284028854059,0.3163998461583935,0.3641816284763585,0.10010886264905507,"[234, 329, 424]",[],6,3
0,0,0,0,4,4,0,0,0,0,4,4,True,47,y,noise_baseline_short,6,"[519, 614, 709, 804]",,-0.9869973267374436,0.31512987448429763,0.7726741366398144,4,0.7726741366398144,1.0708606917453576,1.5453482732796289,2.960991980212331,2.3881012857283306,"[139, 234, 329, 424]",[],6,4
0,0,0,0,5,5,0,0,0,0,5,5,True,47,y,within_tolerance_under_iid,6,"[519, 614, 709, 804, 899]",,-0.47145566329086935,0.3528065439922702,0.5989165941194833,5,0.5989165941194833,1.2846941672039174,1.3392182173038154,1.8858226531634774,1.793505433558409,"[44, 139, 234, 329, 424]",[],6,5
1,0,1,0,5,5,1,0,1,0,5,5,False,47,y,pre_data_incomplete,6,"[519, 614, 709, 804, 899]",,,,,,,,,,,"[44, 139, 234, 329, 424]","[""insufficient_pre_history"", ""insufficient_post_history""]",6,6
0,0,0,0,3,3,0,0,0,0,3,3,True,47,y,noise_baseline_short,7,"[614, 709, 804]",,-0.06861289331160009,0.13722578662320017,0.1913607349295962,3,0.1913607349295962,0.4585827373327446,0.33144651547178094,0.13722578662320017,0.10985679261838555,"[329, 424, 519]",[],7,3
0,0,0,0,4,4,0,0,0,0,4,4,True,47,y,noise_baseline_short,7,"[614, 709, 804, 899]",,-0.024370274736148546,0.1330390602461184,0.13533673315553388,4,0.13533673315553388,0.32925888343442566,0.27067346631106776,0.07311082420844564,0.07326412536484872,"[234, 329, 424, 519]",[],7,4
1,0,1,0,4,4,0,0,0,0,5,5,False,47,y,within_tolerance_under_iid,7,"[614, 709, 804, 899]",,-0.6135481295696683,0.13722578662320017,0.6104318694124528,5,0.6104318694124528,1.1087723347473473,1.364967155638519,2.4541925182786732,1.8631353359719092,"[139, 234, 329, 424, 519]","[""insufficient_post_history""]",7,5
2,0,2,0,4,4,0,0,0,0,6,6,False,47,y,within_tolerance_under_iid,7,"[614, 709, 804, 899]",,-0.3520038548700511,0.3094423322422535,0.49841822937343405,6,0.49841822937343405,1.149375313908972,1.2208703404663799,1.7600192743502554,1.4905243882304942,"[44, 139, 234, 329, 424, 519]","[""insufficient_post_history""]",7,6
0,0,0,0,3,3,0,0,0,0,3,3,True,47,y,noise_baseline_short,8,"[709, 804, 899]",,-1.4177014163492037,0.4930339623453951,1.0371189584158826,3,1.0371189584158826,1.5601089037617837,1.7963427294692225,2.8354028326984073,3.226847201716936,"[424, 519, 614]",[],8,3
1,0,1,0,3,3,0,0,0,0,4,4,False,47,y,noise_baseline_short,8,"[709, 804, 899]",,-0.9903953782655615,0.31512987448429763,0.81378691170704,4,0.81378691170704,1.2334047643696004,1.62757382341408,2.9711861347966844,2.648996550662727,"[329, 424, 519, 614]","[""insufficient_post_history""]",8,4
2,0,2,0,3,3,0,0,0,0,5,5,False,47,y,within_tolerance_under_iid,8,"[709, 804, 899]",,-0.6536394708972731,0.2660781204922368,0.649964061166551,5,0.649964061166551,1.1799180814804686,1.4533638237002395,2.6145578835890926,2.1122664040405805,"[234, 329, 424, 519, 614]","[""insufficient_post_history""]",8,5
3,0,3,0,3,3,0,0,0,0,6,6,False,47,y,within_tolerance_under_iid,8,"[709, 804, 899]",,-0.8946895968751803,0.31512987448429763,0.8070651148323633,6,0.8070651148323633,1.1760534829610745,1.9768977205400016,4.473447984375902,3.9081245974762537,"[139, 234, 329, 424, 519, 614]","[""insufficient_post_history""]",8,6
1,0,1,0,2,2,0,0,0,0,3,3,False,47,y,noise_baseline_short,9,"[804, 899]",,-1.3479184246674938,0.6325999457088152,1.0205175840432,3,1.0205175840432,1.6170864778768081,1.767588305580264,2.6958368493349876,3.1243684180241083,"[519, 614, 709]","[""insufficient_post_history""]",9,3
2,0,2,0,2,2,0,0,0,0,4,4,False,47,y,noise_baseline_short,9,"[804, 899]",,-0.9936845456012581,1.3479184246674938,0.8149788184718679,4,0.8149788184718679,1.2315114319119675,1.6299576369437359,2.9810536368037743,2.656761898231207,"[424, 519, 614, 709]","[""insufficient_post_history""]",9,4
3,0,3,0,2,2,0,0,0,0,5,5,False,47,y,within_tolerance_under_iid,9,"[804, 899]",,-0.8501528104614783,0.6302597489685953,0.7234242329068604,5,0.7234242329068604,1.0391109026121141,1.6176257613503804,3.400611241845913,2.6167131037843974,"[329, 424, 519, 614, 709]","[""insufficient_post_history""]",9,5
4,0,4,0,2,2,0,0,0,0,6,6,False,47,y,within_tolerance_under_iid,9,"[804, 899]",,-0.6496821817138676,0.3795560414188159,0.620846380405137,6,0.620846380405137,1.0218837311830304,1.520756840646446,3.248410908569338,2.3127013683729603,"[234, 329, 424, 519, 614, 709]","[""insufficient_post_history""]",9,6
2,0,2,0,1,1,0,0,0,0,3,3,False,47,y,review_trend,10,[899],,1.8039601153343265,0.6325999457088152,1.1122999665426099,3,1.1122999665426099,0.9564115735341512,1.9265600553089623,3.607920230668653,3.7116336467120723,"[614, 709, 804]","[""insufficient_post_history""]",10,3
3,0,3,0,1,1,0,0,0,0,4,4,False,47,y,noise_baseline_short,10,[899],,0.14710502525833657,1.487660142479919,0.9207553589297277,4,0.9207553589297277,2.2433552694226186,1.8415107178594554,0.4413150757750097,3.3911617239912464,"[519, 614, 709, 804]","[""insufficient_post_history""]",10,4
4,0,4,0,1,1,0,0,0,0,5,5,False,47,y,within_tolerance_under_iid,10,[899],,-0.11508020533944967,0.7725173979702454,0.7377374606775198,5,0.7377374606775198,1.893206863246293,1.6496311116230125,0.46032082135779867,2.721282804434576,"[424, 519, 614, 709, 804]","[""insufficient_post_history""]",10,5
5,0,5,0,1,1,0,0,0,0,6,6,False,47,y,within_tolerance_under_iid,10,[899],,-0.263587348885838,0.45487159229672275,0.6450624975074744,6,0.6450624975074744,1.6783398558617217,1.5800739710986578,1.31793674442919,2.496633754143482,"[329, 424, 519, 614, 709, 804]","[""insufficient_post_history""]",10,6
0,0,0,0,3,3,3,0,3,0,0,0,False,48,y,pre_data_incomplete,1,"[43, 138, 233]",,,,,,,,,,,[],"[""insufficient_pre_history""]",1,3
0,0,0,0,4,4,4,0,4,0,0,0,False,48,y,pre_data_incomplete,1,"[43, 138, 233, 328]",,,,,,,,,,,[],"[""insufficient_pre_history""]",1,4
0,0,0,0,5,5,5,0,5,0,0,0,False,48,y,pre_data_incomplete,1,"[43, 138, 233, 328, 423]",,,,,,,,,,,[],"[""insufficient_pre_history""]",1,5
0,0,0,0,6,6,6,0,6,0,0,0,False,48,y,pre_data_incomplete,1,"[43, 138, 233, 328, 423, 518]",,,,,,,,,,,[],"[""insufficient_pre_history""]",1,6
0,0,0,0,3,3,2,0,2,0,1,1,False,48,y,pre_data_incomplete,2,"[138, 233, 328]",,,,,,,,,,,[43],"[""insufficient_pre_history""]",2,3
0,0,0,0,4,4,3,0,3,0,1,1,False,48,y,pre_data_incomplete,2,"[138, 233, 328, 423]",,,,,,,,,,,[43],"[""insufficient_pre_history""]",2,4
0,0,0,0,5,5,4,0,4,0,1,1,False,48,y,pre_data_incomplete,2,"[138, 233, 328, 423, 518]",,,,,,,,,,,[43],"[""insufficient_pre_history""]",2,5
0,0,0,0,6,6,5,0,5,0,1,1,False,48,y,pre_data_incomplete,2,"[138, 233, 328, 423, 518, 613]",,,,,,,,,,,[43],"[""insufficient_pre_history""]",2,6
0,0,0,0,3,3,1,0,1,0,2,2,False,48,y,pre_data_incomplete,3,"[233, 328, 423]",,,,,,,,,,,"[43, 138]","[""insufficient_pre_history""]",3,3
0,0,0,0,4,4,2,0,2,0,2,2,False,48,y,pre_data_incomplete,3,"[233, 328, 423, 518]",,,,,,,,,,,"[43, 138]","[""insufficient_pre_history""]",3,4
0,0,0,0,5,5,3,0,3,0,2,2,False,48,y,pre_data_incomplete,3,"[233, 328, 423, 518, 613]",,,,,,,,,,,"[43, 138]","[""insufficient_pre_history""]",3,5
0,0,0,0,6,6,4,0,4,0,2,2,False,48,y,pre_data_incomplete,3,"[233, 328, 423, 518, 613, 708]",,,,,,,,,,,"[43, 138]","[""insufficient_pre_history""]",3,6
0,0,0,0,3,3,0,0,0,0,3,3,True,48,y,review_trend,4,"[328, 423, 518]",,-1.2376443607666865,0.8713935337315868,0.7249084508877759,3,0.7249084508877759,0.29904254803611086,1.255578267773676,2.475288721533373,1.576476786505545,"[43, 138, 233]",[],4,3
0,0,0,0,4,4,1,0,1,0,3,3,False,48,y,pre_data_incomplete,4,"[328, 423, 518, 613]",,,,,,,,,,,"[43, 138, 233]","[""insufficient_pre_history""]",4,4
0,0,0,0,5,5,2,0,2,0,3,3,False,48,y,pre_data_incomplete,4,"[328, 423, 518, 613, 708]",,,,,,,,,,,"[43, 138, 233]","[""insufficient_pre_history""]",4,5
0,0,0,0,6,6,3,0,3,0,3,3,False,48,y,pre_data_incomplete,4,"[328, 423, 518, 613, 708, 803]",,,,,,,,,,,"[43, 138, 233]","[""insufficient_pre_history""]",4,6
0,0,0,0,3,3,0,0,0,0,3,3,True,48,y,noise_baseline_short,5,"[423, 518, 613]",,0.9682237887610067,1.6038951878017862,1.0235107308215943,3,1.0235107308215943,2.100126350102842,1.772772587874954,1.9364475775220134,3.1427226483208615,"[138, 233, 328]",[],5,3
0,0,0,0,4,4,0,0,0,0,4,4,True,48,y,noise_baseline_short,5,"[423, 518, 613, 708]",,0.15912669435694937,0.9682237887610069,0.7482905094238,4,0.7482905094238,1.8155794823746925,1.4965810188476,0.4773800830708481,2.239754745974921,"[43, 138, 233, 328]",[],5,4
0,0,0,0,5,5,1,0,1,0,4,4,False,48,y,pre_data_incomplete,5,"[423, 518, 613, 708, 803]",,,,,,,,,,,"[43, 138, 233, 328]","[""insufficient_pre_history""]",5,5
0,0,0,0,6,6,2,0,2,0,4,4,False,48,y,pre_data_incomplete,5,"[423, 518, 613, 708, 803, 898]",,,,,,,,,,,"[43, 138, 233, 328]","[""insufficient_pre_history""]",5,6
0,0,0,0,3,3,0,0,0,0,3,3,True,48,y,noise_baseline_short,6,"[518, 613, 708]",,-0.010642909314807714,0.021285818629615427,1.183677840745373,3,1.183677840745373,2.8993676622657576,2.050190159964408,0.021285818629615427,4.203279692014885,"[233, 328, 423]",[],6,3
0,0,0,0,4,4,0,0,0,0,4,4,True,48,y,noise_baseline_short,6,"[518, 613, 708, 803]",,-0.13352002539704055,0.8125905032157008,0.8438898087835492,4,0.8438898087835492,2.056290607685924,1.6877796175670985,0.40056007619112166,2.848600037474941,"[138, 233, 328, 423]",[],6,4
0,0,0,0,5,5,0,0,0,0,5,5,True,48,y,within_tolerance_under_iid,6,"[518, 613, 708, 803, 898]",,-0.30567015028039635,1.6038951878017862,0.6959655591052133,5,0.6959655591052133,1.7081197051620085,1.5562263001579046,1.2226806011215854,2.4218402973031607,"[43, 138, 233, 328, 423]",[],6,5
1,0,1,0,5,5,1,0,1,0,5,5,False,48,y,pre_data_incomplete,6,"[518, 613, 708, 803, 898]",,,,,,,,,,,"[43, 138, 233, 328, 423]","[""insufficient_pre_history"", ""insufficient_post_history""]",6,6
0,0,0,0,3,3,0,0,0,0,3,3,True,48,y,noise_baseline_short,7,"[613, 708, 803]",,-1.7454197212351308,0.07078914148315363,1.1755889608024854,3,1.1755889608024854,1.482928326660113,2.036179808927002,3.4908394424702616,4.146028214282002,"[328, 423, 518]",[],7,3
0,0,0,0,4,4,0,0,0,0,4,4,True,48,y,noise_baseline_short,7,"[613, 708, 803, 898]",,-0.34131186153928006,0.035394570741576814,0.8828587543542953,4,0.8828587543542953,2.0941353857312057,1.7657175087085906,1.0239355846178402,3.1177583205600716,"[233, 328, 423, 518]",[],7,4
1,0,1,0,4,4,0,0,0,0,5,5,False,48,y,within_tolerance_under_iid,7,"[613, 708, 803, 898]",,-0.31300695485261115,0.07078914148315363,0.6985181186923366,5,0.6985181186923366,1.7106351359430392,1.5619339969113313,1.2520278194104446,2.439637810707407,"[138, 233, 328, 423, 518]","[""insufficient_post_history""]",7,5
2,0,2,0,4,4,0,0,0,0,6,6,False,48,y,within_tolerance_under_iid,7,"[613, 708, 803, 898]",,-0.38468934992484516,0.8373421646424695,0.6188286269277911,6,0.6188286269277911,1.4915355264049242,1.5158143742002221,1.9234467496242258,2.2976932170320112,"[43, 138, 233, 328, 423, 518]","[""insufficient_post_history""]",7,6
0,0,0,0,3,3,0,0,0,0,3,3,True,48,y,noise_baseline_short,8,"[708, 803, 898]",,-0.8194477606437878,0.07078914148315363,0.558470693469718,3,0.558470693469718,0.7268753868023383,0.9672996156277759,1.6388955212875755,0.9356685463936429,"[423, 518, 613]",[],8,3
1,0,1,0,3,3,0,0,0,0,4,4,False,48,y,review_trend,8,"[708, 803, 898]",,-1.553078317423982,0.8548423313853646,1.0947851808944695,4,1.0947851808944695,1.077588466765283,2.189570361788939,4.659234952271946,4.794218369224546,"[328, 423, 518, 613]","[""insufficient_post_history""]",8,4
2,0,2,0,3,3,0,0,0,0,5,5,False,48,y,within_tolerance_under_iid,8,"[708, 803, 898]",,-0.6811202122304644,0.0495033228535382,0.8533683441113376,5,0.8533683441113376,1.8189285472073757,1.9081896272793832,2.7244808489218575,3.641187653656632,"[233, 328, 423, 518, 613]","[""insufficient_post_history""]",8,5
3,0,3,0,3,3,0,0,0,0,6,6,False,48,y,within_tolerance_under_iid,8,"[708, 803, 898]",,-0.5638143215425053,0.8125905032157008,0.7259384922650354,6,0.7259384922650354,1.600514411523164,1.7781788906946894,2.8190716077125266,3.1619201673121964,"[138, 233, 328, 423, 518, 613]","[""insufficient_post_history""]",8,6
1,0,1,0,2,2,0,0,0,0,3,3,False,48,y,noise_baseline_short,9,"[803, 898]",,0.12589166726454337,0.25178333452908674,0.6161607473384144,3,0.6161607473384144,1.4987417975056634,1.0672217200197436,0.25178333452908674,1.1389621996818997,"[518, 613, 708]","[""insufficient_post_history""]",9,3
2,0,2,0,2,2,0,0,0,0,4,4,False,48,y,noise_baseline_short,9,"[803, 898]",,-0.07419672347340081,0.1612862380061202,0.4478842817584243,4,0.4478842817584243,1.0907974581204738,0.8957685635168486,0.22259017042020243,0.8024013193850384,"[423, 518, 613, 708]","[""insufficient_post_history""]",9,4
3,0,3,0,2,2,0,0,0,0,5,5,False,48,y,within_tolerance_under_iid,9,"[803, 898]",,-0.8117007737169925,0.25178333452908674,0.8487456006091825,5,0.8487456006091825,1.614393635449669,1.897852858566019,3.24680309486797,3.6018454727672093,"[328, 423, 518, 613, 708]","[""insufficient_post_history""]",9,5
4,0,4,0,2,2,0,0,0,0,6,6,False,48,y,within_tolerance_under_iid,9,"[803, 898]",,-0.40069571106647695,0.1612862380061202,0.6969011397596708,6,0.6969011397596708,1.7146710714285793,1.7070521935752196,2.003478555332385,2.9140271915899687,"[233, 328, 423, 518, 613, 708]","[""insufficient_post_history""]",9,6
2,0,2,0,1,1,0,0,0,0,3,3,False,48,y,review_trend,10,[898],,3.613777327756207,1.961467997299816,2.157886976942635,3,2.157886976942635,1.3491049189526232,3.737569881055854,7.227554655512414,13.969428615775874,"[613, 708, 803]","[""insufficient_post_history""]",10,3
3,0,3,0,1,1,0,0,0,0,4,4,False,48,y,noise_baseline_short,10,[898],,1.8515077975524867,0.980733998649908,1.562915794310925,4,1.562915794310925,2.46698842106021,3.12583158862185,5.55452339265746,9.7708231204262,"[518, 613, 708, 803]","[""insufficient_post_history""]",10,4
4,0,4,0,1,1,0,0,0,0,5,5,False,48,y,high_noise_under_iid,10,[898],,1.1429101602978764,0.25178333452908674,1.2299513445587926,5,1.2299513445587926,2.3939625348306564,2.7502548154507265,4.571640641191506,7.563901549909909,"[423, 518, 613, 708, 803]","[""insufficient_post_history""]",10,5
5,0,5,0,1,1,0,0,0,0,6,6,False,48,y,high_noise_under_iid,10,[898],,0.26837672904637444,1.0161285693914848,1.0999873167770204,6,1.0999873167770204,2.959675096609876,2.6944076496369016,1.341883645231872,7.259832582421852,"[328, 423, 518, 613, 708, 803]","[""insufficient_post_history""]",10,6
0,0,0,0,3,3,3,0,3,0,0,0,False,49,y,pre_data_incomplete,1,"[42, 137, 232]",,,,,,,,,,,[],"[""insufficient_pre_history""]",1,3
0,0,0,0,4,4,4,0,4,0,0,0,False,49,y,pre_data_incomplete,1,"[42, 137, 232, 327]",,,,,,,,,,,[],"[""insufficient_pre_history""]",1,4
0,0,0,0,5,5,5,0,5,0,0,0,False,49,y,pre_data_incomplete,1,"[42, 137, 232, 327, 422]",,,,,,,,,,,[],"[""insufficient_pre_history""]",1,5
0,0,0,0,6,6,6,0,6,0,0,0,False,49,y,pre_data_incomplete,1,"[42, 137, 232, 327, 422, 517]",,,,,,,,,,,[],"[""insufficient_pre_history""]",1,6
0,0,0,0,3,3,2,0,2,0,1,1,False,49,y,pre_data_incomplete,2,"[137, 232, 327]",,,,,,,,,,,[42],"[""insufficient_pre_history""]",2,3
0,0,0,0,4,4,3,0,3,0,1,1,False,49,y,pre_data_incomplete,2,"[137, 232, 327, 422]",,,,,,,,,,,[42],"[""insufficient_pre_history""]",2,4
0,0,0,0,5,5,4,0,4,0,1,1,False,49,y,pre_data_incomplete,2,"[137, 232, 327, 422, 517]",,,,,,,,,,,[42],"[""insufficient_pre_history""]",2,5
0,0,0,0,6,6,5,0,5,0,1,1,False,49,y,pre_data_incomplete,2,"[137, 232, 327, 422, 517, 612]",,,,,,,,,,,[42],"[""insufficient_pre_history""]",2,6
0,0,0,0,3,3,1,0,1,0,2,2,False,49,y,pre_data_incomplete,3,"[232, 327, 422]",,,,,,,,,,,"[42, 137]","[""insufficient_pre_history""]",3,3
0,0,0,0,4,4,2,0,2,0,2,2,False,49,y,pre_data_incomplete,3,"[232, 327, 422, 517]",,,,,,,,,,,"[42, 137]","[""insufficient_pre_history""]",3,4
0,0,0,0,5,5,3,0,3,0,2,2,False,49,y,pre_data_incomplete,3,"[232, 327, 422, 517, 612]",,,,,,,,,,,"[42, 137]","[""insufficient_pre_history""]",3,5
0,0,0,0,6,6,4,0,4,0,2,2,False,49,y,pre_data_incomplete,3,"[232, 327, 422, 517, 612, 707]",,,,,,,,,,,"[42, 137]","[""insufficient_pre_history""]",3,6
0,0,0,0,3,3,0,0,0,0,3,3,True,49,y,noise_baseline_short,4,"[327, 422, 517]",,0.6910580111668497,1.3821160223336995,0.8276568963132113,3,0.8276568963132113,1.776224444852942,1.433543795649248,1.3821160223336995,2.055047814044453,"[42, 137, 232]",[],4,3
0,0,0,0,4,4,1,0,1,0,3,3,False,49,y,pre_data_incomplete,4,"[327, 422, 517, 612]",,,,,,,,,,,"[42, 137, 232]","[""insufficient_pre_history""]",4,4
0,0,0,0,5,5,2,0,2,0,3,3,False,49,y,pre_data_incomplete,4,"[327, 422, 517, 612, 707]",,,,,,,,,,,"[42, 137, 232]","[""insufficient_pre_history""]",4,5
0,0,0,0,6,6,3,0,3,0,3,3,False,49,y,pre_data_incomplete,4,"[327, 422, 517, 612, 707, 802]",,,,,,,,,,,"[42, 137, 232]","[""insufficient_pre_history""]",4,6
0,0,0,0,3,3,0,0,0,0,3,3,True,49,y,noise_baseline_short,5,"[422, 517, 612]",,0.1597742521126806,0.3195485042253612,0.9069385809249192,3,0.9069385809249192,2.210015817623101,1.5708637015063778,0.3195485042253612,2.4676127687103184,"[137, 232, 327]",[],5,3
0,0,0,0,4,4,0,0,0,0,4,4,True,49,y,noise_baseline_short,5,"[422, 517, 612, 707]",,-0.0627966001204544,0.7421818840535819,0.6499367229856362,4,0.6499367229856362,1.5889140728324882,1.2998734459712724,0.1883898003613632,1.6896709755412307,"[42, 137, 232, 327]",[],5,4
0,0,0,0,5,5,1,0,1,0,4,4,False,49,y,pre_data_incomplete,5,"[422, 517, 612, 707, 802]",,,,,,,,,,,"[42, 137, 232, 327]","[""insufficient_pre_history""]",5,5
0,0,0,0,6,6,2,0,2,0,4,4,False,49,y,pre_data_incomplete,5,"[422, 517, 612, 707, 802, 897]",,,,,,,,,,,"[42, 137, 232, 327]","[""insufficient_pre_history""]",5,6
0,0,0,0,3,3,0,0,0,0,3,3,True,49,y,review_trend,6,"[517, 612, 707]",,-2.6029586729527794,2.546931286215502,1.50293492974265,3,1.50293492974265,0.04574616970930257,2.6031596587842305,5.205917345905559,6.77644020912163,"[232, 327, 422]",[],6,3
0,0,0,0,4,4,0,0,0,0,4,4,True,49,y,noise_baseline_short,6,"[517, 612, 707, 802]",,-0.9565243952609588,1.3294930298450285,1.0650745960397854,4,1.0650745960397854,2.1257836376152004,2.1301491920795708,2.869573185782876,4.537535580517248,"[137, 232, 327, 422]",[],6,4
0,0,0,0,5,5,0,0,0,0,5,5,True,49,y,within_tolerance_under_iid,6,"[517, 612, 707, 802, 897]",,-0.7328054142918358,1.1648152638818023,0.8633785880052257,5,0.8633785880052257,1.7831072104955492,1.9305732130974693,2.931221657167343,3.727112931129487,"[42, 137, 232, 327, 422]",[],6,5
1,0,1,0,5,5,1,0,1,0,5,5,False,49,y,pre_data_incomplete,6,"[517, 612, 707, 802, 897]",,,,,,,,,,,"[42, 137, 232, 327, 422]","[""insufficient_pre_history"", ""insufficient_post_history""]",6,6
0,0,0,0,3,3,0,0,0,0,3,3,True,49,y,noise_baseline_short,7,"[612, 707, 802]",,-0.4191158808934703,0.8382317617869406,0.7848561639429781,3,0.7848561639429781,1.8288463427093873,1.3594107525828463,0.8382317617869406,1.8479975942378606,"[327, 422, 517]",[],7,3
0,0,0,0,4,4,0,0,0,0,4,4,True,49,y,noise_baseline_short,7,"[612, 707, 802, 897]",,-1.2814475203697384,1.3294930298450285,1.0814318133853462,4,1.0814318133853462,1.706370192354851,2.1628636267706924,3.8443425611092152,4.677979068007673,"[232, 327, 422, 517]",[],7,4
1,0,1,0,4,4,0,0,0,0,5,5,False,49,y,within_tolerance_under_iid,7,"[612, 707, 802, 897]",,-0.6243283861028718,0.5186832575615794,0.8378339146229636,5,0.8378339146229636,1.8386094412998308,1.873453586951702,2.497313544411487,3.509828342462198,"[137, 232, 327, 422, 517]","[""insufficient_post_history""]",7,5
2,0,2,0,4,4,0,0,0,0,6,6,False,49,y,within_tolerance_under_iid,7,"[612, 707, 802, 897]",,-0.5594422594558086,1.0015235128343716,0.7238039785768702,6,0.7238039785768702,1.599975957082897,1.7729504213096985,2.797211297279043,3.1433531964222374,"[42, 137, 232, 327, 422, 517]","[""insufficient_post_history""]",7,6
0,0,0,0,3,3,0,0,0,0,3,3,True,49,y,review_trend,8,"[707, 802, 897]",,2.3513819751233243,1.8207542979031164,1.369044975749994,3,1.369044975749994,0.43325568419592075,2.371255455845891,4.7027639502466485,5.622852436878904,"[422, 517, 612]",[],8,3
1,0,1,0,3,3,0,0,0,0,4,4,False,49,y,noise_baseline_short,8,"[707, 802, 897]",,0.795208796957289,1.3294930298450285,0.9756085925301519,4,0.9756085925301519,2.0322352664040486,1.9512171850603037,2.3856263908718667,3.8072485032746557,"[327, 422, 517, 612]","[""insufficient_post_history""]",8,4
2,0,2,0,3,3,0,0,0,0,5,5,False,49,y,within_tolerance_under_iid,8,"[707, 802, 897]",,-0.18445385531047612,2.0437778905565915,0.9538758233099519,5,0.9538758233099519,2.439764297257408,2.132931183014631,0.7378154212419045,4.549395431476194,"[232, 327, 422, 517, 612]","[""insufficient_post_history""]",8,5
3,0,3,0,3,3,0,0,0,0,6,6,False,49,y,within_tolerance_under_iid,8,"[707, 802, 897]",,-0.028509806565360587,1.441004826171766,0.7839856798258104,6,0.7839856798258104,2.146204919528086,1.920364881222219,0.14254903282680292,3.6878012770316273,"[137, 232, 327, 422, 517, 612]","[""insufficient_post_history""]",8,6
1,0,1,0,2,2,0,0,0,0,3,3,False,49,y,noise_baseline_short,9,"[802, 897]",,1.0178266089785897,0.8463564343863529,0.8552511935750511,3,0.8552511935750511,1.5220990811309183,1.4813385205059133,2.0356532179571794,2.194363812334648,"[517, 612, 707]","[""insufficient_post_history""]",9,3
2,0,2,0,2,2,0,0,0,0,4,4,False,49,y,noise_baseline_short,9,"[802, 897]",,1.445123219992442,1.441004826171766,1.0554343180600245,4,1.0554343180600245,1.2094200246521742,2.110868636120049,4.335369659977326,4.4557663989553165,"[422, 517, 612, 707]","[""insufficient_post_history""]",9,4
3,0,3,0,2,2,0,0,0,0,5,5,False,49,y,within_tolerance_under_iid,9,"[802, 897]",,0.7097606862587126,1.1974214561702388,0.817636119243659,5,0.817636119243659,1.666630748171515,1.8282899434879454,2.8390427450348503,3.342644117459155,"[327, 422, 517, 612, 707]","[""insufficient_post_history""]",9,5
4,0,4,0,2,2,0,0,0,0,6,6,False,49,y,within_tolerance_under_iid,9,"[802, 897]",,0.034415394838473584,1.441004826171766,0.7957351098924536,6,0.7957351098924536,2.1780210980344985,1.9491449896540098,0.17207697419236792,3.79916619069333,"[232, 327, 422, 517, 612, 707]","[""insufficient_post_history""]",9,6
2,0,2,0,1,1,0,0,0,0,3,3,False,49,y,noise_baseline_short,10,[897],,0.8378786130243245,0.8463564343863529,0.741077999000041,3,0.741077999000041,1.3751721576894644,1.2835847466395487,1.675757226048649,1.6475898018057147,"[612, 707, 802]","[""insufficient_post_history""]",10,3
3,0,3,0,1,1,0,0,0,0,4,4,False,49,y,noise_baseline_short,10,[897],,1.2826944200790191,1.261056830217501,0.9476796376389522,4,0.9476796376389522,1.1292996658630283,1.8953592752779045,3.8480832602370576,3.5923867823819835,"[517, 612, 707, 802]","[""insufficient_post_history""]",10,4
4,0,4,0,1,1,0,0,0,0,5,5,False,49,y,review_trend,10,[897],,1.4792695570547774,2.0356532179571794,1.113989172741312,5,1.113989172741312,0.9894532691352123,2.4909555164483295,5.9170782282191094,6.204859384924363,"[422, 517, 612, 707, 802]","[""insufficient_post_history""]",10,5
5,0,5,0,1,1,0,0,0,0,6,6,False,49,y,within_tolerance_under_iid,10,[897],,0.9442545080843034,1.441004826171766,0.9168660835932916,6,0.9168660835932916,1.55048479327066,2.2458540672675515,4.721272540421517,5.043860491462204,"[327, 422, 517, 612, 707, 802]","[""insufficient_post_history""]",10,6
0,0,0,0,3,3,3,0,3,0,0,0,False,5,y,pre_data_incomplete,1,"[86, 181, 276]",,,,,,,,,,,[],"[""insufficient_pre_history""]",1,3
0,0,0,0,4,4,4,0,4,0,0,0,False,5,y,pre_data_incomplete,1,"[86, 181, 276, 371]",,,,,,,,,,,[],"[""insufficient_pre_history""]",1,4
0,0,0,0,5,5,5,0,5,0,0,0,False,5,y,pre_data_incomplete,1,"[86, 181, 276, 371, 466]",,,,,,,,,,,[],"[""insufficient_pre_history""]",1,5
0,0,0,0,6,6,6,0,6,0,0,0,False,5,y,pre_data_incomplete,1,"[86, 181, 276, 371, 466, 561]",,,,,,,,,,,[],"[""insufficient_pre_history""]",1,6
0,0,0,0,3,3,2,0,2,0,1,1,False,5,y,pre_data_incomplete,2,"[181, 276, 371]",,,,,,,,,,,[86],"[""insufficient_pre_history""]",2,3
0,0,0,0,4,4,3,0,3,0,1,1,False,5,y,pre_data_incomplete,2,"[181, 276, 371, 466]",,,,,,,,,,,[86],"[""insufficient_pre_history""]",2,4
0,0,0,0,5,5,4,0,4,0,1,1,False,5,y,pre_data_incomplete,2,"[181, 276, 371, 466, 561]",,,,,,,,,,,[86],"[""insufficient_pre_history""]",2,5
0,0,0,0,6,6,5,0,5,0,1,1,False,5,y,pre_data_incomplete,2,"[181, 276, 371, 466, 561, 656]",,,,,,,,,,,[86],"[""insufficient_pre_history""]",2,6
0,0,0,0,3,3,1,0,1,0,2,2,False,5,y,pre_data_incomplete,3,"[276, 371, 466]",,,,,,,,,,,"[86, 181]","[""insufficient_pre_history""]",3,3
0,0,0,0,4,4,2,0,2,0,2,2,False,5,y,pre_data_incomplete,3,"[276, 371, 466, 561]",,,,,,,,,,,"[86, 181]","[""insufficient_pre_history""]",3,4
0,0,0,0,5,5,3,0,3,0,2,2,False,5,y,pre_data_incomplete,3,"[276, 371, 466, 561, 656]",,,,,,,,,,,"[86, 181]","[""insufficient_pre_history""]",3,5
0,0,0,0,6,6,4,0,4,0,2,2,False,5,y,pre_data_incomplete,3,"[276, 371, 466, 561, 656, 751]",,,,,,,,,,,"[86, 181]","[""insufficient_pre_history""]",3,6
0,0,0,0,3,3,0,0,0,0,3,3,True,5,y,noise_baseline_short,4,"[371, 466, 561]",,0.3456367821844347,0.005971217229718606,0.23142614392992145,3,0.23142614392992145,0.2870867293484941,0.40084183948637164,0.6912735643688694,0.16067418028281813,"[86, 181, 276]",[],4,3
0,0,0,0,4,4,1,0,1,0,3,3,False,5,y,pre_data_incomplete,4,"[371, 466, 561, 656]",,,,,,,,,,,"[86, 181, 276]","[""insufficient_pre_history""]",4,4
0,0,0,0,5,5,2,0,2,0,3,3,False,5,y,pre_data_incomplete,4,"[371, 466, 561, 656, 751]",,,,,,,,,,,"[86, 181, 276]","[""insufficient_pre_history""]",4,5
0,0,0,0,6,6,3,0,3,0,3,3,False,5,y,pre_data_incomplete,4,"[371, 466, 561, 656, 751, 846]",,,,,,,,,,,"[86, 181, 276]","[""insufficient_pre_history""]",4,6
0,0,0,0,3,3,0,0,0,0,3,3,True,5,y,noise_baseline_short,5,"[466, 561, 656]",,0.3617642977377332,0.005971217229718606,0.24217753596194738,3,0.24217753596194738,0.30025479065662103,0.41946379673793177,0.7235285954754664,0.17594987677380095,"[181, 276, 371]",[],5,3
0,0,0,0,4,4,0,0,0,0,4,4,True,5,y,review_trend,5,"[466, 561, 656, 751]",,0.42563489139924454,0.348622390799294,0.2900540781441642,4,0.2900540781441642,0.22776206345054217,0.5801081562883283,1.2769046741977337,0.3365254729922436,"[86, 181, 276, 371]",[],5,4
0,0,0,0,5,5,1,0,1,0,4,4,False,5,y,pre_data_incomplete,5,"[466, 561, 656, 751, 846]",,,,,,,,,,,"[86, 181, 276, 371]","[""insufficient_pre_history""]",5,5
0,0,0,0,6,6,2,0,2,0,4,4,False,5,y,pre_data_incomplete,5,"[466, 561, 656, 751, 846, 941]",,,,,,,,,,,"[86, 181, 276, 371]","[""insufficient_pre_history""]",5,6
0,0,0,0,3,3,0,0,0,0,3,3,True,5,y,noise_baseline_short,6,"[561, 656, 751]",,-0.27824723532761686,0.5564944706552337,0.3723526829829204,3,0.3723526829829204,0.8228220191587917,0.6449337652610054,0.5564944706552337,0.4159395615737376,"[276, 371, 466]",[],6,3
0,0,0,0,4,4,0,0,0,0,4,4,True,5,y,noise_baseline_short,6,"[561, 656, 751, 846]",,-0.09578972509496722,0.28123284394247616,0.26361012497137004,4,0.26361012497137004,0.6276962715677898,0.5272202499427401,0.2873691752849017,0.2779611919496853,"[181, 276, 371, 466]",[],6,4
0,0,0,0,5,5,0,0,0,0,5,5,True,5,y,within_tolerance_under_iid,6,"[561, 656, 751, 846, 941]",,0.09930867829027379,0.5564944706552337,0.25172020424992925,5,0.25172020424992925,0.6241364938096237,0.5628634880129733,0.39723471316109515,0.3168153061381305,"[86, 181, 276, 371, 466]",[],6,5
1,0,1,0,5,5,1,0,1,0,5,5,False,5,y,pre_data_incomplete,6,"[561, 656, 751, 846, 941]",,,,,,,,,,,"[86, 181, 276, 371, 466]","[""insufficient_pre_history"", ""insufficient_post_history""]",6,6
0,0,0,0,3,3,0,0,0,0,3,3,True,5,y,noise_baseline_short,7,"[656, 751, 846]",,-0.5204109661574066,0.24517235104560553,0.39420814252121295,3,0.39420814252121295,0.6250961609115662,0.6827885316040939,1.0408219323148131,0.4662001788900747,"[371, 466, 561]",[],7,3
0,0,0,0,4,4,0,0,0,0,4,4,True,5,y,noise_baseline_short,7,"[656, 751, 846, 941]",,-0.22199606421893034,0.2782472353276169,0.2789854613933549,4,0.2789854613933549,0.5863375262521068,0.5579709227867098,0.665988192656791,0.31133155067545243,"[276, 371, 466, 561]",[],7,4
1,0,1,0,4,4,0,0,0,0,5,5,False,5,y,within_tolerance_under_iid,7,"[656, 751, 846, 941]",,-0.11910811443339273,0.3113221196096282,0.21625333763116522,5,0.21625333763116522,0.5142770626467128,0.48355716330449877,0.4764324577335709,0.2338275301830937,"[181, 276, 371, 466, 561]","[""insufficient_post_history""]",7,5
2,0,2,0,4,4,0,0,0,0,6,6,False,5,y,within_tolerance_under_iid,7,"[656, 751, 846, 941]",,0.02691028493847241,0.28123284394247616,0.20845577100034773,6,0.20845577100034773,0.568098009541435,0.5106102728893108,0.13455142469236206,0.26072285078009655,"[86, 181, 276, 371, 466, 561]","[""insufficient_post_history""]",7,6
0,0,0,0,3,3,0,0,0,0,3,3,True,5,y,noise_baseline_short,8,"[751, 846, 941]",,0.8806208172958281,0.24517235104560553,0.5507846750898088,3,0.5507846750898088,0.5188415000490741,0.953987041285865,1.7612416345916562,0.9100912749413588,"[466, 561, 656]",[],8,3
1,0,1,0,3,3,0,0,0,0,4,4,False,5,y,noise_baseline_short,8,"[751, 846, 941]",,0.1670914404739317,0.6429971416802094,0.418914750827552,4,0.418914750827552,0.9915334271048688,0.837829501655104,0.5012743214217952,0.7019582738436398,"[371, 466, 561, 656]","[""insufficient_post_history""]",8,4
2,0,2,0,3,3,0,0,0,0,5,5,False,5,y,within_tolerance_under_iid,8,"[751, 846, 941]",,0.13686723955580313,0.5564944706552337,0.3288417940271813,5,0.3288417940271813,0.8114620749700396,0.7353126052877617,0.5474689582232125,0.5406846274950755,"[276, 371, 466, 561, 656]","[""insufficient_post_history""]",8,5
3,0,3,0,3,3,0,0,0,0,6,6,False,5,y,within_tolerance_under_iid,8,"[751, 846, 941]",,0.10782625975269186,0.43689390374729026,0.27071231466325313,6,0.27071231466325313,0.7062384387010563,0.6631070380127306,0.5391312987634593,0.439710943862017,"[181, 276, 371, 466, 561, 656]","[""insufficient_post_history""]",8,6
1,0,1,0,2,2,0,0,0,0,3,3,False,5,y,noise_baseline_short,9,"[846, 941]",,-0.22056691761629924,0.4411338352325985,0.5927201504389987,3,0.5927201504389987,1.4179575205643733,1.0266214152302142,0.44113383523259847,1.0539515302092877,"[561, 656, 751]","[""insufficient_post_history""]",9,3
2,0,2,0,2,2,0,0,0,0,4,4,False,5,y,noise_baseline_short,9,"[846, 941]",,0.09281848309850714,0.22056691761629932,0.4454443395288203,4,0.4454443395288203,1.0811964579565694,0.8908886790576406,0.2784554492955214,0.7936826384730677,"[466, 561, 656, 751]","[""insufficient_post_history""]",9,4
3,0,3,0,2,2,0,0,0,0,5,5,False,5,y,within_tolerance_under_iid,9,"[846, 941]",,-0.12026699005031675,0.4411338352325985,0.38318841573199175,5,0.38318841573199175,0.9647151133998481,0.8568353457671835,0.481067960201267,0.7341668097559688,"[371, 466, 561, 656, 751]","[""insufficient_post_history""]",9,5
4,0,4,0,2,2,0,0,0,0,6,6,False,5,y,within_tolerance_under_iid,9,"[846, 941]",,-0.05975329627062333,0.4988141529439162,0.3130470271990983,6,0.3130470271990983,0.8481553881629982,0.7668054821329578,0.2987664813531166,0.5879906474291579,"[276, 371, 466, 561, 656, 751]","[""insufficient_post_history""]",9,6
2,0,2,0,1,1,0,0,0,0,3,3,False,5,y,noise_baseline_short,10,[941],,-0.08788924729199565,0.1757784945839913,0.6251673473293266,3,0.6251673473293266,1.5262883847496231,1.0828216088074527,0.1757784945839913,1.1725026365003604,"[656, 751, 846]","[""insufficient_post_history""]",10,3
3,0,3,0,1,1,0,0,0,0,4,4,False,5,y,noise_baseline_short,10,[941],,0.20636692481075283,0.7580346417730253,0.4857224076714145,4,0.4857224076714145,1.144154392879334,0.971444815342829,0.6191007744322585,0.943705029256463,"[561, 656, 751, 846]","[""insufficient_post_history""]",10,4
4,0,4,0,1,1,0,0,0,0,5,5,False,5,y,within_tolerance_under_iid,10,[941],,0.2729792444782731,0.4411338352325985,0.41277882939682853,5,0.41277882939682853,0.9420811289913825,0.9230015222040971,1.0919169779130924,0.8519318099910803,"[466, 561, 656, 751, 846]","[""insufficient_post_history""]",10,5
5,0,5,0,1,1,0,0,0,0,6,6,False,5,y,within_tolerance_under_iid,10,[941],,0.0693008318348943,0.7927315700038323,0.35187957480243615,6,0.35187957480243615,0.9526976779475548,0.8619254091734733,0.3465041591744715,0.7429154109788593,"[371, 466, 561, 656, 751, 846]","[""insufficient_post_history""]",10,6
0,0,0,0,3,3,3,0,3,0,0,0,False,50,y,pre_data_incomplete,1,"[41, 136, 231]",,,,,,,,,,,[],"[""insufficient_pre_history""]",1,3
0,0,0,0,4,4,4,0,4,0,0,0,False,50,y,pre_data_incomplete,1,"[41, 136, 231, 326]",,,,,,,,,,,[],"[""insufficient_pre_history""]",1,4
0,0,0,0,5,5,5,0,5,0,0,0,False,50,y,pre_data_incomplete,1,"[41, 136, 231, 326, 421]",,,,,,,,,,,[],"[""insufficient_pre_history""]",1,5
0,0,0,0,6,6,6,0,6,0,0,0,False,50,y,pre_data_incomplete,1,"[41, 136, 231, 326, 421, 516]",,,,,,,,,,,[],"[""insufficient_pre_history""]",1,6
0,0,0,0,3,3,2,0,2,0,1,1,False,50,y,pre_data_incomplete,2,"[136, 231, 326]",,,,,,,,,,,[41],"[""insufficient_pre_history""]",2,3
0,0,0,0,4,4,3,0,3,0,1,1,False,50,y,pre_data_incomplete,2,"[136, 231, 326, 421]",,,,,,,,,,,[41],"[""insufficient_pre_history""]",2,4
0,0,0,0,5,5,4,0,4,0,1,1,False,50,y,pre_data_incomplete,2,"[136, 231, 326, 421, 516]",,,,,,,,,,,[41],"[""insufficient_pre_history""]",2,5
0,0,0,0,6,6,5,0,5,0,1,1,False,50,y,pre_data_incomplete,2,"[136, 231, 326, 421, 516, 611]",,,,,,,,,,,[41],"[""insufficient_pre_history""]",2,6
0,0,0,0,3,3,1,0,1,0,2,2,False,50,y,pre_data_incomplete,3,"[231, 326, 421]",,,,,,,,,,,"[41, 136]","[""insufficient_pre_history""]",3,3
0,0,0,0,4,4,2,0,2,0,2,2,False,50,y,pre_data_incomplete,3,"[231, 326, 421, 516]",,,,,,,,,,,"[41, 136]","[""insufficient_pre_history""]",3,4
0,0,0,0,5,5,3,0,3,0,2,2,False,50,y,pre_data_incomplete,3,"[231, 326, 421, 516, 611]",,,,,,,,,,,"[41, 136]","[""insufficient_pre_history""]",3,5
0,0,0,0,6,6,4,0,4,0,2,2,False,50,y,pre_data_incomplete,3,"[231, 326, 421, 516, 611, 706]",,,,,,,,,,,"[41, 136]","[""insufficient_pre_history""]",3,6
0,0,0,0,3,3,0,0,0,0,3,3,True,50,y,noise_baseline_short,4,"[326, 421, 516]",,-1.216875168202813,0.03502477803144144,0.8171501290288776,3,0.8171501290288776,1.0221720257638727,1.4153455408894797,2.433750336405626,2.003203000115734,"[41, 136, 231]",[],4,3
0,0,0,0,4,4,1,0,1,0,3,3,False,50,y,pre_data_incomplete,4,"[326, 421, 516, 611]",,,,,,,,,,,"[41, 136, 231]","[""insufficient_pre_history""]",4,4
0,0,0,0,5,5,2,0,2,0,3,3,False,50,y,pre_data_incomplete,4,"[326, 421, 516, 611, 706]",,,,,,,,,,,"[41, 136, 231]","[""insufficient_pre_history""]",4,5
0,0,0,0,6,6,3,0,3,0,3,3,False,50,y,pre_data_incomplete,4,"[326, 421, 516, 611, 706, 801]",,,,,,,,,,,"[41, 136, 231]","[""insufficient_pre_history""]",4,6
0,0,0,0,3,3,0,0,0,0,3,3,True,50,y,noise_baseline_short,5,"[421, 516, 611]",,-1.0430800834266016,0.38261494758386405,0.7671487254598225,3,0.7671487254598225,1.1640751182656937,1.3287405694581205,2.0861601668532033,1.7655515009238905,"[136, 231, 326]",[],5,3
0,0,0,0,4,4,0,0,0,0,4,4,True,50,y,noise_baseline_short,5,"[421, 516, 611, 706]",,-0.8622181280902353,1.0430800834266016,0.6570900626983303,4,0.6570900626983303,0.8556014562650069,1.3141801253966605,2.586654384270706,1.7270694019875827,"[41, 136, 231, 326]",[],5,4
0,0,0,0,5,5,1,0,1,0,4,4,False,50,y,pre_data_incomplete,5,"[421, 516, 611, 706, 801]",,,,,,,,,,,"[41, 136, 231, 326]","[""insufficient_pre_history""]",5,5
0,0,0,0,6,6,2,0,2,0,4,4,False,50,y,pre_data_incomplete,5,"[421, 516, 611, 706, 801, 896]",,,,,,,,,,,"[41, 136, 231, 326]","[""insufficient_pre_history""]",5,6
0,0,0,0,3,3,0,0,0,0,3,3,True,50,y,noise_baseline_short,6,"[516, 611, 706]",,1.3910985991542026,0.38261494758386405,0.8706641917519061,3,0.8706641917519061,0.8234234534286896,1.5080346164451928,2.7821971983084053,2.274168404397,"[231, 326, 421]",[],6,3
0,0,0,0,4,4,0,0,0,0,4,4,True,50,y,noise_baseline_short,6,"[516, 611, 706, 801]",,0.13228811991978784,1.1997911253622706,0.7099025554678406,4,0.7099025554678406,1.7262732874255,1.4198051109356813,0.3968643597593635,2.0158465530390823,"[136, 231, 326, 421]",[],6,4
0,0,0,0,5,5,0,0,0,0,5,5,True,50,y,within_tolerance_under_iid,6,"[516, 611, 706, 801, 896]",,-0.13892664430476445,0.3484468619027794,0.5868824215321713,5,0.5868824215321713,1.4939448237347412,1.3123089893456215,0.5557065772190578,1.7221548835173266,"[41, 136, 231, 326, 421]",[],6,5
1,0,1,0,5,5,1,0,1,0,5,5,False,50,y,pre_data_incomplete,6,"[516, 611, 706, 801, 896]",,,,,,,,,,,"[41, 136, 231, 326, 421]","[""insufficient_pre_history"", ""insufficient_post_history""]",6,6
0,0,0,0,3,3,0,0,0,0,3,3,True,50,y,noise_baseline_short,7,"[611, 706, 801]",,0.4456113916802009,0.8912227833604018,0.7002944345202218,3,0.7002944345202218,1.5954105256421156,1.2129455408467402,0.8912227833604018,1.4712368850599913,"[326, 421, 516]",[],7,3
0,0,0,0,4,4,0,0,0,0,4,4,True,50,y,noise_baseline_short,7,"[611, 706, 801, 896]",,0.6221095443557338,0.6369188654721332,0.618080013083644,4,0.618080013083644,1.1509069043561337,1.236160026167288,1.8663286330672015,1.5280916102939104,"[231, 326, 421, 516]",[],7,4
1,0,1,0,4,4,0,0,0,0,5,5,False,50,y,within_tolerance_under_iid,7,"[611, 706, 801, 896]",,0.03923224313228024,1.1949373834928014,0.550546300360674,5,0.550546300360674,1.4196986637786444,1.231058952367484,0.15692897252912097,1.515506144204127,"[136, 231, 326, 421, 516]","[""insufficient_post_history""]",7,5
2,0,2,0,4,4,0,0,0,0,6,6,False,50,y,within_tolerance_under_iid,7,"[611, 706, 801, 896]",,-0.1279051950888263,0.7716921226977904,0.4825191946111128,6,0.4825191946111128,1.2940679815756657,1.1819258178959209,0.6395259754441316,1.3969486390089414,"[41, 136, 231, 326, 421, 516]","[""insufficient_post_history""]",7,6
0,0,0,0,3,3,0,0,0,0,3,3,True,50,y,noise_baseline_short,8,"[706, 801, 896]",,0.4913774398934542,0.9827548797869083,0.7244387148036212,3,0.7244387148036212,1.6327783475308104,1.2547646610097716,0.9827548797869085,1.574434354518967,"[421, 516, 611]",[],8,3
1,0,1,0,3,3,0,0,0,0,4,4,False,50,y,noise_baseline_short,8,"[706, 801, 896]",,0.863865192417021,1.1997911253622706,0.7560737896517765,4,0.7560737896517765,1.2506909193386477,1.512147579303553,2.591595577251063,2.2865903015935953,"[326, 421, 516, 611]","[""insufficient_post_history""]",8,4
2,0,2,0,3,3,0,0,0,0,5,5,False,50,y,within_tolerance_under_iid,8,"[706, 801, 896]",,0.842112693955103,1.273837730944266,0.7150078725625638,5,0.7150078725625638,1.0219568261144336,1.5988062074973994,3.368450775820412,2.5561812891322173,"[231, 326, 421, 516, 611]","[""insufficient_post_history""]",8,5
3,0,3,0,3,3,0,0,0,0,6,6,False,50,y,within_tolerance_under_iid,8,"[706, 801, 896]",,0.362913721767102,1.1997911253622706,0.5998922313601108,6,0.5998922313601108,1.4569882645432075,1.4694298674919044,1.81456860883551,2.1592241354772757,"[136, 231, 326, 421, 516, 611]","[""insufficient_post_history""]",8,6
1,0,1,0,2,2,0,0,0,0,3,3,False,50,y,review_trend,9,"[801, 896]",,3.0873405232232063,2.491114347151048,1.7935223002064977,3,1.7935223002064977,0.48681663422252996,3.1064717484654545,6.174681046446413,9.650166724014017,"[516, 611, 706]","[""insufficient_post_history""]",9,3
2,0,2,0,2,2,0,0,0,0,4,4,False,50,y,noise_baseline_short,9,"[801, 896]",,1.6490079084397866,1.2455571735755238,1.3143163056321414,4,1.3143163056321414,1.8885169849013073,2.628632611264283,4.94702372531936,6.909709405002083,"[421, 516, 611, 706]","[""insufficient_post_history""]",9,4
3,0,3,0,2,2,0,0,0,0,5,5,False,50,y,high_noise_under_iid,9,"[801, 896]",,1.5114562539400538,1.5083594673641394,1.2281530331522734,5,1.2281530331522734,1.5622843724364641,2.7462336689010365,6.045825015760215,7.541799364205647,"[326, 421, 516, 611, 706]","[""insufficient_post_history""]",9,5
4,0,4,0,2,2,0,0,0,0,6,6,False,50,y,high_noise_under_iid,9,"[801, 896]",,1.3108927374606743,1.6911685652557247,1.130390693090903,6,1.130390693090903,1.437080165741545,2.7688804080637337,6.554463687303372,7.666698714159189,"[231, 326, 421, 516, 611, 706]","[""insufficient_post_history""]",9,6
2,0,2,0,1,1,0,0,0,0,3,3,False,50,y,noise_baseline_short,10,[896],,1.620413818098679,0.4427390630980068,1.1611212319155424,3,1.1611212319155424,1.6845572734282808,2.011120967424685,3.240827636197358,4.044607545615201,"[611, 706, 801]","[""insufficient_post_history""]",10,3
3,0,3,0,1,1,0,0,0,0,4,4,False,50,y,review_trend,10,[896],,2.0879392649340582,1.8417833496476825,1.4538393200569084,4,1.4538393200569084,1.335352641113112,2.907678640113817,6.263817794802175,8.454595074174135,"[516, 611, 706, 801]","[""insufficient_post_history""]",10,4
4,0,4,0,1,1,0,0,0,0,5,5,False,50,y,high_noise_under_iid,10,[896],,1.4621846078414946,2.491114347151048,1.2012880698456905,5,1.2012880698456905,1.5792426730330635,2.6861617847344794,5.8487384313659785,7.215465133767925,"[421, 516, 611, 706, 801]","[""insufficient_post_history""]",10,5
5,0,5,0,1,1,0,0,0,0,6,6,False,50,y,review_trend,10,[896],,1.4173115119411972,2.4453482989377946,1.192791051428957,6,1.192791051428957,1.3719517245653772,2.921729445758792,7.0865575597059856,8.53650295421398,"[326, 421, 516, 611, 706, 801]","[""insufficient_post_history""]",10,6
0,0,0,0,3,3,3,0,3,0,0,0,False,51,y,pre_data_incomplete,1,"[40, 135, 230]",,,,,,,,,,,[],"[""insufficient_pre_history""]",1,3
0,0,0,0,4,4,4,0,4,0,0,0,False,51,y,pre_data_incomplete,1,"[40, 135, 230, 325]",,,,,,,,,,,[],"[""insufficient_pre_history""]",1,4
0,0,0,0,5,5,5,0,5,0,0,0,False,51,y,pre_data_incomplete,1,"[40, 135, 230, 325, 420]",,,,,,,,,,,[],"[""insufficient_pre_history""]",1,5
0,0,0,0,6,6,6,0,6,0,0,0,False,51,y,pre_data_incomplete,1,"[40, 135, 230, 325, 420, 515]",,,,,,,,,,,[],"[""insufficient_pre_history""]",1,6
0,0,0,0,3,3,2,0,2,0,1,1,False,51,y,pre_data_incomplete,2,"[135, 230, 325]",,,,,,,,,,,[40],"[""insufficient_pre_history""]",2,3
0,0,0,0,4,4,3,0,3,0,1,1,False,51,y,pre_data_incomplete,2,"[135, 230, 325, 420]",,,,,,,,,,,[40],"[""insufficient_pre_history""]",2,4
0,0,0,0,5,5,4,0,4,0,1,1,False,51,y,pre_data_incomplete,2,"[135, 230, 325, 420, 515]",,,,,,,,,,,[40],"[""insufficient_pre_history""]",2,5
0,0,0,0,6,6,5,0,5,0,1,1,False,51,y,pre_data_incomplete,2,"[135, 230, 325, 420, 515, 610]",,,,,,,,,,,[40],"[""insufficient_pre_history""]",2,6
0,0,0,0,3,3,1,0,1,0,2,2,False,51,y,pre_data_incomplete,3,"[230, 325, 420]",,,,,,,,,,,"[40, 135]","[""insufficient_pre_history""]",3,3
0,0,0,0,4,4,2,0,2,0,2,2,False,51,y,pre_data_incomplete,3,"[230, 325, 420, 515]",,,,,,,,,,,"[40, 135]","[""insufficient_pre_history""]",3,4
0,0,0,0,5,5,3,0,3,0,2,2,False,51,y,pre_data_incomplete,3,"[230, 325, 420, 515, 610]",,,,,,,,,,,"[40, 135]","[""insufficient_pre_history""]",3,5
0,0,0,0,6,6,4,0,4,0,2,2,False,51,y,pre_data_incomplete,3,"[230, 325, 420, 515, 610, 705]",,,,,,,,,,,"[40, 135]","[""insufficient_pre_history""]",3,6
0,0,0,0,3,3,0,0,0,0,3,3,True,51,y,noise_baseline_short,4,"[325, 420, 515]",,-1.5791787628970189,2.3023025495628064,1.5828003971347648,3,1.5828003971347648,3.16921622055831,2.741490706077609,3.1583575257940377,7.515771291509908,"[40, 135, 230]",[],4,3
0,0,0,0,4,4,1,0,1,0,3,3,False,51,y,pre_data_incomplete,4,"[325, 420, 515, 610]",,,,,,,,,,,"[40, 135, 230]","[""insufficient_pre_history""]",4,4
0,0,0,0,5,5,2,0,2,0,3,3,False,51,y,pre_data_incomplete,4,"[325, 420, 515, 610, 705]",,,,,,,,,,,"[40, 135, 230]","[""insufficient_pre_history""]",4,5
0,0,0,0,6,6,3,0,3,0,3,3,False,51,y,pre_data_incomplete,4,"[325, 420, 515, 610, 705, 800]",,,,,,,,,,,"[40, 135, 230]","[""insufficient_pre_history""]",4,6
0,0,0,0,3,3,0,0,0,0,3,3,True,51,y,review_trend,5,"[420, 515, 610]",,2.256618706154849,2.2109348627468917,1.3029484072864417,3,1.3029484072864417,0.037300701946234846,2.2567728410610637,4.513237412309698,5.093023656150826,"[135, 230, 325]",[],5,3
0,0,0,0,4,4,0,0,0,0,4,4,True,51,y,noise_baseline_short,5,"[420, 515, 610, 705]",,-0.05399654395786322,1.5791787628970189,1.2183474323058157,4,1.2183474323058157,2.9831080650788633,2.4366948646116313,0.16198963187358967,5.937481863224695,"[40, 135, 230, 325]",[],5,4
0,0,0,0,5,5,1,0,1,0,4,4,False,51,y,pre_data_incomplete,5,"[420, 515, 610, 705, 800]",,,,,,,,,,,"[40, 135, 230, 325]","[""insufficient_pre_history""]",5,5
0,0,0,0,6,6,2,0,2,0,4,4,False,51,y,pre_data_incomplete,5,"[420, 515, 610, 705, 800, 895]",,,,,,,,,,,"[40, 135, 230, 325]","[""insufficient_pre_history""]",5,6
0,0,0,0,3,3,0,0,0,0,3,3,True,51,y,review_trend,6,"[515, 610, 705]",,1.6942344920561823,1.177534121365473,0.993214244275766,3,0.993214244275766,0.4218840860330528,1.7202975338867526,3.3884689841123645,2.9594236050968425,"[230, 325, 420]",[],6,3
0,0,0,0,4,4,0,0,0,0,4,4,True,51,y,review_trend,6,"[515, 610, 705, 800]",,1.9283249463772403,1.6942344920561825,1.2567429070208305,4,1.2567429070208305,0.42464533322649134,2.513485814041661,5.784974839131721,6.317610937388671,"[135, 230, 325, 420]",[],6,4
0,0,0,0,5,5,0,0,0,0,5,5,True,51,y,high_noise_under_iid,6,"[515, 610, 705, 800, 895]",,0.4973460328946352,1.177534121365473,1.0796106842455053,5,1.0796106842455053,2.635504621281008,2.4140828792080113,1.9893841315785408,5.827796147685242,"[40, 135, 230, 325, 420]",[],6,5
1,0,1,0,5,5,1,0,1,0,5,5,False,51,y,pre_data_incomplete,6,"[515, 610, 705, 800, 895]",,,,,,,,,,,"[40, 135, 230, 325, 420]","[""insufficient_pre_history"", ""insufficient_post_history""]",6,6
0,0,0,0,3,3,0,0,0,0,3,3,True,51,y,review_trend,7,"[610, 705, 800]",,1.593809556557268,1.177534121365473,0.9305895351074768,3,0.9305895351074768,0.3398874695583018,1.611828355798051,3.187619113114536,2.597990648554649,"[325, 420, 515]",[],7,3
0,0,0,0,4,4,0,0,0,0,4,4,True,51,y,review_trend,7,"[610, 705, 800, 895]",,1.7373196048949757,1.5938095565572685,1.128257173191783,4,1.128257173191783,0.3034583484947999,2.256514346383566,5.211958814684927,5.091856995434852,"[230, 325, 420, 515]",[],7,4
1,0,1,0,4,4,0,0,0,0,5,5,False,51,y,review_trend,7,"[610, 705, 800, 895]",,1.8790182034960836,2.2109348627468917,1.3358902080203678,5,1.3358902080203678,0.358217283687597,2.9871413156098776,7.5160728139843345,8.923013239423511,"[135, 230, 325, 420, 515]","[""insufficient_post_history""]",7,5
2,0,2,0,4,4,0,0,0,0,6,6,False,51,y,high_noise_under_iid,7,"[610, 705, 800, 895]",,0.8709780489745531,1.6942344920561823,1.1161026850120657,6,1.1161026850120657,2.4543332991523723,2.733882078829819,4.354890244872766,7.474111220946852,"[40, 135, 230, 325, 420, 515]","[""insufficient_post_history""]",7,6
0,0,0,0,3,3,0,0,0,0,3,3,True,51,y,review_trend,8,"[705, 800, 895]",,2.11677585810752,2.0100849917490633,1.2226384512086421,3,1.2226384512086421,0.08711272759789702,2.1176719167806897,4.23355171621504,4.484534347121601,"[420, 515, 610]",[],8,3
1,0,1,0,3,3,0,0,0,0,4,4,False,51,y,review_trend,8,"[705, 800, 895]",,1.8243342504490603,1.5938095565572683,1.1879127198724369,4,1.1879127198724369,0.38253253038734736,2.3758254397448737,5.473002751347181,5.644546520138922,"[325, 420, 515, 610]","[""insufficient_post_history""]",8,4
2,0,2,0,3,3,0,0,0,0,5,5,False,51,y,review_trend,8,"[705, 800, 895]",,1.8431660513769348,2.0100849917490633,1.3089847128663377,5,1.3089847128663377,0.3142231907795077,2.9269787994771748,7.372664205507739,8.567204892588844,"[230, 325, 420, 515, 610]","[""insufficient_post_history""]",8,5
3,0,3,0,3,3,0,0,0,0,6,6,False,51,y,review_trend,8,"[705, 800, 895]",,1.9141374942400233,2.6992769879307144,1.4666558156101255,6,1.4666558156101255,0.3216121009536308,3.592558376530298,9.570687471200117,12.90647568877801,"[135, 230, 325, 420, 515, 610]","[""insufficient_post_history""]",8,6
1,0,1,0,2,2,0,0,0,0,3,3,False,51,y,review_trend,9,"[800, 895]",,2.4661527027543553,2.223466724465977,1.4261301149912895,3,1.4261301149912895,0.19815227151156092,2.4701298173689588,4.9323054055087105,6.101541314655205,"[515, 610, 705]","[""insufficient_post_history""]",9,3
2,0,2,0,2,2,0,0,0,0,4,4,False,51,y,review_trend,9,"[800, 895]",,2.3050637916239296,2.1167758581075202,1.4914299215559201,4,1.4914299215559201,0.2507619525258417,2.9828598431118403,6.915191374871789,8.897452843649193,"[420, 515, 610, 705]","[""insufficient_post_history""]",9,4
3,0,3,0,2,2,0,0,0,0,5,5,False,51,y,review_trend,9,"[800, 895]",,2.0473400753461535,2.223466724465977,1.4612664386444612,5,1.4612664386444612,0.5131530807953972,3.267491090048041,8.189360301384614,10.676498023543337,"[325, 420, 515, 610, 705]","[""insufficient_post_history""]",9,5
4,0,4,0,2,2,0,0,0,0,6,6,False,51,y,review_trend,9,"[800, 895]",,1.9970754117526086,2.7055429187902567,1.5345396624949486,6,1.5345396624949486,0.4606871957015525,3.7588391631753364,9.985377058763042,14.128871854620664,"[230, 325, 420, 515, 610, 705]","[""insufficient_post_history""]",9,6
2,0,2,0,1,1,0,0,0,0,3,3,False,51,y,review_trend,10,[895],,4.732833499717786,2.708838681042733,2.8145592477958083,3,2.8145592477958083,1.652584849263613,4.874959618095182,9.465666999435571,23.76523127805872,"[610, 705, 800]","[""insufficient_post_history""]",10,3
3,0,3,0,1,1,0,0,0,0,4,4,False,51,y,review_trend,10,[895],,3.7776239852747375,2.466152702754355,2.535163849782128,4,2.535163849782128,1.6988899423286248,5.070327699564256,11.332871955824213,25.708222980968557,"[515, 610, 705, 800]","[""insufficient_post_history""]",10,4
4,0,4,0,1,1,0,0,0,0,5,5,False,51,y,review_trend,10,[895],,3.233074283680993,2.708838681042733,2.37976355007533,5,2.37976355007533,1.7066339040490472,5.321313068344662,12.932297134723973,28.316372771335686,"[420, 515, 610, 705, 800]","[""insufficient_post_history""]",10,5
5,0,5,0,1,1,0,0,0,0,6,6,False,51,y,review_trend,10,[895],,2.7838400600377065,3.4711951986288865,2.229107640025309,6,2.229107640025309,1.8334891755092326,5.460176299801611,13.919200300188532,29.81352522491521,"[325, 420, 515, 610, 705, 800]","[""insufficient_post_history""]",10,6
0,0,0,0,3,3,3,0,3,0,0,0,False,52,y,pre_data_incomplete,1,"[39, 134, 229]",,,,,,,,,,,[],"[""insufficient_pre_history""]",1,3
0,0,0,0,4,4,4,0,4,0,0,0,False,52,y,pre_data_incomplete,1,"[39, 134, 229, 324]",,,,,,,,,,,[],"[""insufficient_pre_history""]",1,4
0,0,0,0,5,5,5,0,5,0,0,0,False,52,y,pre_data_incomplete,1,"[39, 134, 229, 324, 419]",,,,,,,,,,,[],"[""insufficient_pre_history""]",1,5
0,0,0,0,6,6,6,0,6,0,0,0,False,52,y,pre_data_incomplete,1,"[39, 134, 229, 324, 419, 514]",,,,,,,,,,,[],"[""insufficient_pre_history""]",1,6
0,0,0,0,3,3,2,0,2,0,1,1,False,52,y,pre_data_incomplete,2,"[134, 229, 324]",,,,,,,,,,,[39],"[""insufficient_pre_history""]",2,3
0,0,0,0,4,4,3,0,3,0,1,1,False,52,y,pre_data_incomplete,2,"[134, 229, 324, 419]",,,,,,,,,,,[39],"[""insufficient_pre_history""]",2,4
0,0,0,0,5,5,4,0,4,0,1,1,False,52,y,pre_data_incomplete,2,"[134, 229, 324, 419, 514]",,,,,,,,,,,[39],"[""insufficient_pre_history""]",2,5
0,0,0,0,6,6,5,0,5,0,1,1,False,52,y,pre_data_incomplete,2,"[134, 229, 324, 419, 514, 609]",,,,,,,,,,,[39],"[""insufficient_pre_history""]",2,6
0,0,0,0,3,3,1,0,1,0,2,2,False,52,y,pre_data_incomplete,3,"[229, 324, 419]",,,,,,,,,,,"[39, 134]","[""insufficient_pre_history""]",3,3
0,0,0,0,4,4,2,0,2,0,2,2,False,52,y,pre_data_incomplete,3,"[229, 324, 419, 514]",,,,,,,,,,,"[39, 134]","[""insufficient_pre_history""]",3,4
0,0,0,0,5,5,3,0,3,0,2,2,False,52,y,pre_data_incomplete,3,"[229, 324, 419, 514, 609]",,,,,,,,,,,"[39, 134]","[""insufficient_pre_history""]",3,5
0,0,0,0,6,6,4,0,4,0,2,2,False,52,y,pre_data_incomplete,3,"[229, 324, 419, 514, 609, 704]",,,,,,,,,,,"[39, 134]","[""insufficient_pre_history""]",3,6
0,0,0,0,3,3,0,0,0,0,3,3,True,52,y,review_trend,4,"[324, 419, 514]",,2.6960789477300913,2.6732028561155854,1.5566005836347268,3,1.5566005836347268,0.018678250588233837,2.696111297946714,5.3921578954601825,7.269016130915914,"[39, 134, 229]",[],4,3
0,0,0,0,4,4,1,0,1,0,3,3,False,52,y,pre_data_incomplete,4,"[324, 419, 514, 609]",,,,,,,,,,,"[39, 134, 229]","[""insufficient_pre_history""]",4,4
0,0,0,0,5,5,2,0,2,0,3,3,False,52,y,pre_data_incomplete,4,"[324, 419, 514, 609, 704]",,,,,,,,,,,"[39, 134, 229]","[""insufficient_pre_history""]",4,5
0,0,0,0,6,6,3,0,3,0,3,3,False,52,y,pre_data_incomplete,4,"[324, 419, 514, 609, 704, 799]",,,,,,,,,,,"[39, 134, 229]","[""insufficient_pre_history""]",4,6
0,0,0,0,3,3,0,0,0,0,3,3,True,52,y,noise_baseline_short,5,"[419, 514, 609]",,-1.1114533757555842,2.2229067515111685,1.4153762206124534,3,1.4153762206124534,3.0901588733096212,2.451503525925585,2.2229067515111685,6.009869537625577,"[134, 229, 324]",[],5,3
0,0,0,0,4,4,0,0,0,0,4,4,True,52,y,noise_baseline_short,5,"[419, 514, 609, 704]",,0.4161347719615871,1.3594775196722986,1.2313049006809715,4,1.2313049006809715,2.943424906390013,2.462609801361943,1.2484043158847613,6.0644470337639085,"[39, 134, 229, 324]",[],5,4
0,0,0,0,5,5,1,0,1,0,4,4,False,52,y,pre_data_incomplete,5,"[419, 514, 609, 704, 799]",,,,,,,,,,,"[39, 134, 229, 324]","[""insufficient_pre_history""]",5,5
0,0,0,0,6,6,2,0,2,0,4,4,False,52,y,pre_data_incomplete,5,"[419, 514, 609, 704, 799, 894]",,,,,,,,,,,"[39, 134, 229, 324]","[""insufficient_pre_history""]",5,6
0,0,0,0,3,3,0,0,0,0,3,3,True,52,y,noise_baseline_short,6,"[514, 609, 704]",,-1.4002691839680148,2.0955712396907242,1.4182603440051267,3,1.4182603440051267,2.854341753386294,2.456498974176993,2.8005383679360296,6.03438721013262,"[229, 324, 419]",[],6,3
0,0,0,0,4,4,0,0,0,0,4,4,True,52,y,noise_baseline_short,6,"[514, 609, 704, 799]",,-0.5278116143088086,1.1114533757555842,1.0032225734396376,4,1.0032225734396376,2.3113352073325317,2.006445146879275,1.583434842926426,4.025822127435396,"[134, 229, 324, 419]",[],6,4
0,0,0,0,5,5,0,0,0,0,5,5,True,52,y,within_tolerance_under_iid,6,"[514, 609, 704, 799, 894]",,0.2960332303537138,2.0955712396907242,0.9578126355612704,5,0.9578126355612704,2.413278831940754,2.141734162823233,1.1841329214148553,4.587025224204136,"[39, 134, 229, 324, 419]",[],6,5
1,0,1,0,5,5,1,0,1,0,5,5,False,52,y,pre_data_incomplete,6,"[514, 609, 704, 799, 894]",,,,,,,,,,,"[39, 134, 229, 324, 419]","[""insufficient_pre_history"", ""insufficient_post_history""]",6,6
0,0,0,0,3,3,0,0,0,0,3,3,True,52,y,review_trend,7,"[609, 704, 799]",,2.4371849190619668,2.0955712396907242,1.4117094009683917,3,1.4117094009683917,0.2789264012047598,2.4451524079998785,4.8743698381239335,5.978770298347604,"[324, 419, 514]",[],7,3
0,0,0,0,4,4,0,0,0,0,4,4,True,52,y,noise_baseline_short,7,"[609, 704, 799, 894]",,0.20303519311822643,1.4002691839680148,1.1875043758501873,4,1.1875043758501873,2.8910104862951758,2.3750087517003746,0.6091055793546793,5.640666570653372,"[229, 324, 419, 514]",[],7,4
1,0,1,0,4,4,0,0,0,0,5,5,False,52,y,within_tolerance_under_iid,7,"[609, 704, 799, 894]",,0.25023878052895004,2.2229067515111685,0.9317821505906817,5,0.9317821505906817,2.3620728926363075,2.0835282289417103,1.0009551221158002,4.3410898807969795,"[134, 229, 324, 419, 514]","[""insufficient_post_history""]",7,5
2,0,2,0,4,4,0,0,0,0,6,6,False,52,y,within_tolerance_under_iid,7,"[609, 704, 799, 894]",,0.616399271048535,2.407263139517661,0.9401354140595591,6,0.9401354140595591,2.228595231836513,2.302852053566106,3.081996355242675,5.303127580613631,"[39, 134, 229, 324, 419, 514]","[""insufficient_post_history""]",7,6
0,0,0,0,3,3,0,0,0,0,3,3,True,52,y,review_trend,8,"[704, 799, 894]",,1.8313877939155436,0.8839769893978784,1.1035060785023816,3,1.1035060785023816,0.7735576826226599,1.9113285944272147,3.6627755878310873,3.653176995875112,"[419, 514, 609]",[],8,3
1,0,1,0,3,3,0,0,0,0,4,4,False,52,y,review_trend,8,"[704, 799, 894]",,2.0053839080998643,1.8313877939155438,1.3167868112435068,4,1.3167868112435068,0.5913150517485091,2.6335736224870137,6.016151724299593,6.93571002505937,"[324, 419, 514, 609]","[""insufficient_post_history""]",8,4
2,0,2,0,3,3,0,0,0,0,5,5,False,52,y,high_noise_under_iid,8,"[704, 799, 894]",,0.6598844277914049,0.8839769893978784,1.0760453075119079,5,1.0760453075119079,2.5035305401207597,2.4061104544662912,2.6395377111656195,5.789367519091982,"[229, 324, 419, 514, 609]","[""insufficient_post_history""]",8,5
3,0,3,0,3,3,0,0,0,0,6,6,False,52,y,within_tolerance_under_iid,8,"[704, 799, 894]",,0.5630729231781565,1.4002691839680148,0.9049876784950074,6,0.9049876784950074,2.1806929175463123,2.216758035818681,2.8153646158907826,4.914016189366697,"[134, 229, 324, 419, 514, 609]","[""insufficient_post_history""]",8,6
1,0,1,0,2,2,0,0,0,0,3,3,False,52,y,noise_baseline_short,9,"[799, 894]",,0.45804977232918564,0.0321225552604929,0.3001560290605052,3,0.3001560290605052,0.34776811646064903,0.5198854925309154,0.9160995446583713,0.2702809253441126,"[514, 609, 704]","[""insufficient_post_history""]",9,3
2,0,2,0,2,2,0,0,0,0,4,4,False,52,y,noise_baseline_short,9,"[799, 894]",,1.1968671418672618,0.45804977232918564,0.8709621654784057,4,0.8709621654784057,0.9849990730783613,1.7419243309568113,3.5906014256017853,3.034300374779335,"[419, 514, 609, 704]","[""insufficient_post_history""]",9,4
3,0,3,0,2,2,0,0,0,0,5,5,False,52,y,review_trend,9,"[799, 894]",,1.5243714353395696,0.9160995446583713,1.1456465357855932,5,1.1456465357855932,1.0021704729167282,2.561743532203732,6.097485741358279,6.562529924787654,"[324, 419, 514, 609, 704]","[""insufficient_post_history""]",9,5
4,0,4,0,2,2,0,0,0,0,6,6,False,52,y,within_tolerance_under_iid,9,"[799, 894]",,0.7007325130507542,0.8891683822767149,0.956292923464518,6,0.956292923464518,2.170364526078337,2.3424297071224753,3.503662565253771,5.486976932809886,"[229, 324, 419, 514, 609, 704]","[""insufficient_post_history""]",9,6
2,0,2,0,1,1,0,0,0,0,3,3,False,52,y,noise_baseline_short,10,[894],,-1.3849828211405406,0.0321225552604929,0.9287219349663007,3,0.9287219349663007,1.1570616946457422,1.6085935774653115,2.769965642281081,2.587573297462649,"[609, 704, 799]","[""insufficient_post_history""]",10,3
3,0,3,0,1,1,0,0,0,0,4,4,False,52,y,noise_baseline_short,10,[894],,-0.5625843403389116,0.45804977232918564,0.6567446021394768,4,0.6567446021394768,1.3403835214779454,1.3134892042789537,1.6877530210167349,1.7252538897573586,"[514, 609, 704, 799]","[""insufficient_post_history""]",10,4
4,0,4,0,1,1,0,0,0,0,5,5,False,52,y,within_tolerance_under_iid,10,[894],,0.2701719435758384,0.9160995446583713,0.750267120572724,5,0.750267120572724,1.8733291447130755,1.677648282883642,1.0806877743033536,2.814503761062433,"[419, 514, 609, 704, 799]","[""insufficient_post_history""]",10,5
5,0,5,0,1,1,0,0,0,0,6,6,False,52,y,within_tolerance_under_iid,10,[894],,0.7688736384250364,1.8313877939155438,0.942984303297988,6,0.942984303297988,2.0205918149365956,2.3098303785339627,3.844368192125182,5.33531637759835,"[324, 419, 514, 609, 704, 799]","[""insufficient_post_history""]",10,6
0,0,0,0,3,3,3,0,3,0,0,0,False,53,y,pre_data_incomplete,1,"[38, 133, 228]",,,,,,,,,,,[],"[""insufficient_pre_history""]",1,3
0,0,0,0,4,4,4,0,4,0,0,0,False,53,y,pre_data_incomplete,1,"[38, 133, 228, 323]",,,,,,,,,,,[],"[""insufficient_pre_history""]",1,4
0,0,0,0,5,5,5,0,5,0,0,0,False,53,y,pre_data_incomplete,1,"[38, 133, 228, 323, 418]",,,,,,,,,,,[],"[""insufficient_pre_history""]",1,5
0,0,0,0,6,6,6,0,6,0,0,0,False,53,y,pre_data_incomplete,1,"[38, 133, 228, 323, 418, 513]",,,,,,,,,,,[],"[""insufficient_pre_history""]",1,6
0,0,0,0,3,3,2,0,2,0,1,1,False,53,y,pre_data_incomplete,2,"[133, 228, 323]",,,,,,,,,,,[38],"[""insufficient_pre_history""]",2,3
0,0,0,0,4,4,3,0,3,0,1,1,False,53,y,pre_data_incomplete,2,"[133, 228, 323, 418]",,,,,,,,,,,[38],"[""insufficient_pre_history""]",2,4
0,0,0,0,5,5,4,0,4,0,1,1,False,53,y,pre_data_incomplete,2,"[133, 228, 323, 418, 513]",,,,,,,,,,,[38],"[""insufficient_pre_history""]",2,5
0,0,0,0,6,6,5,0,5,0,1,1,False,53,y,pre_data_incomplete,2,"[133, 228, 323, 418, 513, 608]",,,,,,,,,,,[38],"[""insufficient_pre_history""]",2,6
0,0,0,0,3,3,1,0,1,0,2,2,False,53,y,pre_data_incomplete,3,"[228, 323, 418]",,,,,,,,,,,"[38, 133]","[""insufficient_pre_history""]",3,3
0,0,0,0,4,4,2,0,2,0,2,2,False,53,y,pre_data_incomplete,3,"[228, 323, 418, 513]",,,,,,,,,,,"[38, 133]","[""insufficient_pre_history""]",3,4
0,0,0,0,5,5,3,0,3,0,2,2,False,53,y,pre_data_incomplete,3,"[228, 323, 418, 513, 608]",,,,,,,,,,,"[38, 133]","[""insufficient_pre_history""]",3,5
0,0,0,0,6,6,4,0,4,0,2,2,False,53,y,pre_data_incomplete,3,"[228, 323, 418, 513, 608, 703]",,,,,,,,,,,"[38, 133]","[""insufficient_pre_history""]",3,6
0,0,0,0,3,3,0,0,0,0,3,3,True,53,y,noise_baseline_short,4,"[323, 418, 513]",,-1.4590082083522418,0.5036314600827554,0.9005467220436234,3,0.9005467220436234,0.7800618484598845,1.559792677169163,2.9180164167044835,2.4329531957505446,"[38, 133, 228]",[],4,3
0,0,0,0,4,4,1,0,1,0,3,3,False,53,y,pre_data_incomplete,4,"[323, 418, 513, 608]",,,,,,,,,,,"[38, 133, 228]","[""insufficient_pre_history""]",4,4
0,0,0,0,5,5,2,0,2,0,3,3,False,53,y,pre_data_incomplete,4,"[323, 418, 513, 608, 703]",,,,,,,,,,,"[38, 133, 228]","[""insufficient_pre_history""]",4,5
0,0,0,0,6,6,3,0,3,0,3,3,False,53,y,pre_data_incomplete,4,"[323, 418, 513, 608, 703, 798]",,,,,,,,,,,"[38, 133, 228]","[""insufficient_pre_history""]",4,6
0,0,0,0,3,3,0,0,0,0,3,3,True,53,y,noise_baseline_short,5,"[418, 513, 608]",,0.33102184633532106,0.5036314600827554,0.33753559979625564,3,0.33753559979625564,0.681491570950381,0.5846288082103499,0.6620436926706421,0.34179084338945404,"[133, 228, 323]",[],5,3
0,0,0,0,4,4,0,0,0,0,4,4,True,53,y,noise_baseline_short,5,"[418, 513, 608, 703]",,-0.5760655251936013,0.5828375763766989,0.6368136745515486,4,0.6368136745515486,1.266317974792913,1.2736273491030972,1.728196575580804,1.6221266243833827,"[38, 133, 228, 323]",[],5,4
0,0,0,0,5,5,1,0,1,0,4,4,False,53,y,pre_data_incomplete,5,"[418, 513, 608, 703, 798]",,,,,,,,,,,"[38, 133, 228, 323]","[""insufficient_pre_history""]",5,5
0,0,0,0,6,6,2,0,2,0,4,4,False,53,y,pre_data_incomplete,5,"[418, 513, 608, 703, 798, 893]",,,,,,,,,,,"[38, 133, 228, 323]","[""insufficient_pre_history""]",5,6
0,0,0,0,3,3,0,0,0,0,3,3,True,53,y,review_trend,6,"[513, 608, 703]",,2.3461011428772367,1.1656751527533975,1.4105151634140813,3,1.4105151634140813,0.9638137849743403,2.4430839278795062,4.692202285754473,5.968659078663157,"[228, 323, 418]",[],6,3
0,0,0,0,4,4,0,0,0,0,4,4,True,53,y,noise_baseline_short,6,"[513, 608, 703, 798]",,1.373138762976855,0.5828375763766989,1.0611317320459996,4,1.0611317320459996,1.429065485048057,2.1222634640919993,4.119416288930565,4.504002211019772,"[133, 228, 323, 418]",[],6,4
0,0,0,0,5,5,0,0,0,0,5,5,True,53,y,within_tolerance_under_iid,6,"[513, 608, 703, 798, 893]",,0.4210415430770621,1.1656751527533975,0.8637739082794629,5,0.8637739082794629,2.0935892212912273,1.9314571761035475,1.6841661723082484,3.73052682312189,"[38, 133, 228, 323, 418]",[],6,5
1,0,1,0,5,5,1,0,1,0,5,5,False,53,y,pre_data_incomplete,6,"[513, 608, 703, 798, 893]",,,,,,,,,,,"[38, 133, 228, 323, 418]","[""insufficient_pre_history"", ""insufficient_post_history""]",6,6
0,0,0,0,3,3,0,0,0,0,3,3,True,53,y,noise_baseline_short,7,"[608, 703, 798]",,1.109052683436654,1.3084217661277675,1.0292487162009067,3,1.0292487162009067,1.9738596225494867,1.7827110700850106,2.218105366873308,3.178058759403644,"[323, 418, 513]",[],7,3
0,0,0,0,4,4,0,0,0,0,4,4,True,53,y,noise_baseline_short,7,"[608, 703, 798, 893]",,1.3677868691881192,1.6918902598133527,1.0596175018767897,4,1.0596175018767897,1.4351422239252307,2.1192350037535794,4.103360607564357,4.491157001134433,"[228, 323, 418, 513]",[],7,4
1,0,1,0,4,4,0,0,0,0,5,5,False,53,y,within_tolerance_under_iid,7,"[608, 703, 798, 893]",,1.0452500404842373,1.1656751527533975,0.8968010631074397,5,0.8968010631074397,1.3114326090818502,2.005308139402314,4.181000161936949,4.021260733953171,"[133, 228, 323, 418, 513]","[""insufficient_post_history""]",7,5
2,0,2,0,4,4,0,0,0,0,6,6,False,53,y,within_tolerance_under_iid,7,"[608, 703, 798, 893]",,0.45886308983941887,1.4400745297719753,0.7498320582668084,6,0.7498320582668084,1.8154011334855187,1.8367059355345454,2.2943154491970943,3.37348869362783,"[38, 133, 228, 323, 418, 513]","[""insufficient_post_history""]",7,6
0,0,0,0,3,3,0,0,0,0,3,3,True,53,y,review_trend,8,"[703, 798, 893]",,-0.9446301558886138,0.5808385456494601,0.5587011455075301,3,0.5587011455075301,0.2970346059304609,0.9676987702659743,1.8892603117772275,0.9364409099742789,"[418, 513, 608]",[],8,3
1,0,1,0,3,3,0,0,0,0,4,4,False,53,y,noise_baseline_short,8,"[703, 798, 893]",,0.36033786975437765,0.9446301558886138,0.7310904119599805,4,0.7310904119599805,1.6977487127991227,1.462180823919961,1.0810136092631328,2.137972761839256,"[323, 418, 513, 608]","[""insufficient_post_history""]",8,4
2,0,2,0,3,3,0,0,0,0,5,5,False,53,y,within_tolerance_under_iid,8,"[703, 798, 893]",,0.7823989314827798,1.637266821223848,0.8266661255231513,5,0.8266661255231513,1.5859862107319025,1.8484816513661404,3.1295957259311193,3.4168844154372935,"[228, 323, 418, 513, 608]","[""insufficient_post_history""]",8,5
3,0,3,0,3,3,0,0,0,0,6,6,False,53,y,within_tolerance_under_iid,8,"[703, 798, 893]",,0.7192691788958184,1.440074529771975,0.7459365768895349,6,0.7459365768895349,1.3819414466010012,1.8271639938577109,3.596345894479092,3.3385282604500612,"[133, 228, 323, 418, 513, 608]","[""insufficient_post_history""]",8,6
1,0,1,0,2,2,0,0,0,0,3,3,False,53,y,noise_baseline_short,9,"[798, 893]",,1.0418273622809457,0.5808385456494601,0.8089264083511778,3,0.8089264083511778,1.3249011658131606,1.4011016388484487,2.0836547245618915,1.963085802383809,"[513, 608, 703]","[""insufficient_post_history""]",9,3
2,0,2,0,2,2,0,0,0,0,4,4,False,53,y,noise_baseline_short,9,"[798, 893]",,0.17448603296529122,0.9446301558886138,0.6065746209570123,4,0.6065746209570123,1.4599599944809951,1.2131492419140246,0.5234580988958737,1.4717310831565726,"[418, 513, 608, 703]","[""insufficient_post_history""]",9,4
3,0,3,0,2,2,0,0,0,0,5,5,False,53,y,within_tolerance_under_iid,9,"[798, 893]",,0.6714259871093172,1.3084217661277675,0.7496862047841673,5,0.7496862047841673,1.4980497934777914,1.6763493156912261,2.685703948437269,2.8101470282184424,"[323, 418, 513, 608, 703]","[""insufficient_post_history""]",9,5
4,0,4,0,2,2,0,0,0,0,6,6,False,53,y,within_tolerance_under_iid,9,"[798, 893]",,0.8840158548139073,1.7632635665005378,0.8458322787528377,6,0.8458322787528377,1.395259542259538,2.0718574909199976,4.420079274069536,4.2925934626813085,"[228, 323, 418, 513, 608, 703]","[""insufficient_post_history""]",9,6
2,0,2,0,1,1,0,0,0,0,3,3,False,53,y,noise_baseline_short,10,[893],,-0.9048382963231656,1.809676592646331,1.299415460861741,3,1.299415460861741,2.9143470202728374,2.2506535983530633,1.8096765926463312,5.065441619779592,"[608, 703, 798]","[""insufficient_post_history""]",10,3
3,0,3,0,1,1,0,0,0,0,4,4,False,53,y,noise_baseline_short,10,[893],,-0.4507052144676022,1.1952575691478957,0.9217985451053483,4,0.9217985451053483,2.142530599706642,1.8435970902106966,1.3521156434028065,3.398850231033347,"[513, 608, 703, 798]","[""insufficient_post_history""]",10,4
4,0,4,0,1,1,0,0,0,0,5,5,False,53,y,within_tolerance_under_iid,10,[893],,-0.5314219084285227,1.3084217661277675,0.7768564550731539,5,0.7768564550731539,1.7555651120744011,1.7371038423030836,2.1256876337140906,3.017529758944136,"[418, 513, 608, 703, 798]","[""insufficient_post_history""]",10,5
5,0,5,0,1,1,0,0,0,0,6,6,False,53,y,within_tolerance_under_iid,10,[893],,0.02522318492972847,1.7632635665005378,0.7413294659471016,6,0.7413294659471016,2.029528741723522,1.8158789228603565,0.12611592464864235,3.2974162624884884,"[323, 418, 513, 608, 703, 798]","[""insufficient_post_history""]",10,6
0,0,0,0,3,3,3,0,3,0,0,0,False,54,y,pre_data_incomplete,1,"[37, 132, 227]",,,,,,,,,,,[],"[""insufficient_pre_history""]",1,3
0,0,0,0,4,4,4,0,4,0,0,0,False,54,y,pre_data_incomplete,1,"[37, 132, 227, 322]",,,,,,,,,,,[],"[""insufficient_pre_history""]",1,4
0,0,0,0,5,5,5,0,5,0,0,0,False,54,y,pre_data_incomplete,1,"[37, 132, 227, 322, 417]",,,,,,,,,,,[],"[""insufficient_pre_history""]",1,5
0,0,0,0,6,6,6,0,6,0,0,0,False,54,y,pre_data_incomplete,1,"[37, 132, 227, 322, 417, 512]",,,,,,,,,,,[],"[""insufficient_pre_history""]",1,6
0,0,0,0,3,3,2,0,2,0,1,1,False,54,y,pre_data_incomplete,2,"[132, 227, 322]",,,,,,,,,,,[37],"[""insufficient_pre_history""]",2,3
0,0,0,0,4,4,3,0,3,0,1,1,False,54,y,pre_data_incomplete,2,"[132, 227, 322, 417]",,,,,,,,,,,[37],"[""insufficient_pre_history""]",2,4
0,0,0,0,5,5,4,0,4,0,1,1,False,54,y,pre_data_incomplete,2,"[132, 227, 322, 417, 512]",,,,,,,,,,,[37],"[""insufficient_pre_history""]",2,5
0,0,0,0,6,6,5,0,5,0,1,1,False,54,y,pre_data_incomplete,2,"[132, 227, 322, 417, 512, 607]",,,,,,,,,,,[37],"[""insufficient_pre_history""]",2,6
0,0,0,0,3,3,1,0,1,0,2,2,False,54,y,pre_data_incomplete,3,"[227, 322, 417]",,,,,,,,,,,"[37, 132]","[""insufficient_pre_history""]",3,3
0,0,0,0,4,4,2,0,2,0,2,2,False,54,y,pre_data_incomplete,3,"[227, 322, 417, 512]",,,,,,,,,,,"[37, 132]","[""insufficient_pre_history""]",3,4
0,0,0,0,5,5,3,0,3,0,2,2,False,54,y,pre_data_incomplete,3,"[227, 322, 417, 512, 607]",,,,,,,,,,,"[37, 132]","[""insufficient_pre_history""]",3,5
0,0,0,0,6,6,4,0,4,0,2,2,False,54,y,pre_data_incomplete,3,"[227, 322, 417, 512, 607, 702]",,,,,,,,,,,"[37, 132]","[""insufficient_pre_history""]",3,6
0,0,0,0,3,3,0,0,0,0,3,3,True,54,y,noise_baseline_short,4,"[322, 417, 512]",,-1.0115083275151702,2.02301665503034,1.2158017876546223,3,1.2158017876546223,2.6120386153194555,2.1058304681508733,2.0230166550303403,4.434521960592526,"[37, 132, 227]",[],4,3
0,0,0,0,4,4,1,0,1,0,3,3,False,54,y,pre_data_incomplete,4,"[322, 417, 512, 607]",,,,,,,,,,,"[37, 132, 227]","[""insufficient_pre_history""]",4,4
0,0,0,0,5,5,2,0,2,0,3,3,False,54,y,pre_data_incomplete,4,"[322, 417, 512, 607, 702]",,,,,,,,,,,"[37, 132, 227]","[""insufficient_pre_history""]",4,5
0,0,0,0,6,6,3,0,3,0,3,3,False,54,y,pre_data_incomplete,4,"[322, 417, 512, 607, 702, 797]",,,,,,,,,,,"[37, 132, 227]","[""insufficient_pre_history""]",4,6
0,0,0,0,3,3,0,0,0,0,3,3,True,54,y,noise_baseline_short,5,"[417, 512, 607]",,0.11858831120042568,0.23717662240085136,0.6930516597533957,3,0.6930516597533957,1.689318573690256,1.2004006869628197,0.23717662240085136,1.4409618092608094,"[132, 227, 322]",[],5,3
0,0,0,0,4,4,0,0,0,0,4,4,True,54,y,noise_baseline_short,5,"[417, 512, 607, 702]",,-0.9732665238836707,1.0937862852370603,0.9816592732729351,4,0.9816592732729351,1.8476499280261327,1.9633185465458702,2.919799571651012,3.8546197152109882,"[37, 132, 227, 322]",[],5,4
0,0,0,0,5,5,1,0,1,0,4,4,False,54,y,pre_data_incomplete,5,"[417, 512, 607, 702, 797]",,,,,,,,,,,"[37, 132, 227, 322]","[""insufficient_pre_history""]",5,5
0,0,0,0,6,6,2,0,2,0,4,4,False,54,y,pre_data_incomplete,5,"[417, 512, 607, 702, 797, 892]",,,,,,,,,,,"[37, 132, 227, 322]","[""insufficient_pre_history""]",5,6
0,0,0,0,3,3,0,0,0,0,3,3,True,54,y,noise_baseline_short,6,"[512, 607, 702]",,-0.2238432809034267,0.4476865618068534,0.5898494681534462,3,0.5898494681534462,1.409724349535823,1.0216492476592491,0.4476865618068534,1.0437671852427097,"[227, 322, 417]",[],6,3
0,0,0,0,4,4,0,0,0,0,4,4,True,54,y,noise_baseline_short,6,"[512, 607, 702, 797]",,0.3269262077928533,0.8699430043336337,0.5425927903731574,4,0.5425927903731574,1.224434462776606,1.0851855807463149,0.9807786233785599,1.1776277446597168,"[132, 227, 322, 417]",[],6,4
0,0,0,0,5,5,0,0,0,0,5,5,True,54,y,within_tolerance_under_iid,6,"[512, 607, 702, 797, 892]",,-0.47042298112735353,1.502709386266416,0.7605627722191854,5,0.7605627722191854,1.7659876177356764,1.7006700598377873,1.8816919245094141,2.8922786524286628,"[37, 132, 227, 322, 417]",[],6,5
1,0,1,0,5,5,1,0,1,0,5,5,False,54,y,pre_data_incomplete,6,"[512, 607, 702, 797, 892]",,,,,,,,,,,"[37, 132, 227, 322, 417]","[""insufficient_pre_history"", ""insufficient_post_history""]",6,6
0,0,0,0,3,3,0,0,0,0,3,3,True,54,y,review_trend,7,"[607, 702, 797]",,0.9914826281428774,0.48025587001933856,0.597259128942727,3,0.597259128942727,0.41741490008663507,1.0344831566131345,1.9829652562857547,1.070155401316275,"[322, 417, 512]",[],7,3
0,0,0,0,4,4,0,0,0,0,4,4,True,54,y,noise_baseline_short,7,"[607, 702, 797, 892]",,0.16004173109038716,0.24012793500966934,0.4660664468814631,4,0.4660664468814631,1.1132269347380392,0.9321328937629262,0.4801251932711615,0.8688717316348465,"[227, 322, 417, 512]",[],7,4
1,0,1,0,4,4,0,0,0,0,5,5,False,54,y,within_tolerance_under_iid,7,"[607, 702, 797, 892]",,0.3992597195566359,0.48025587001933856,0.48191721867533005,5,0.48191721867533005,1.0084312695982944,1.0775996604856692,1.5970388782265437,1.1612210282788298,"[132, 227, 322, 417, 512]","[""insufficient_post_history""]",7,5
2,0,2,0,4,4,0,0,0,0,6,6,False,54,y,within_tolerance_under_iid,7,"[607, 702, 797, 892]",,-0.19094213303316399,0.9914826281428774,0.6276071901307532,6,0.6276071901307532,1.6717276120220386,1.5373173747222517,0.9547106651658199,2.363344710622916,"[37, 132, 227, 322, 417, 512]","[""insufficient_post_history""]",7,6
0,0,0,0,3,3,0,0,0,0,3,3,True,54,y,noise_baseline_short,8,"[702, 797, 892]",,-0.5874634076896044,0.48025587001933856,0.4916371993558477,3,0.4916371993558477,0.8717891396399731,0.8515406081751971,1.1749268153792087,0.7251214073713844,"[417, 512, 607]",[],8,3
1,0,1,0,3,3,0,0,0,0,4,4,False,54,y,noise_baseline_short,8,"[702, 797, 892]",,0.14636035826809612,0.7513546931332081,0.4710019587099964,4,0.4710019587099964,1.1302670854585677,0.9420039174199928,0.4390810748042884,0.8873713804346126,"[322, 417, 512, 607]","[""insufficient_post_history""]",8,4
2,0,2,0,3,3,0,0,0,0,5,5,False,54,y,within_tolerance_under_iid,8,"[702, 797, 892]",,-0.12622614980863694,0.48025587001933856,0.4157746878870696,5,0.4157746878870696,1.0484975620376487,0.9297004654392461,0.5049045992345478,0.8643429554379509,"[227, 322, 417, 512, 607]","[""insufficient_post_history""]",8,5
3,0,3,0,3,3,0,0,0,0,6,6,False,54,y,within_tolerance_under_iid,8,"[702, 797, 892]",,0.12643466506697618,0.9751979740366348,0.41098795457340864,6,0.41098795457340864,1.0940272831204385,1.0067107791350032,0.6321733253348809,1.013466592826605,"[132, 227, 322, 417, 512, 607]","[""insufficient_post_history""]",8,6
1,0,1,0,2,2,0,0,0,0,3,3,False,54,y,noise_baseline_short,9,"[797, 892]",,1.0869585411556426,1.6551826853985472,1.1087417852353443,3,1.1087417852353443,2.238948935902457,1.9203971045022368,2.173917082311285,3.6879250389805747,"[512, 607, 702]","[""insufficient_post_history""]",9,3
2,0,2,0,2,2,0,0,0,0,4,4,False,54,y,noise_baseline_short,9,"[797, 892]",,0.6307336171593324,0.8275913426992736,0.8008235736955434,4,0.8008235736955434,1.689185643315077,1.6016471473910867,1.8922008514779973,2.5652735847460053,"[417, 512, 607, 702]","[""insufficient_post_history""]",9,4
3,0,3,0,2,2,0,0,0,0,5,5,False,54,y,within_tolerance_under_iid,9,"[797, 892]",,0.7138837861814871,1.1749268153792087,0.7372969680859884,5,0.7372969680859884,1.387544087137134,1.6486461402447632,2.8555351447259483,2.7180340957439553,"[322, 417, 512, 607, 702]","[""insufficient_post_history""]",9,5
4,0,4,0,2,2,0,0,0,0,6,6,False,54,y,within_tolerance_under_iid,9,"[797, 892]",,0.3570295867228518,0.8275913426992736,0.6049227069542273,6,0.6049227069542273,1.478784740948105,1.481751965861014,1.785147933614259,2.1955888883329795,"[227, 322, 417, 512, 607, 702]","[""insufficient_post_history""]",9,6
2,0,2,0,1,1,0,0,0,0,3,3,False,54,y,noise_baseline_short,10,[892],,0.004400686448135183,0.008801372896270365,1.2749022254592142,3,1.2749022254592142,3.122853722927591,2.208195429177991,0.008801372896270365,4.876127053442572,"[607, 702, 797]","[""insufficient_post_history""]",10,3
3,0,3,0,1,1,0,0,0,0,4,4,False,54,y,noise_baseline_short,10,[892],,-0.11100441697969984,0.8275913426992736,0.9063764733544328,4,0.9063764733544328,2.213211448829507,1.8127529467088657,0.3330132509390995,3.286073245801675,"[512, 607, 702, 797]","[""insufficient_post_history""]",10,4
4,0,4,0,1,1,0,0,0,0,5,5,False,54,y,within_tolerance_under_iid,10,[892],,-0.015833380265459163,1.1661254424829384,0.7031959917426631,5,0.7031959917426631,1.8154141030586426,1.5723940390419755,0.06333352106183665,2.4724230140147374,"[417, 512, 607, 702, 797]","[""insufficient_post_history""]",10,5
5,0,5,0,1,1,0,0,0,0,6,6,False,54,y,within_tolerance_under_iid,10,[892],,0.2282930254431632,0.7557553795813433,0.637439094822376,6,0.637439094822376,1.6791216559993674,1.5614005244164038,1.141465127215816,2.437971597647821,"[322, 417, 512, 607, 702, 797]","[""insufficient_post_history""]",10,6
0,0,0,0,3,3,3,0,3,0,0,0,False,55,y,pre_data_incomplete,1,"[36, 131, 226]",,,,,,,,,,,[],"[""insufficient_pre_history""]",1,3
0,0,0,0,4,4,4,0,4,0,0,0,False,55,y,pre_data_incomplete,1,"[36, 131, 226, 321]",,,,,,,,,,,[],"[""insufficient_pre_history""]",1,4
0,0,0,0,5,5,5,0,5,0,0,0,False,55,y,pre_data_incomplete,1,"[36, 131, 226, 321, 416]",,,,,,,,,,,[],"[""insufficient_pre_history""]",1,5
0,0,0,0,6,6,6,0,6,0,0,0,False,55,y,pre_data_incomplete,1,"[36, 131, 226, 321, 416, 511]",,,,,,,,,,,[],"[""insufficient_pre_history""]",1,6
0,0,0,0,3,3,2,0,2,0,1,1,False,55,y,pre_data_incomplete,2,"[131, 226, 321]",,,,,,,,,,,[36],"[""insufficient_pre_history""]",2,3
0,0,0,0,4,4,3,0,3,0,1,1,False,55,y,pre_data_incomplete,2,"[131, 226, 321, 416]",,,,,,,,,,,[36],"[""insufficient_pre_history""]",2,4
0,0,0,0,5,5,4,0,4,0,1,1,False,55,y,pre_data_incomplete,2,"[131, 226, 321, 416, 511]",,,,,,,,,,,[36],"[""insufficient_pre_history""]",2,5
0,0,0,0,6,6,5,0,5,0,1,1,False,55,y,pre_data_incomplete,2,"[131, 226, 321, 416, 511, 606]",,,,,,,,,,,[36],"[""insufficient_pre_history""]",2,6
0,0,0,0,3,3,1,0,1,0,2,2,False,55,y,pre_data_incomplete,3,"[226, 321, 416]",,,,,,,,,,,"[36, 131]","[""insufficient_pre_history""]",3,3
0,0,0,0,4,4,2,0,2,0,2,2,False,55,y,pre_data_incomplete,3,"[226, 321, 416, 511]",,,,,,,,,,,"[36, 131]","[""insufficient_pre_history""]",3,4
0,0,0,0,5,5,3,0,3,0,2,2,False,55,y,pre_data_incomplete,3,"[226, 321, 416, 511, 606]",,,,,,,,,,,"[36, 131]","[""insufficient_pre_history""]",3,5
0,0,0,0,6,6,4,0,4,0,2,2,False,55,y,pre_data_incomplete,3,"[226, 321, 416, 511, 606, 701]",,,,,,,,,,,"[36, 131]","[""insufficient_pre_history""]",3,6
0,0,0,0,3,3,0,0,0,0,3,3,True,55,y,noise_baseline_short,4,"[321, 416, 511]",,-0.8791123139806267,0.20902100199186924,0.6238366501921278,3,0.6238366501921278,0.8884571320850919,1.080516773756338,1.7582246279612535,1.1675164983688053,"[36, 131, 226]",[],4,3
0,0,0,0,4,4,1,0,1,0,3,3,False,55,y,pre_data_incomplete,4,"[321, 416, 511, 606]",,,,,,,,,,,"[36, 131, 226]","[""insufficient_pre_history""]",4,4
0,0,0,0,5,5,2,0,2,0,3,3,False,55,y,pre_data_incomplete,4,"[321, 416, 511, 606, 701]",,,,,,,,,,,"[36, 131, 226]","[""insufficient_pre_history""]",4,5
0,0,0,0,6,6,3,0,3,0,3,3,False,55,y,pre_data_incomplete,4,"[321, 416, 511, 606, 701, 796]",,,,,,,,,,,"[36, 131, 226]","[""insufficient_pre_history""]",4,6
0,0,0,0,3,3,0,0,0,0,3,3,True,55,y,noise_baseline_short,5,"[416, 511, 606]",,1.5301246009385496,0.20902100199186924,0.9870921718946873,3,0.9870921718946873,1.0786765715912783,1.7096937934751102,3.0602492018770993,2.923052867447313,"[131, 226, 321]",[],5,3
0,0,0,0,4,4,0,0,0,0,4,4,True,55,y,noise_baseline_short,5,"[416, 511, 606, 701]",,0.3488031717763799,0.9836228149765613,0.7316417501052798,4,0.7316417501052798,1.7051799821073266,1.4632835002105595,1.0464095153291395,2.1411986019884663,"[36, 131, 226, 321]",[],5,4
0,0,0,0,5,5,1,0,1,0,4,4,False,55,y,pre_data_incomplete,5,"[416, 511, 606, 701, 796]",,,,,,,,,,,"[36, 131, 226, 321]","[""insufficient_pre_history""]",5,5
0,0,0,0,6,6,2,0,2,0,4,4,False,55,y,pre_data_incomplete,5,"[416, 511, 606, 701, 796, 891]",,,,,,,,,,,"[36, 131, 226, 321]","[""insufficient_pre_history""]",5,6
0,0,0,0,3,3,0,0,0,0,3,3,True,55,y,noise_baseline_short,6,"[511, 606, 701]",,1.1612812833863713,0.5286656331124874,0.8756992912343124,3,0.8756992912343124,1.3798358792706713,1.5167556645698843,2.3225625667727425,2.300547746004831,"[226, 321, 416]",[],6,3
0,0,0,0,4,4,0,0,0,0,4,4,True,55,y,noise_baseline_short,6,"[511, 606, 701, 796]",,1.0445978906179065,1.2657917843823059,0.78556000193242,4,0.78556000193242,0.9872513444447333,1.57112000386484,3.1337936718537196,2.468418066544255,"[131, 226, 321, 416]",[],6,4
0,0,0,0,5,5,0,0,0,0,5,5,True,55,y,within_tolerance_under_iid,6,"[511, 606, 701, 796, 891]",,0.41889250795000776,1.0930035719239766,0.6172160085974017,5,0.6172160085974017,1.3981419447742878,1.3801369520248847,1.675570031800031,1.904778006344539,"[36, 131, 226, 321, 416]",[],6,5
1,0,1,0,5,5,1,0,1,0,5,5,False,55,y,pre_data_incomplete,6,"[511, 606, 701, 796, 891]",,,,,,,,,,,"[36, 131, 226, 321, 416]","[""insufficient_pre_history"", ""insufficient_post_history""]",6,6
0,0,0,0,3,3,0,0,0,0,3,3,True,55,y,noise_baseline_short,7,"[606, 701, 796]",,1.5508015007960987,0.5286656331124874,1.1323102954000377,3,1.1323102954000377,1.6978778049879384,1.9612189615661892,3.1016030015921974,3.846379815206762,"[321, 416, 511]",[],7,3
0,0,0,0,4,4,0,0,0,0,4,4,True,55,y,review_trend,7,"[606, 701, 796, 891]",,1.7329827971319793,1.425614099942615,1.2250703834280172,4,1.2250703834280172,1.2234014991924633,2.4501407668560344,5.198948391395938,6.003189777409877,"[226, 321, 416, 511]",[],7,4
1,0,1,0,4,4,0,0,0,0,5,5,False,55,y,review_trend,7,"[606, 701, 796, 891]",,1.4646266973711337,2.3225625667727425,1.1217148934948669,5,1.1217148934948669,1.1125904336638983,2.508230753228459,5.858506789484535,6.291221511441001,"[131, 226, 321, 416, 511]","[""insufficient_post_history""]",7,5
2,0,2,0,4,4,0,0,0,0,6,6,False,55,y,within_tolerance_under_iid,7,"[606, 701, 796, 891]",,0.8976860506788553,1.425614099942615,0.9186151952917587,6,0.9186151952917587,1.674321654649874,2.250138498431929,4.488430253394276,5.063123262125495,"[36, 131, 226, 321, 416, 511]","[""insufficient_post_history""]",7,6
0,0,0,0,3,3,0,0,0,0,3,3,True,55,y,noise_baseline_short,8,"[701, 796, 891]",,0.6589475516373731,1.3178951032747461,1.06099453376469,3,1.06099453376469,2.426073505162928,1.8376964390332957,1.3178951032747461,3.3771282020356557,"[416, 511, 606]",[],8,3
1,0,1,0,3,3,0,0,0,0,4,4,False,55,y,noise_baseline_short,8,"[701, 796, 891]",,0.5997957045191461,0.6589475516373731,0.8008469592134225,4,0.8008469592134225,1.7171918630686742,1.601693918426845,1.7993871135574384,2.565423408325541,"[321, 416, 511, 606]","[""insufficient_post_history""]",8,4
2,0,2,0,3,3,0,0,0,0,5,5,False,55,y,within_tolerance_under_iid,8,"[701, 796, 891]",,1.0382518341687175,0.7892294701622586,0.9643547655556644,5,0.9643547655556644,1.6145106137208003,2.1563628102083383,4.15300733667487,4.649900569249602,"[226, 321, 416, 511, 606]","[""insufficient_post_history""]",8,5
3,0,3,0,3,3,0,0,0,0,6,6,False,55,y,within_tolerance_under_iid,8,"[701, 796, 891]",,1.0450634666147598,1.8202288350237446,0.9475191300659829,6,0.9475191300659829,1.3983039899557679,2.320938390187465,5.225317333073799,5.386755011045981,"[131, 226, 321, 416, 511, 606]","[""insufficient_post_history""]",8,6
1,0,1,0,2,2,0,0,0,0,3,3,False,55,y,review_trend,9,"[796, 891]",,-2.698534538607327,2.3123735314299387,1.563307970356955,3,1.563307970356955,0.3152991420479446,2.707728832535626,5.397069077214654,7.3317954305447435,"[511, 606, 701]","[""insufficient_post_history""]",9,3
2,0,2,0,2,2,0,0,0,0,4,4,False,55,y,noise_baseline_short,9,"[796, 891]",,-0.7612774858959845,1.5423477728923576,1.1367722420142594,4,1.1367722420142594,2.5109058634195107,2.273544484028519,2.2838324576879536,5.169004520856505,"[416, 511, 606, 701]","[""insufficient_post_history""]",9,4
3,0,3,0,2,2,0,0,0,0,5,5,False,55,y,within_tolerance_under_iid,9,"[796, 891]",,-0.32730370479701676,0.7892294701622586,0.8821537872860048,5,0.8821537872860048,2.1979254564795343,1.9725558349803964,1.309214819188067,3.8909765221152086,"[321, 416, 511, 606, 701]","[""insufficient_post_history""]",9,5
4,0,4,0,2,2,0,0,0,0,6,6,False,55,y,within_tolerance_under_iid,9,"[796, 891]",,0.25076479047158085,1.5423477728923576,0.8829915454048333,6,0.8829915454048333,2.3606021437992246,2.1628787334334056,1.2538239523579042,4.678044415538492,"[226, 321, 416, 511, 606, 701]","[""insufficient_post_history""]",9,6
2,0,2,0,1,1,0,0,0,0,3,3,False,55,y,noise_baseline_short,10,[891],,0.2254608302143239,0.4509216604286477,1.111037202669944,3,1.111037202669944,2.7027313633393275,1.9243728841235428,0.4509216604286478,3.7032109971499625,"[606, 701, 796]","[""insufficient_post_history""]",10,3
3,0,3,0,1,1,0,0,0,0,4,4,False,55,y,noise_baseline_short,10,[891],,-0.8669051158788588,1.1561867657149694,1.1195208705814583,4,1.1195208705814583,2.3751106665085002,2.2390417411629167,2.6007153476365765,5.013307918669866,"[511, 606, 701, 796]","[""insufficient_post_history""]",10,4
4,0,4,0,1,1,0,0,0,0,5,5,False,55,y,within_tolerance_under_iid,10,[891],,-0.18594355498078666,1.3178951032747461,0.9018075705748212,5,0.9018075705748212,2.303576048273083,2.0165030304292393,0.7437742199231466,4.066284471730306,"[416, 511, 606, 701, 796]","[""insufficient_post_history""]",10,5
5,0,5,0,1,1,0,0,0,0,6,6,False,55,y,within_tolerance_under_iid,10,[891],,-0.0403434058858661,0.8844083818516968,0.7403270315405593,6,0.7403270315405593,2.0257122560297423,1.8134234700637184,0.2017170294293305,3.288504681777938,"[321, 416, 511, 606, 701, 796]","[""insufficient_post_history""]",10,6
0,0,0,0,3,3,3,0,3,0,0,0,False,56,y,pre_data_incomplete,1,"[35, 130, 225]",,,,,,,,,,,[],"[""insufficient_pre_history""]",1,3
0,0,0,0,4,4,4,0,4,0,0,0,False,56,y,pre_data_incomplete,1,"[35, 130, 225, 320]",,,,,,,,,,,[],"[""insufficient_pre_history""]",1,4
0,0,0,0,5,5,5,0,5,0,0,0,False,56,y,pre_data_incomplete,1,"[35, 130, 225, 320, 415]",,,,,,,,,,,[],"[""insufficient_pre_history""]",1,5
0,0,0,0,6,6,6,0,6,0,0,0,False,56,y,pre_data_incomplete,1,"[35, 130, 225, 320, 415, 510]",,,,,,,,,,,[],"[""insufficient_pre_history""]",1,6
0,0,0,0,3,3,2,0,2,0,1,1,False,56,y,pre_data_incomplete,2,"[130, 225, 320]",,,,,,,,,,,[35],"[""insufficient_pre_history""]",2,3
0,0,0,0,4,4,3,0,3,0,1,1,False,56,y,pre_data_incomplete,2,"[130, 225, 320, 415]",,,,,,,,,,,[35],"[""insufficient_pre_history""]",2,4
0,0,0,0,5,5,4,0,4,0,1,1,False,56,y,pre_data_incomplete,2,"[130, 225, 320, 415, 510]",,,,,,,,,,,[35],"[""insufficient_pre_history""]",2,5
0,0,0,0,6,6,5,0,5,0,1,1,False,56,y,pre_data_incomplete,2,"[130, 225, 320, 415, 510, 605]",,,,,,,,,,,[35],"[""insufficient_pre_history""]",2,6
0,0,0,0,3,3,1,0,1,0,2,2,False,56,y,pre_data_incomplete,3,"[225, 320, 415]",,,,,,,,,,,"[35, 130]","[""insufficient_pre_history""]",3,3
0,0,0,0,4,4,2,0,2,0,2,2,False,56,y,pre_data_incomplete,3,"[225, 320, 415, 510]",,,,,,,,,,,"[35, 130]","[""insufficient_pre_history""]",3,4
0,0,0,0,5,5,3,0,3,0,2,2,False,56,y,pre_data_incomplete,3,"[225, 320, 415, 510, 605]",,,,,,,,,,,"[35, 130]","[""insufficient_pre_history""]",3,5
0,0,0,0,6,6,4,0,4,0,2,2,False,56,y,pre_data_incomplete,3,"[225, 320, 415, 510, 605, 700]",,,,,,,,,,,"[35, 130]","[""insufficient_pre_history""]",3,6
0,0,0,0,3,3,0,0,0,0,3,3,True,56,y,noise_baseline_short,4,"[320, 415, 510]",,1.5538472914499633,0.27391885914659264,1.0844380683461885,3,1.0844380683461885,1.492364812697519,1.878301832037449,3.1076945828999265,3.5280177722352373,"[35, 130, 225]",[],4,3
0,0,0,0,4,4,1,0,1,0,3,3,False,56,y,pre_data_incomplete,4,"[320, 415, 510, 605]",,,,,,,,,,,"[35, 130, 225]","[""insufficient_pre_history""]",4,4
0,0,0,0,5,5,2,0,2,0,3,3,False,56,y,pre_data_incomplete,4,"[320, 415, 510, 605, 700]",,,,,,,,,,,"[35, 130, 225]","[""insufficient_pre_history""]",4,5
0,0,0,0,6,6,3,0,3,0,3,3,False,56,y,pre_data_incomplete,4,"[320, 415, 510, 605, 700, 795]",,,,,,,,,,,"[35, 130, 225]","[""insufficient_pre_history""]",4,6
0,0,0,0,3,3,0,0,0,0,3,3,True,56,y,noise_baseline_short,5,"[415, 510, 605]",,1.4195356263096675,0.5425421894271842,1.0485436216270978,3,1.0485436216270978,1.60202982806328,1.81613082661041,2.839071252619335,3.2983311793646113,"[130, 225, 320]",[],5,3
0,0,0,0,4,4,0,0,0,0,4,4,True,56,y,noise_baseline_short,5,"[415, 510, 605, 700]",,1.1077070622464746,1.4195356263096675,0.8672609065316447,4,0.8672609065316447,1.202211104844633,1.7345218130632893,3.323121186739424,3.0085659199923604,"[35, 130, 225, 320]",[],5,4
0,0,0,0,5,5,1,0,1,0,4,4,False,56,y,pre_data_incomplete,5,"[415, 510, 605, 700, 795]",,,,,,,,,,,"[35, 130, 225, 320]","[""insufficient_pre_history""]",5,5
0,0,0,0,6,6,2,0,2,0,4,4,False,56,y,pre_data_incomplete,5,"[415, 510, 605, 700, 795, 890]",,,,,,,,,,,"[35, 130, 225, 320]","[""insufficient_pre_history""]",5,6
0,0,0,0,3,3,0,0,0,0,3,3,True,56,y,noise_baseline_short,6,"[510, 605, 700]",,1.3782260627368512,0.5425421894271842,1.021321144321448,3,1.021321144321448,1.5683007106464593,1.768980112809134,2.7564521254737024,3.129290639514217,"[225, 320, 415]",[],6,3
0,0,0,0,4,4,0,0,0,0,4,4,True,56,y,review_trend,6,"[510, 605, 700, 795]",,1.787165451313348,1.6494971574504431,1.2578687977847514,4,1.2578687977847514,1.2282111376805804,2.5157375955695027,5.361496353940044,6.328935649761822,"[130, 225, 320, 415]",[],6,4
0,0,0,0,5,5,0,0,0,0,5,5,True,56,y,review_trend,6,"[510, 605, 700, 795, 890]",,1.4567364669366591,2.5651523934727423,1.1253810393737393,5,1.1253810393737393,1.1703045664280947,2.5164285046290487,5.826945867746637,6.3324124189095885,"[35, 130, 225, 320, 415]",[],6,5
1,0,1,0,5,5,1,0,1,0,5,5,False,56,y,pre_data_incomplete,6,"[510, 605, 700, 795, 890]",,,,,,,,,,,"[35, 130, 225, 320, 415]","[""insufficient_pre_history"", ""insufficient_post_history""]",6,6
0,0,0,0,3,3,0,0,0,0,3,3,True,56,y,noise_baseline_short,7,"[605, 700, 795]",,0.2751081369556284,0.5502162739112569,1.020399762523709,3,1.020399762523709,2.4689927254069124,1.7673842327222804,0.5502162739112568,3.1236470260753233,"[320, 415, 510]",[],7,3
0,0,0,0,4,4,0,0,0,0,4,4,True,56,y,noise_baseline_short,7,"[605, 700, 795, 890]",,0.33220165683531044,0.27510813695562847,0.7449038164331679,4,0.7449038164331679,1.7473967272516793,1.4898076328663359,0.9966049705059313,2.219526782946795,"[225, 320, 415, 510]",[],7,4
1,0,1,0,4,4,0,0,0,0,5,5,False,56,y,within_tolerance_under_iid,7,"[605, 700, 795, 890]",,0.9535027178534886,0.5425421894271842,0.976181721263587,5,0.976181721263587,1.8227214752527696,2.1828086871381327,3.8140108714139545,4.764653764645698,"[130, 225, 320, 415, 510]","[""insufficient_post_history""]",7,5
2,0,2,0,4,4,0,0,0,0,6,6,False,56,y,within_tolerance_under_iid,7,"[605, 700, 795, 890]",,0.9556713671443848,1.5576843336919997,0.9300526203980846,6,0.9300526203980846,1.5785317914629555,2.278154353913725,4.778356835721924,5.189987260256061,"[35, 130, 225, 320, 415, 510]","[""insufficient_post_history""]",7,6
0,0,0,0,3,3,0,0,0,0,3,3,True,56,y,noise_baseline_short,8,"[700, 795, 890]",,-0.20461245181933063,0.40922490363866126,0.8562435603285375,3,0.8562435603285375,2.077302504871523,1.483057350142694,0.40922490363866126,2.199459103812269,"[415, 510, 605]",[],8,3
1,0,1,0,3,3,0,0,0,0,4,4,False,56,y,noise_baseline_short,8,"[700, 795, 890]",,0.5920530192797047,1.3743890204948148,0.8258029339044011,4,0.8258029339044011,1.793149734343221,1.6516058678088021,1.776159057839114,2.7278019425804665,"[320, 415, 510, 605]","[""insufficient_post_history""]",8,4
2,0,2,0,3,3,0,0,0,0,5,5,False,56,y,within_tolerance_under_iid,8,"[700, 795, 890]",,0.5244670717581339,0.5502162739112569,0.6792314640886319,5,0.6792314640886319,1.4692912738884478,1.5188077261588881,2.0978682870325356,2.306776909039932,"[225, 320, 415, 510, 605]","[""insufficient_post_history""]",8,5
3,0,3,0,3,3,0,0,0,0,6,6,False,56,y,within_tolerance_under_iid,8,"[700, 795, 890]",,0.9133205682217401,1.4448847056311127,0.9055811744414436,6,0.9055811744414436,1.581503623864556,2.21821179805186,4.5666028411087005,4.920463581016466,"[130, 225, 320, 415, 510, 605]","[""insufficient_post_history""]",8,6
1,0,1,0,2,2,0,0,0,0,3,3,False,56,y,review_trend,9,"[795, 890]",,2.724257474775408,2.3395531373509684,1.5780696292848928,3,1.5780696292848928,0.3141097761751216,2.7332967758028173,5.448514949550816,7.470911264614076,"[510, 605, 700]","[""insufficient_post_history""]",9,3
2,0,2,0,2,2,0,0,0,0,4,4,False,56,y,noise_baseline_short,9,"[795, 890]",,1.0438763863034528,1.3743890204948148,1.1165170238991435,4,1.1165170238991435,2.180703284088579,2.233034047798287,3.1316291589103584,4.9864410586264025,"[415, 510, 605, 700]","[""insufficient_post_history""]",9,4
3,0,3,0,2,2,0,0,0,0,5,5,False,56,y,high_noise_under_iid,9,"[795, 890]",,1.1588237543285484,2.3395531373509684,1.0740527812121134,5,1.0740527812121134,1.792862013711447,2.4016550302129946,4.635295017314194,5.7679468841473795,"[320, 415, 510, 605, 700]","[""insufficient_post_history""]",9,5
4,0,4,0,2,2,0,0,0,0,6,6,False,56,y,within_tolerance_under_iid,9,"[795, 890]",,0.9486135817991855,1.378226062736851,0.9384705386008049,6,0.9384705386008049,1.6335638434193227,2.298773958206876,4.743067908995927,5.284361710930107,"[225, 320, 415, 510, 605, 700]","[""insufficient_post_history""]",9,6
2,0,2,0,1,1,0,0,0,0,3,3,False,56,y,review_trend,10,[890],,2.958602457555621,2.8082431029113932,1.708885063461343,3,1.708885063461343,0.12276789897751111,2.959875754210611,5.917204915111242,8.760864480363834,"[605, 700, 795]","[""insufficient_post_history""]",10,3
3,0,3,0,1,1,0,0,0,0,4,4,False,56,y,review_trend,10,[890],,2.787923596958648,2.724257474775408,1.8021923249721552,4,1.8021923249721552,0.23682926536672874,3.6043846499443104,8.363770790875943,12.99158870475417,"[510, 605, 700, 795]","[""insufficient_post_history""]",10,4
4,0,4,0,1,1,0,0,0,0,5,5,False,56,y,high_noise_under_iid,10,[890],,1.6464474972495977,2.699736908561187,1.4186216316539935,5,1.4186216316539935,2.0929925198097052,3.172134402729997,6.585789988998391,10.062436668983194,"[415, 510, 605, 700, 795]","[""insufficient_post_history""]",10,5
5,0,5,0,1,1,0,0,0,0,6,6,False,56,y,high_noise_under_iid,10,[890],,1.5563895855686247,2.724257474775408,1.3628670252744888,6,1.3628670252744888,1.8255886976022757,3.3383287991872823,7.781947927843124,11.144439171483201,"[320, 415, 510, 605, 700, 795]","[""insufficient_post_history""]",10,6
0,0,0,0,3,3,3,0,3,0,0,0,False,57,y,pre_data_incomplete,1,"[34, 129, 224]",,,,,,,,,,,[],"[""insufficient_pre_history""]",1,3
0,0,0,0,4,4,4,0,4,0,0,0,False,57,y,pre_data_incomplete,1,"[34, 129, 224, 319]",,,,,,,,,,,[],"[""insufficient_pre_history""]",1,4
0,0,0,0,5,5,5,0,5,0,0,0,False,57,y,pre_data_incomplete,1,"[34, 129, 224, 319, 414]",,,,,,,,,,,[],"[""insufficient_pre_history""]",1,5
0,0,0,0,6,6,6,0,6,0,0,0,False,57,y,pre_data_incomplete,1,"[34, 129, 224, 319, 414, 509]",,,,,,,,,,,[],"[""insufficient_pre_history""]",1,6
0,0,0,0,3,3,2,0,2,0,1,1,False,57,y,pre_data_incomplete,2,"[129, 224, 319]",,,,,,,,,,,[34],"[""insufficient_pre_history""]",2,3
0,0,0,0,4,4,3,0,3,0,1,1,False,57,y,pre_data_incomplete,2,"[129, 224, 319, 414]",,,,,,,,,,,[34],"[""insufficient_pre_history""]",2,4
0,0,0,0,5,5,4,0,4,0,1,1,False,57,y,pre_data_incomplete,2,"[129, 224, 319, 414, 509]",,,,,,,,,,,[34],"[""insufficient_pre_history""]",2,5
0,0,0,0,6,6,5,0,5,0,1,1,False,57,y,pre_data_incomplete,2,"[129, 224, 319, 414, 509, 604]",,,,,,,,,,,[34],"[""insufficient_pre_history""]",2,6
0,0,0,0,3,3,1,0,1,0,2,2,False,57,y,pre_data_incomplete,3,"[224, 319, 414]",,,,,,,,,,,"[34, 129]","[""insufficient_pre_history""]",3,3
0,0,0,0,4,4,2,0,2,0,2,2,False,57,y,pre_data_incomplete,3,"[224, 319, 414, 509]",,,,,,,,,,,"[34, 129]","[""insufficient_pre_history""]",3,4
0,0,0,0,5,5,3,0,3,0,2,2,False,57,y,pre_data_incomplete,3,"[224, 319, 414, 509, 604]",,,,,,,,,,,"[34, 129]","[""insufficient_pre_history""]",3,5
0,0,0,0,6,6,4,0,4,0,2,2,False,57,y,pre_data_incomplete,3,"[224, 319, 414, 509, 604, 699]",,,,,,,,,,,"[34, 129]","[""insufficient_pre_history""]",3,6
0,0,0,0,3,3,0,0,0,0,3,3,True,57,y,noise_baseline_short,4,"[319, 414, 509]",,0.9856409501639034,1.2945636357667478,0.9494909280251872,3,0.9494909280251872,1.861779248228098,1.6445665286653481,1.9712819003278068,2.704599067206393,"[34, 129, 224]",[],4,3
0,0,0,0,4,4,1,0,1,0,3,3,False,57,y,pre_data_incomplete,4,"[319, 414, 509, 604]",,,,,,,,,,,"[34, 129, 224]","[""insufficient_pre_history""]",4,4
0,0,0,0,5,5,2,0,2,0,3,3,False,57,y,pre_data_incomplete,4,"[319, 414, 509, 604, 699]",,,,,,,,,,,"[34, 129, 224]","[""insufficient_pre_history""]",4,5
0,0,0,0,6,6,3,0,3,0,3,3,False,57,y,pre_data_incomplete,4,"[319, 414, 509, 604, 699, 794]",,,,,,,,,,,"[34, 129, 224]","[""insufficient_pre_history""]",4,6
0,0,0,0,3,3,0,0,0,0,3,3,True,57,y,review_trend,5,"[414, 509, 604]",,2.196415641403934,1.1269857467133135,1.317253257901522,3,1.317253257901522,0.8731858525567898,2.2815495691210654,4.392831282807868,5.205468436356519,"[129, 224, 319]",[],5,3
0,0,0,0,4,4,0,0,0,0,4,4,True,57,y,noise_baseline_short,5,"[414, 509, 604, 699]",,1.2560648477217915,1.54913382352056,0.9831276660109058,4,0.9831276660109058,1.3619812009900831,1.9662553320218117,3.7681945431653743,3.866160030704205,"[34, 129, 224, 319]",[],5,4
0,0,0,0,5,5,1,0,1,0,4,4,False,57,y,pre_data_incomplete,5,"[414, 509, 604, 699, 794]",,,,,,,,,,,"[34, 129, 224, 319]","[""insufficient_pre_history""]",5,5
0,0,0,0,6,6,2,0,2,0,4,4,False,57,y,pre_data_incomplete,5,"[414, 509, 604, 699, 794, 889]",,,,,,,,,,,"[34, 129, 224, 319]","[""insufficient_pre_history""]",5,6
0,0,0,0,3,3,0,0,0,0,3,3,True,57,y,noise_baseline_short,6,"[509, 604, 699]",,-0.08178619368614809,0.16357238737229618,0.40568139501201955,3,0.40568139501201955,0.9869581564575335,0.7026607878462371,0.16357238737229618,0.4937321827766947,"[224, 319, 414]",[],6,3
0,0,0,0,4,4,0,0,0,0,4,4,True,57,y,noise_baseline_short,6,"[509, 604, 699, 794]",,1.0433805192880088,0.6452790670428049,0.9415103726945364,4,0.9415103726945364,1.611534492734841,1.8830207453890728,3.130141557864026,3.545767127565619,"[129, 224, 319, 414]",[],6,4
0,0,0,0,5,5,0,0,0,0,5,5,True,57,y,within_tolerance_under_iid,6,"[509, 604, 699, 794, 889]",,0.8008250308718889,1.2905581340856096,0.7808849400797061,5,0.7808849400797061,1.3883345528793491,1.746111808624073,3.2033001234875558,3.0489064482164316,"[34, 129, 224, 319, 414]",[],6,5
1,0,1,0,5,5,1,0,1,0,5,5,False,57,y,pre_data_incomplete,6,"[509, 604, 699, 794, 889]",,,,,,,,,,,"[34, 129, 224, 319, 414]","[""insufficient_pre_history"", ""insufficient_post_history""]",6,6
0,0,0,0,3,3,0,0,0,0,3,3,True,57,y,review_trend,7,"[604, 699, 794]",,-1.0666780341734725,0.8427979342613354,0.6203519059463319,3,0.6203519059463319,0.18279733611601764,1.0744810196712364,2.133356068346945,1.1545094616337401,"[319, 414, 509]",[],7,3
0,0,0,0,4,4,0,0,0,0,4,4,True,57,y,noise_baseline_short,7,"[604, 699, 794, 889]",,-0.4309669098986505,0.5031851608168159,0.4386696458534471,4,0.4386696458534471,0.8308159577127497,0.8773392917068942,1.2929007296959516,0.7697242327727547,"[224, 319, 414, 509]",[],7,4
1,0,1,0,4,4,0,0,0,0,5,5,False,57,y,within_tolerance_under_iid,7,"[604, 699, 794, 889]",,0.43553780415495497,0.8427979342613354,0.7343618418202539,5,0.7343618418202539,1.7213187295357313,1.6420829983920355,1.7421512166198199,2.6964365736081777,"[129, 224, 319, 414, 509]","[""insufficient_post_history""]",7,5
2,0,2,0,4,4,0,0,0,0,6,6,False,57,y,within_tolerance_under_iid,7,"[604, 699, 794, 889]",,0.435953231038599,0.9856409501639034,0.6380905076014899,6,0.6380905076014899,1.4907060854513214,1.5629961533371608,2.179766155192995,2.4429569753467613,"[34, 129, 224, 319, 414, 509]","[""insufficient_post_history""]",7,6
0,0,0,0,3,3,0,0,0,0,3,3,True,57,y,noise_baseline_short,8,"[699, 794, 889]",,0.1360671477408918,0.2721342954817836,0.33561215294613383,3,0.33561215294613383,0.7992399926443567,0.5812973005402806,0.2721342954817836,0.3379065516154173,"[414, 509, 604]",[],8,3
1,0,1,0,3,3,0,0,0,0,4,4,False,57,y,noise_baseline_short,8,"[699, 794, 889]",,-0.38980694500728136,0.5574661148715595,0.4397294347222771,4,0.4397294347222771,0.883344903549721,0.8794588694445542,1.169420835021844,0.7734479030446936,"[319, 414, 509, 604]","[""insufficient_post_history""]",8,4
2,0,2,0,3,3,0,0,0,0,5,5,False,57,y,within_tolerance_under_iid,8,"[699, 794, 889]",,-0.19162322521279704,0.16357238737229618,0.3406287502237489,5,0.3406287502237489,0.8069209596092872,0.7616690405910992,0.7664929008511882,0.5801397273949656,"[224, 319, 414, 509, 604]","[""insufficient_post_history""]",8,5
3,0,3,0,3,3,0,0,0,0,6,6,False,57,y,within_tolerance_under_iid,8,"[699, 794, 889]",,0.35892480348667727,0.5574661148715595,0.6131950062595163,6,0.6131950062595163,1.5021460245498874,1.5020148781585516,1.7946240174333863,2.2560486942096487,"[129, 224, 319, 414, 509, 604]","[""insufficient_post_history""]",8,6
1,0,1,0,2,2,0,0,0,0,3,3,False,57,y,noise_baseline_short,9,"[794, 889]",,0.3683681749807072,0.37819587978170466,0.3273535677519109,3,0.3273535677519109,0.6095669981570488,0.5669930113852504,0.7367363499614143,0.32148107495971473,"[509, 604, 699]","[""insufficient_post_history""]",9,3
2,0,2,0,2,2,0,0,0,0,4,4,False,57,y,noise_baseline_short,9,"[794, 889]",,0.07967474768433558,0.18909793989085233,0.23824448848972346,4,0.23824448848972346,0.5698179132213846,0.4764889769794469,0.23902424305300674,0.2270417451829199,"[414, 509, 604, 699]","[""insufficient_post_history""]",9,4
3,0,3,0,2,2,0,0,0,0,5,5,False,57,y,within_tolerance_under_iid,9,"[794, 889]",,-0.2521105141289278,0.2721342954817836,0.3453835998831174,5,0.3453835998831174,0.7638061508046188,0.772301207652239,1.0084420565157113,0.5964491553411068,"[319, 414, 509, 604, 699]","[""insufficient_post_history""]",9,5
4,0,4,0,2,2,0,0,0,0,6,6,False,57,y,within_tolerance_under_iid,9,"[794, 889]",,-0.14989255166954,0.18909793989085233,0.282086524323309,6,0.282086524323309,0.7060449911016724,0.6909680479073028,0.7494627583476999,0.4774368432288286,"[224, 319, 414, 509, 604, 699]","[""insufficient_post_history""]",9,6
2,0,2,0,1,1,0,0,0,0,3,3,False,57,y,noise_baseline_short,10,[889],,2.5095015707953006,0.37819587978170466,1.7394632303463036,3,1.7394632303463036,2.357795095149836,3.012838692857683,5.019003141590601,9.077196989180393,"[604, 699, 794]","[""insufficient_post_history""]",10,3
3,0,3,0,1,1,0,0,0,0,4,4,False,57,y,noise_baseline_short,10,[889],,1.8023610234219458,0.5574661148715595,1.3984679072191806,4,1.3984679072191806,1.9007924079855378,2.796935814438361,5.407083070265838,7.822849950087978,"[509, 604, 699, 794]","[""insufficient_post_history""]",10,4
4,0,4,0,1,1,0,0,0,0,5,5,False,57,y,high_noise_under_iid,10,[889],,1.1319011224106184,0.2721342954817836,1.1075466097256648,5,1.1075466097256648,1.976629146227832,2.476549507596016,4.527604489642473,6.1332974635740705,"[414, 509, 604, 699, 794]","[""insufficient_post_history""]",10,5
5,0,5,0,1,1,0,0,0,0,6,6,False,57,y,within_tolerance_under_iid,10,[889],,0.5942755426222067,0.61049690702152,0.9063818982807863,6,0.9063818982807863,2.148574207826633,2.220173162883132,2.9713777131110337,4.929168873186489,"[319, 414, 509, 604, 699, 794]","[""insufficient_post_history""]",10,6
0,0,0,0,3,3,3,0,3,0,0,0,False,58,y,pre_data_incomplete,1,"[33, 128, 223]",,,,,,,,,,,[],"[""insufficient_pre_history""]",1,3
0,0,0,0,4,4,4,0,4,0,0,0,False,58,y,pre_data_incomplete,1,"[33, 128, 223, 318]",,,,,,,,,,,[],"[""insufficient_pre_history""]",1,4
0,0,0,0,5,5,5,0,5,0,0,0,False,58,y,pre_data_incomplete,1,"[33, 128, 223, 318, 413]",,,,,,,,,,,[],"[""insufficient_pre_history""]",1,5
0,0,0,0,6,6,6,0,6,0,0,0,False,58,y,pre_data_incomplete,1,"[33, 128, 223, 318, 413, 508]",,,,,,,,,,,[],"[""insufficient_pre_history""]",1,6
0,0,0,0,3,3,2,0,2,0,1,1,False,58,y,pre_data_incomplete,2,"[128, 223, 318]",,,,,,,,,,,[33],"[""insufficient_pre_history""]",2,3
0,0,0,0,4,4,3,0,3,0,1,1,False,58,y,pre_data_incomplete,2,"[128, 223, 318, 413]",,,,,,,,,,,[33],"[""insufficient_pre_history""]",2,4
0,0,0,0,5,5,4,0,4,0,1,1,False,58,y,pre_data_incomplete,2,"[128, 223, 318, 413, 508]",,,,,,,,,,,[33],"[""insufficient_pre_history""]",2,5
0,0,0,0,6,6,5,0,5,0,1,1,False,58,y,pre_data_incomplete,2,"[128, 223, 318, 413, 508, 603]",,,,,,,,,,,[33],"[""insufficient_pre_history""]",2,6
0,0,0,0,3,3,1,0,1,0,2,2,False,58,y,pre_data_incomplete,3,"[223, 318, 413]",,,,,,,,,,,"[33, 128]","[""insufficient_pre_history""]",3,3
0,0,0,0,4,4,2,0,2,0,2,2,False,58,y,pre_data_incomplete,3,"[223, 318, 413, 508]",,,,,,,,,,,"[33, 128]","[""insufficient_pre_history""]",3,4
0,0,0,0,5,5,3,0,3,0,2,2,False,58,y,pre_data_incomplete,3,"[223, 318, 413, 508, 603]",,,,,,,,,,,"[33, 128]","[""insufficient_pre_history""]",3,5
0,0,0,0,6,6,4,0,4,0,2,2,False,58,y,pre_data_incomplete,3,"[223, 318, 413, 508, 603, 698]",,,,,,,,,,,"[33, 128]","[""insufficient_pre_history""]",3,6
0,0,0,0,3,3,0,0,0,0,3,3,True,58,y,noise_baseline_short,4,"[318, 413, 508]",,1.0788966385412204,1.7061516585997882,1.1179618303648569,3,1.1179618303648569,2.273982412334219,1.9363666911146304,2.157793277082441,3.749515962458222,"[33, 128, 223]",[],4,3
0,0,0,0,4,4,1,0,1,0,3,3,False,58,y,pre_data_incomplete,4,"[318, 413, 508, 603]",,,,,,,,,,,"[33, 128, 223]","[""insufficient_pre_history""]",4,4
0,0,0,0,5,5,2,0,2,0,3,3,False,58,y,pre_data_incomplete,4,"[318, 413, 508, 603, 698]",,,,,,,,,,,"[33, 128, 223]","[""insufficient_pre_history""]",4,5
0,0,0,0,6,6,3,0,3,0,3,3,False,58,y,pre_data_incomplete,4,"[318, 413, 508, 603, 698, 793]",,,,,,,,,,,"[33, 128, 223]","[""insufficient_pre_history""]",4,6
0,0,0,0,3,3,0,0,0,0,3,3,True,58,y,noise_baseline_short,5,"[413, 508, 603]",,-0.5416384698195336,0.6228747189607211,0.49846516236326166,3,0.49846516236326166,0.9508210370843216,0.8633669870162388,1.0832769396390671,0.7454025542694982,"[128, 223, 318]",[],5,3
0,0,0,0,4,4,0,0,0,0,4,4,True,58,y,noise_baseline_short,5,"[413, 508, 603, 698]",,0.6635852329529698,0.8530758292998942,0.813821644598831,4,0.813821644598831,1.694983956213792,1.627643289197662,1.9907556988589095,2.649222676870184,"[33, 128, 223, 318]",[],5,4
0,0,0,0,5,5,1,0,1,0,4,4,False,58,y,pre_data_incomplete,5,"[413, 508, 603, 698, 793]",,,,,,,,,,,"[33, 128, 223, 318]","[""insufficient_pre_history""]",5,5
0,0,0,0,6,6,2,0,2,0,4,4,False,58,y,pre_data_incomplete,5,"[413, 508, 603, 698, 793, 888]",,,,,,,,,,,"[33, 128, 223, 318]","[""insufficient_pre_history""]",5,6
0,0,0,0,3,3,0,0,0,0,3,3,True,58,y,review_trend,6,"[508, 603, 698]",,1.6641709360558337,0.6228747189607211,1.0215833312926799,3,1.0215833312926799,0.8502148009911347,1.7694342339643898,3.3283418721116673,3.1308975083251473,"[223, 318, 413]",[],6,3
0,0,0,0,4,4,0,0,0,0,4,4,True,58,y,noise_baseline_short,6,"[508, 603, 698, 793]",,0.5489445359496359,0.8530758292998941,0.7288879736291956,4,0.7288879736291956,1.5602294093290403,1.457775947258391,1.6468336078489076,2.125110712405099,"[128, 223, 318, 413]",[],6,4
0,0,0,0,5,5,0,0,0,0,5,5,True,58,y,within_tolerance_under_iid,6,"[508, 603, 698, 793, 888]",,0.9888993358749151,1.0832769396390671,0.9105891731231459,5,0.9105891731231459,1.5060139307947338,2.036139290678679,3.9555973434996603,4.145863211045474,"[33, 128, 223, 318, 413]",[],6,5
1,0,1,0,5,5,1,0,1,0,5,5,False,58,y,pre_data_incomplete,6,"[508, 603, 698, 793, 888]",,,,,,,,,,,"[33, 128, 223, 318, 413]","[""insufficient_pre_history"", ""insufficient_post_history""]",6,6
0,0,0,0,3,3,0,0,0,0,3,3,True,58,y,review_trend,7,"[603, 698, 793]",,2.427598595035592,2.1497300369202375,1.4046318517851908,3,1.4046318517851908,0.226878727648504,2.432893733221507,4.855197190071184,5.9189719171484825,"[318, 413, 508]",[],7,3
0,0,0,0,4,4,0,0,0,0,4,4,True,58,y,review_trend,7,"[603, 698, 793, 888]",,1.9139682880246665,1.6641709360558339,1.2664660137941224,4,1.2664660137941224,0.6822246445733732,2.5329320275882448,5.741904864074,6.415744656382296,"[223, 318, 413, 508]",[],7,4
1,0,1,0,4,4,0,0,0,0,5,5,False,58,y,within_tolerance_under_iid,7,"[603, 698, 793, 888]",,1.08721823729759,1.622190213511879,0.9896073046977661,5,0.9896073046977661,1.6089351960327425,2.212829204334552,4.34887294919036,4.896613087555887,"[128, 223, 318, 413, 508]","[""insufficient_post_history""]",7,5
2,0,2,0,4,4,0,0,0,0,6,6,False,58,y,high_noise_under_iid,7,"[603, 698, 793, 888]",,1.247679179716231,1.6641709360558337,1.089481616192049,6,1.089481616192049,1.4462708416310943,2.6686740438132635,6.238395898581155,7.121821152122637,"[33, 128, 223, 318, 413, 508]","[""insufficient_post_history""]",7,6
0,0,0,0,3,3,0,0,0,0,3,3,True,58,y,noise_baseline_short,8,"[698, 793, 888]",,-2.2447093134271685,2.1497300369202375,1.9558248305238195,3,1.9558248305238195,3.588044704652915,3.387587977172044,4.489418626854337,11.475752303080583,"[413, 508, 603]",[],8,3
1,0,1,0,3,3,0,0,0,0,4,4,False,58,y,noise_baseline_short,8,"[698, 793, 888]",,-0.32021243841899344,2.244709313427169,1.464364829245273,4,1.464364829245273,3.5510345118694118,2.928729658490546,0.9606373152569803,8.57745741252215,"[318, 413, 508, 603]","[""insufficient_post_history""]",8,4
2,0,2,0,3,3,0,0,0,0,5,5,False,58,y,high_noise_under_iid,8,"[698, 793, 888]",,0.2533043680585845,1.7839514737033908,1.207280798134246,5,1.207280798134246,3.0826886253235535,2.6995619325583755,1.013217472234338,7.287634627718312,"[223, 318, 413, 508, 603]","[""insufficient_post_history""]",8,5
3,0,3,0,3,3,0,0,0,0,6,6,False,58,y,within_tolerance_under_iid,8,"[698, 793, 888]",,0.13724402324383916,1.6641709360558337,0.9857794919170839,6,0.9857794919170839,2.6843624739869054,2.4146567540969097,0.6862201162191959,5.830567240105824,"[128, 223, 318, 413, 508, 603]","[""insufficient_post_history""]",8,6
1,0,1,0,2,2,0,0,0,0,3,3,False,58,y,noise_baseline_short,9,"[793, 888]",,-0.5286143091173698,1.0572286182347397,2.0595827345162485,3,2.0595827345162485,4.989230408219017,3.567301938573785,1.0572286182347397,12.725643120952283,"[508, 603, 698]","[""insufficient_post_history""]",9,3
2,0,2,0,2,2,0,0,0,0,4,4,False,58,y,noise_baseline_short,9,"[793, 888]",,-0.33616444077180807,1.074865018460119,1.4600487785396596,4,1.4600487785396596,3.5366563709515733,2.9200975570793193,1.0084933223154242,8.526969742860608,"[413, 508, 603, 698]","[""insufficient_post_history""]",9,4
3,0,3,0,2,2,0,0,0,0,5,5,False,58,y,high_noise_under_iid,9,"[793, 888]",,0.31065185168185516,2.1497300369202375,1.2281008807047038,5,1.2281008807047038,3.1198071379611347,2.746117052483078,1.2426074067274206,7.541158865938348,"[318, 413, 508, 603, 698]","[""insufficient_post_history""]",9,5
4,0,4,0,2,2,0,0,0,0,6,6,False,58,y,high_noise_under_iid,9,"[793, 888]",,0.5400597734227398,2.2104216453985828,1.0882969272232794,6,1.0882969272232794,2.7580598377253387,2.6657721603358735,2.700298867113699,7.10634121082179,"[223, 318, 413, 508, 603, 698]","[""insufficient_post_history""]",9,6
2,0,2,0,1,1,0,0,0,0,3,3,False,58,y,noise_baseline_short,10,[888],,2.1525452816242323,1.276829482291371,1.6885550969758938,3,1.6885550969758938,2.8000727694569174,2.9246632193416406,4.305090563248465,8.55365494656981,"[603, 698, 793]","[""insufficient_post_history""]",10,3
3,0,3,0,1,1,0,0,0,0,4,4,False,58,y,noise_baseline_short,10,[888],,-0.14202542560384973,1.1670290502630554,1.457493455009352,4,1.457493455009352,3.5630457441037295,2.914986910018704,0.4260762768115492,8.49714868558039,"[508, 603, 698, 793]","[""insufficient_post_history""]",10,4
4,0,4,0,1,1,0,0,0,0,5,5,False,58,y,high_noise_under_iid,10,[888],,-0.14258847454464857,1.092501418685498,1.1312362231232298,5,1.1312362231232298,2.909214849370444,2.529521093513661,0.5703538981785943,6.398476962530548,"[413, 508, 603, 698, 793]","[""insufficient_post_history""]",10,5
5,0,5,0,1,1,0,0,0,0,6,6,False,58,y,high_noise_under_iid,10,[888],,0.2641157440002082,1.7132797596058043,1.0078172838253603,6,1.0078172838253603,2.7041690321756002,2.468638099329823,1.320578720001041,6.09417406546276,"[318, 413, 508, 603, 698, 793]","[""insufficient_post_history""]",10,6
0,0,0,0,3,3,3,0,3,0,0,0,False,59,y,pre_data_incomplete,1,"[32, 127, 222]",,,,,,,,,,,[],"[""insufficient_pre_history""]",1,3
0,0,0,0,4,4,4,0,4,0,0,0,False,59,y,pre_data_incomplete,1,"[32, 127, 222, 317]",,,,,,,,,,,[],"[""insufficient_pre_history""]",1,4
0,0,0,0,5,5,5,0,5,0,0,0,False,59,y,pre_data_incomplete,1,"[32, 127, 222, 317, 412]",,,,,,,,,,,[],"[""insufficient_pre_history""]",1,5
0,0,0,0,6,6,6,0,6,0,0,0,False,59,y,pre_data_incomplete,1,"[32, 127, 222, 317, 412, 507]",,,,,,,,,,,[],"[""insufficient_pre_history""]",1,6
0,0,0,0,3,3,2,0,2,0,1,1,False,59,y,pre_data_incomplete,2,"[127, 222, 317]",,,,,,,,,,,[32],"[""insufficient_pre_history""]",2,3
0,0,0,0,4,4,3,0,3,0,1,1,False,59,y,pre_data_incomplete,2,"[127, 222, 317, 412]",,,,,,,,,,,[32],"[""insufficient_pre_history""]",2,4
0,0,0,0,5,5,4,0,4,0,1,1,False,59,y,pre_data_incomplete,2,"[127, 222, 317, 412, 507]",,,,,,,,,,,[32],"[""insufficient_pre_history""]",2,5
0,0,0,0,6,6,5,0,5,0,1,1,False,59,y,pre_data_incomplete,2,"[127, 222, 317, 412, 507, 602]",,,,,,,,,,,[32],"[""insufficient_pre_history""]",2,6
0,0,0,0,3,3,1,0,1,0,2,2,False,59,y,pre_data_incomplete,3,"[222, 317, 412]",,,,,,,,,,,"[32, 127]","[""insufficient_pre_history""]",3,3
0,0,0,0,4,4,2,0,2,0,2,2,False,59,y,pre_data_incomplete,3,"[222, 317, 412, 507]",,,,,,,,,,,"[32, 127]","[""insufficient_pre_history""]",3,4
0,0,0,0,5,5,3,0,3,0,2,2,False,59,y,pre_data_incomplete,3,"[222, 317, 412, 507, 602]",,,,,,,,,,,"[32, 127]","[""insufficient_pre_history""]",3,5
0,0,0,0,6,6,4,0,4,0,2,2,False,59,y,pre_data_incomplete,3,"[222, 317, 412, 507, 602, 697]",,,,,,,,,,,"[32, 127]","[""insufficient_pre_history""]",3,6
0,0,0,0,3,3,0,0,0,0,3,3,True,59,y,noise_baseline_short,4,"[317, 412, 507]",,0.7963420368543913,1.5926840737087824,1.679326532058737,3,1.679326532058737,3.9563245984544473,2.9086788760241773,1.5926840737087826,8.460412803829271,"[32, 127, 222]",[],4,3
0,0,0,0,4,4,1,0,1,0,3,3,False,59,y,pre_data_incomplete,4,"[317, 412, 507, 602]",,,,,,,,,,,"[32, 127, 222]","[""insufficient_pre_history""]",4,4
0,0,0,0,5,5,2,0,2,0,3,3,False,59,y,pre_data_incomplete,4,"[317, 412, 507, 602, 697]",,,,,,,,,,,"[32, 127, 222]","[""insufficient_pre_history""]",4,5
0,0,0,0,6,6,3,0,3,0,3,3,False,59,y,pre_data_incomplete,4,"[317, 412, 507, 602, 697, 792]",,,,,,,,,,,"[32, 127, 222]","[""insufficient_pre_history""]",4,6
0,0,0,0,3,3,0,0,0,0,3,3,True,59,y,review_trend,5,"[412, 507, 602]",,3.471297541462149,1.3007647845524355,2.1307518838012083,3,2.1307518838012083,1.7722325748084125,3.690570521066789,6.942595082924298,13.62031077096719,"[127, 222, 317]",[],5,3
0,0,0,0,4,4,0,0,0,0,4,4,True,59,y,noise_baseline_short,5,"[412, 507, 602, 697]",,1.4322176873155517,1.446724429130609,1.5071091161871042,4,1.5071091161871042,2.9155014266703554,3.0142182323742084,4.296653061946655,9.085511552377097,"[32, 127, 222, 317]",[],5,4
0,0,0,0,5,5,1,0,1,0,4,4,False,59,y,pre_data_incomplete,5,"[412, 507, 602, 697, 792]",,,,,,,,,,,"[32, 127, 222, 317]","[""insufficient_pre_history""]",5,5
0,0,0,0,6,6,2,0,2,0,4,4,False,59,y,pre_data_incomplete,5,"[412, 507, 602, 697, 792, 887]",,,,,,,,,,,"[32, 127, 222, 317]","[""insufficient_pre_history""]",5,6
0,0,0,0,3,3,0,0,0,0,3,3,True,59,y,noise_baseline_short,6,"[507, 602, 697]",,0.5510444010317288,0.1986759824889779,0.4045615526841216,3,0.4045615526841216,0.6121441297964805,0.7007211640378517,1.1020888020634576,0.49101014973056184,"[222, 317, 412]",[],6,3
0,0,0,0,4,4,0,0,0,0,4,4,True,59,y,noise_baseline_short,6,"[507, 602, 697, 792]",,2.15325220858584,0.6503823922762177,1.635901773058919,4,1.635901773058919,2.113246313645051,3.271803546117838,6.459756625757519,10.70469844438926,"[127, 222, 317, 412]",[],6,4
0,0,0,0,5,5,0,0,0,0,5,5,True,59,y,high_noise_under_iid,6,"[507, 602, 697, 792, 887]",,1.2332140834468779,1.3007647845524355,1.2768024756687735,5,1.2768024756687735,2.4080643320144746,2.855017129435399,4.9328563337875115,8.151122809369546,"[32, 127, 222, 317, 412]",[],6,5
1,0,1,0,5,5,1,0,1,0,5,5,False,59,y,pre_data_incomplete,6,"[507, 602, 697, 792, 887]",,,,,,,,,,,"[32, 127, 222, 317, 412]","[""insufficient_pre_history"", ""insufficient_post_history""]",6,6
0,0,0,0,3,3,0,0,0,0,3,3,True,59,y,noise_baseline_short,7,"[602, 697, 792]",,-0.09361583722637046,0.011444308036236972,0.06440273377684716,3,0.06440273377684716,0.0857812493986892,0.11154880704783152,0.18723167445274091,0.012443136353794347,"[317, 412, 507]",[],7,3
0,0,0,0,4,4,0,0,0,0,4,4,True,59,y,noise_baseline_short,7,"[602, 697, 792, 887]",,0.31419233478101055,0.09933799124448894,0.2965497273426666,4,0.2965497273426666,0.5299607406536854,0.5930994546853332,0.9425770043430317,0.35176696314803957,"[222, 317, 412, 507]",[],7,4
1,0,1,0,4,4,0,0,0,0,5,5,False,59,y,high_noise_under_iid,7,"[602, 697, 792, 887]",,1.4612815619006574,0.1986759824889779,1.324260015150275,5,1.324260015150275,2.1385239241906935,2.9611354137609163,5.8451262476026296,8.768322938629034,"[127, 222, 317, 412, 507]","[""insufficient_post_history""]",7,5
2,0,2,0,4,4,0,0,0,0,6,6,False,59,y,high_noise_under_iid,7,"[602, 697, 792, 887]",,1.0018173715685936,0.6561045462943362,1.0986257705607614,6,1.0986257705607614,2.1590328684167934,2.69107255614585,5.009086857842968,7.241871502441359,"[32, 127, 222, 317, 412, 507]","[""insufficient_post_history""]",7,6
0,0,0,0,3,3,0,0,0,0,3,3,True,59,y,noise_baseline_short,8,"[697, 792, 887]",,-0.6629205147806398,0.011444308036236972,0.44386668932160794,3,0.44386668932160794,0.5506165721279117,0.768799657692415,1.3258410295612797,0.5910529136679744,"[412, 507, 602]",[],8,3
1,0,1,0,3,3,0,0,0,0,4,4,False,59,y,noise_baseline_short,8,"[697, 792, 887]",,-0.45621067281145355,0.09933799124448894,0.35192913135953324,4,0.35192913135953324,0.4720214359848034,0.7038582627190665,1.3686320184343606,0.49541645399790246,"[317, 412, 507, 602]","[""insufficient_post_history""]",8,4
2,0,2,0,3,3,0,0,0,0,5,5,False,59,y,within_tolerance_under_iid,8,"[697, 792, 887]",,-0.06347361294483853,0.1986759824889779,0.3184589023239698,5,0.3184589023239698,0.8140500504647618,0.7120957536363622,0.2538944517793541,0.5070803623469388,"[222, 317, 412, 507, 602]","[""insufficient_post_history""]",8,5
3,0,3,0,3,3,0,0,0,0,6,6,False,59,y,high_noise_under_iid,8,"[697, 792, 887]",,0.863780391490866,0.6561045462943362,1.0817743460625469,6,1.0817743460625469,2.3478730902297262,2.6497951646861884,4.31890195745433,7.021414414794305,"[127, 222, 317, 412, 507, 602]","[""insufficient_post_history""]",8,6
1,0,1,0,2,2,0,0,0,0,3,3,False,59,y,noise_baseline_short,9,"[792, 887]",,-0.3892902730594232,0.5587047914786702,0.38777648093322825,3,0.38777648093322825,0.7740347289317123,0.6716485669566153,0.7785805461188464,0.45111179749487496,"[507, 602, 697]","[""insufficient_post_history""]",9,3
2,0,2,0,2,2,0,0,0,0,4,4,False,59,y,noise_baseline_short,9,"[792, 887]",,-0.3638694051845345,0.3892902730594232,0.32445962128730704,4,0.32445962128730704,0.5483082299236889,0.6489192425746141,1.0916082155536033,0.4210961833836108,"[412, 507, 602, 697]","[""insufficient_post_history""]",9,4
3,0,3,0,2,2,0,0,0,0,5,5,False,59,y,within_tolerance_under_iid,9,"[792, 887]",,-0.3257465470704454,0.1986759824889779,0.28956221113908726,5,0.28956221113908726,0.45307002884468367,0.6474807878221459,1.3029861882817817,0.4192313705987867,"[317, 412, 507, 602, 697]","[""insufficient_post_history""]",9,5
4,0,4,0,2,2,0,0,0,0,6,6,False,59,y,within_tolerance_under_iid,9,"[792, 887]",,-0.08249554023457989,0.48862826430391215,0.2655542467186635,6,0.2655542467186635,0.7064834111170071,0.6504724034898797,0.41247770117289945,0.42311434770190076,"[222, 317, 412, 507, 602, 697]","[""insufficient_post_history""]",9,6
2,0,2,0,1,1,0,0,0,0,3,3,False,59,y,review_trend,10,[887],,0.9755080694111103,0.5587047914786702,0.5800931872412879,3,0.5800931872412879,0.340318451351306,1.0047508734264765,1.9510161388222207,1.0095243176512674,"[602, 697, 792]","[""insufficient_post_history""]",10,3
3,0,3,0,1,1,0,0,0,0,4,4,False,59,y,noise_baseline_short,10,[887],,0.23998971951527825,0.6686426687987583,0.42886310809383826,4,0.42886310809383826,0.979568134037081,0.8577262161876765,0.7199691585458348,0.7356942619356288,"[507, 602, 697, 792]","[""insufficient_post_history""]",10,4
4,0,4,0,1,1,0,0,0,0,5,5,False,59,y,within_tolerance_under_iid,10,[887],,0.047176967240303555,0.625175109260941,0.34008320270341275,5,0.34008320270341275,0.8738564017885098,0.7604491592506712,0.18870786896121422,0.5782829238050529,"[412, 507, 602, 697, 792]","[""insufficient_post_history""]",10,5
5,0,5,0,1,1,0,0,0,0,6,6,False,59,y,within_tolerance_under_iid,10,[887],,-0.04303424051387228,0.40620339185684096,0.2894346327335674,6,0.2894346327335674,0.7875219276753266,0.7089671640870896,0.2151712025693614,0.5026344397536903,"[317, 412, 507, 602, 697, 792]","[""insufficient_post_history""]",10,6
0,0,0,0,3,3,3,0,3,0,0,0,False,6,y,pre_data_incomplete,1,"[85, 180, 275]",,,,,,,,,,,[],"[""insufficient_pre_history""]",1,3
0,0,0,0,4,4,4,0,4,0,0,0,False,6,y,pre_data_incomplete,1,"[85, 180, 275, 370]",,,,,,,,,,,[],"[""insufficient_pre_history""]",1,4
0,0,0,0,5,5,5,0,5,0,0,0,False,6,y,pre_data_incomplete,1,"[85, 180, 275, 370, 465]",,,,,,,,,,,[],"[""insufficient_pre_history""]",1,5
0,0,0,0,6,6,6,0,6,0,0,0,False,6,y,pre_data_incomplete,1,"[85, 180, 275, 370, 465, 560]",,,,,,,,,,,[],"[""insufficient_pre_history""]",1,6
0,0,0,0,3,3,2,0,2,0,1,1,False,6,y,pre_data_incomplete,2,"[180, 275, 370]",,,,,,,,,,,[85],"[""insufficient_pre_history""]",2,3
0,0,0,0,4,4,3,0,3,0,1,1,False,6,y,pre_data_incomplete,2,"[180, 275, 370, 465]",,,,,,,,,,,[85],"[""insufficient_pre_history""]",2,4
0,0,0,0,5,5,4,0,4,0,1,1,False,6,y,pre_data_incomplete,2,"[180, 275, 370, 465, 560]",,,,,,,,,,,[85],"[""insufficient_pre_history""]",2,5
0,0,0,0,6,6,5,0,5,0,1,1,False,6,y,pre_data_incomplete,2,"[180, 275, 370, 465, 560, 655]",,,,,,,,,,,[85],"[""insufficient_pre_history""]",2,6
0,0,0,0,3,3,1,0,1,0,2,2,False,6,y,pre_data_incomplete,3,"[275, 370, 465]",,,,,,,,,,,"[85, 180]","[""insufficient_pre_history""]",3,3
0,0,0,0,4,4,2,0,2,0,2,2,False,6,y,pre_data_incomplete,3,"[275, 370, 465, 560]",,,,,,,,,,,"[85, 180]","[""insufficient_pre_history""]",3,4
0,0,0,0,5,5,3,0,3,0,2,2,False,6,y,pre_data_incomplete,3,"[275, 370, 465, 560, 655]",,,,,,,,,,,"[85, 180]","[""insufficient_pre_history""]",3,5
0,0,0,0,6,6,4,0,4,0,2,2,False,6,y,pre_data_incomplete,3,"[275, 370, 465, 560, 655, 750]",,,,,,,,,,,"[85, 180]","[""insufficient_pre_history""]",3,6
0,0,0,0,3,3,0,0,0,0,3,3,True,6,y,noise_baseline_short,4,"[370, 465, 560]",,1.0667574806341047,2.13351496126821,1.5912407347501578,3,1.5912407347501578,3.5939309134416715,2.7561097996605044,2.1335149612682094,7.596141227784667,"[85, 180, 275]",[],4,3
0,0,0,0,4,4,1,0,1,0,3,3,False,6,y,pre_data_incomplete,4,"[370, 465, 560, 655]",,,,,,,,,,,"[85, 180, 275]","[""insufficient_pre_history""]",4,4
0,0,0,0,5,5,2,0,2,0,3,3,False,6,y,pre_data_incomplete,4,"[370, 465, 560, 655, 750]",,,,,,,,,,,"[85, 180, 275]","[""insufficient_pre_history""]",4,5
0,0,0,0,6,6,3,0,3,0,3,3,False,6,y,pre_data_incomplete,4,"[370, 465, 560, 655, 750, 845]",,,,,,,,,,,"[85, 180, 275]","[""insufficient_pre_history""]",4,6
0,0,0,0,3,3,0,0,0,0,3,3,True,6,y,noise_baseline_short,5,"[465, 560, 655]",,1.0287575612058972,2.0575151224117945,1.594626533853058,3,1.594626533853058,3.6249577177303323,2.761974175730949,2.0575151224117945,7.628501347404655,"[180, 275, 370]",[],5,3
0,0,0,0,4,4,0,0,0,0,4,4,True,6,y,noise_baseline_short,5,"[465, 560, 655, 750]",,0.163627838102505,1.6674454868696358,1.1463354752451531,4,1.1463354752451531,2.7959926604567364,2.2926709504903062,0.490883514307515,5.2563400872221235,"[85, 180, 275, 370]",[],5,4
0,0,0,0,5,5,1,0,1,0,4,4,False,6,y,pre_data_incomplete,5,"[465, 560, 655, 750, 845]",,,,,,,,,,,"[85, 180, 275, 370]","[""insufficient_pre_history""]",5,5
0,0,0,0,6,6,2,0,2,0,4,4,False,6,y,pre_data_incomplete,5,"[465, 560, 655, 750, 845, 940]",,,,,,,,,,,"[85, 180, 275, 370]","[""insufficient_pre_history""]",5,6
0,0,0,0,3,3,0,0,0,0,3,3,True,6,y,noise_baseline_short,6,"[560, 655, 750]",,-0.2690062496021446,0.5380124992042893,1.0587483015414505,3,1.0587483015414505,2.5653380033538298,1.8338058506970465,0.5380124992042892,3.3628438980507185,"[275, 370, 465]",[],6,3
0,0,0,0,4,4,0,0,0,0,4,4,True,6,y,noise_baseline_short,6,"[560, 655, 750, 845]",,1.138028949481389,1.7054454062978435,1.279832954343178,4,1.279832954343178,2.5671111431904228,2.559665908686356,3.4140868484441675,6.551889564091148,"[180, 275, 370, 465]",[],6,4
0,0,0,0,5,5,0,0,0,0,5,5,True,6,y,within_tolerance_under_iid,6,"[560, 655, 750, 845, 940]",,0.5248520046539635,1.5955024620639202,0.992337522407489,5,0.992337522407489,2.3762701094827743,2.218934156726866,2.099408018615854,4.923668791889169,"[85, 180, 275, 370, 465]",[],6,5
1,0,1,0,5,5,1,0,1,0,5,5,False,6,y,pre_data_incomplete,6,"[560, 655, 750, 845, 940]",,,,,,,,,,,"[85, 180, 275, 370, 465]","[""insufficient_pre_history"", ""insufficient_post_history""]",6,6
0,0,0,0,3,3,0,0,0,0,3,3,True,6,y,noise_baseline_short,7,"[655, 750, 845]",,0.6192773131478462,1.2385546262956924,0.8319475571103947,3,0.8319475571103947,1.840057511474163,1.4409754381480138,1.2385546262956924,2.0764102133458606,"[370, 465, 560]",[],7,3
0,0,0,0,4,4,0,0,0,0,4,4,True,6,y,noise_baseline_short,7,"[655, 750, 845, 940]",,-0.36441302455085856,1.0861680931499973,0.778635817888318,4,0.778635817888318,1.8181447385276832,1.557271635776636,1.0932390736525757,2.42509494759444,"[275, 370, 465, 560]",[],7,4
1,0,1,0,4,4,0,0,0,0,5,5,False,6,y,within_tolerance_under_iid,7,"[655, 750, 845, 940]",,0.6054126998210685,1.6343236870957052,0.9920223109399676,5,0.9920223109399676,2.310621845377497,2.218229322458201,2.421650799284274,4.920541327013369,"[180, 275, 370, 465, 560]","[""insufficient_post_history""]",7,5
2,0,2,0,4,4,0,0,0,0,6,6,False,6,y,within_tolerance_under_iid,7,"[655, 750, 845, 940]",,0.319605239132999,1.4364391566956987,0.8105657650214652,6,0.8105657650214652,2.1167737466084393,1.9854725272712785,1.5980261956649948,3.942101156548998,"[85, 180, 275, 370, 465, 560]","[""insufficient_post_history""]",7,6
0,0,0,0,3,3,0,0,0,0,3,3,True,6,y,noise_baseline_short,8,"[750, 845, 940]",,-0.9202002637534957,0.20607684041128616,0.5821681544023366,3,0.5821681544023366,0.5830793335193172,1.0083448219734499,1.8404005275069915,1.0167592800006686,"[465, 560, 655]",[],8,3
1,0,1,0,3,3,0,0,0,0,4,4,False,6,y,noise_baseline_short,8,"[750, 845, 940]",,0.14631096705575133,0.6192773131478462,0.5943135645470509,4,0.5943135645470509,1.437266304595553,1.1886271290941017,0.43893290116725403,1.4128344520184866,"[370, 465, 560, 655]","[""insufficient_post_history""]",8,4
2,0,2,0,3,3,0,0,0,0,5,5,False,6,y,within_tolerance_under_iid,8,"[750, 845, 940]",,-0.3518271427126869,1.2385546262956924,0.626526456272278,5,0.626526456272278,1.4846867935346093,1.4009557459268631,1.4073085708507476,1.9626770020454933,"[275, 370, 465, 560, 655]","[""insufficient_post_history""]",8,5
3,0,3,0,3,3,0,0,0,0,6,6,False,6,y,within_tolerance_under_iid,8,"[750, 845, 940]",,0.3373095513134976,1.4364391566956987,0.8100455521600306,6,0.8100455521600306,2.1032179845774124,1.9841982712031307,1.686547756567488,3.937042779445493,"[180, 275, 370, 465, 560, 655]","[""insufficient_post_history""]",8,6
1,0,1,0,2,2,0,0,0,0,3,3,False,6,y,noise_baseline_short,9,"[845, 940]",,-0.11198913069082478,0.017901420970363402,0.07186189942374943,3,0.07186189942374943,0.0768222932940771,0.12446846093033863,0.22397826138164956,0.015492397766367233,"[560, 655, 750]","[""insufficient_post_history""]",9,3
2,0,2,0,2,2,0,0,0,0,4,4,False,6,y,noise_baseline_short,9,"[845, 940]",,-0.578098268584335,0.11198913069082483,0.4473144059775669,4,0.4473144059775669,0.6041912333192747,0.8946288119551338,1.734294805753005,0.8003607111802541,"[465, 560, 655, 750]","[""insufficient_post_history""]",9,4
3,0,3,0,2,2,0,0,0,0,5,5,False,6,y,within_tolerance_under_iid,9,"[845, 940]",,0.018875220232109413,0.20607684041128616,0.46354235489999257,5,0.46354235489999257,1.1963649883900407,1.0365122160067162,0.07550088092843765,1.0743575739311535,"[370, 465, 560, 655, 750]","[""insufficient_post_history""]",9,5
4,0,4,0,2,2,0,0,0,0,6,6,False,6,y,within_tolerance_under_iid,9,"[845, 940]",,-0.3005275019385916,0.6282280236330279,0.5245580204508622,6,0.5245580204508622,1.2917323508281848,1.2848994905890354,1.502637509692958,1.6509667009159628,"[275, 370, 465, 560, 655, 750]","[""insufficient_post_history""]",9,6
2,0,2,0,1,1,0,0,0,0,3,3,False,6,y,noise_baseline_short,10,[940],,1.4114124663908416,0.017901420970363402,0.9439393600729301,3,0.9439393600729301,1.1670299021029407,1.6349509309103678,2.8228249327816832,2.673064546484678,"[655, 750, 845]","[""insufficient_post_history""]",10,3
3,0,3,0,1,1,0,0,0,0,4,4,False,6,y,noise_baseline_short,10,[940],,0.7832342856140828,0.11198913069082483,0.6918934133887847,4,0.6918934133887847,1.1570043679870863,1.3837868267775695,2.3497028568422484,1.9148659819631353,"[560, 655, 750, 845]","[""insufficient_post_history""]",10,4
4,0,4,0,1,1,0,0,0,0,5,5,False,6,y,within_tolerance_under_iid,10,[940],,0.17408705491677337,0.22397826138164956,0.5784023136468404,5,0.5784023136468404,1.4592145948813702,1.2933468916574895,0.6963482196670935,1.6727461821600902,"[465, 560, 655, 750, 845]","[""insufficient_post_history""]",10,5
5,0,5,0,1,1,0,0,0,0,6,6,False,6,y,within_tolerance_under_iid,10,[940],,0.38558659735677414,0.6282280236330279,0.5783170297424145,6,0.5783170297424145,1.3630544455039293,1.4165816324308782,1.9279329867838708,2.006703521340532,"[370, 465, 560, 655, 750, 845]","[""insufficient_post_history""]",10,6
0,0,0,0,3,3,3,0,3,0,0,0,False,60,y,pre_data_incomplete,1,"[31, 126, 221]",,,,,,,,,,,[],"[""insufficient_pre_history""]",1,3
0,0,0,0,4,4,4,0,4,0,0,0,False,60,y,pre_data_incomplete,1,"[31, 126, 221, 316]",,,,,,,,,,,[],"[""insufficient_pre_history""]",1,4
0,0,0,0,5,5,5,0,5,0,0,0,False,60,y,pre_data_incomplete,1,"[31, 126, 221, 316, 411]",,,,,,,,,,,[],"[""insufficient_pre_history""]",1,5
0,0,0,0,6,6,6,0,6,0,0,0,False,60,y,pre_data_incomplete,1,"[31, 126, 221, 316, 411, 506]",,,,,,,,,,,[],"[""insufficient_pre_history""]",1,6
0,0,0,0,3,3,2,0,2,0,1,1,False,60,y,pre_data_incomplete,2,"[126, 221, 316]",,,,,,,,,,,[31],"[""insufficient_pre_history""]",2,3
0,0,0,0,4,4,3,0,3,0,1,1,False,60,y,pre_data_incomplete,2,"[126, 221, 316, 411]",,,,,,,,,,,[31],"[""insufficient_pre_history""]",2,4
0,0,0,0,5,5,4,0,4,0,1,1,False,60,y,pre_data_incomplete,2,"[126, 221, 316, 411, 506]",,,,,,,,,,,[31],"[""insufficient_pre_history""]",2,5
0,0,0,0,6,6,5,0,5,0,1,1,False,60,y,pre_data_incomplete,2,"[126, 221, 316, 411, 506, 601]",,,,,,,,,,,[31],"[""insufficient_pre_history""]",2,6
0,0,0,0,3,3,1,0,1,0,2,2,False,60,y,pre_data_incomplete,3,"[221, 316, 411]",,,,,,,,,,,"[31, 126]","[""insufficient_pre_history""]",3,3
0,0,0,0,4,4,2,0,2,0,2,2,False,60,y,pre_data_incomplete,3,"[221, 316, 411, 506]",,,,,,,,,,,"[31, 126]","[""insufficient_pre_history""]",3,4
0,0,0,0,5,5,3,0,3,0,2,2,False,60,y,pre_data_incomplete,3,"[221, 316, 411, 506, 601]",,,,,,,,,,,"[31, 126]","[""insufficient_pre_history""]",3,5
0,0,0,0,6,6,4,0,4,0,2,2,False,60,y,pre_data_incomplete,3,"[221, 316, 411, 506, 601, 696]",,,,,,,,,,,"[31, 126]","[""insufficient_pre_history""]",3,6
0,0,0,0,3,3,0,0,0,0,3,3,True,60,y,noise_baseline_short,4,"[316, 411, 506]",,-0.1526953149861261,0.3053906299722522,0.2192262058829607,3,0.2192262058829607,0.49165949359043715,0.37971092693984304,0.3053906299722522,0.14418038803751482,"[31, 126, 221]",[],4,3
0,0,0,0,4,4,1,0,1,0,3,3,False,60,y,pre_data_incomplete,4,"[316, 411, 506, 601]",,,,,,,,,,,"[31, 126, 221]","[""insufficient_pre_history""]",4,4
0,0,0,0,5,5,2,0,2,0,3,3,False,60,y,pre_data_incomplete,4,"[316, 411, 506, 601, 696]",,,,,,,,,,,"[31, 126, 221]","[""insufficient_pre_history""]",4,5
0,0,0,0,6,6,3,0,3,0,3,3,False,60,y,pre_data_incomplete,4,"[316, 411, 506, 601, 696, 791]",,,,,,,,,,,"[31, 126, 221]","[""insufficient_pre_history""]",4,6
0,0,0,0,3,3,0,0,0,0,3,3,True,60,y,noise_baseline_short,5,"[411, 506, 601]",,-0.20375771268724735,0.3473373328575051,0.21813791907939278,3,0.21813791907939278,0.4499672204534998,0.37782595890285664,0.4075154253744947,0.1427524552208631,"[126, 221, 316]",[],5,3
0,0,0,0,4,4,0,0,0,0,4,4,True,60,y,noise_baseline_short,5,"[411, 506, 601, 696]",,-0.0629012649576241,0.17366866642875256,0.15502378169861775,4,0.15502378169861775,0.36647348406081315,0.3100475633972355,0.1887037948728723,0.09612949156856276,"[31, 126, 221, 316]",[],5,4
0,0,0,0,5,5,1,0,1,0,4,4,False,60,y,pre_data_incomplete,5,"[411, 506, 601, 696, 791]",,,,,,,,,,,"[31, 126, 221, 316]","[""insufficient_pre_history""]",5,5
0,0,0,0,6,6,2,0,2,0,4,4,False,60,y,pre_data_incomplete,5,"[411, 506, 601, 696, 791, 886]",,,,,,,,,,,"[31, 126, 221, 316]","[""insufficient_pre_history""]",5,6
0,0,0,0,3,3,0,0,0,0,3,3,True,60,y,review_trend,6,"[506, 601, 696]",,0.9416458416737039,0.3473373328575051,0.5786280014996652,3,0.5786280014996652,0.4852508654646816,1.0022130972794605,1.8832916833474078,1.0044310923584894,"[221, 316, 411]",[],6,3
0,0,0,0,4,4,0,0,0,0,4,4,True,60,y,noise_baseline_short,6,"[506, 601, 696, 791]",,0.3732654108203729,0.37742637911599997,0.4091615530161234,4,0.4091615530161234,0.810037895108705,0.8183231060322468,1.1197962324611188,0.6696527058662638,"[126, 221, 316, 411]",[],6,4
0,0,0,0,5,5,0,0,0,0,5,5,True,60,y,within_tolerance_under_iid,6,"[506, 601, 696, 791, 886]",,0.2748286681375816,0.3473373328575051,0.32897786205359114,5,0.32897786205359114,0.6853759810314004,0.7356168626443784,1.0993146725503264,0.5411321686067583,"[31, 126, 221, 316, 411]",[],6,5
1,0,1,0,5,5,1,0,1,0,5,5,False,60,y,pre_data_incomplete,6,"[506, 601, 696, 791, 886]",,,,,,,,,,,"[31, 126, 221, 316, 411]","[""insufficient_pre_history"", ""insufficient_post_history""]",6,6
0,0,0,0,3,3,0,0,0,0,3,3,True,60,y,noise_baseline_short,7,"[601, 696, 791]",,-0.6932396274361525,1.386479254872305,0.8440016676105981,3,0.8440016676105981,1.8201292612013005,1.4618537699744156,1.386479254872305,2.137016444788412,"[316, 411, 506]",[],7,3
0,0,0,0,4,4,0,0,0,0,4,4,True,60,y,noise_baseline_short,7,"[601, 696, 791, 886]",,-0.1581471415554497,0.6932396274361525,0.6050025032692902,4,0.6050025032692902,1.4606991058452956,1.2100050065385803,0.4744414246663491,1.46411211584843,"[221, 316, 411, 506]",[],7,4
1,0,1,0,4,4,0,0,0,0,5,5,False,60,y,within_tolerance_under_iid,7,"[601, 696, 791, 886]",,-0.1704697677146192,0.4075154253744947,0.47746212644752467,5,0.47746212644752467,1.1928680042638247,1.0676377714182654,0.6818790708584768,1.1398504109589604,"[126, 221, 316, 411, 506]","[""insufficient_post_history""]",7,5
2,0,2,0,4,4,0,0,0,0,6,6,False,60,y,within_tolerance_under_iid,7,"[601, 696, 791, 886]",,-0.08542881862090092,0.3774263791159999,0.3900967608190451,6,0.3900967608190451,1.0532744218214796,0.9555380143191936,0.4271440931045046,0.9130528968090674,"[31, 126, 221, 316, 411, 506]","[""insufficient_post_history""]",7,6
0,0,0,0,3,3,0,0,0,0,3,3,True,60,y,noise_baseline_short,8,"[696, 791, 886]",,0.6208281759475119,1.2416563518950239,1.2342783281938512,3,1.2342783281938512,2.89306112977127,2.1378327751129236,1.2416563518950239,4.5703289743470235,"[411, 506, 601]",[],8,3
1,0,1,0,3,3,0,0,0,0,4,4,False,60,y,noise_baseline_short,8,"[696, 791, 886]",,0.5410398501792573,1.3888053511924632,0.9062120745060354,4,0.9062120745060354,2.048294814029028,1.8124241490120707,1.6231195505377718,3.284881295922129,"[316, 411, 506, 601]","[""insufficient_post_history""]",8,4
2,0,2,0,3,3,0,0,0,0,5,5,False,60,y,within_tolerance_under_iid,8,"[696, 791, 886]",,0.4863416815612558,1.386479254872305,0.7343781212392003,5,0.7343781212392003,1.6754046463325463,1.6421194002794341,1.9453667262450232,2.6965561247740886,"[221, 316, 411, 506, 601]","[""insufficient_post_history""]",8,5
3,0,3,0,3,3,0,0,0,0,6,6,False,60,y,within_tolerance_under_iid,8,"[696, 791, 886]",,0.29340014198564746,0.9416458416737038,0.5998895127280013,6,0.5998895127280013,1.5239388985766615,1.4694232082304377,1.4670007099282372,2.1592045648862324,"[126, 221, 316, 411, 506, 601]","[""insufficient_post_history""]",8,6
1,0,1,0,2,2,0,0,0,0,3,3,False,60,y,noise_baseline_short,9,"[791, 886]",,0.18140516143177599,0.36281032286355197,1.331686553071435,3,1.331686553071435,3.2518485187043233,2.3065487696759934,0.36281032286355197,5.3201672268938385,"[506, 601, 696]","[""insufficient_post_history""]",9,3
2,0,2,0,2,2,0,0,0,0,4,4,False,60,y,noise_baseline_short,9,"[791, 886]",,-0.3514779890238735,1.4612168026811039,1.0057646695386369,4,1.0057646695386369,2.40011113930841,2.0115293390772737,1.0544339670716205,4.0462502819686526,"[411, 506, 601, 696]","[""insufficient_post_history""]",9,4
3,0,3,0,2,2,0,0,0,0,5,5,False,60,y,within_tolerance_under_iid,9,"[791, 886]",,-0.08056815121224818,1.386479254872305,0.7848535097135463,5,0.7848535097135463,2.021137333639638,1.754985800098781,0.3222726048489927,3.079975158548359,"[316, 411, 506, 601, 696]","[""insufficient_post_history""]",9,5
4,0,4,0,2,2,0,0,0,0,6,6,False,60,y,within_tolerance_under_iid,9,"[791, 886]",,0.05796401445818089,1.0314054270117765,0.6522161985934909,6,0.6522161985934909,1.7820481278026992,1.597596888531792,0.28982007229090445,2.5523158182464627,"[221, 316, 411, 506, 601, 696]","[""insufficient_post_history""]",9,6
2,0,2,0,1,1,0,0,0,0,3,3,False,60,y,noise_baseline_short,10,[886],,0.2843269627518379,0.5686539255036758,1.3717266787958255,3,1.3717266787958255,3.3358838175850765,2.3759003017720834,0.5686539255036758,5.644902243960676,"[601, 696, 791]","[""insufficient_post_history""]",10,3
3,0,3,0,1,1,0,0,0,0,4,4,False,60,y,noise_baseline_short,10,[886],,1.0396952013889043,2.0820449786286157,1.2394517825945077,4,1.2394517825945077,2.5524554939866104,2.4789035651890154,3.1190856041667128,6.144962885506811,"[506, 601, 696, 791]","[""insufficient_post_history""]",10,4
4,0,4,0,1,1,0,0,0,0,5,5,False,60,y,within_tolerance_under_iid,10,[886],,0.3983430877660951,1.8103102773986997,0.9677333204390448,5,0.9677333204390448,2.3904939122873965,2.163917488593291,1.5933723510643805,4.682538897439895,"[411, 506, 601, 696, 791]","[""insufficient_post_history""]",10,5
5,0,5,0,1,1,0,0,0,0,6,6,False,60,y,within_tolerance_under_iid,10,[886],,0.37761552140583643,1.9006398171968397,0.8092958691768203,6,0.8092958691768203,2.0708336594765653,1.9823619304254179,1.888077607029182,3.929758823199989,"[316, 411, 506, 601, 696, 791]","[""insufficient_post_history""]",10,6
0,0,0,0,3,3,3,0,3,0,0,0,False,61,y,pre_data_incomplete,1,"[30, 125, 220]",,,,,,,,,,,[],"[""insufficient_pre_history""]",1,3
0,0,0,0,4,4,4,0,4,0,0,0,False,61,y,pre_data_incomplete,1,"[30, 125, 220, 315]",,,,,,,,,,,[],"[""insufficient_pre_history""]",1,4
0,0,0,0,5,5,5,0,5,0,0,0,False,61,y,pre_data_incomplete,1,"[30, 125, 220, 315, 410]",,,,,,,,,,,[],"[""insufficient_pre_history""]",1,5
0,0,0,0,6,6,6,0,6,0,0,0,False,61,y,pre_data_incomplete,1,"[30, 125, 220, 315, 410, 505]",,,,,,,,,,,[],"[""insufficient_pre_history""]",1,6
0,0,0,0,3,3,2,0,2,0,1,1,False,61,y,pre_data_incomplete,2,"[125, 220, 315]",,,,,,,,,,,[30],"[""insufficient_pre_history""]",2,3
0,0,0,0,4,4,3,0,3,0,1,1,False,61,y,pre_data_incomplete,2,"[125, 220, 315, 410]",,,,,,,,,,,[30],"[""insufficient_pre_history""]",2,4
0,0,0,0,5,5,4,0,4,0,1,1,False,61,y,pre_data_incomplete,2,"[125, 220, 315, 410, 505]",,,,,,,,,,,[30],"[""insufficient_pre_history""]",2,5
0,0,0,0,6,6,5,0,5,0,1,1,False,61,y,pre_data_incomplete,2,"[125, 220, 315, 410, 505, 600]",,,,,,,,,,,[30],"[""insufficient_pre_history""]",2,6
0,0,0,0,3,3,1,0,1,0,2,2,False,61,y,pre_data_incomplete,3,"[220, 315, 410]",,,,,,,,,,,"[30, 125]","[""insufficient_pre_history""]",3,3
0,0,0,0,4,4,2,0,2,0,2,2,False,61,y,pre_data_incomplete,3,"[220, 315, 410, 505]",,,,,,,,,,,"[30, 125]","[""insufficient_pre_history""]",3,4
0,0,0,0,5,5,3,0,3,0,2,2,False,61,y,pre_data_incomplete,3,"[220, 315, 410, 505, 600]",,,,,,,,,,,"[30, 125]","[""insufficient_pre_history""]",3,5
0,0,0,0,6,6,4,0,4,0,2,2,False,61,y,pre_data_incomplete,3,"[220, 315, 410, 505, 600, 695]",,,,,,,,,,,"[30, 125]","[""insufficient_pre_history""]",3,6
0,0,0,0,3,3,0,0,0,0,3,3,True,61,y,review_trend,4,"[315, 410, 505]",,-1.6548662349476257,1.2580454543311475,0.9645501829372339,3,0.9645501829372339,0.32400281061442576,1.6706499232971443,3.3097324698952515,2.7910711662127543,"[30, 125, 220]",[],4,3
0,0,0,0,4,4,1,0,1,0,3,3,False,61,y,pre_data_incomplete,4,"[315, 410, 505, 600]",,,,,,,,,,,"[30, 125, 220]","[""insufficient_pre_history""]",4,4
0,0,0,0,5,5,2,0,2,0,3,3,False,61,y,pre_data_incomplete,4,"[315, 410, 505, 600, 695]",,,,,,,,,,,"[30, 125, 220]","[""insufficient_pre_history""]",4,5
0,0,0,0,6,6,3,0,3,0,3,3,False,61,y,pre_data_incomplete,4,"[315, 410, 505, 600, 695, 790]",,,,,,,,,,,"[30, 125, 220]","[""insufficient_pre_history""]",4,6
0,0,0,0,3,3,0,0,0,0,3,3,True,61,y,noise_baseline_short,5,"[410, 505, 600]",,-0.12495992286630742,0.24991984573261483,0.6462818646091368,3,0.6462818646091368,1.5731660835685688,1.1193930255133753,0.24991984573261483,1.2530407455679882,"[125, 220, 315]",[],5,3
0,0,0,0,4,4,0,0,0,0,4,4,True,61,y,noise_baseline_short,5,"[410, 505, 600, 695]",,-0.657558291575539,0.7539826500318811,0.6820497783496468,4,0.6820497783496468,1.3077439098812347,1.3640995566992935,1.972674874726617,1.860767600587209,"[30, 125, 220, 315]",[],5,4
0,0,0,0,5,5,1,0,1,0,4,4,False,61,y,pre_data_incomplete,5,"[410, 505, 600, 695, 790]",,,,,,,,,,,"[30, 125, 220, 315]","[""insufficient_pre_history""]",5,5
0,0,0,0,6,6,2,0,2,0,4,4,False,61,y,pre_data_incomplete,5,"[410, 505, 600, 695, 790, 885]",,,,,,,,,,,"[30, 125, 220, 315]","[""insufficient_pre_history""]",5,6
0,0,0,0,3,3,0,0,0,0,3,3,True,61,y,review_trend,6,"[505, 600, 695]",,3.4365821276691912,1.8017671698314892,2.0575851570608963,3,2.0575851570608963,1.3348208235239885,3.56384203292906,6.8731642553383825,12.700970035671936,"[220, 315, 410]",[],6,3
0,0,0,0,4,4,0,0,0,0,4,4,True,61,y,noise_baseline_short,6,"[505, 600, 695, 790]",,1.6266198889154329,1.025843507782052,1.4700080961144566,4,1.4700080961144566,2.520081776116434,2.940016192228913,4.879859666746299,8.643695210568197,"[125, 220, 315, 410]",[],6,4
0,0,0,0,5,5,0,0,0,0,5,5,True,61,y,high_noise_under_iid,6,"[505, 600, 695, 790, 885]",,0.6876943725153648,1.2580454543311475,1.1455712782274325,5,1.1455712782274325,2.6781483385665092,2.561575251187864,2.750777490061459,6.561667767498169,"[30, 125, 220, 315, 410]",[],6,5
1,0,1,0,5,5,1,0,1,0,5,5,False,61,y,pre_data_incomplete,6,"[505, 600, 695, 790, 885]",,,,,,,,,,,"[30, 125, 220, 315, 410]","[""insufficient_pre_history"", ""insufficient_post_history""]",6,6
0,0,0,0,3,3,0,0,0,0,3,3,True,61,y,review_trend,7,"[600, 695, 790]",,3.1873529473283715,1.3033088091498493,1.9444301863737592,3,1.9444301863737592,1.5383155971396876,3.367851874569972,6.374705894656743,11.342426249044474,"[315, 410, 505]",[],7,3
0,0,0,0,4,4,0,0,0,0,4,4,True,61,y,review_trend,7,"[600, 695, 790, 885]",,2.960081627897159,3.1873529473283715,1.965303311428206,4,1.965303311428206,1.126629719973821,3.930606622856412,8.880244883691477,15.449668423642686,"[220, 315, 410, 505]",[],7,4
1,0,1,0,4,4,0,0,0,0,5,5,False,61,y,high_noise_under_iid,7,"[600, 695, 790, 885]",,1.9122736353186638,2.051687015564104,1.582490276562844,5,1.582490276562844,2.122703068022024,3.5385558321269612,7.649094541274655,12.52137737707973,"[125, 220, 315, 410, 505]","[""insufficient_post_history""]",7,5
2,0,2,0,4,4,0,0,0,0,6,6,False,61,y,high_noise_under_iid,7,"[600, 695, 790, 885]",,1.1599971960605495,1.7798261578139334,1.2944791410271694,6,1.2944791410271694,2.5846857273388797,3.1708133781928303,5.799985980302748,10.054057479326628,"[30, 125, 220, 315, 410, 505]","[""insufficient_post_history""]",7,6
0,0,0,0,3,3,0,0,0,0,3,3,True,61,y,noise_baseline_short,8,"[695, 790, 885]",,-1.69173733325223,1.3033088091498493,1.396671718736912,3,1.396671718736912,2.445444934992073,2.4191063783468802,3.38347466650446,5.852075669758559,"[410, 505, 600]",[],8,3
1,0,1,0,3,3,0,0,0,0,4,4,False,61,y,noise_baseline_short,8,"[695, 790, 885]",,0.636707606615715,2.3433917378271545,1.4742051513257748,4,1.4742051513257748,3.4678802644219022,2.9484103026515496,1.9101228198471452,8.693123312781802,"[315, 410, 505, 600]","[""insufficient_post_history""]",8,4
2,0,2,0,3,3,0,0,0,0,5,5,False,61,y,high_noise_under_iid,8,"[695, 790, 885]",,1.3354085072324589,3.38347466650446,1.5291725761641255,5,1.5291725761641255,3.105597985464331,3.4193338296314595,5.341634028929835,11.691843838462145,"[220, 315, 410, 505, 600]","[""insufficient_post_history""]",8,5
3,0,3,0,3,3,0,0,0,0,6,6,False,61,y,high_noise_under_iid,8,"[695, 790, 885]",,1.0511665470091625,1.8698047172832686,1.293007378658709,6,1.293007378658709,2.775761067744781,3.1672083113674723,5.2558327350458125,10.031208487595196,"[125, 220, 315, 410, 505, 600]","[""insufficient_post_history""]",8,6
1,0,1,0,2,2,0,0,0,0,3,3,False,61,y,noise_baseline_short,9,"[790, 885]",,-0.24007150207391126,0.4801430041478225,1.4887037745153913,3,1.4887037745153913,3.630725122798776,2.578510574880219,0.4801430041478225,6.6487167847691175,"[505, 600, 695]","[""insufficient_post_history""]",9,3
2,0,2,0,2,2,0,0,0,0,4,4,False,61,y,noise_baseline_short,9,"[790, 885]",,-0.22172860606482292,0.6516544045749246,1.057871460784426,4,1.057871460784426,2.567419566098309,2.115742921568852,0.6651858181944688,4.476368110168701,"[410, 505, 600, 695]","[""insufficient_post_history""]",9,4
3,0,3,0,2,2,0,0,0,0,5,5,False,61,y,high_noise_under_iid,9,"[790, 885]",,0.840565111451338,1.3033088091498493,1.2556564606890672,5,1.2556564606890672,2.8558691543038117,2.807733202487547,3.362260445805352,7.883365736350978,"[315, 410, 505, 600, 695]","[""insufficient_post_history""]",9,5
4,0,4,0,2,2,0,0,0,0,6,6,False,61,y,high_noise_under_iid,9,"[790, 885]",,1.2813921819388343,2.754974640328168,1.3872839334080505,6,1.3872839334080505,2.692689068938287,3.398137765210921,6.406960909694171,11.547340271352674,"[220, 315, 410, 505, 600, 695]","[""insufficient_post_history""]",9,6
2,0,2,0,1,1,0,0,0,0,3,3,False,61,y,review_trend,10,[885],,3.302014528680533,2.3973885858545794,1.9301193958257759,3,1.9301193958257759,0.7386239893359118,3.3430648582443885,6.604029057361066,11.176082646428572,"[600, 695, 790]","[""insufficient_post_history""]",10,3
3,0,3,0,1,1,0,0,0,0,4,4,False,61,y,noise_baseline_short,10,[885],,0.9958377216626758,1.1986942929272897,1.3914081832149692,4,1.3914081832149692,3.0227253388605644,2.7828163664299383,2.9875131649880275,7.744066929270325,"[505, 600, 695, 790]","[""insufficient_post_history""]",10,4
4,0,4,0,1,1,0,0,0,0,5,5,False,61,y,high_noise_under_iid,10,[885],,0.596096577756539,0.8231658050020267,1.0822425345047169,5,1.0822425345047169,2.5736916915650756,2.419967875294209,2.384386311026156,5.856244517455968,"[410, 505, 600, 695, 790]","[""insufficient_post_history""]",10,5
5,0,5,0,1,1,0,0,0,0,6,6,False,61,y,high_noise_under_iid,10,[885],,1.121213466319122,1.8503486975022145,1.2689283471594828,6,1.2689283471594828,2.5644580742468,3.1082269706939645,5.60606733159561,9.661074901349378,"[315, 410, 505, 600, 695, 790]","[""insufficient_post_history""]",10,6
0,0,0,0,3,3,3,0,3,0,0,0,False,62,y,pre_data_incomplete,1,"[29, 124, 219]",,,,,,,,,,,[],"[""insufficient_pre_history""]",1,3
0,0,0,0,4,4,4,0,4,0,0,0,False,62,y,pre_data_incomplete,1,"[29, 124, 219, 314]",,,,,,,,,,,[],"[""insufficient_pre_history""]",1,4
0,0,0,0,5,5,5,0,5,0,0,0,False,62,y,pre_data_incomplete,1,"[29, 124, 219, 314, 409]",,,,,,,,,,,[],"[""insufficient_pre_history""]",1,5
0,0,0,0,6,6,6,0,6,0,0,0,False,62,y,pre_data_incomplete,1,"[29, 124, 219, 314, 409, 504]",,,,,,,,,,,[],"[""insufficient_pre_history""]",1,6
0,0,0,0,3,3,2,0,2,0,1,1,False,62,y,pre_data_incomplete,2,"[124, 219, 314]",,,,,,,,,,,[29],"[""insufficient_pre_history""]",2,3
0,0,0,0,4,4,3,0,3,0,1,1,False,62,y,pre_data_incomplete,2,"[124, 219, 314, 409]",,,,,,,,,,,[29],"[""insufficient_pre_history""]",2,4
0,0,0,0,5,5,4,0,4,0,1,1,False,62,y,pre_data_incomplete,2,"[124, 219, 314, 409, 504]",,,,,,,,,,,[29],"[""insufficient_pre_history""]",2,5
0,0,0,0,6,6,5,0,5,0,1,1,False,62,y,pre_data_incomplete,2,"[124, 219, 314, 409, 504, 599]",,,,,,,,,,,[29],"[""insufficient_pre_history""]",2,6
0,0,0,0,3,3,1,0,1,0,2,2,False,62,y,pre_data_incomplete,3,"[219, 314, 409]",,,,,,,,,,,"[29, 124]","[""insufficient_pre_history""]",3,3
0,0,0,0,4,4,2,0,2,0,2,2,False,62,y,pre_data_incomplete,3,"[219, 314, 409, 504]",,,,,,,,,,,"[29, 124]","[""insufficient_pre_history""]",3,4
0,0,0,0,5,5,3,0,3,0,2,2,False,62,y,pre_data_incomplete,3,"[219, 314, 409, 504, 599]",,,,,,,,,,,"[29, 124]","[""insufficient_pre_history""]",3,5
0,0,0,0,6,6,4,0,4,0,2,2,False,62,y,pre_data_incomplete,3,"[219, 314, 409, 504, 599, 694]",,,,,,,,,,,"[29, 124]","[""insufficient_pre_history""]",3,6
0,0,0,0,3,3,0,0,0,0,3,3,True,62,y,review_trend,4,"[314, 409, 504]",,-2.19823811880473,0.9289782795446933,1.33781633934877,3,1.33781633934877,1.0363463190646949,2.317165870947876,4.39647623760946,5.369257673485629,"[29, 124, 219]",[],4,3
0,0,0,0,4,4,1,0,1,0,3,3,False,62,y,pre_data_incomplete,4,"[314, 409, 504, 599]",,,,,,,,,,,"[29, 124, 219]","[""insufficient_pre_history""]",4,4
0,0,0,0,5,5,2,0,2,0,3,3,False,62,y,pre_data_incomplete,4,"[314, 409, 504, 599, 694]",,,,,,,,,,,"[29, 124, 219]","[""insufficient_pre_history""]",4,5
0,0,0,0,6,6,3,0,3,0,3,3,False,62,y,pre_data_incomplete,4,"[314, 409, 504, 599, 694, 789]",,,,,,,,,,,"[29, 124, 219]","[""insufficient_pre_history""]",4,6
0,0,0,0,3,3,0,0,0,0,3,3,True,62,y,noise_baseline_short,5,"[409, 504, 599]",,-1.0248282703743878,1.4178414173159908,1.0065040792784306,3,1.0065040792784306,1.9944314483349905,1.743316203335575,2.0496565407487757,3.0391513848123632,"[124, 219, 314]",[],5,3
0,0,0,0,4,4,0,0,0,0,4,4,True,62,y,noise_baseline_short,5,"[409, 504, 599, 694]",,-1.2403402418945173,1.4893174101467346,0.9926729242016784,4,0.9926729242016784,1.437458666362721,1.9853458484033568,3.7210207256835517,3.9415981377724445,"[29, 124, 219, 314]",[],5,4
0,0,0,0,5,5,1,0,1,0,4,4,False,62,y,pre_data_incomplete,5,"[409, 504, 599, 694, 789]",,,,,,,,,,,"[29, 124, 219, 314]","[""insufficient_pre_history""]",5,5
0,0,0,0,6,6,2,0,2,0,4,4,False,62,y,pre_data_incomplete,5,"[409, 504, 599, 694, 789, 884]",,,,,,,,,,,"[29, 124, 219, 314]","[""insufficient_pre_history""]",5,6
0,0,0,0,3,3,0,0,0,0,3,3,True,62,y,noise_baseline_short,6,"[504, 599, 694]",,-0.05094386306629728,0.10188772613259456,0.4904777751698428,3,0.4904777751698428,1.1992581595491096,0.8495324265775124,0.10188772613259456,0.7217053438066765,"[219, 314, 409]",[],6,3
0,0,0,0,4,4,0,0,0,0,4,4,True,62,y,noise_baseline_short,6,"[504, 599, 694, 789]",,-0.9290315635276093,0.7598645717242927,0.8328587846689393,4,0.8328587846689393,1.415688318848803,1.6657175693378785,2.787094690582828,2.77461502080089,"[124, 219, 314, 409]",[],6,4
0,0,0,0,5,5,0,0,0,0,5,5,True,62,y,within_tolerance_under_iid,6,"[504, 599, 694, 789, 884]",,-1.1046384468232884,1.5197291434485853,0.9088175171303585,5,0.9088175171303585,1.1995449980246848,2.0321777474460614,4.4185537872931535,4.129746397214948,"[29, 124, 219, 314, 409]",[],6,5
1,0,1,0,5,5,1,0,1,0,5,5,False,62,y,pre_data_incomplete,6,"[504, 599, 694, 789, 884]",,,,,,,,,,,"[29, 124, 219, 314, 409]","[""insufficient_pre_history"", ""insufficient_post_history""]",6,6
0,0,0,0,3,3,0,0,0,0,3,3,True,62,y,noise_baseline_short,7,"[599, 694, 789]",,0.24405507124810477,0.48811014249620954,0.6045772985611033,3,0.6045772985611033,1.4401237807941418,1.0471585982105691,0.48811014249620954,1.0965411298063241,"[314, 409, 504]",[],7,3
0,0,0,0,4,4,0,0,0,0,4,4,True,62,y,noise_baseline_short,7,"[599, 694, 789, 884]",,0.4198125535988016,0.7598645717242927,0.5048216170214153,4,0.5048216170214153,1.0432941769581734,1.0096432340428305,1.2594376607964048,1.019379460048466,"[219, 314, 409, 504]",[],7,4
1,0,1,0,4,4,0,0,0,0,5,5,False,62,y,within_tolerance_under_iid,7,"[599, 694, 789, 884]",,-0.3224980522637727,1.4178414173159908,0.6605764820310195,5,0.6605764820310195,1.6007473083022072,1.477093918159028,1.2899922090550908,2.181806443062389,"[124, 219, 314, 409, 504]","[""insufficient_post_history""]",7,5
2,0,2,0,4,4,0,0,0,0,6,6,False,62,y,within_tolerance_under_iid,7,"[599, 694, 789, 884]",,-0.6212268292646398,1.7128403516303927,0.7421380139938528,6,0.7421380139938528,1.5628032841638881,1.817859453007421,3.106134146323199,3.3046129908884403,"[29, 124, 219, 314, 409, 504]","[""insufficient_post_history""]",7,6
0,0,0,0,3,3,0,0,0,0,3,3,True,62,y,noise_baseline_short,8,"[694, 789, 884]",,0.7618821995197669,0.4840748869052611,0.6049612034436569,3,0.6049612034436569,1.0173197010487065,1.0478235409724257,1.5237643990395338,1.0979341730159928,"[409, 504, 599]",[],8,3
1,0,1,0,3,3,0,0,0,0,4,4,False,62,y,noise_baseline_short,8,"[694, 789, 884]",,0.201994505271764,0.24405507124810477,0.43625894217287686,4,0.43625894217287686,1.0197679821188854,0.8725178843457537,0.605983515815292,0.7612874585031901,"[314, 409, 504, 599]","[""insufficient_post_history""]",8,4
2,0,2,0,3,3,0,0,0,0,5,5,False,62,y,within_tolerance_under_iid,8,"[694, 789, 884]",,0.3331863488310088,0.48811014249620954,0.4100059696728675,5,0.4100059696728675,0.8664037690119583,0.916801219369249,1.3327453953240351,0.8405244758369418,"[219, 314, 409, 504, 599]","[""insufficient_post_history""]",8,5
3,0,3,0,3,3,0,0,0,0,6,6,False,62,y,within_tolerance_under_iid,8,"[694, 789, 884]",,-0.172285168280032,0.9529757799061002,0.5395400886130077,6,0.5395400886130077,1.4329747974452989,1.3215979128778892,0.8614258414001599,1.7466210433231928,"[124, 219, 314, 409, 504, 599]","[""insufficient_post_history""]",8,6
1,0,1,0,2,2,0,0,0,0,3,3,False,62,y,noise_baseline_short,9,"[789, 884]",,1.1794258847427996,0.4840748869052611,0.8781528005533802,3,0.8781528005533802,1.3582426924212756,1.5210052673673533,2.3588517694855993,2.3134570233592338,"[504, 599, 694]","[""insufficient_post_history""]",9,3
2,0,2,0,2,2,0,0,0,0,4,4,False,62,y,noise_baseline_short,9,"[789, 884]",,1.2615998279385923,1.0039196429723973,0.9048711862250388,4,0.9048711862250388,0.9662638704438555,1.8097423724500776,3.784799483815777,3.275167454641236,"[409, 504, 599, 694]","[""insufficient_post_history""]",9,4
3,0,3,0,2,2,0,0,0,0,5,5,False,62,y,within_tolerance_under_iid,9,"[789, 884]",,0.7217688223003151,0.4840748869052611,0.7067888372626739,5,0.7067888372626739,1.2624720302029948,1.5804278858573755,2.8870752892012606,2.4977523023956136,"[314, 409, 504, 599, 694]","[""insufficient_post_history""]",9,5
4,0,4,0,2,2,0,0,0,0,6,6,False,62,y,within_tolerance_under_iid,9,"[789, 884]",,0.6669703342630467,0.9529757799061002,0.649010501114335,6,0.649010501114335,1.1013144360182288,1.5897445654381337,3.3348516713152336,2.5272877833400806,"[219, 314, 409, 504, 599, 694]","[""insufficient_post_history""]",9,6
2,0,2,0,1,1,0,0,0,0,3,3,False,62,y,noise_baseline_short,10,[884],,0.35278596098298154,0.705571921965963,0.8546717684277328,3,0.8546717684277328,2.0331913638295234,1.480334926711575,0.7055719219659631,2.1913914952421645,"[599, 694, 789]","[""insufficient_post_history""]",10,3
3,0,3,0,1,1,0,0,0,0,4,4,False,62,y,noise_baseline_short,10,[884],,0.35074177615729657,0.3527859609829815,0.6290853160629882,4,0.6290853160629882,1.4376858229326326,1.2581706321259765,1.0522253284718897,1.5829933395442795,"[504, 599, 694, 789]","[""insufficient_post_history""]",10,4
4,0,4,0,1,1,0,0,0,0,5,5,False,62,y,within_tolerance_under_iid,10,[884],,0.6817524411496593,0.4840748869052611,0.7027597585393255,5,0.7027597585393255,1.320298155002602,1.5714185919452701,2.727009764598637,2.4693563911112553,"[409, 504, 599, 694, 789]","[""insufficient_post_history""]",10,5
5,0,5,0,1,1,0,0,0,0,6,6,False,62,y,within_tolerance_under_iid,10,[884],,0.4618295476334422,0.3548035887784557,0.5799602800617893,6,0.5799602800617893,1.2607640044634196,1.420606757233012,2.309147738167211,2.0181235586960944,"[314, 409, 504, 599, 694, 789]","[""insufficient_post_history""]",10,6
0,0,0,0,3,3,3,0,3,0,0,0,False,63,y,pre_data_incomplete,1,"[28, 123, 218]",,,,,,,,,,,[],"[""insufficient_pre_history""]",1,3
0,0,0,0,4,4,4,0,4,0,0,0,False,63,y,pre_data_incomplete,1,"[28, 123, 218, 313]",,,,,,,,,,,[],"[""insufficient_pre_history""]",1,4
0,0,0,0,5,5,5,0,5,0,0,0,False,63,y,pre_data_incomplete,1,"[28, 123, 218, 313, 408]",,,,,,,,,,,[],"[""insufficient_pre_history""]",1,5
0,0,0,0,6,6,6,0,6,0,0,0,False,63,y,pre_data_incomplete,1,"[28, 123, 218, 313, 408, 503]",,,,,,,,,,,[],"[""insufficient_pre_history""]",1,6
0,0,0,0,3,3,2,0,2,0,1,1,False,63,y,pre_data_incomplete,2,"[123, 218, 313]",,,,,,,,,,,[28],"[""insufficient_pre_history""]",2,3
0,0,0,0,4,4,3,0,3,0,1,1,False,63,y,pre_data_incomplete,2,"[123, 218, 313, 408]",,,,,,,,,,,[28],"[""insufficient_pre_history""]",2,4
0,0,0,0,5,5,4,0,4,0,1,1,False,63,y,pre_data_incomplete,2,"[123, 218, 313, 408, 503]",,,,,,,,,,,[28],"[""insufficient_pre_history""]",2,5
0,0,0,0,6,6,5,0,5,0,1,1,False,63,y,pre_data_incomplete,2,"[123, 218, 313, 408, 503, 598]",,,,,,,,,,,[28],"[""insufficient_pre_history""]",2,6
0,0,0,0,3,3,1,0,1,0,2,2,False,63,y,pre_data_incomplete,3,"[218, 313, 408]",,,,,,,,,,,"[28, 123]","[""insufficient_pre_history""]",3,3
0,0,0,0,4,4,2,0,2,0,2,2,False,63,y,pre_data_incomplete,3,"[218, 313, 408, 503]",,,,,,,,,,,"[28, 123]","[""insufficient_pre_history""]",3,4
0,0,0,0,5,5,3,0,3,0,2,2,False,63,y,pre_data_incomplete,3,"[218, 313, 408, 503, 598]",,,,,,,,,,,"[28, 123]","[""insufficient_pre_history""]",3,5
0,0,0,0,6,6,4,0,4,0,2,2,False,63,y,pre_data_incomplete,3,"[218, 313, 408, 503, 598, 693]",,,,,,,,,,,"[28, 123]","[""insufficient_pre_history""]",3,6
0,0,0,0,3,3,0,0,0,0,3,3,True,63,y,noise_baseline_short,4,"[313, 408, 503]",,-0.24222370257870518,0.48444740515741036,0.7564544857397985,3,0.7564544857397985,1.820987558934246,1.3102176029147177,0.48444740515741036,1.7166701669875888,"[28, 123, 218]",[],4,3
0,0,0,0,4,4,1,0,1,0,3,3,False,63,y,pre_data_incomplete,4,"[313, 408, 503, 598]",,,,,,,,,,,"[28, 123, 218]","[""insufficient_pre_history""]",4,4
0,0,0,0,5,5,2,0,2,0,3,3,False,63,y,pre_data_incomplete,4,"[313, 408, 503, 598, 693]",,,,,,,,,,,"[28, 123, 218]","[""insufficient_pre_history""]",4,5
0,0,0,0,6,6,3,0,3,0,3,3,False,63,y,pre_data_incomplete,4,"[313, 408, 503, 598, 693, 788]",,,,,,,,,,,"[28, 123, 218]","[""insufficient_pre_history""]",4,6
0,0,0,0,3,3,0,0,0,0,3,3,True,63,y,noise_baseline_short,5,"[408, 503, 598]",,1.0481148774485052,0.1082082838031091,0.6814248791861537,3,0.6814248791861537,0.7674305201028915,1.1802625122919022,2.0962297548970104,1.3930195979215925,"[123, 218, 313]",[],5,3
0,0,0,0,4,4,0,0,0,0,4,4,True,63,y,noise_baseline_short,5,"[408, 503, 598, 693]",,0.08593041070309974,0.24222370257870518,0.5561674114037477,4,0.5561674114037477,1.3555342298652087,1.1123348228074954,0.2577912321092992,1.237288758030182,"[28, 123, 218, 313]",[],5,4
0,0,0,0,5,5,1,0,1,0,4,4,False,63,y,pre_data_incomplete,5,"[408, 503, 598, 693, 788]",,,,,,,,,,,"[28, 123, 218, 313]","[""insufficient_pre_history""]",5,5
0,0,0,0,6,6,2,0,2,0,4,4,False,63,y,pre_data_incomplete,5,"[408, 503, 598, 693, 788, 883]",,,,,,,,,,,"[28, 123, 218, 313]","[""insufficient_pre_history""]",5,6
0,0,0,0,3,3,0,0,0,0,3,3,True,63,y,noise_baseline_short,6,"[503, 598, 693]",,-0.12411077880264704,0.1082082838031091,0.1055054517259211,3,0.1055054517259211,0.1896877203019342,0.18274080286480082,0.24822155760529407,0.033394201031672,"[218, 313, 408]",[],6,3
0,0,0,0,4,4,0,0,0,0,4,4,True,63,y,noise_baseline_short,6,"[503, 598, 693, 788]",,0.5327608024268932,0.17821492070420164,0.4910379631456491,4,0.4910379631456491,0.8585595529693906,0.9820759262912983,1.5982824072806796,0.9644731250009114,"[123, 218, 313, 408]",[],6,4
0,0,0,0,5,5,0,0,0,0,5,5,True,63,y,within_tolerance_under_iid,6,"[503, 598, 693, 788, 883]",,0.06308918293716015,0.24822155760529407,0.43127518845673635,5,0.43127518845673635,1.1075744239148724,0.9643606383982951,0.2523567317486406,0.9299914408919672,"[28, 123, 218, 313, 408]",[],6,5
1,0,1,0,5,5,1,0,1,0,5,5,False,63,y,pre_data_incomplete,6,"[503, 598, 693, 788, 883]",,,,,,,,,,,"[28, 123, 218, 313, 408]","[""insufficient_pre_history"", ""insufficient_post_history""]",6,6
0,0,0,0,3,3,0,0,0,0,3,3,True,63,y,noise_baseline_short,7,"[598, 693, 788]",,1.305357144264148,0.35642984140840317,0.9353197794215754,3,0.9353197794215754,1.3568433920318301,1.6200213792822837,2.610714288528296,2.624469269331673,"[313, 408, 503]",[],7,3
0,0,0,0,4,4,0,0,0,0,4,4,True,63,y,noise_baseline_short,7,"[598, 693, 788, 883]",,0.7800337875585812,0.17821492070420158,0.6954117267350041,4,0.6954117267350041,1.174926824849486,1.3908234534700081,2.3401013626757434,1.9343898787222396,"[218, 313, 408, 503]",[],7,4
1,0,1,0,4,4,0,0,0,0,5,5,False,63,y,within_tolerance_under_iid,7,"[598, 693, 788, 883]",,0.916566652924532,0.24822155760529407,0.7532682992561465,5,0.7532682992561465,0.9911808312566982,1.684359122432398,3.666266611698128,2.8370656533212375,"[123, 218, 313, 408, 503]","[""insufficient_post_history""]",7,5
2,0,2,0,4,4,0,0,0,0,6,6,False,63,y,within_tolerance_under_iid,7,"[598, 693, 788, 883]",,0.47142811028968296,0.3663344813813522,0.6180630301234585,6,0.6180630301234585,1.3757524459967314,1.513939052680902,2.3571405514484147,2.292011455232347,"[28, 123, 218, 313, 408, 503]","[""insufficient_post_history""]",7,6
0,0,0,0,3,3,0,0,0,0,3,3,True,63,y,noise_baseline_short,8,"[693, 788, 883]",,1.6385305537110204,0.3099169774853414,1.0445393009607855,3,1.0445393009607855,1.0848084423624256,1.8091951397665589,3.277061107422041,3.273187053754939,"[408, 503, 598]",[],8,3
1,0,1,0,3,3,0,0,0,0,4,4,False,63,y,noise_baseline_short,8,"[693, 788, 883]",,1.172903792797761,1.4603156330068188,0.855278714838988,4,0.855278714838988,0.9745521086331667,1.710557429677976,3.518711378393283,2.9260067202265234,"[313, 408, 503, 598]","[""insufficient_post_history""]",8,4
2,0,2,0,3,3,0,0,0,0,5,5,False,63,y,within_tolerance_under_iid,8,"[693, 788, 883]",,0.8668393388161789,0.35642984140840317,0.7193873267574932,5,0.7193873267574932,0.9723267840243053,1.6085989647816081,3.4673573552647157,2.5875906294964617,"[218, 313, 408, 503, 598]","[""insufficient_post_history""]",8,5
3,0,3,0,3,3,0,0,0,0,6,6,False,63,y,review_trend,8,"[693, 788, 883]",,0.9395612280039728,1.1722256562511522,0.7833309986306334,6,0.7833309986306334,0.8601825143572902,1.91876124634984,4.697806140019864,3.681644720493991,"[123, 218, 313, 408, 503, 598]","[""insufficient_post_history""]",8,6
1,0,1,0,2,2,0,0,0,0,3,3,False,63,y,noise_baseline_short,9,"[788, 883]",,-0.4288145740966023,0.3099169774853414,0.34918478428343436,3,0.34918478428343436,0.6031717860900911,0.6048057876088867,0.8576291481932046,0.3657900407252057,"[503, 598, 693]","[""insufficient_post_history""]",9,3
2,0,2,0,2,2,0,0,0,0,4,4,False,63,y,noise_baseline_short,9,"[788, 883]",,0.6638461922715825,0.583773062839273,0.7386342618326558,4,0.7386342618326558,1.4736872188611587,1.4772685236653116,1.9915385768147473,2.1823222910122895,"[408, 503, 598, 693]","[""insufficient_post_history""]",9,4
3,0,3,0,2,2,0,0,0,0,5,5,False,63,y,within_tolerance_under_iid,9,"[788, 883]",,0.6783231388092223,1.167546125678546,0.6688358043765288,5,0.6688358043765288,1.2035508378516202,1.4955623243716698,2.7132925552368894,2.2367066660799915,"[313, 408, 503, 598, 693]","[""insufficient_post_history""]",9,5
4,0,4,0,2,2,0,0,0,0,6,6,False,63,y,within_tolerance_under_iid,9,"[788, 883]",,0.6010144299619604,1.1088616327733019,0.6001771890198153,6,0.6001771890198153,1.0588978596514942,1.4701278683564782,3.005072149809802,2.161275949318363,"[218, 313, 408, 503, 598, 693]","[""insufficient_post_history""]",9,6
2,0,2,0,1,1,0,0,0,0,3,3,False,63,y,review_trend,10,[883],,-1.2031618083492868,1.167546125678546,0.6947472352560303,3,0.6947472352560303,0.029080083128066706,1.203337509881452,2.4063236166985735,1.4480211626876935,"[598, 693, 788]","[""insufficient_post_history""]",10,3
3,0,3,0,1,1,0,0,0,0,4,4,False,63,y,noise_baseline_short,10,[883],,-0.7456766043318243,0.583773062839273,0.5384124824779583,4,0.5384124824779583,0.5909687065394128,1.0768249649559165,2.237029812995473,1.159552005152311,"[503, 598, 693, 788]","[""insufficient_post_history""]",10,4
4,0,4,0,1,1,0,0,0,0,5,5,False,63,y,within_tolerance_under_iid,10,[883],,0.08838458332537295,1.167546125678546,0.6218193876631329,5,0.6218193876631329,1.5974008755662092,1.3904304205420595,0.3535383333014918,1.9332967543687685,"[408, 503, 598, 693, 788]","[""insufficient_post_history""]",10,5
5,0,5,0,1,1,0,0,0,0,6,6,False,63,y,within_tolerance_under_iid,10,[883],,0.263142861979747,1.305357144264148,0.5650797056609297,6,0.5650797056609297,1.4463470633638278,1.3841569428713845,1.315714309898735,1.915890442499057,"[313, 408, 503, 598, 693, 788]","[""insufficient_post_history""]",10,6
0,0,0,0,3,3,3,0,3,0,0,0,False,64,y,pre_data_incomplete,1,"[27, 122, 217]",,,,,,,,,,,[],"[""insufficient_pre_history""]",1,3
0,0,0,0,4,4,4,0,4,0,0,0,False,64,y,pre_data_incomplete,1,"[27, 122, 217, 312]",,,,,,,,,,,[],"[""insufficient_pre_history""]",1,4
0,0,0,0,5,5,5,0,5,0,0,0,False,64,y,pre_data_incomplete,1,"[27, 122, 217, 312, 407]",,,,,,,,,,,[],"[""insufficient_pre_history""]",1,5
0,0,0,0,6,6,6,0,6,0,0,0,False,64,y,pre_data_incomplete,1,"[27, 122, 217, 312, 407, 502]",,,,,,,,,,,[],"[""insufficient_pre_history""]",1,6
0,0,0,0,3,3,2,0,2,0,1,1,False,64,y,pre_data_incomplete,2,"[122, 217, 312]",,,,,,,,,,,[27],"[""insufficient_pre_history""]",2,3
0,0,0,0,4,4,3,0,3,0,1,1,False,64,y,pre_data_incomplete,2,"[122, 217, 312, 407]",,,,,,,,,,,[27],"[""insufficient_pre_history""]",2,4
0,0,0,0,5,5,4,0,4,0,1,1,False,64,y,pre_data_incomplete,2,"[122, 217, 312, 407, 502]",,,,,,,,,,,[27],"[""insufficient_pre_history""]",2,5
0,0,0,0,6,6,5,0,5,0,1,1,False,64,y,pre_data_incomplete,2,"[122, 217, 312, 407, 502, 597]",,,,,,,,,,,[27],"[""insufficient_pre_history""]",2,6
0,0,0,0,3,3,1,0,1,0,2,2,False,64,y,pre_data_incomplete,3,"[217, 312, 407]",,,,,,,,,,,"[27, 122]","[""insufficient_pre_history""]",3,3
0,0,0,0,4,4,2,0,2,0,2,2,False,64,y,pre_data_incomplete,3,"[217, 312, 407, 502]",,,,,,,,,,,"[27, 122]","[""insufficient_pre_history""]",3,4
0,0,0,0,5,5,3,0,3,0,2,2,False,64,y,pre_data_incomplete,3,"[217, 312, 407, 502, 597]",,,,,,,,,,,"[27, 122]","[""insufficient_pre_history""]",3,5
0,0,0,0,6,6,4,0,4,0,2,2,False,64,y,pre_data_incomplete,3,"[217, 312, 407, 502, 597, 692]",,,,,,,,,,,"[27, 122]","[""insufficient_pre_history""]",3,6
0,0,0,0,3,3,0,0,0,0,3,3,True,64,y,noise_baseline_short,4,"[312, 407, 502]",,3.1031977052522723,0.6971798866585881,1.9629464739699412,3,1.9629464739699412,1.9645053225329292,3.3999230254541164,6.206395410504545,11.559476579013072,"[27, 122, 217]",[],4,3
0,0,0,0,4,4,1,0,1,0,3,3,False,64,y,pre_data_incomplete,4,"[312, 407, 502, 597]",,,,,,,,,,,"[27, 122, 217]","[""insufficient_pre_history""]",4,4
0,0,0,0,5,5,2,0,2,0,3,3,False,64,y,pre_data_incomplete,4,"[312, 407, 502, 597, 692]",,,,,,,,,,,"[27, 122, 217]","[""insufficient_pre_history""]",4,5
0,0,0,0,6,6,3,0,3,0,3,3,False,64,y,pre_data_incomplete,4,"[312, 407, 502, 597, 692, 787]",,,,,,,,,,,"[27, 122, 217]","[""insufficient_pre_history""]",4,6
0,0,0,0,3,3,0,0,0,0,3,3,True,64,y,noise_baseline_short,5,"[407, 502, 597]",,-0.11040435692339456,0.22080871384678913,1.8742908279732289,3,1.8742908279732289,4.588400418761651,3.2463669422099706,0.22080871384678913,10.538898323473713,"[122, 217, 312]",[],5,3
0,0,0,0,4,4,0,0,0,0,4,4,True,64,y,noise_baseline_short,5,"[407, 502, 597, 692]",,0.6938329042281353,0.34858994332929427,1.461062136633694,4,1.461062136633694,3.406567943716017,2.922124273267388,2.0814987126844056,8.53881026841846,"[27, 122, 217, 312]",[],5,4
0,0,0,0,5,5,1,0,1,0,4,4,False,64,y,pre_data_incomplete,5,"[407, 502, 597, 692, 787]",,,,,,,,,,,"[27, 122, 217, 312]","[""insufficient_pre_history""]",5,5
0,0,0,0,6,6,2,0,2,0,4,4,False,64,y,pre_data_incomplete,5,"[407, 502, 597, 692, 787, 882]",,,,,,,,,,,"[27, 122, 217, 312]","[""insufficient_pre_history""]",5,6
0,0,0,0,3,3,0,0,0,0,3,3,True,64,y,noise_baseline_short,6,"[502, 597, 692]",,-1.793598253596477,2.142827730499792,1.671540660394917,3,1.671540660394917,3.2140783570896625,2.89519335072123,3.587196507192954,8.382144538060425,"[217, 312, 407]",[],6,3
0,0,0,0,4,4,0,0,0,0,4,4,True,64,y,noise_baseline_short,6,"[502, 597, 692, 787]",,0.0036032812266262315,1.071413865249896,1.3259213503025788,4,1.3259213503025788,3.2478257502582073,2.6518427006051577,0.010809843679878695,7.032269708752856,"[122, 217, 312, 407]",[],6,4
0,0,0,0,5,5,0,0,0,0,5,5,True,64,y,high_noise_under_iid,6,"[502, 597, 692, 787, 882]",,0.5017589092776392,0.6971798866585881,1.1422774298756067,5,1.1422774298756067,2.8034701416678565,2.554209982365606,2.007035637110557,6.523988634016108,"[27, 122, 217, 312, 407]",[],6,5
1,0,1,0,5,5,1,0,1,0,5,5,False,64,y,pre_data_incomplete,6,"[502, 597, 692, 787, 882]",,,,,,,,,,,"[27, 122, 217, 312, 407]","[""insufficient_pre_history"", ""insufficient_post_history""]",6,6
0,0,0,0,3,3,0,0,0,0,3,3,True,64,y,review_trend,7,"[597, 692, 787]",,2.068387800545135,1.9939478705904783,1.1944420168013126,3,1.1944420168013126,0.06077994829247648,2.0688342597949116,4.13677560109027,4.280075194501159,"[312, 407, 502]",[],7,3
0,0,0,0,4,4,0,0,0,0,4,4,True,64,y,noise_baseline_short,7,"[597, 692, 787, 882]",,-0.26369181793076346,1.793598253596477,1.2409677753236774,4,1.2409677753236774,3.0110085817283396,2.481935550647355,0.7910754537922904,6.160004077567189,"[217, 312, 407, 502]",[],7,4
1,0,1,0,4,4,0,0,0,0,5,5,False,64,y,high_noise_under_iid,7,"[597, 692, 787, 882]",,0.4244737267294008,1.9939478705904783,1.1106269169683642,5,1.1106269169683642,2.7609215567184338,2.483437283982277,1.6978949069176033,6.16746074347327,"[122, 217, 312, 407, 502]","[""insufficient_post_history""]",7,5
2,0,2,0,4,4,0,0,0,0,6,6,False,64,y,high_noise_under_iid,7,"[597, 692, 787, 882]",,0.6600504766221889,1.4200038085791897,1.02935490640799,6,1.02935490640799,2.45779269090303,2.52139428492991,3.3002523831109443,6.357429140077212,"[27, 122, 217, 312, 407, 502]","[""insufficient_post_history""]",7,6
0,0,0,0,3,3,0,0,0,0,3,3,True,64,y,noise_baseline_short,8,"[692, 787, 882]",,-0.2418868527180934,0.4837737054361868,0.7582497872297691,3,0.7582497872297691,1.825551407100937,1.3133271563102509,0.4837737054361868,1.7248282195019704,"[407, 502, 597]",[],8,3
1,0,1,0,3,3,0,0,0,0,4,4,False,64,y,noise_baseline_short,8,"[692, 787, 882]",,0.6971109945781293,1.071413865249896,0.8515433614848276,4,0.8515433614848276,1.7708323557098808,1.7030867229696551,2.0913329837343877,2.900504385955519,"[312, 407, 502, 597]","[""insufficient_post_history""]",8,4
2,0,2,0,3,3,0,0,0,0,5,5,False,64,y,within_tolerance_under_iid,8,"[692, 787, 882]",,-0.4005164824168011,1.9939478705904783,0.9980904210910917,5,0.9980904210910917,2.4711370693536057,2.231798029251071,1.6020659296672044,4.980922443368964,"[217, 312, 407, 502, 597]","[""insufficient_post_history""]",8,5
3,0,3,0,3,3,0,0,0,0,6,6,False,64,y,within_tolerance_under_iid,8,"[692, 787, 882]",,0.13012309647932704,1.7905365208583037,0.9162610144290994,6,0.9162610144290994,2.49447975752086,2.244371956556188,0.6506154823966352,5.037205479375852,"[122, 217, 312, 407, 502, 597]","[""insufficient_post_history""]",8,6
1,0,1,0,2,2,0,0,0,0,3,3,False,64,y,noise_baseline_short,9,"[787, 882]",,0.6274497311117356,1.2548994622234713,1.0966194691916797,3,1.0966194691916797,2.5353617554733816,1.8994006372092025,1.2548994622234713,3.607722780630724,"[502, 597, 692]","[""insufficient_post_history""]",9,3
2,0,2,0,2,2,0,0,0,0,4,4,False,64,y,noise_baseline_short,9,"[787, 882]",,0.7268820422415183,1.2388607880133327,0.8709574566774729,4,0.8709574566774729,1.797361285251118,1.7419149133549459,2.1806461267245547,3.0342675653683684,"[407, 502, 597, 692]","[""insufficient_post_history""]",9,4
3,0,3,0,2,2,0,0,0,0,5,5,False,64,y,within_tolerance_under_iid,9,"[787, 882]",,1.0299576421191294,1.9939478705904783,0.9483588671343461,5,0.9483588671343461,1.5683923161261706,2.1205948939770893,4.119830568476518,4.496922704361703,"[312, 407, 502, 597, 692]","[""insufficient_post_history""]",9,5
4,0,4,0,2,2,0,0,0,0,6,6,False,64,y,within_tolerance_under_iid,9,"[787, 882]",,0.15083897353960768,1.8663105191250682,0.9275575168957032,6,0.9275575168957032,2.5205516006207964,2.2720426234774593,0.7541948676980383,5.162177682898336,"[217, 312, 407, 502, 597, 692]","[""insufficient_post_history""]",9,6
2,0,2,0,1,1,0,0,0,0,3,3,False,64,y,noise_baseline_short,10,[882],,-4.006067122656623,3.7326210382501364,3.4646310662247912,3,3.4646310662247912,6.318612424246242,6.000917036182869,8.012134245313247,36.01100527514979,"[597, 692, 787]","[""insufficient_post_history""]",10,3
3,0,3,0,1,1,0,0,0,0,4,4,False,64,y,noise_baseline_short,10,[882],,-2.7736946425769595,1.8663105191250682,2.6371424863223734,4,2.6371424863223734,4.742748995398025,5.274284972644747,8.321083927730879,27.8180819726662,"[502, 597, 692, 787]","[""insufficient_post_history""]",10,4
4,0,4,0,1,1,0,0,0,0,5,5,False,64,y,high_noise_under_iid,10,[882],,-1.5736916439275395,1.9939478705904783,2.0512491552228314,5,2.0512491552228314,4.449247428287694,4.586732549867269,6.294766575710158,21.038115484011897,"[407, 502, 597, 692, 787]","[""insufficient_post_history""]",10,5
5,0,5,0,1,1,0,0,0,0,6,6,False,64,y,high_noise_under_iid,10,[882],,-0.699902305109515,2.068387800545135,1.6909089949688452,6,1.6909089949688452,4.393250227217551,4.141864239155998,3.4995115255475753,17.155039375599294,"[312, 407, 502, 597, 692, 787]","[""insufficient_post_history""]",10,6
0,0,0,0,3,3,3,0,3,0,0,0,False,65,y,pre_data_incomplete,1,"[26, 121, 216]",,,,,,,,,,,[],"[""insufficient_pre_history""]",1,3
0,0,0,0,4,4,4,0,4,0,0,0,False,65,y,pre_data_incomplete,1,"[26, 121, 216, 311]",,,,,,,,,,,[],"[""insufficient_pre_history""]",1,4
0,0,0,0,5,5,5,0,5,0,0,0,False,65,y,pre_data_incomplete,1,"[26, 121, 216, 311, 406]",,,,,,,,,,,[],"[""insufficient_pre_history""]",1,5
0,0,0,0,6,6,6,0,6,0,0,0,False,65,y,pre_data_incomplete,1,"[26, 121, 216, 311, 406, 501]",,,,,,,,,,,[],"[""insufficient_pre_history""]",1,6
0,0,0,0,3,3,2,0,2,0,1,1,False,65,y,pre_data_incomplete,2,"[121, 216, 311]",,,,,,,,,,,[26],"[""insufficient_pre_history""]",2,3
0,0,0,0,4,4,3,0,3,0,1,1,False,65,y,pre_data_incomplete,2,"[121, 216, 311, 406]",,,,,,,,,,,[26],"[""insufficient_pre_history""]",2,4
0,0,0,0,5,5,4,0,4,0,1,1,False,65,y,pre_data_incomplete,2,"[121, 216, 311, 406, 501]",,,,,,,,,,,[26],"[""insufficient_pre_history""]",2,5
0,0,0,0,6,6,5,0,5,0,1,1,False,65,y,pre_data_incomplete,2,"[121, 216, 311, 406, 501, 596]",,,,,,,,,,,[26],"[""insufficient_pre_history""]",2,6
0,0,0,0,3,3,1,0,1,0,2,2,False,65,y,pre_data_incomplete,3,"[216, 311, 406]",,,,,,,,,,,"[26, 121]","[""insufficient_pre_history""]",3,3
0,0,0,0,4,4,2,0,2,0,2,2,False,65,y,pre_data_incomplete,3,"[216, 311, 406, 501]",,,,,,,,,,,"[26, 121]","[""insufficient_pre_history""]",3,4
0,0,0,0,5,5,3,0,3,0,2,2,False,65,y,pre_data_incomplete,3,"[216, 311, 406, 501, 596]",,,,,,,,,,,"[26, 121]","[""insufficient_pre_history""]",3,5
0,0,0,0,6,6,4,0,4,0,2,2,False,65,y,pre_data_incomplete,3,"[216, 311, 406, 501, 596, 691]",,,,,,,,,,,"[26, 121]","[""insufficient_pre_history""]",3,6
0,0,0,0,3,3,0,0,0,0,3,3,True,65,y,noise_baseline_short,4,"[311, 406, 501]",,0.33149212862771993,0.15200004400830824,0.25020564320545907,3,0.25020564320545907,0.3947697058626349,0.43336888637230575,0.6629842572554399,0.18780859167557243,"[26, 121, 216]",[],4,3
0,0,0,0,4,4,1,0,1,0,3,3,False,65,y,pre_data_incomplete,4,"[311, 406, 501, 596]",,,,,,,,,,,"[26, 121, 216]","[""insufficient_pre_history""]",4,4
0,0,0,0,5,5,2,0,2,0,3,3,False,65,y,pre_data_incomplete,4,"[311, 406, 501, 596, 691]",,,,,,,,,,,"[26, 121, 216]","[""insufficient_pre_history""]",4,5
0,0,0,0,6,6,3,0,3,0,3,3,False,65,y,pre_data_incomplete,4,"[311, 406, 501, 596, 691, 786]",,,,,,,,,,,"[26, 121, 216]","[""insufficient_pre_history""]",4,6
0,0,0,0,3,3,0,0,0,0,3,3,True,65,y,noise_baseline_short,5,"[406, 501, 596]",,1.341570670050227,0.15200004400830824,0.9207598954794753,3,0.9207598954794753,1.2194953814025764,1.5948029205422602,2.683141340100454,2.5433963553701227,"[121, 216, 311]",[],5,3
0,0,0,0,4,4,0,0,0,0,4,4,True,65,y,noise_baseline_short,5,"[406, 501, 596, 691]",,1.0342376880084299,0.40749215063187405,0.7719160234937228,4,0.7719160234937228,0.9492139356939581,1.5438320469874456,3.1027130640252896,2.383417389305446,"[26, 121, 216, 311]",[],5,4
0,0,0,0,5,5,1,0,1,0,4,4,False,65,y,pre_data_incomplete,5,"[406, 501, 596, 691, 786]",,,,,,,,,,,"[26, 121, 216, 311]","[""insufficient_pre_history""]",5,5
0,0,0,0,6,6,2,0,2,0,4,4,False,65,y,pre_data_incomplete,5,"[406, 501, 596, 691, 786, 881]",,,,,,,,,,,"[26, 121, 216, 311]","[""insufficient_pre_history""]",5,6
0,0,0,0,3,3,0,0,0,0,3,3,True,65,y,noise_baseline_short,6,"[501, 596, 691]",,1.5145595604032898,0.19397773669781726,0.9789795332742203,3,0.9789795332742203,1.0782505438908194,1.6956422912010156,3.0291191208065795,2.87520277970943,"[216, 311, 406]",[],6,3
0,0,0,0,4,4,0,0,0,0,4,4,True,65,y,noise_baseline_short,6,"[501, 596, 691, 786]",,1.1466498614503577,1.4175706920543811,0.8260269154799036,4,0.8260269154799036,0.8982805957345135,1.6520538309598072,3.4399495843510732,2.7292818603889755,"[121, 216, 311, 406]",[],6,4
0,0,0,0,5,5,0,0,0,0,5,5,True,65,y,review_trend,6,"[501, 596, 691, 786, 881]",,1.0067348096224493,0.8149843012637481,0.7728107156245266,5,0.7728107156245266,0.7766548514036266,1.7280572938767005,4.026939238489797,2.986182010920465,"[26, 121, 216, 311, 406]",[],6,5
1,0,1,0,5,5,1,0,1,0,5,5,False,65,y,pre_data_incomplete,6,"[501, 596, 691, 786, 881]",,,,,,,,,,,"[26, 121, 216, 311, 406]","[""insufficient_pre_history"", ""insufficient_post_history""]",6,6
0,0,0,0,3,3,0,0,0,0,3,3,True,65,y,noise_baseline_short,7,"[596, 691, 786]",,1.2055404586575615,0.19397773669781726,0.7733938577493258,3,0.7733938577493258,0.8259375038740753,1.339557455883529,2.411080917315123,1.7944141776131528,"[311, 406, 501]",[],7,3
0,0,0,0,4,4,0,0,0,0,4,4,True,65,y,review_trend,7,"[596, 691, 786, 881]",,1.5932644640969473,1.2055404586575618,1.075318972227528,4,1.075318972227528,0.7691789263945485,2.150637944455056,4.779793392290842,4.625243568129868,"[216, 311, 406, 501]",[],7,4
1,0,1,0,4,4,0,0,0,0,5,5,False,65,y,review_trend,7,"[596, 691, 786, 881]",,1.3217563635637735,2.411080917315123,0.9846531819474196,5,0.9846531819474196,0.8000914381432208,2.201751449095899,5.287025454255094,4.84770944359589,"[121, 216, 311, 406, 501]","[""insufficient_post_history""]",7,5
2,0,2,0,4,4,0,0,0,0,6,6,False,65,y,review_trend,7,"[596, 691, 786, 881]",,1.1717866116542917,1.5145595604032898,0.9394004261548906,6,0.9394004261548906,0.7818611150462398,2.3010517082325506,5.858933058271458,5.294838963959938,"[26, 121, 216, 311, 406, 501]","[""insufficient_post_history""]",7,6
0,0,0,0,3,3,0,0,0,0,3,3,True,65,y,noise_baseline_short,8,"[691, 786, 881]",,0.35382149242250405,0.7076429848450081,0.6538252905497627,3,0.6538252905497627,1.521363127716297,1.1324586225056723,0.7076429848450081,1.282462531687445,"[406, 501, 596]",[],8,3
1,0,1,0,3,3,0,0,0,0,4,4,False,65,y,noise_baseline_short,8,"[691, 786, 881]",,0.4921965345245781,0.4508103607714127,0.5469352808265575,4,0.5469352808265575,1.0904978849048452,1.093870561653115,1.4765896035737343,1.1965528056513015,"[311, 406, 501, 596]","[""insufficient_post_history""]",8,4
2,0,2,0,3,3,0,0,0,0,5,5,False,65,y,within_tolerance_under_iid,8,"[691, 786, 881]",,0.9884605128618299,0.7076429848450081,0.8547424316946527,5,0.8547424316946527,1.2703215650528603,1.9112621805227143,3.9538420514473196,3.6529231226964405,"[216, 311, 406, 501, 596]","[""insufficient_post_history""]",8,5
3,0,3,0,3,3,0,0,0,0,6,6,False,65,y,within_tolerance_under_iid,8,"[691, 786, 881]",,0.9673272842624535,1.5593619510800658,0.8411640332396702,6,0.8411640332396702,1.1013141711275927,2.0604226714187,4.836636421312267,4.245341584896172,"[121, 216, 311, 406, 501, 596]","[""insufficient_post_history""]",8,6
1,0,1,0,2,2,0,0,0,0,3,3,False,65,y,review_trend,9,"[786, 881]",,-2.5720948406983757,1.5094601957722977,1.5266596796506338,3,1.5266596796506338,0.8676375543574909,2.6442521310217235,5.144189681396751,6.9920693324129255,"[501, 596, 691]","[""insufficient_post_history""]",9,3
2,0,2,0,2,2,0,0,0,0,4,4,False,65,y,noise_baseline_short,9,"[786, 881]",,-1.029071969811063,1.108551590308653,1.0795114296622275,4,1.0795114296622275,2.0843696320473635,2.159022859324455,3.0872159094331892,4.661379707085545,"[406, 501, 596, 691]","[""insufficient_post_history""]",9,4
3,0,3,0,2,2,0,0,0,0,5,5,False,65,y,within_tolerance_under_iid,9,"[786, 881]",,-0.47585745433182486,0.7076429848450081,0.8370800348772947,5,0.8370800348772947,1.9790280886815639,1.8717678605935257,1.9034298173272994,3.5035149239508643,"[311, 406, 501, 596, 691]","[""insufficient_post_history""]",9,5
4,0,4,0,2,2,0,0,0,0,6,6,False,65,y,within_tolerance_under_iid,9,"[786, 881]",,0.15520366986804163,1.5593619510800658,0.8458412575020606,6,0.8458412575020606,2.293571442740618,2.071879484274122,0.7760183493402082,4.292684597356002,"[216, 311, 406, 501, 596, 691]","[""insufficient_post_history""]",9,6
2,0,2,0,1,1,0,0,0,0,3,3,False,65,y,noise_baseline_short,10,[881],,1.0851741333076883,2.1703482666153766,1.6934612442112293,3,1.6934612442112293,3.853785167166494,2.9331609156226555,2.1703482666153766,8.603432956936334,"[596, 691, 786]","[""insufficient_post_history""]",10,3
3,0,3,0,1,1,0,0,0,0,4,4,False,65,y,noise_baseline_short,10,[881],,-0.16520652730952168,1.0851741333076883,1.2974215482433036,4,1.2974215482433036,3.1672674423566014,2.594843096486607,0.49561958192856503,6.733210695384203,"[501, 596, 691, 786]","[""insufficient_post_history""]",10,4
4,0,4,0,1,1,0,0,0,0,5,5,False,65,y,high_noise_under_iid,10,[881],,0.06117928215240187,1.5094601957722977,1.0152118127693448,5,1.0152118127693448,2.6188847149172463,2.2700826249130444,0.24471712860960748,5.153275123932096,"[406, 501, 596, 691, 786]","[""insufficient_post_history""]",10,5
5,0,5,0,1,1,0,0,0,0,6,6,False,65,y,within_tolerance_under_iid,10,[881],,0.14483214979086792,1.2055404586575615,0.8387697271627405,6,0.8387697271627405,2.2770020587886752,2.0545578432421774,0.7241607489543396,4.221207931227947,"[311, 406, 501, 596, 691, 786]","[""insufficient_post_history""]",10,6
0,0,0,0,3,3,3,0,3,0,0,0,False,66,y,pre_data_incomplete,1,"[25, 120, 215]",,,,,,,,,,,[],"[""insufficient_pre_history""]",1,3
0,0,0,0,4,4,4,0,4,0,0,0,False,66,y,pre_data_incomplete,1,"[25, 120, 215, 310]",,,,,,,,,,,[],"[""insufficient_pre_history""]",1,4
0,0,0,0,5,5,5,0,5,0,0,0,False,66,y,pre_data_incomplete,1,"[25, 120, 215, 310, 405]",,,,,,,,,,,[],"[""insufficient_pre_history""]",1,5
0,0,0,0,6,6,6,0,6,0,0,0,False,66,y,pre_data_incomplete,1,"[25, 120, 215, 310, 405, 500]",,,,,,,,,,,[],"[""insufficient_pre_history""]",1,6
0,0,0,0,3,3,2,0,2,0,1,1,False,66,y,pre_data_incomplete,2,"[120, 215, 310]",,,,,,,,,,,[25],"[""insufficient_pre_history""]",2,3
0,0,0,0,4,4,3,0,3,0,1,1,False,66,y,pre_data_incomplete,2,"[120, 215, 310, 405]",,,,,,,,,,,[25],"[""insufficient_pre_history""]",2,4
0,0,0,0,5,5,4,0,4,0,1,1,False,66,y,pre_data_incomplete,2,"[120, 215, 310, 405, 500]",,,,,,,,,,,[25],"[""insufficient_pre_history""]",2,5
0,0,0,0,6,6,5,0,5,0,1,1,False,66,y,pre_data_incomplete,2,"[120, 215, 310, 405, 500, 595]",,,,,,,,,,,[25],"[""insufficient_pre_history""]",2,6
0,0,0,0,3,3,1,0,1,0,2,2,False,66,y,pre_data_incomplete,3,"[215, 310, 405]",,,,,,,,,,,"[25, 120]","[""insufficient_pre_history""]",3,3
0,0,0,0,4,4,2,0,2,0,2,2,False,66,y,pre_data_incomplete,3,"[215, 310, 405, 500]",,,,,,,,,,,"[25, 120]","[""insufficient_pre_history""]",3,4
0,0,0,0,5,5,3,0,3,0,2,2,False,66,y,pre_data_incomplete,3,"[215, 310, 405, 500, 595]",,,,,,,,,,,"[25, 120]","[""insufficient_pre_history""]",3,5
0,0,0,0,6,6,4,0,4,0,2,2,False,66,y,pre_data_incomplete,3,"[215, 310, 405, 500, 595, 690]",,,,,,,,,,,"[25, 120]","[""insufficient_pre_history""]",3,6
0,0,0,0,3,3,0,0,0,0,3,3,True,66,y,noise_baseline_short,4,"[310, 405, 500]",,0.3901257327958627,0.5984460744365734,0.3991474915677344,3,0.3991474915677344,0.8071655006068271,0.691343735108986,0.7802514655917254,0.4779561600744438,"[25, 120, 215]",[],4,3
0,0,0,0,4,4,1,0,1,0,3,3,False,66,y,pre_data_incomplete,4,"[310, 405, 500, 595]",,,,,,,,,,,"[25, 120, 215]","[""insufficient_pre_history""]",4,4
0,0,0,0,5,5,2,0,2,0,3,3,False,66,y,pre_data_incomplete,4,"[310, 405, 500, 595, 690]",,,,,,,,,,,"[25, 120, 215]","[""insufficient_pre_history""]",4,5
0,0,0,0,6,6,3,0,3,0,3,3,False,66,y,pre_data_incomplete,4,"[310, 405, 500, 595, 690, 785]",,,,,,,,,,,"[25, 120, 215]","[""insufficient_pre_history""]",4,6
0,0,0,0,3,3,0,0,0,0,3,3,True,66,y,noise_baseline_short,5,"[405, 500, 595]",,0.8305174792880354,0.5984460744365734,0.6758710172874144,3,0.6758710172874144,1.166743855886476,1.1706429413050647,1.6610349585760709,1.3704048960273734,"[120, 215, 310]",[],5,3
0,0,0,0,4,4,0,0,0,0,4,4,True,66,y,noise_baseline_short,5,"[405, 500, 595, 690]",,0.8520751421376536,0.6893487700141494,0.6450452551254628,4,0.6450452551254628,0.8254817789248797,1.2900905102509257,2.5562254264129605,1.6643335246394935,"[25, 120, 215, 310]",[],5,4
0,0,0,0,5,5,1,0,1,0,4,4,False,66,y,pre_data_incomplete,5,"[405, 500, 595, 690, 785]",,,,,,,,,,,"[25, 120, 215, 310]","[""insufficient_pre_history""]",5,5
0,0,0,0,6,6,2,0,2,0,4,4,False,66,y,pre_data_incomplete,5,"[405, 500, 595, 690, 785, 880]",,,,,,,,,,,"[25, 120, 215, 310]","[""insufficient_pre_history""]",5,6
0,0,0,0,3,3,0,0,0,0,3,3,True,66,y,noise_baseline_short,6,"[500, 595, 690]",,-0.47063218989078304,0.9412643797815661,0.9497369334222282,3,0.9497369334222282,2.229128112046223,1.6449926225119593,0.9412643797815661,2.7060007281187737,"[215, 310, 405]",[],6,3
0,0,0,0,4,4,0,0,0,0,4,4,True,66,y,noise_baseline_short,6,"[500, 595, 690, 785]",,-0.23596503296417742,0.7698552271090697,0.6727413985756592,4,0.6727413985756592,1.6050816783549489,1.3454827971513184,0.7078950988925323,1.8103239574301355,"[120, 215, 310, 405]",[],6,4
0,0,0,0,5,5,0,0,0,0,5,5,True,66,y,within_tolerance_under_iid,6,"[500, 595, 690, 785, 880]",,0.13390091301963894,0.7802514655917254,0.5787865372242793,5,0.5787865372242793,1.4742888193257242,1.294206041695201,0.5356036520785558,1.6749692783603607,"[25, 120, 215, 310, 405]",[],6,5
1,0,1,0,5,5,1,0,1,0,5,5,False,66,y,pre_data_incomplete,6,"[500, 595, 690, 785, 880]",,,,,,,,,,,"[25, 120, 215, 310, 405]","[""insufficient_pre_history"", ""insufficient_post_history""]",6,6
0,0,0,0,3,3,0,0,0,0,3,3,True,66,y,noise_baseline_short,7,"[595, 690, 785]",,0.015919355803351576,0.03183871160670321,1.0722609814574262,3,1.0722609814574262,2.626395785550584,1.857210498857932,0.03183871160670315,3.449230837068129,"[310, 405, 500]",[],7,3
0,0,0,0,4,4,0,0,0,0,4,4,True,66,y,noise_baseline_short,7,"[595, 690, 785, 880]",,0.3673213821063832,1.1456598723096736,0.8156894369907877,4,0.8156894369907877,1.9117486893754443,1.6313788739815753,1.1019641463191496,2.6613970304733923,"[215, 310, 405, 500]",[],7,4
1,0,1,0,4,4,0,0,0,0,5,5,False,66,y,within_tolerance_under_iid,7,"[595, 690, 785, 880]",,0.24444829605839818,1.5397104542181395,0.6347477353195345,5,0.6347477353195345,1.5769743239726526,1.4193390847385234,0.9777931842335927,2.0145234374663894,"[120, 215, 310, 405, 500]","[""insufficient_post_history""]",7,5
2,0,2,0,4,4,0,0,0,0,6,6,False,66,y,within_tolerance_under_iid,7,"[595, 690, 785, 880]",,0.37137730632610255,1.1599809599049324,0.5845250518667598,6,0.5845250518667598,1.3996844978288492,1.4317881189474333,1.8568865316305128,2.05001721755903,"[25, 120, 215, 310, 405, 500]","[""insufficient_post_history""]",7,6
0,0,0,0,3,3,0,0,0,0,3,3,True,66,y,noise_baseline_short,8,"[690, 785, 880]",,-0.010135428794438184,0.020270857588876368,1.0809223572397173,3,1.0809223572397173,2.647669428091488,1.8722124417763069,0.020270857588876368,3.505179427142001,"[405, 500, 595]",[],8,3
1,0,1,0,3,3,0,0,0,0,4,4,False,66,y,noise_baseline_short,8,"[690, 785, 880]",,-0.6430464686748346,1.6105081351915433,0.9315288427946972,4,0.9315288427946972,2.0427197574710605,1.8630576855893943,1.929139406024504,3.470983939833711,"[310, 405, 500, 595]","[""insufficient_post_history""]",8,4
2,0,2,0,3,3,0,0,0,0,5,5,False,66,y,within_tolerance_under_iid,8,"[690, 785, 880]",,-0.18912317631341818,0.9615352373704424,0.7336057294894955,5,0.7336057294894955,1.8624241880416268,1.6403922798218342,0.7564927052536727,2.690886831699075,"[215, 310, 405, 500, 595]","[""insufficient_post_history""]",8,5
3,0,3,0,3,3,0,0,0,0,6,6,False,66,y,within_tolerance_under_iid,8,"[690, 785, 880]",,-0.11790550679917848,1.250622845794291,0.5990964618620636,6,0.5990964618620636,1.6220524975422184,1.467480638268818,0.5895275339958924,2.153499423693857,"[120, 215, 310, 405, 500, 595]","[""insufficient_post_history""]",8,6
1,0,1,0,2,2,0,0,0,0,3,3,False,66,y,review_trend,9,"[785, 880]",,-2.787724825605889,2.3225946692219877,1.6169441401839137,3,1.6169441401839137,0.37977718237383384,2.8006294037993116,5.575449651211778,7.843525057425287,"[500, 595, 690]","[""insufficient_post_history""]",9,3
2,0,2,0,2,2,0,0,0,0,4,4,False,66,y,noise_baseline_short,9,"[785, 880]",,-1.0281451562422381,1.171432763405432,1.1456455626474922,4,1.1456455626474922,2.2874257092903356,2.2912911252949844,3.0844354687267144,5.250015020855557,"[405, 500, 595, 690]","[""insufficient_post_history""]",9,4
3,0,3,0,2,2,0,0,0,0,5,5,False,66,y,high_noise_under_iid,9,"[785, 880]",,-1.1107492736799025,2.342865526810864,1.0693574389095923,5,1.0693574389095923,1.8737544443550889,2.391155925646927,4.44299709471961,5.717626660756413,"[310, 405, 500, 595, 690]","[""insufficient_post_history""]",9,5
4,0,4,0,2,2,0,0,0,0,6,6,False,66,y,within_tolerance_under_iid,9,"[785, 880]",,-0.6528889777060142,1.6105081351915433,0.8733841327925405,6,0.8733841327925405,1.963693904433572,2.1393454747849088,3.264444888530071,4.576799060482668,"[215, 310, 405, 500, 595, 690]","[""insufficient_post_history""]",9,6
2,0,2,0,1,1,0,0,0,0,3,3,False,66,y,noise_baseline_short,10,[880],,-1.1428828398710165,0.03682898947995472,0.7681336369065488,3,0.7681336369065488,0.963230675145061,1.3304464861248064,2.285765679742033,1.7700878524418444,"[595, 690, 785]","[""insufficient_post_history""]",10,3
3,0,3,0,1,1,0,0,0,0,4,4,False,66,y,review_trend,10,[880],,-1.8938456654417457,1.1612973346109938,1.3146890498665063,4,1.3146890498665063,1.184827107958018,2.6293780997330125,5.681536996325237,6.913629191355588,"[500, 595, 690, 785]","[""insufficient_post_history""]",10,4
4,0,4,0,1,1,0,0,0,0,5,5,False,66,y,high_noise_under_iid,10,[880],,-1.0187522725873595,2.285765679742033,1.0208838558498567,5,1.0208838558498567,1.8677540000116297,2.2827656988123763,4.075009090349438,5.211019235674357,"[405, 500, 595, 690, 785]","[""insufficient_post_history""]",10,5
5,0,5,0,1,1,0,0,0,0,6,6,False,66,y,high_noise_under_iid,10,[880],,-1.0804388946585137,2.3143156032764485,1.0162496005864257,6,1.0162496005864257,1.624369410853882,2.489292972743951,5.402194473292568,6.196579504152417,"[310, 405, 500, 595, 690, 785]","[""insufficient_post_history""]",10,6
0,0,0,0,3,3,3,0,3,0,0,0,False,67,y,pre_data_incomplete,1,"[24, 119, 214]",,,,,,,,,,,[],"[""insufficient_pre_history""]",1,3
0,0,0,0,4,4,4,0,4,0,0,0,False,67,y,pre_data_incomplete,1,"[24, 119, 214, 309]",,,,,,,,,,,[],"[""insufficient_pre_history""]",1,4
0,0,0,0,5,5,5,0,5,0,0,0,False,67,y,pre_data_incomplete,1,"[24, 119, 214, 309, 404]",,,,,,,,,,,[],"[""insufficient_pre_history""]",1,5
0,0,0,0,6,6,6,0,6,0,0,0,False,67,y,pre_data_incomplete,1,"[24, 119, 214, 309, 404, 499]",,,,,,,,,,,[],"[""insufficient_pre_history""]",1,6
0,0,0,0,3,3,2,0,2,0,1,1,False,67,y,pre_data_incomplete,2,"[119, 214, 309]",,,,,,,,,,,[24],"[""insufficient_pre_history""]",2,3
0,0,0,0,4,4,3,0,3,0,1,1,False,67,y,pre_data_incomplete,2,"[119, 214, 309, 404]",,,,,,,,,,,[24],"[""insufficient_pre_history""]",2,4
0,0,0,0,5,5,4,0,4,0,1,1,False,67,y,pre_data_incomplete,2,"[119, 214, 309, 404, 499]",,,,,,,,,,,[24],"[""insufficient_pre_history""]",2,5
0,0,0,0,6,6,5,0,5,0,1,1,False,67,y,pre_data_incomplete,2,"[119, 214, 309, 404, 499, 594]",,,,,,,,,,,[24],"[""insufficient_pre_history""]",2,6
0,0,0,0,3,3,1,0,1,0,2,2,False,67,y,pre_data_incomplete,3,"[214, 309, 404]",,,,,,,,,,,"[24, 119]","[""insufficient_pre_history""]",3,3
0,0,0,0,4,4,2,0,2,0,2,2,False,67,y,pre_data_incomplete,3,"[214, 309, 404, 499]",,,,,,,,,,,"[24, 119]","[""insufficient_pre_history""]",3,4
0,0,0,0,5,5,3,0,3,0,2,2,False,67,y,pre_data_incomplete,3,"[214, 309, 404, 499, 594]",,,,,,,,,,,"[24, 119]","[""insufficient_pre_history""]",3,5
0,0,0,0,6,6,4,0,4,0,2,2,False,67,y,pre_data_incomplete,3,"[214, 309, 404, 499, 594, 689]",,,,,,,,,,,"[24, 119]","[""insufficient_pre_history""]",3,6
0,0,0,0,3,3,0,0,0,0,3,3,True,67,y,review_trend,4,"[309, 404, 499]",,2.926932499964315,2.0660843111557448,1.7140550095612148,3,1.7140550095612148,0.7028796028600233,2.9688303635279816,5.85386499992863,8.813953727405686,"[24, 119, 214]",[],4,3
0,0,0,0,4,4,1,0,1,0,3,3,False,67,y,pre_data_incomplete,4,"[309, 404, 499, 594]",,,,,,,,,,,"[24, 119, 214]","[""insufficient_pre_history""]",4,4
0,0,0,0,5,5,2,0,2,0,3,3,False,67,y,pre_data_incomplete,4,"[309, 404, 499, 594, 689]",,,,,,,,,,,"[24, 119, 214]","[""insufficient_pre_history""]",4,5
0,0,0,0,6,6,3,0,3,0,3,3,False,67,y,pre_data_incomplete,4,"[309, 404, 499, 594, 689, 784]",,,,,,,,,,,"[24, 119, 214]","[""insufficient_pre_history""]",4,6
0,0,0,0,3,3,0,0,0,0,3,3,True,67,y,noise_baseline_short,5,"[404, 499, 594]",,0.2150288259085959,0.4300576518171919,1.1973706407288678,3,1.1973706407288678,2.9171396805318563,2.0739067852336994,0.4300576518171918,4.301089353838378,"[119, 214, 309]",[],5,3
0,0,0,0,4,4,0,0,0,0,4,4,True,67,y,noise_baseline_short,5,"[404, 499, 594, 689]",,1.1276206577691696,1.2480709814864683,1.2125532689375786,4,1.2125532689375786,2.3754771542782325,2.4251065378751573,3.382861973307509,5.881141720044832,"[24, 119, 214, 309]",[],5,4
0,0,0,0,5,5,1,0,1,0,4,4,False,67,y,pre_data_incomplete,5,"[404, 499, 594, 689, 784]",,,,,,,,,,,"[24, 119, 214, 309]","[""insufficient_pre_history""]",5,5
0,0,0,0,6,6,2,0,2,0,4,4,False,67,y,pre_data_incomplete,5,"[404, 499, 594, 689, 784, 879]",,,,,,,,,,,"[24, 119, 214, 309]","[""insufficient_pre_history""]",5,6
0,0,0,0,3,3,0,0,0,0,3,3,True,67,y,noise_baseline_short,6,"[499, 594, 689]",,-0.6961756921489013,1.3923513842978026,0.9739847164934303,3,0.9739847164934303,2.173144307012013,1.6869910147621898,1.3923513842978026,2.845938683888363,"[214, 309, 404]",[],6,3
0,0,0,0,4,4,0,0,0,0,4,4,True,67,y,noise_baseline_short,6,"[499, 594, 689, 784]",,0.38285648764695546,1.1977146522375413,0.8820660617053608,4,0.8820660617053608,2.074077023145723,1.7641321234107217,1.1485694629408663,3.112162148849622,"[119, 214, 309, 404]",[],6,4
0,0,0,0,5,5,0,0,0,0,5,5,True,67,y,high_noise_under_iid,6,"[499, 594, 689, 784, 879]",,0.9353084883078846,1.9653716526578906,1.0100406627763183,5,1.0100406627763183,1.971093023868118,2.258519582006789,3.7412339532315384,5.100910702308122,"[24, 119, 214, 309, 404]",[],6,5
1,0,1,0,5,5,1,0,1,0,5,5,False,67,y,pre_data_incomplete,6,"[499, 594, 689, 784, 879]",,,,,,,,,,,"[24, 119, 214, 309, 404]","[""insufficient_pre_history"", ""insufficient_post_history""]",6,6
0,0,0,0,3,3,0,0,0,0,3,3,True,67,y,noise_baseline_short,7,"[594, 689, 784]",,-3.3675196684183613,1.9653716526578906,2.6343942165549588,3,2.6343942165549588,4.354287530117904,4.562904630238796,6.7350393368367225,20.820098664654648,"[309, 404, 499]",[],7,3
0,0,0,0,4,4,0,0,0,0,4,4,True,67,y,noise_baseline_short,7,"[594, 689, 784, 879]",,-2.8312915468719355,1.6788615184778466,2.2360558220709126,4,2.2360558220709126,3.1558111917591254,4.472111644141825,8.493874640615807,19.999782557668897,"[214, 309, 404, 499]",[],7,4
1,0,1,0,4,4,0,0,0,0,5,5,False,67,y,high_noise_under_iid,7,"[594, 689, 784, 879]",,-1.4002314754336864,1.9653716526578906,1.7321099804092226,5,1.7321099804092226,3.6695875261720614,3.873115660700851,5.600925901734746,15.001024921166188,"[119, 214, 309, 404, 499]","[""insufficient_post_history""]",7,5
2,0,2,0,4,4,0,0,0,0,6,6,False,67,y,high_noise_under_iid,7,"[594, 689, 784, 879]",,-0.49616919979569635,2.2307568078154136,1.4580447669347394,6,1.4580447669347394,3.8557949395072884,3.5714657011253332,2.4808459989784817,12.755367254314669,"[24, 119, 214, 309, 404, 499]","[""insufficient_post_history""]",7,6
0,0,0,0,3,3,0,0,0,0,3,3,True,67,y,noise_baseline_short,8,"[689, 784, 879]",,-4.120978285711539,0.4584544180715362,2.826827628718887,3,2.826827628718887,3.7390911452274924,4.896209077180562,8.241956571423078,23.97286332746533,"[404, 499, 594]",[],8,3
1,0,1,0,3,3,0,0,0,0,4,4,False,67,y,noise_baseline_short,8,"[689, 784, 879]",,-2.753016574579017,3.3675196684183613,2.2006445022286076,4,2.2006445022286076,3.179507304814224,4.401289004457215,8.25904972373705,19.371344900755986,"[309, 404, 499, 594]","[""insufficient_post_history""]",8,4
2,0,2,0,3,3,0,0,0,0,5,5,False,67,y,high_noise_under_iid,8,"[689, 784, 879]",,-2.600365524827848,3.357723036955693,2.098458546883491,5,2.098458546883491,2.6109740731915463,4.692295958796915,10.401462099311392,22.017641364941866,"[214, 309, 404, 499, 594]","[""insufficient_post_history""]",8,5
3,0,3,0,3,3,0,0,0,0,6,6,False,67,y,high_noise_under_iid,8,"[689, 784, 879]",,-1.644158622955981,2.8765761707153876,1.7233007993597327,6,1.7233007993597327,3.2321030981006746,4.221207631761716,8.220793114779905,17.818593870443358,"[119, 214, 309, 404, 499, 594]","[""insufficient_post_history""]",8,6
1,0,1,0,2,2,0,0,0,0,3,3,False,67,y,noise_baseline_short,9,"[784, 879]",,1.7668466888984242,0.4584544180715362,1.1094108546918804,3,1.1094108546918804,1.0682978156424174,1.9215559667947497,3.5336933777968484,3.6923773335245054,"[499, 594, 689]","[""insufficient_post_history""]",9,3
2,0,2,0,2,2,0,0,0,0,4,4,False,67,y,noise_baseline_short,9,"[784, 879]",,-1.504169841702176,1.7668466888984247,2.0024788512799034,4,2.0024788512799034,4.28989650425553,4.004957702559807,4.512509525106529,16.03968619929313,"[404, 499, 594, 689]","[""insufficient_post_history""]",9,4
3,0,3,0,2,2,0,0,0,0,5,5,False,67,y,high_noise_under_iid,9,"[784, 879]",,-1.4644648489502825,3.201345959039874,1.7068796360178953,5,1.7068796360178953,3.503435880148797,3.8166988955461125,5.85785939580113,14.567190459262916,"[309, 404, 499, 594, 689]","[""insufficient_post_history""]",9,5
4,0,4,0,2,2,0,0,0,0,6,6,False,67,y,high_noise_under_iid,9,"[784, 879]",,-1.7235860207362288,4.120978285711539,1.7356745146888286,6,1.7356745146888286,3.097937908426161,4.251516920540456,8.617930103681143,18.075396125641806,"[214, 309, 404, 499, 594, 689]","[""insufficient_post_history""]",9,6
2,0,2,0,1,1,0,0,0,0,3,3,False,67,y,review_trend,10,[879],,3.3432273792093232,3.0752389597253122,1.932279187334712,3,1.932279187334712,0.21881162823692019,3.346805726871622,6.6864547584186464,11.201108573420687,"[594, 689, 784]","[""insufficient_post_history""]",10,3
3,0,3,0,1,1,0,0,0,0,4,4,False,67,y,review_trend,10,[879],,2.450996648919586,1.7668466888984247,1.6517260411621455,4,1.6517260411621455,1.1622099886773656,3.303452082324291,7.352989946758758,10.912795660212696,"[499, 594, 689, 784]","[""insufficient_post_history""]",10,4
4,0,4,0,1,1,0,0,0,0,5,5,False,67,y,high_noise_under_iid,10,[879],,0.042268975178798754,3.5336933777968484,1.7426850094127249,5,1.7426850094127249,4.49893150937012,3.896762144416714,0.16907590071519502,15.184755210159148,"[404, 499, 594, 689, 784]","[""insufficient_post_history""]",10,5
5,0,5,0,1,1,0,0,0,0,6,6,False,67,y,high_noise_under_iid,10,[879],,-0.37120997767869884,2.7882937256756124,1.4957916378262741,6,1.4957916378262741,4.0221366797383435,3.6639262741963083,1.8560498883934942,13.424355742746043,"[309, 404, 499, 594, 689, 784]","[""insufficient_post_history""]",10,6
0,0,0,0,3,3,3,0,3,0,0,0,False,68,y,pre_data_incomplete,1,"[23, 118, 213]",,,,,,,,,,,[],"[""insufficient_pre_history""]",1,3
0,0,0,0,4,4,4,0,4,0,0,0,False,68,y,pre_data_incomplete,1,"[23, 118, 213, 308]",,,,,,,,,,,[],"[""insufficient_pre_history""]",1,4
0,0,0,0,5,5,5,0,5,0,0,0,False,68,y,pre_data_incomplete,1,"[23, 118, 213, 308, 403]",,,,,,,,,,,[],"[""insufficient_pre_history""]",1,5
0,0,0,0,6,6,6,0,6,0,0,0,False,68,y,pre_data_incomplete,1,"[23, 118, 213, 308, 403, 498]",,,,,,,,,,,[],"[""insufficient_pre_history""]",1,6
0,0,0,0,3,3,2,0,2,0,1,1,False,68,y,pre_data_incomplete,2,"[118, 213, 308]",,,,,,,,,,,[23],"[""insufficient_pre_history""]",2,3
0,0,0,0,4,4,3,0,3,0,1,1,False,68,y,pre_data_incomplete,2,"[118, 213, 308, 403]",,,,,,,,,,,[23],"[""insufficient_pre_history""]",2,4
0,0,0,0,5,5,4,0,4,0,1,1,False,68,y,pre_data_incomplete,2,"[118, 213, 308, 403, 498]",,,,,,,,,,,[23],"[""insufficient_pre_history""]",2,5
0,0,0,0,6,6,5,0,5,0,1,1,False,68,y,pre_data_incomplete,2,"[118, 213, 308, 403, 498, 593]",,,,,,,,,,,[23],"[""insufficient_pre_history""]",2,6
0,0,0,0,3,3,1,0,1,0,2,2,False,68,y,pre_data_incomplete,3,"[213, 308, 403]",,,,,,,,,,,"[23, 118]","[""insufficient_pre_history""]",3,3
0,0,0,0,4,4,2,0,2,0,2,2,False,68,y,pre_data_incomplete,3,"[213, 308, 403, 498]",,,,,,,,,,,"[23, 118]","[""insufficient_pre_history""]",3,4
0,0,0,0,5,5,3,0,3,0,2,2,False,68,y,pre_data_incomplete,3,"[213, 308, 403, 498, 593]",,,,,,,,,,,"[23, 118]","[""insufficient_pre_history""]",3,5
0,0,0,0,6,6,4,0,4,0,2,2,False,68,y,pre_data_incomplete,3,"[213, 308, 403, 498, 593, 688]",,,,,,,,,,,"[23, 118]","[""insufficient_pre_history""]",3,6
0,0,0,0,3,3,0,0,0,0,3,3,True,68,y,review_trend,4,"[308, 403, 498]",,-1.4115155578931022,0.5139752662436563,0.8681210287906609,3,0.8681210287906609,0.7328385793766465,1.5036297289843887,2.8230311157862045,2.260902361885666,"[23, 118, 213]",[],4,3
0,0,0,0,4,4,1,0,1,0,3,3,False,68,y,pre_data_incomplete,4,"[308, 403, 498, 593]",,,,,,,,,,,"[23, 118, 213]","[""insufficient_pre_history""]",4,4
0,0,0,0,5,5,2,0,2,0,3,3,False,68,y,pre_data_incomplete,4,"[308, 403, 498, 593, 688]",,,,,,,,,,,"[23, 118, 213]","[""insufficient_pre_history""]",4,5
0,0,0,0,6,6,3,0,3,0,3,3,False,68,y,pre_data_incomplete,4,"[308, 403, 498, 593, 688, 783]",,,,,,,,,,,"[23, 118, 213]","[""insufficient_pre_history""]",4,6
0,0,0,0,3,3,0,0,0,0,3,3,True,68,y,noise_baseline_short,5,"[403, 498, 593]",,0.3766151237449709,0.7532302474899417,0.9212518916645405,3,0.9212518916645405,2.1928411671860975,1.5956550829319232,0.7532302474899418,2.5461151436864826,"[118, 213, 308]",[],5,3
0,0,0,0,4,4,0,0,0,0,4,4,True,68,y,noise_baseline_short,5,"[403, 498, 593, 688]",,-0.15912909058036911,0.37661512374497086,0.700708110045019,4,0.700708110045019,1.6978356705596793,1.401416220090038,0.47738727174110734,1.9639674219314496,"[23, 118, 213, 308]",[],5,4
0,0,0,0,5,5,1,0,1,0,4,4,False,68,y,pre_data_incomplete,5,"[403, 498, 593, 688, 783]",,,,,,,,,,,"[23, 118, 213, 308]","[""insufficient_pre_history""]",5,5
0,0,0,0,6,6,2,0,2,0,4,4,False,68,y,pre_data_incomplete,5,"[403, 498, 593, 688, 783, 878]",,,,,,,,,,,"[23, 118, 213, 308]","[""insufficient_pre_history""]",5,6
0,0,0,0,3,3,0,0,0,0,3,3,True,68,y,noise_baseline_short,6,"[498, 593, 688]",,0.16357624831663164,0.3271524966332633,0.9708410073563566,3,0.9708410073563566,2.366786680578024,1.6815459508125596,0.3271524966332633,2.8275967846941152,"[213, 308, 403]",[],6,3
0,0,0,0,4,4,0,0,0,0,4,4,True,68,y,noise_baseline_short,6,"[498, 593, 688, 783]",,-0.2883423961695364,1.154527924771274,0.7471141190507391,4,0.7471141190507391,1.77234976732523,1.4942282381014782,0.8650271885086092,2.2327180275398475,"[118, 213, 308, 403]",[],6,4
0,0,0,0,5,5,0,0,0,0,5,5,True,68,y,within_tolerance_under_iid,6,"[498, 593, 688, 783, 878]",,-0.42385269908159395,0.7532302474899417,0.642751465288734,5,0.642751465288734,1.4681141891815692,1.4372359690232057,1.6954107963263758,2.065647230654073,"[23, 118, 213, 308, 403]",[],6,5
1,0,1,0,5,5,1,0,1,0,5,5,False,68,y,pre_data_incomplete,6,"[498, 593, 688, 783, 878]",,,,,,,,,,,"[23, 118, 213, 308, 403]","[""insufficient_pre_history"", ""insufficient_post_history""]",6,6
0,0,0,0,3,3,0,0,0,0,3,3,True,68,y,review_trend,7,"[593, 688, 783]",,-2.118434476284281,1.5017353521693355,1.2402334771509627,3,1.2402334771509627,0.5035327263009765,2.1481473956732815,4.236868952568562,4.614537233537902,"[308, 403, 498]",[],7,3
0,0,0,0,4,4,0,0,0,0,4,4,True,68,y,noise_baseline_short,7,"[593, 688, 783, 878]",,-0.6258882167007442,0.7508676760846678,0.8961897722892195,4,0.8961897722892195,1.9594888359525613,1.792379544578439,1.8776646501022327,3.2126244318232122,"[213, 308, 403, 498]",[],7,4
1,0,1,0,4,4,0,0,0,0,5,5,False,68,y,within_tolerance_under_iid,7,"[593, 688, 783, 878]",,-0.6640124913523977,1.5017353521693355,0.7779091684233698,5,0.7779091684233698,1.6014293198704914,1.7394577809149878,2.656049965409591,3.0257133715856934,"[118, 213, 308, 403, 498]","[""insufficient_post_history""]",7,5
2,0,2,0,4,4,0,0,0,0,6,6,False,68,y,within_tolerance_under_iid,7,"[593, 688, 783, 878]",,-0.6534712519516214,1.411515557893102,0.711084903424292,6,0.711084903424292,1.3871121391772638,1.7417951771857698,3.267356259758107,3.0338504392676073,"[23, 118, 213, 308, 403, 498]","[""insufficient_post_history""]",7,6
0,0,0,0,3,3,0,0,0,0,3,3,True,68,y,noise_baseline_short,8,"[688, 783, 878]",,0.8041085599470128,1.5017353521693355,0.8979413415377918,3,0.8979413415377918,1.8827136703960103,1.5552800257600132,1.6082171198940256,2.418895958528067,"[403, 498, 593]",[],8,3
1,0,1,0,3,3,0,0,0,0,4,4,False,68,y,noise_baseline_short,8,"[688, 783, 878]",,-0.4882484793684937,1.3675668001996133,0.9266351632662988,4,0.9266351632662988,2.134467125723712,1.8532703265325976,1.464745438105481,3.4346109032062406,"[308, 403, 498, 593]","[""insufficient_post_history""]",8,4
2,0,2,0,3,3,0,0,0,0,5,5,False,68,y,within_tolerance_under_iid,8,"[688, 783, 878]",,-0.03661297195139843,1.5017353521693355,0.7471630087986355,5,0.7471630087986355,1.9280081377066733,1.6707072779470227,0.14645188780559373,2.79126280858515,"[213, 308, 403, 498, 593]","[""insufficient_post_history""]",8,5
3,0,3,0,3,3,0,0,0,0,6,6,False,68,y,within_tolerance_under_iid,8,"[688, 783, 878]",,-0.23220895234524963,1.154527924771274,0.6579753111810481,6,0.6579753111810481,1.7352469454375605,1.611703775742547,1.1610447617262483,2.597589060742782,"[118, 213, 308, 403, 498, 593]","[""insufficient_post_history""]",8,6
1,0,1,0,2,2,0,0,0,0,3,3,False,68,y,noise_baseline_short,9,"[783, 878]",,0.6617488742789974,1.3234977485579948,0.9010756272387194,3,0.9010756272387194,1.9989498670058907,1.5607087678394564,1.3234977485579948,2.4358118580109545,"[498, 593, 688]","[""insufficient_post_history""]",9,3
2,0,2,0,2,2,0,0,0,0,4,4,False,68,y,noise_baseline_short,9,"[783, 878]",,0.25752396612293393,0.7508676760846678,0.6371847449929362,4,0.6371847449929362,1.5067282146064247,1.2743694899858724,0.7725718983688018,1.6240175970068527,"[403, 498, 593, 688]","[""insufficient_post_history""]",9,4
3,0,3,0,2,2,0,0,0,0,5,5,False,68,y,within_tolerance_under_iid,9,"[783, 878]",,-0.42185252881271096,1.5017353521693355,0.7394450488288273,5,0.7394450488288273,1.746995901931136,1.6534493948069093,1.6874101152508438,2.733894901187335,"[308, 403, 498, 593, 688]","[""insufficient_post_history""]",9,5
4,0,4,0,2,2,0,0,0,0,6,6,False,68,y,within_tolerance_under_iid,9,"[783, 878]",,-0.11822600938786643,0.8253251225956291,0.6205284441610972,6,0.6205284441610972,1.681298767895939,1.5199780590778116,0.5911300469393321,2.3103333000779513,"[213, 308, 403, 498, 593, 688]","[""insufficient_post_history""]",9,6
2,0,2,0,1,1,0,0,0,0,3,3,False,68,y,noise_baseline_short,10,[878],,1.9631880033992473,1.7864547235053663,1.6872772936005787,3,1.6872772936005787,3.0615704662181322,2.9224499989735118,3.9263760067984945,8.540713996500278,"[593, 688, 783]","[""insufficient_post_history""]",10,3
3,0,3,0,1,1,0,0,0,0,4,4,False,68,y,noise_baseline_short,10,[878],,1.9322530713080197,1.5549762360316808,1.528736223093926,4,1.528736223093926,2.165225579437095,3.057472446187852,5.796759213924059,9.348137759197929,"[498, 593, 688, 783]","[""insufficient_post_history""]",10,4
4,0,4,0,1,1,0,0,0,0,5,5,False,68,y,high_noise_under_iid,10,[878],,1.2392684001943035,1.5017353521693355,1.215247769816607,5,1.215247769816607,2.1739887429701854,2.717376622814951,4.957073600777214,7.384135710221187,"[403, 498, 593, 688, 783]","[""insufficient_post_history""]",10,5
5,0,5,0,1,1,0,0,0,0,6,6,False,68,y,high_noise_under_iid,10,[878],,0.47350106550559445,1.4566856020052836,1.0293184765320382,6,1.0293184765320382,2.6391920520680068,2.521305050322435,2.3675053275279723,6.356979156781416,"[308, 403, 498, 593, 688, 783]","[""insufficient_post_history""]",10,6
0,0,0,0,3,3,3,0,3,0,0,0,False,69,y,pre_data_incomplete,1,"[22, 117, 212]",,,,,,,,,,,[],"[""insufficient_pre_history""]",1,3
0,0,0,0,4,4,4,0,4,0,0,0,False,69,y,pre_data_incomplete,1,"[22, 117, 212, 307]",,,,,,,,,,,[],"[""insufficient_pre_history""]",1,4
0,0,0,0,5,5,5,0,5,0,0,0,False,69,y,pre_data_incomplete,1,"[22, 117, 212, 307, 402]",,,,,,,,,,,[],"[""insufficient_pre_history""]",1,5
0,0,0,0,6,6,6,0,6,0,0,0,False,69,y,pre_data_incomplete,1,"[22, 117, 212, 307, 402, 497]",,,,,,,,,,,[],"[""insufficient_pre_history""]",1,6
0,0,0,0,3,3,2,0,2,0,1,1,False,69,y,pre_data_incomplete,2,"[117, 212, 307]",,,,,,,,,,,[22],"[""insufficient_pre_history""]",2,3
0,0,0,0,4,4,3,0,3,0,1,1,False,69,y,pre_data_incomplete,2,"[117, 212, 307, 402]",,,,,,,,,,,[22],"[""insufficient_pre_history""]",2,4
0,0,0,0,5,5,4,0,4,0,1,1,False,69,y,pre_data_incomplete,2,"[117, 212, 307, 402, 497]",,,,,,,,,,,[22],"[""insufficient_pre_history""]",2,5
0,0,0,0,6,6,5,0,5,0,1,1,False,69,y,pre_data_incomplete,2,"[117, 212, 307, 402, 497, 592]",,,,,,,,,,,[22],"[""insufficient_pre_history""]",2,6
0,0,0,0,3,3,1,0,1,0,2,2,False,69,y,pre_data_incomplete,3,"[212, 307, 402]",,,,,,,,,,,"[22, 117]","[""insufficient_pre_history""]",3,3
0,0,0,0,4,4,2,0,2,0,2,2,False,69,y,pre_data_incomplete,3,"[212, 307, 402, 497]",,,,,,,,,,,"[22, 117]","[""insufficient_pre_history""]",3,4
0,0,0,0,5,5,3,0,3,0,2,2,False,69,y,pre_data_incomplete,3,"[212, 307, 402, 497, 592]",,,,,,,,,,,"[22, 117]","[""insufficient_pre_history""]",3,5
0,0,0,0,6,6,4,0,4,0,2,2,False,69,y,pre_data_incomplete,3,"[212, 307, 402, 497, 592, 687]",,,,,,,,,,,"[22, 117]","[""insufficient_pre_history""]",3,6
0,0,0,0,3,3,0,0,0,0,3,3,True,69,y,noise_baseline_short,4,"[307, 402, 497]",,2.1724723918246562,0.6085437632916482,1.358298839433853,3,1.358298839433853,1.276942378012189,2.352642601761274,4.3449447836493125,5.534927211622056,"[22, 117, 212]",[],4,3
0,0,0,0,4,4,1,0,1,0,3,3,False,69,y,pre_data_incomplete,4,"[307, 402, 497, 592]",,,,,,,,,,,"[22, 117, 212]","[""insufficient_pre_history""]",4,4
0,0,0,0,5,5,2,0,2,0,3,3,False,69,y,pre_data_incomplete,4,"[307, 402, 497, 592, 687]",,,,,,,,,,,"[22, 117, 212]","[""insufficient_pre_history""]",4,5
0,0,0,0,6,6,3,0,3,0,3,3,False,69,y,pre_data_incomplete,4,"[307, 402, 497, 592, 687, 782]",,,,,,,,,,,"[22, 117, 212]","[""insufficient_pre_history""]",4,6
0,0,0,0,3,3,0,0,0,0,3,3,True,69,y,noise_baseline_short,5,"[402, 497, 592]",,-2.771387074054649,0.6085437632916482,1.9569162648285867,3,1.9569162648285867,2.7597019724654377,3.3894783968410245,5.542774148109298,11.488563802652001,"[117, 212, 307]",[],5,3
0,0,0,0,4,4,0,0,0,0,4,4,True,69,y,noise_baseline_short,5,"[402, 497, 592, 687]",,-0.48105756199632504,2.1724723918246562,1.4792566013772086,4,1.4792566013772086,3.5426910126941187,2.958513202754417,1.443172685988975,8.7528003708722,"[22, 117, 212, 307]",[],5,4
0,0,0,0,5,5,1,0,1,0,4,4,False,69,y,pre_data_incomplete,5,"[402, 497, 592, 687, 782]",,,,,,,,,,,"[22, 117, 212, 307]","[""insufficient_pre_history""]",5,5
0,0,0,0,6,6,2,0,2,0,4,4,False,69,y,pre_data_incomplete,5,"[402, 497, 592, 687, 782, 877]",,,,,,,,,,,"[22, 117, 212, 307]","[""insufficient_pre_history""]",5,6
0,0,0,0,3,3,0,0,0,0,3,3,True,69,y,noise_baseline_short,6,"[497, 592, 687]",,-0.3172293744630865,0.634458748926173,1.9533018337874422,3,1.9533018337874422,4.763513343239402,3.383218018637308,0.634458748926173,11.446164161632153,"[212, 307, 402]",[],6,3
0,0,0,0,4,4,0,0,0,0,4,4,True,69,y,noise_baseline_short,6,"[497, 592, 687, 782]",,-0.622906286830452,0.31722937446308674,1.4417172004033307,4,1.4417172004033307,3.391350809073083,2.8834344008066615,1.868718860491356,8.314193943755273,"[117, 212, 307, 402]",[],6,4
0,0,0,0,5,5,0,0,0,0,5,5,True,69,y,high_noise_under_iid,6,"[497, 592, 687, 782, 877]",,0.1878197921336982,0.634458748926173,1.2232753392981202,5,1.2232753392981202,3.1398136022980285,2.7353268138697167,0.7512791685347928,7.4820127786746555,"[22, 117, 212, 307, 402]",[],6,5
1,0,1,0,5,5,1,0,1,0,5,5,False,69,y,pre_data_incomplete,6,"[497, 592, 687, 782, 877]",,,,,,,,,,,"[22, 117, 212, 307, 402]","[""insufficient_pre_history"", ""insufficient_post_history""]",6,6
0,0,0,0,3,3,0,0,0,0,3,3,True,69,y,noise_baseline_short,7,"[592, 687, 782]",,2.9979948667033574,0.47913057093194134,1.9237866884192252,3,1.9237866884192252,2.0566440853182852,3.3320962872667748,5.995989733406715,11.102865667617024,"[307, 402, 497]",[],7,3
0,0,0,0,4,4,0,0,0,0,4,4,True,69,y,noise_baseline_short,7,"[592, 687, 782, 877]",,0.5050874628492078,0.3172293744630865,1.4781926661734608,4,1.4781926661734608,3.531648055392185,2.9563853323469216,1.5152623885476233,8.740214233316017,"[212, 307, 402, 497]",[],7,4
1,0,1,0,4,4,0,0,0,0,5,5,False,69,y,high_noise_under_iid,7,"[592, 687, 782, 877]",,0.027197242166865986,0.45321558529741646,1.1669675124947525,5,1.1669675124947525,3.0126879805554028,2.609418685472102,0.10878896866746395,6.809065876090952,"[117, 212, 307, 402, 497]","[""insufficient_post_history""]",7,5
2,0,2,0,4,4,0,0,0,0,6,6,False,69,y,high_noise_under_iid,7,"[592, 687, 782, 877]",,0.4205434331420253,0.543837167111795,1.0635478703968717,6,1.0635478703968717,2.7766449423490935,2.6051495994960296,2.1027171657101267,6.7868044357543225,"[22, 117, 212, 307, 402, 497]","[""insufficient_post_history""]",7,6
0,0,0,0,3,3,0,0,0,0,3,3,True,69,y,noise_baseline_short,8,"[687, 782, 877]",,2.4375580874137173,0.47913057093194134,1.5513616465637547,3,1.5513616465637547,1.5990493712021479,2.6870371927621344,4.8751161748274345,7.220168875287012,"[402, 497, 592]",[],8,3
1,0,1,0,3,3,0,0,0,0,4,4,False,69,y,review_trend,8,"[687, 782, 877]",,3.1655056582838568,2.4375580874137173,2.129660539090874,4,2.129660539090874,1.4702581028503872,4.259321078181748,9.49651697485157,18.14181604704333,"[307, 402, 497, 592]","[""insufficient_post_history""]",8,4
2,0,2,0,3,3,0,0,0,0,5,5,False,69,y,high_noise_under_iid,8,"[687, 782, 877]",,1.4477304585209236,0.47913057093194134,1.6551445397984477,5,1.6551445397984477,3.3581162451191924,3.7010157035769353,5.7909218340836945,13.697517238123078,"[212, 307, 402, 497, 592]","[""insufficient_post_history""]",8,5
3,0,3,0,3,3,0,0,0,0,6,6,False,69,y,high_noise_under_iid,8,"[687, 782, 877]",,0.8370537306987609,0.3172293744630865,1.3514680159362475,6,1.3514680159362475,3.2608450726620406,3.310407042735371,4.185268653493805,10.958794788591943,"[117, 212, 307, 402, 497, 592]","[""insufficient_post_history""]",8,6
1,0,1,0,2,2,0,0,0,0,3,3,False,69,y,noise_baseline_short,9,"[782, 877]",,1.83416031382616,0.7276649762431733,1.3603668209258633,3,1.3603668209258633,2.0917215902757906,2.3562244507745476,3.66832062765232,5.551793662427818,"[497, 592, 687]","[""insufficient_post_history""]",9,3
2,0,2,0,2,2,0,0,0,0,4,4,False,69,y,noise_baseline_short,9,"[782, 877]",,1.6838339199648278,2.0737255992921306,1.245896909536715,4,1.245896909536715,1.4917482964959365,2.49179381907343,5.051501759894483,6.209036436772549,"[402, 497, 592, 687]","[""insufficient_post_history""]",9,4
3,0,3,0,2,2,0,0,0,0,5,5,False,69,y,review_trend,9,"[782, 877]",,2.4203736896945505,3.66832062765232,1.8501030006703452,5,1.8501030006703452,1.8143441683918173,4.136956074875231,9.681494758778202,17.114405565447075,"[307, 402, 497, 592, 687]","[""insufficient_post_history""]",9,5
4,0,4,0,2,2,0,0,0,0,6,6,False,69,y,high_noise_under_iid,9,"[782, 877]",,1.4062862523179716,2.0737255992921306,1.510845567992819,6,1.510845567992819,2.9099360817371105,3.7008007217278345,7.031431261589858,13.69592598194126,"[212, 307, 402, 497, 592, 687]","[""insufficient_post_history""]",9,6
2,0,2,0,1,1,0,0,0,0,3,3,False,69,y,noise_baseline_short,10,[877],,0.8575830724144808,0.7276649762431733,0.7241360794498107,3,0.7241360794498107,1.294349611651324,1.2542404812008052,1.7151661448289617,1.5731191846828274,"[592, 687, 782]","[""insufficient_post_history""]",10,3
3,0,3,0,1,1,0,0,0,0,4,4,False,69,y,noise_baseline_short,10,[877],,1.7605790269930188,1.2214155605360675,1.2874891298970812,4,1.2874891298970812,1.4821178367119272,2.5749782597941624,5.281737080979056,6.6305130384125714,"[497, 592, 687, 782]","[""insufficient_post_history""]",10,4
4,0,4,0,1,1,0,0,0,0,5,5,False,69,y,review_trend,10,[877],,1.6848885266965112,2.442831121072135,1.2813885155581433,5,1.2813885155581433,1.2180089055709789,2.8652718263755554,6.739554106786045,8.209782639021512,"[402, 497, 592, 687, 782]","[""insufficient_post_history""]",10,5
5,0,5,0,1,1,0,0,0,0,6,6,False,69,y,review_trend,10,[877],,2.210687046008689,2.4375580874137173,1.792822420586605,6,1.792822420586605,1.6508683838668425,4.391500129858597,11.053435230043444,19.28527339054808,"[307, 402, 497, 592, 687, 782]","[""insufficient_post_history""]",10,6
0,0,0,0,3,3,3,0,3,0,0,0,False,7,y,pre_data_incomplete,1,"[84, 179, 274]",,,,,,,,,,,[],"[""insufficient_pre_history""]",1,3
0,0,0,0,4,4,4,0,4,0,0,0,False,7,y,pre_data_incomplete,1,"[84, 179, 274, 369]",,,,,,,,,,,[],"[""insufficient_pre_history""]",1,4
0,0,0,0,5,5,5,0,5,0,0,0,False,7,y,pre_data_incomplete,1,"[84, 179, 274, 369, 464]",,,,,,,,,,,[],"[""insufficient_pre_history""]",1,5
0,0,0,0,6,6,6,0,6,0,0,0,False,7,y,pre_data_incomplete,1,"[84, 179, 274, 369, 464, 559]",,,,,,,,,,,[],"[""insufficient_pre_history""]",1,6
0,0,0,0,3,3,2,0,2,0,1,1,False,7,y,pre_data_incomplete,2,"[179, 274, 369]",,,,,,,,,,,[84],"[""insufficient_pre_history""]",2,3
0,0,0,0,4,4,3,0,3,0,1,1,False,7,y,pre_data_incomplete,2,"[179, 274, 369, 464]",,,,,,,,,,,[84],"[""insufficient_pre_history""]",2,4
0,0,0,0,5,5,4,0,4,0,1,1,False,7,y,pre_data_incomplete,2,"[179, 274, 369, 464, 559]",,,,,,,,,,,[84],"[""insufficient_pre_history""]",2,5
0,0,0,0,6,6,5,0,5,0,1,1,False,7,y,pre_data_incomplete,2,"[179, 274, 369, 464, 559, 654]",,,,,,,,,,,[84],"[""insufficient_pre_history""]",2,6
0,0,0,0,3,3,1,0,1,0,2,2,False,7,y,pre_data_incomplete,3,"[274, 369, 464]",,,,,,,,,,,"[84, 179]","[""insufficient_pre_history""]",3,3
0,0,0,0,4,4,2,0,2,0,2,2,False,7,y,pre_data_incomplete,3,"[274, 369, 464, 559]",,,,,,,,,,,"[84, 179]","[""insufficient_pre_history""]",3,4
0,0,0,0,5,5,3,0,3,0,2,2,False,7,y,pre_data_incomplete,3,"[274, 369, 464, 559, 654]",,,,,,,,,,,"[84, 179]","[""insufficient_pre_history""]",3,5
0,0,0,0,6,6,4,0,4,0,2,2,False,7,y,pre_data_incomplete,3,"[274, 369, 464, 559, 654, 749]",,,,,,,,,,,"[84, 179]","[""insufficient_pre_history""]",3,6
0,0,0,0,3,3,0,0,0,0,3,3,True,7,y,noise_baseline_short,4,"[369, 464, 559]",,0.6840315554882075,0.14861723021503392,0.4827009088963122,3,0.4827009088963122,0.6798548866403195,0.8360624990680885,1.368063110976415,0.6990005023479775,"[84, 179, 274]",[],4,3
0,0,0,0,4,4,1,0,1,0,3,3,False,7,y,pre_data_incomplete,4,"[369, 464, 559, 654]",,,,,,,,,,,"[84, 179, 274]","[""insufficient_pre_history""]",4,4
0,0,0,0,5,5,2,0,2,0,3,3,False,7,y,pre_data_incomplete,4,"[369, 464, 559, 654, 749]",,,,,,,,,,,"[84, 179, 274]","[""insufficient_pre_history""]",4,5
0,0,0,0,6,6,3,0,3,0,3,3,False,7,y,pre_data_incomplete,4,"[369, 464, 559, 654, 749, 844]",,,,,,,,,,,"[84, 179, 274]","[""insufficient_pre_history""]",4,6
0,0,0,0,3,3,0,0,0,0,3,3,True,7,y,noise_baseline_short,5,"[464, 559, 654]",,-0.9051212413319684,1.516680341191449,0.9616453660058021,3,0.9616453660058021,1.9773927118157264,1.665618632785218,1.8102424826639367,2.7742854298812993,"[179, 274, 369]",[],5,3
0,0,0,0,4,4,0,0,0,0,4,4,True,7,y,noise_baseline_short,5,"[464, 559, 654, 749]",,-0.4359898797445463,0.7583401705957244,0.6827720414902909,4,0.6827720414902909,1.5237611445845956,1.3655440829805818,1.3079696392336388,1.864710642563278,"[84, 179, 274, 369]",[],5,4
0,0,0,0,5,5,1,0,1,0,4,4,False,7,y,pre_data_incomplete,5,"[464, 559, 654, 749, 844]",,,,,,,,,,,"[84, 179, 274, 369]","[""insufficient_pre_history""]",5,5
0,0,0,0,6,6,2,0,2,0,4,4,False,7,y,pre_data_incomplete,5,"[464, 559, 654, 749, 844, 939]",,,,,,,,,,,"[84, 179, 274, 369]","[""insufficient_pre_history""]",5,6
0,0,0,0,3,3,0,0,0,0,3,3,True,7,y,review_trend,6,"[559, 654, 749]",,-2.3577057122000706,1.388488600544756,1.3990357983485944,3,1.3990357983485944,0.7913624578432106,2.423201084347452,4.715411424400141,5.871903495182667,"[274, 369, 464]",[],6,3
0,0,0,0,4,4,0,0,0,0,4,4,True,7,y,noise_baseline_short,6,"[559, 654, 749, 844]",,-1.2923116073481464,1.5993655416043464,1.0311866002448684,4,1.0311866002448684,1.4848911074319713,2.062373200489737,3.876934822044439,4.25338321809828,"[179, 274, 369, 464]",[],6,4
0,0,0,0,5,5,0,0,0,0,5,5,True,7,y,within_tolerance_under_iid,6,"[559, 654, 749, 844, 939]",,-0.850493910951139,1.516680341191449,0.8244765277437045,5,0.8244765277437045,1.4562316631585641,1.8435855618879147,3.401975643804556,3.3988077240015784,"[84, 179, 274, 369, 464]",[],6,5
1,0,1,0,5,5,1,0,1,0,5,5,False,7,y,pre_data_incomplete,6,"[559, 654, 749, 844, 939]",,,,,,,,,,,"[84, 179, 274, 369, 464]","[""insufficient_pre_history"", ""insufficient_post_history""]",6,6
0,0,0,0,3,3,0,0,0,0,3,3,True,7,y,noise_baseline_short,7,"[654, 749, 844]",,1.432956086839825,1.388488600544756,1.2525813153645995,3,1.2525813153645995,2.3036999405262075,2.169534478822941,2.86591217367965,4.70687985480153,"[369, 464, 559]",[],7,3
0,0,0,0,4,4,0,0,0,0,4,4,True,7,y,noise_baseline_short,7,"[654, 749, 844, 939]",,-0.2771520551071961,1.6634614119276927,1.1342887852971084,4,1.1342887852971084,2.7436532464178818,2.268577570594217,0.8314561653215883,5.146444193803158,"[274, 369, 464, 559]",[],7,4
1,0,1,0,4,4,0,0,0,0,5,5,False,7,y,within_tolerance_under_iid,7,"[654, 749, 844, 939]",,-0.26040720423687147,1.516680341191449,0.8870228095615719,5,0.8870228095615719,2.2403920916858473,1.9834432997725253,1.0416288169474859,3.9340473234125235,"[179, 274, 369, 464, 559]","[""insufficient_post_history""]",7,5
2,0,2,0,4,4,0,0,0,0,6,6,False,7,y,within_tolerance_under_iid,7,"[654, 749, 844, 939]",,-0.23965296484223048,1.2118664009960642,0.7319655672599302,6,0.7319655672599302,1.9408838667837196,1.7929421490736694,1.1982648242111524,3.214641549924908,"[84, 179, 274, 369, 464, 559]","[""insufficient_post_history""]",7,6
0,0,0,0,3,3,0,0,0,0,3,3,True,7,y,review_trend,8,"[749, 844, 939]",,3.600664266808594,2.946927759392781,2.0902344607442442,3,2.0902344607442442,0.5337736231326441,3.6203922857403645,7.201328533617188,13.107240302648343,"[464, 559, 654]",[],8,3
1,0,1,0,3,3,0,0,0,0,4,4,False,7,y,noise_baseline_short,8,"[749, 844, 939]",,2.16929205734417,2.127200387112203,1.5980059389523786,4,1.5980059389523786,1.8860455483421352,3.1960118779047573,6.50787617203251,10.214491923708293,"[369, 464, 559, 654]","[""insufficient_post_history""]",8,4
2,0,2,0,3,3,0,0,0,0,5,5,False,7,y,high_noise_under_iid,8,"[749, 844, 939]",,0.7837746392113742,2.86591217367965,1.2738513969660128,5,1.2738513969660128,2.961470399443271,2.848418316849074,3.135098556845497,8.113486907761313,"[274, 369, 464, 559, 654]","[""insufficient_post_history""]",8,5
3,0,3,0,3,3,0,0,0,0,6,6,False,7,y,high_noise_under_iid,8,"[749, 844, 939]",,0.49261333431344323,1.6634614119276927,1.0414043420301247,6,1.0414043420301247,2.6593703158814805,2.5509092538926548,2.463066671567216,6.507138021595181,"[179, 274, 369, 464, 559, 654]","[""insufficient_post_history""]",8,6
1,0,1,0,2,2,0,0,0,0,3,3,False,7,y,noise_baseline_short,9,"[844, 939]",,0.6593877541014279,1.3187755082028558,0.8522659930760493,3,0.8522659930760493,1.8677685930557821,1.4761680015708623,1.3187755082028558,2.1790719688617135,"[559, 654, 749]","[""insufficient_post_history""]",9,3
2,0,2,0,2,2,0,0,0,0,4,4,False,7,y,noise_baseline_short,9,"[844, 939]",,1.966645660667457,1.4734638796963906,1.5417372795877486,4,1.5417372795877486,2.1430084342037596,3.0834745591754973,5.899936982002371,9.507815357082528,"[464, 559, 654, 749]","[""insufficient_post_history""]",9,4
3,0,3,0,2,2,0,0,0,0,5,5,False,7,y,high_noise_under_iid,9,"[844, 939]",,1.55707038973822,2.86591217367965,1.3248994548587412,5,1.3248994548587412,1.9028478064648675,2.9625652444165596,6.22828155895288,8.776792827424948,"[369, 464, 559, 654, 749]","[""insufficient_post_history""]",9,5
4,0,4,0,2,2,0,0,0,0,6,6,False,7,y,high_noise_under_iid,9,"[844, 939]",,0.7423355675307801,1.9023463087099508,1.0953625786593124,6,1.0953625786593124,2.5666607051986605,2.6830794010545174,3.711677837653901,7.198915072363067,"[274, 369, 464, 559, 654, 749]","[""insufficient_post_history""]",9,6
2,0,2,0,1,1,0,0,0,0,3,3,False,7,y,noise_baseline_short,10,[939],,-5.901626015439394,1.6281522511899253,3.6930888440747105,3,3.6930888440747105,3.48927671719403,6.396617514803213,11.803252030878788,40.916715630687236,"[654, 749, 844]","[""insufficient_post_history""]",10,3
3,0,3,0,1,1,0,0,0,0,4,4,False,7,y,noise_baseline_short,10,[939],,-2.8197125065647946,1.4734638796963906,2.6392799106556786,4,2.6392799106556786,4.681649723286556,5.278559821311357,8.459137519694384,27.863193787162583,"[559, 654, 749, 844]","[""insufficient_post_history""]",10,4
4,0,4,0,1,1,0,0,0,0,5,5,False,7,y,high_noise_under_iid,10,[939],,-0.7885071486320345,2.946927759392781,2.1367156520988457,5,2.1367156520988457,5.325837659437424,4.77784144668081,3.154028594528138,22.827768889620977,"[464, 559, 654, 749, 844]","[""insufficient_post_history""]",10,5
5,0,5,0,1,1,0,0,0,0,6,6,False,7,y,high_noise_under_iid,10,[939],,-0.29387439663877757,2.786588141213631,1.75417357426585,6,1.75417357426585,4.764514929194845,4.296830177225504,1.4693719831938878,18.462749571915765,"[369, 464, 559, 654, 749, 844]","[""insufficient_post_history""]",10,6
0,0,0,0,3,3,3,0,3,0,0,0,False,70,y,pre_data_incomplete,1,"[21, 116, 211]",,,,,,,,,,,[],"[""insufficient_pre_history""]",1,3
0,0,0,0,4,4,4,0,4,0,0,0,False,70,y,pre_data_incomplete,1,"[21, 116, 211, 306]",,,,,,,,,,,[],"[""insufficient_pre_history""]",1,4
0,0,0,0,5,5,5,0,5,0,0,0,False,70,y,pre_data_incomplete,1,"[21, 116, 211, 306, 401]",,,,,,,,,,,[],"[""insufficient_pre_history""]",1,5
0,0,0,0,6,6,6,0,6,0,0,0,False,70,y,pre_data_incomplete,1,"[21, 116, 211, 306, 401, 496]",,,,,,,,,,,[],"[""insufficient_pre_history""]",1,6
0,0,0,0,3,3,2,0,2,0,1,1,False,70,y,pre_data_incomplete,2,"[116, 211, 306]",,,,,,,,,,,[21],"[""insufficient_pre_history""]",2,3
0,0,0,0,4,4,3,0,3,0,1,1,False,70,y,pre_data_incomplete,2,"[116, 211, 306, 401]",,,,,,,,,,,[21],"[""insufficient_pre_history""]",2,4
0,0,0,0,5,5,4,0,4,0,1,1,False,70,y,pre_data_incomplete,2,"[116, 211, 306, 401, 496]",,,,,,,,,,,[21],"[""insufficient_pre_history""]",2,5
0,0,0,0,6,6,5,0,5,0,1,1,False,70,y,pre_data_incomplete,2,"[116, 211, 306, 401, 496, 591]",,,,,,,,,,,[21],"[""insufficient_pre_history""]",2,6
0,0,0,0,3,3,1,0,1,0,2,2,False,70,y,pre_data_incomplete,3,"[211, 306, 401]",,,,,,,,,,,"[21, 116]","[""insufficient_pre_history""]",3,3
0,0,0,0,4,4,2,0,2,0,2,2,False,70,y,pre_data_incomplete,3,"[211, 306, 401, 496]",,,,,,,,,,,"[21, 116]","[""insufficient_pre_history""]",3,4
0,0,0,0,5,5,3,0,3,0,2,2,False,70,y,pre_data_incomplete,3,"[211, 306, 401, 496, 591]",,,,,,,,,,,"[21, 116]","[""insufficient_pre_history""]",3,5
0,0,0,0,6,6,4,0,4,0,2,2,False,70,y,pre_data_incomplete,3,"[211, 306, 401, 496, 591, 686]",,,,,,,,,,,"[21, 116]","[""insufficient_pre_history""]",3,6
0,0,0,0,3,3,0,0,0,0,3,3,True,70,y,review_trend,4,"[306, 401, 496]",,-1.648638311047646,1.4744895223320595,0.9536102536369183,3,0.9536102536369183,0.14219189055898124,1.6517014099177862,3.297276622095292,2.728117547524403,"[21, 116, 211]",[],4,3
0,0,0,0,4,4,1,0,1,0,3,3,False,70,y,pre_data_incomplete,4,"[306, 401, 496, 591]",,,,,,,,,,,"[21, 116, 211]","[""insufficient_pre_history""]",4,4
0,0,0,0,5,5,2,0,2,0,3,3,False,70,y,pre_data_incomplete,4,"[306, 401, 496, 591, 686]",,,,,,,,,,,"[21, 116, 211]","[""insufficient_pre_history""]",4,5
0,0,0,0,6,6,3,0,3,0,3,3,False,70,y,pre_data_incomplete,4,"[306, 401, 496, 591, 686, 781]",,,,,,,,,,,"[21, 116, 211]","[""insufficient_pre_history""]",4,6
0,0,0,0,3,3,0,0,0,0,3,3,True,70,y,noise_baseline_short,5,"[401, 496, 591]",,1.0359684609511564,1.4744895223320595,1.028596197742176,3,1.028596197742176,2.04978035991346,1.7815808749616124,2.0719369219023127,3.1740304140289846,"[116, 211, 306]",[],5,3
0,0,0,0,4,4,0,0,0,0,4,4,True,70,y,noise_baseline_short,5,"[401, 496, 591, 686]",,-0.07270400559148182,1.0359684609511564,0.8329271183068434,4,0.8329271183068434,2.0370053572322875,1.6658542366136868,0.21811201677444547,2.7750703376437698,"[21, 116, 211, 306]",[],5,4
0,0,0,0,5,5,1,0,1,0,4,4,False,70,y,pre_data_incomplete,5,"[401, 496, 591, 686, 781]",,,,,,,,,,,"[21, 116, 211, 306]","[""insufficient_pre_history""]",5,5
0,0,0,0,6,6,2,0,2,0,4,4,False,70,y,pre_data_incomplete,5,"[401, 496, 591, 686, 781, 876]",,,,,,,,,,,"[21, 116, 211, 306]","[""insufficient_pre_history""]",5,6
0,0,0,0,3,3,0,0,0,0,3,3,True,70,y,review_trend,6,"[496, 591, 686]",,2.7580572732352193,1.9696881022360664,1.6139036773239863,3,1.6139036773239863,0.6437007326296341,2.795363167647391,5.516114546470439,7.814055239039657,"[211, 306, 401]",[],6,3
0,0,0,0,4,4,0,0,0,0,4,4,True,70,y,noise_baseline_short,6,"[496, 591, 686, 781]",,1.567130151664951,1.7732132221171861,1.2049040956803414,4,1.2049040956803414,1.6034403631192644,2.409808191360683,4.701390454994852,5.8071755191490455,"[116, 211, 306, 401]",[],6,4
0,0,0,0,5,5,0,0,0,0,5,5,True,70,y,within_tolerance_under_iid,6,"[496, 591, 686, 781, 876]",,0.6509612770652606,1.8227870997632323,0.942687697660181,5,0.942687697660181,2.124123039751755,2.1079137735209343,2.6038451082610425,4.443300476599265,"[21, 116, 211, 306, 401]",[],6,5
1,0,1,0,5,5,1,0,1,0,5,5,False,70,y,pre_data_incomplete,6,"[496, 591, 686, 781, 876]",,,,,,,,,,,"[21, 116, 211, 306, 401]","[""insufficient_pre_history"", ""insufficient_post_history""]",6,6
0,0,0,0,3,3,0,0,0,0,3,3,True,70,y,review_trend,7,"[591, 686, 781]",,1.295076084744558,0.6204640672530495,0.780795005816781,3,0.780795005816781,0.5508184057345721,1.3523766203707017,2.590152169489116,1.8289225233252813,"[306, 401, 496]",[],7,3
0,0,0,0,4,4,0,0,0,0,4,4,True,70,y,review_trend,7,"[591, 686, 781, 876]",,2.037942394340653,1.295076084744558,1.3816942531160477,4,1.3816942531160477,1.0351091961412526,2.7633885062320953,6.113827183021959,7.63631603637565,"[211, 306, 401, 496]",[],7,4
1,0,1,0,4,4,0,0,0,0,5,5,False,70,y,high_noise_under_iid,7,"[591, 686, 781, 876]",,1.4840292729253295,2.0719369219023127,1.1669303403722493,5,1.1669303403722493,1.3179655479352828,2.609335566079317,5.936117091701318,6.808632096406468,"[116, 211, 306, 401, 496]","[""insufficient_post_history""]",7,5
2,0,2,0,4,4,0,0,0,0,6,6,False,70,y,within_tolerance_under_iid,7,"[591, 686, 781, 876]",,0.8533660421368712,2.0208125120691895,0.9528150719198988,6,0.9528150719198988,1.9033922878354295,2.333910745437008,4.266830210684356,5.447139367666331,"[21, 116, 211, 306, 401, 496]","[""insufficient_post_history""]",7,6
0,0,0,0,3,3,0,0,0,0,3,3,True,70,y,review_trend,8,"[686, 781, 876]",,1.531243584362854,0.6204640672530495,0.9347394213685659,3,0.9347394213685659,0.7436483616991607,1.6190161696478895,3.062487168725708,2.6212133575813237,"[401, 496, 591]",[],8,3
1,0,1,0,3,3,0,0,0,0,4,4,False,70,y,review_trend,8,"[686, 781, 876]",,1.5716989880138372,1.295076084744558,1.0372100757999663,4,1.0372100757999663,0.5284261308229653,2.0744201515999325,4.7150969640415115,4.303218965363887,"[306, 401, 496, 591]","[""insufficient_post_history""]",8,4
2,0,2,0,3,3,0,0,0,0,5,5,False,70,y,review_trend,8,"[686, 781, 876]",,1.9747355599881409,1.9696881022360664,1.4348982272931032,5,1.4348982272931032,0.8530051064640117,3.208529977021323,7.8989422399525635,10.294664613444452,"[211, 306, 401, 496, 591]","[""insufficient_post_history""]",8,5
3,0,3,0,3,3,0,0,0,0,6,6,False,70,y,review_trend,8,"[686, 781, 876]",,1.5971424259350562,2.3310445456957143,1.292926378864179,6,1.292926378864179,1.1736311049745458,3.167009903201603,7.985712129675281,10.029951726977027,"[116, 211, 306, 401, 496, 591]","[""insufficient_post_history""]",8,6
1,0,1,0,2,2,0,0,0,0,3,3,False,70,y,review_trend,9,"[781, 876]",,3.245791252458533,2.4420231014726586,1.8930142279252902,3,1.8930142279252902,0.6562739471385666,3.2787968222173736,6.491582504917066,10.750508601382748,"[496, 591, 686]","[""insufficient_post_history""]",9,3
2,0,2,0,2,2,0,0,0,0,4,4,False,70,y,review_trend,9,"[781, 876]",,2.3778162817983004,1.531243584362854,1.6127620030709673,4,1.6127620030709673,1.2128404661513137,3.2255240061419346,7.133448845394901,10.404005114197915,"[401, 496, 591, 686]","[""insufficient_post_history""]",9,4
3,0,3,0,2,2,0,0,0,0,5,5,False,70,y,review_trend,9,"[781, 876]",,2.1225956517538074,2.4420231014726586,1.5596067244839809,5,1.5596067244839809,1.0944313123979585,3.487386654111967,8.49038260701523,12.161865675278262,"[306, 401, 496, 591, 686]","[""insufficient_post_history""]",9,5
4,0,4,0,2,2,0,0,0,0,6,6,False,70,y,review_trend,9,"[781, 876]",,2.2530798706668898,2.516087635480887,1.7590439818713912,6,1.7590439818713912,0.9988263226986742,4.308760190698451,11.265399353334448,18.565414380947754,"[211, 306, 401, 496, 591, 686]","[""insufficient_post_history""]",9,6
2,0,2,0,1,1,0,0,0,0,3,3,False,70,y,noise_baseline_short,10,[876],,0.9958683383200011,1.9917366766400022,1.1690589930474165,3,1.1690589930474165,2.4933283138836235,2.024869573003436,1.9917366766400022,4.100096787675117,"[591, 686, 781]","[""insufficient_post_history""]",10,3
3,0,3,0,1,1,0,0,0,0,4,4,False,70,y,noise_baseline_short,10,[876],,1.735083873778239,2.0247797017222036,1.3871653255705485,4,1.3871653255705485,2.004763257888129,2.774330651141097,5.2052516213347175,7.696910561860983,"[496, 591, 686, 781]","[""insufficient_post_history""]",10,4
4,0,4,0,1,1,0,0,0,0,5,5,False,70,y,high_noise_under_iid,10,[876],,1.6600030195648485,2.4420231014726586,1.33511465868469,5,1.33511465868469,1.6426120242924656,2.985407134575397,6.640012078259394,8.912655759173681,"[401, 496, 591, 686, 781]","[""insufficient_post_history""]",10,5
5,0,5,0,1,1,0,0,0,0,6,6,False,70,y,review_trend,10,[876],,1.6827920730283397,2.527111922682855,1.3863976228708041,6,1.3863976228708041,1.4236081573533224,3.395966756641015,8.413960365141698,11.532590212210895,"[306, 401, 496, 591, 686, 781]","[""insufficient_post_history""]",10,6
0,0,0,0,3,3,3,0,3,0,0,0,False,71,y,pre_data_incomplete,1,"[20, 115, 210]",,,,,,,,,,,[],"[""insufficient_pre_history""]",1,3
0,0,0,0,4,4,4,0,4,0,0,0,False,71,y,pre_data_incomplete,1,"[20, 115, 210, 305]",,,,,,,,,,,[],"[""insufficient_pre_history""]",1,4
0,0,0,0,5,5,5,0,5,0,0,0,False,71,y,pre_data_incomplete,1,"[20, 115, 210, 305, 400]",,,,,,,,,,,[],"[""insufficient_pre_history""]",1,5
0,0,0,0,6,6,6,0,6,0,0,0,False,71,y,pre_data_incomplete,1,"[20, 115, 210, 305, 400, 495]",,,,,,,,,,,[],"[""insufficient_pre_history""]",1,6
0,0,0,0,3,3,2,0,2,0,1,1,False,71,y,pre_data_incomplete,2,"[115, 210, 305]",,,,,,,,,,,[20],"[""insufficient_pre_history""]",2,3
0,0,0,0,4,4,3,0,3,0,1,1,False,71,y,pre_data_incomplete,2,"[115, 210, 305, 400]",,,,,,,,,,,[20],"[""insufficient_pre_history""]",2,4
0,0,0,0,5,5,4,0,4,0,1,1,False,71,y,pre_data_incomplete,2,"[115, 210, 305, 400, 495]",,,,,,,,,,,[20],"[""insufficient_pre_history""]",2,5
0,0,0,0,6,6,5,0,5,0,1,1,False,71,y,pre_data_incomplete,2,"[115, 210, 305, 400, 495, 590]",,,,,,,,,,,[20],"[""insufficient_pre_history""]",2,6
0,0,0,0,3,3,1,0,1,0,2,2,False,71,y,pre_data_incomplete,3,"[210, 305, 400]",,,,,,,,,,,"[20, 115]","[""insufficient_pre_history""]",3,3
0,0,0,0,4,4,2,0,2,0,2,2,False,71,y,pre_data_incomplete,3,"[210, 305, 400, 495]",,,,,,,,,,,"[20, 115]","[""insufficient_pre_history""]",3,4
0,0,0,0,5,5,3,0,3,0,2,2,False,71,y,pre_data_incomplete,3,"[210, 305, 400, 495, 590]",,,,,,,,,,,"[20, 115]","[""insufficient_pre_history""]",3,5
0,0,0,0,6,6,4,0,4,0,2,2,False,71,y,pre_data_incomplete,3,"[210, 305, 400, 495, 590, 685]",,,,,,,,,,,"[20, 115]","[""insufficient_pre_history""]",3,6
0,0,0,0,3,3,0,0,0,0,3,3,True,71,y,noise_baseline_short,4,"[305, 400, 495]",,-0.16185943758036103,0.32371887516072206,0.26132850713962674,3,0.26132850713962674,0.5977947614317928,0.4526342518319596,0.32371887516072206,0.2048777659314778,"[20, 115, 210]",[],4,3
0,0,0,0,4,4,1,0,1,0,3,3,False,71,y,pre_data_incomplete,4,"[305, 400, 495, 590]",,,,,,,,,,,"[20, 115, 210]","[""insufficient_pre_history""]",4,4
0,0,0,0,5,5,2,0,2,0,3,3,False,71,y,pre_data_incomplete,4,"[305, 400, 495, 590, 685]",,,,,,,,,,,"[20, 115, 210]","[""insufficient_pre_history""]",4,5
0,0,0,0,6,6,3,0,3,0,3,3,False,71,y,pre_data_incomplete,4,"[305, 400, 495, 590, 685, 780]",,,,,,,,,,,"[20, 115, 210]","[""insufficient_pre_history""]",4,6
0,0,0,0,3,3,0,0,0,0,3,3,True,71,y,review_trend,5,"[400, 495, 590]",,1.5851128715505516,0.5702866306279857,0.9756832788661342,3,0.9756832788661342,0.8286021559490119,1.6899330110915376,3.170225743101103,2.8558735819769105,"[115, 210, 305]",[],5,3
0,0,0,0,4,4,0,0,0,0,4,4,True,71,y,noise_baseline_short,5,"[400, 495, 590, 685]",,0.7398947342565172,0.44700275289435387,0.6955282736753621,4,0.6955282736753621,1.238526112942182,1.3910565473507241,2.2196842027695514,1.9350383179273174,"[20, 115, 210, 305]",[],5,4
0,0,0,0,5,5,1,0,1,0,4,4,False,71,y,pre_data_incomplete,5,"[400, 495, 590, 685, 780]",,,,,,,,,,,"[20, 115, 210, 305]","[""insufficient_pre_history""]",5,5
0,0,0,0,6,6,2,0,2,0,4,4,False,71,y,pre_data_incomplete,5,"[400, 495, 590, 685, 780, 875]",,,,,,,,,,,"[20, 115, 210, 305]","[""insufficient_pre_history""]",5,6
0,0,0,0,3,3,0,0,0,0,3,3,True,71,y,noise_baseline_short,6,"[495, 590, 685]",,0.2151218093609416,0.4302436187218832,0.8045831044578585,3,0.8045831044578585,1.947195174128372,1.3935788158325082,0.4302436187218832,1.942061915937136,"[210, 305, 400]",[],6,3
0,0,0,0,4,4,0,0,0,0,4,4,True,71,y,noise_baseline_short,6,"[495, 590, 685, 780]",,0.5601529860522725,0.5002651246749346,0.6926547717956388,4,0.6926547717956388,1.4471335038238242,1.3853095435912777,1.6804589581568175,1.9190825315650741,"[115, 210, 305, 400]",[],6,4
0,0,0,0,5,5,0,0,0,0,5,5,True,71,y,within_tolerance_under_iid,6,"[495, 590, 685, 780, 875]",,0.33832752302234254,0.32371887516072206,0.5396809819054031,5,0.5396809819054031,1.2490604624094148,1.2067633617043154,1.3533100920893701,1.4562778111519001,"[20, 115, 210, 305, 400]",[],6,5
1,0,1,0,5,5,1,0,1,0,5,5,False,71,y,pre_data_incomplete,6,"[495, 590, 685, 780, 875]",,,,,,,,,,,"[20, 115, 210, 305, 400]","[""insufficient_pre_history"", ""insufficient_post_history""]",6,6
0,0,0,0,3,3,0,0,0,0,3,3,True,71,y,noise_baseline_short,7,"[590, 685, 780]",,0.19166228400245777,0.38332456800491554,0.7948594458480606,3,0.7948594458480606,1.9280405518829826,1.3767369450848834,0.38332456800491554,1.895404615961657,"[305, 400, 495]",[],7,3
0,0,0,0,4,4,0,0,0,0,4,4,True,71,y,noise_baseline_short,7,"[590, 685, 780, 875]",,0.6780095547682865,1.276510030878075,0.7530090034190562,4,0.7530090034190562,1.500964011723211,1.5060180068381124,2.0340286643048593,2.2680902369206404,"[210, 305, 400, 495]",[],7,4
1,0,1,0,4,4,0,0,0,0,5,5,False,71,y,within_tolerance_under_iid,7,"[590, 685, 780, 875]",,0.7537344240933921,1.000530249349869,0.7156914247059792,5,0.7156914247059792,1.23330565112891,1.600334676556242,3.0149376963735683,2.561071076988372,"[115, 210, 305, 400, 495]","[""insufficient_post_history""]",7,5
2,0,2,0,4,4,0,0,0,0,6,6,False,71,y,within_tolerance_under_iid,7,"[590, 685, 780, 875]",,0.5399786824888365,0.6621245622552956,0.5981042549195419,6,0.5981042549195419,1.186303490426687,1.4650502375403929,2.6998934124441827,2.1463721985171618,"[20, 115, 210, 305, 400, 495]","[""insufficient_post_history""]",7,6
0,0,0,0,3,3,0,0,0,0,3,3,True,71,y,noise_baseline_short,8,"[685, 780, 875]",,0.31477724114816275,0.6295544822963255,0.7678964816401395,3,0.7678964816401395,1.827517610312451,1.330035721154103,0.6295544822963255,1.7689950195459145,"[400, 495, 590]",[],8,3
1,0,1,0,3,3,0,0,0,0,4,4,False,71,y,noise_baseline_short,8,"[685, 780, 875]",,-0.20674029726085763,0.9617327897299124,0.609653602337723,4,0.609653602337723,1.4571242955840817,1.219307204675446,0.6202208917825729,1.4867100593734504,"[305, 400, 495, 590]","[""insufficient_post_history""]",8,4
2,0,2,0,3,3,0,0,0,0,5,5,False,71,y,within_tolerance_under_iid,8,"[685, 780, 875]",,0.2502920770041333,1.0597981010182087,0.5899859987718432,5,0.5899859987718432,1.4531813762484205,1.319248799026949,1.0011683080165332,1.7404173937340475,"[210, 305, 400, 495, 590]","[""insufficient_post_history""]",8,5
3,0,3,0,3,3,0,0,0,0,6,6,False,71,y,within_tolerance_under_iid,8,"[685, 780, 875]",,0.4265862630261096,1.030164175184039,0.5843793612017737,6,0.5843793612017737,1.3285706546334506,1.4314312511579306,2.132931315130548,2.048995426791558,"[115, 210, 305, 400, 495, 590]","[""insufficient_post_history""]",8,6
1,0,1,0,2,2,0,0,0,0,3,3,False,71,y,noise_baseline_short,9,"[780, 875]",,0.6404276525413839,1.2808553050827678,0.9311874879553051,3,0.9311874879553051,2.0934100577927235,1.6128640405110204,1.2808553050827678,2.601330413173535,"[495, 590, 685]","[""insufficient_post_history""]",9,3
2,0,2,0,2,2,0,0,0,0,4,4,False,71,y,noise_baseline_short,9,"[780, 875]",,0.957816052105693,1.2765100308780748,0.880587316906121,4,0.880587316906121,1.53592811094699,1.761174633812242,2.873448156317079,3.1017360907836853,"[400, 495, 590, 685]","[""insufficient_post_history""]",9,4
3,0,3,0,2,2,0,0,0,0,5,5,False,71,y,within_tolerance_under_iid,9,"[780, 875]",,0.39579142284716917,1.5401410114549088,0.6871453873424479,5,0.6871453873424479,1.6203772362144757,1.5365037965231372,1.5831656913886767,2.3608439167300137,"[305, 400, 495, 590, 685]","[""insufficient_post_history""]",9,5
4,0,4,0,2,2,0,0,0,0,6,6,False,71,y,within_tolerance_under_iid,9,"[780, 875]",,0.5500911987198693,1.2765100308780748,0.6764589838096449,6,0.6764589838096449,1.4519294905740703,1.6569793422552568,2.7504559935993464,2.7455805406606633,"[210, 305, 400, 495, 590, 685]","[""insufficient_post_history""]",9,6
2,0,2,0,1,1,0,0,0,0,3,3,False,71,y,review_trend,10,[875],,4.195935822940319,3.204320884542592,2.4449706309700576,3,2.4449706309700576,0.8096502067986012,4.234813355853875,8.391871645880638,17.93364415891836,"[590, 685, 780]","[""insufficient_post_history""]",10,3
3,0,3,0,1,1,0,0,0,0,4,4,False,71,y,noise_baseline_short,10,[875],,2.260953908380503,1.6021604422712965,1.7957267107261958,4,1.7957267107261958,2.56281584943992,3.5914534214523917,6.782861725141509,12.898537678462091,"[495, 590, 685, 780]","[""insufficient_post_history""]",10,4
4,0,4,0,1,1,0,0,0,0,5,5,False,71,y,high_noise_under_iid,10,[875],,1.9323707561436692,1.9234655794598243,1.605557324227516,5,1.605557324227516,2.1768263623617954,3.590135318745396,7.729483024574677,12.889071606903105,"[400, 495, 590, 685, 780]","[""insufficient_post_history""]",10,5
5,0,5,0,1,1,0,0,0,0,6,6,False,71,y,high_noise_under_iid,10,[875],,1.2524803912338733,1.602160442271296,1.3222953319259871,6,1.3222953319259871,2.5000786768896868,3.238948852482783,6.2624019561693665,10.490789668999538,"[305, 400, 495, 590, 685, 780]","[""insufficient_post_history""]",10,6
0,0,0,0,3,3,3,0,3,0,0,0,False,72,y,pre_data_incomplete,1,"[19, 114, 209]",,,,,,,,,,,[],"[""insufficient_pre_history""]",1,3
0,0,0,0,4,4,4,0,4,0,0,0,False,72,y,pre_data_incomplete,1,"[19, 114, 209, 304]",,,,,,,,,,,[],"[""insufficient_pre_history""]",1,4
0,0,0,0,5,5,5,0,5,0,0,0,False,72,y,pre_data_incomplete,1,"[19, 114, 209, 304, 399]",,,,,,,,,,,[],"[""insufficient_pre_history""]",1,5
0,0,0,0,6,6,6,0,6,0,0,0,False,72,y,pre_data_incomplete,1,"[19, 114, 209, 304, 399, 494]",,,,,,,,,,,[],"[""insufficient_pre_history""]",1,6
0,0,0,0,3,3,2,0,2,0,1,1,False,72,y,pre_data_incomplete,2,"[114, 209, 304]",,,,,,,,,,,[19],"[""insufficient_pre_history""]",2,3
0,0,0,0,4,4,3,0,3,0,1,1,False,72,y,pre_data_incomplete,2,"[114, 209, 304, 399]",,,,,,,,,,,[19],"[""insufficient_pre_history""]",2,4
0,0,0,0,5,5,4,0,4,0,1,1,False,72,y,pre_data_incomplete,2,"[114, 209, 304, 399, 494]",,,,,,,,,,,[19],"[""insufficient_pre_history""]",2,5
0,0,0,0,6,6,5,0,5,0,1,1,False,72,y,pre_data_incomplete,2,"[114, 209, 304, 399, 494, 589]",,,,,,,,,,,[19],"[""insufficient_pre_history""]",2,6
0,0,0,0,3,3,1,0,1,0,2,2,False,72,y,pre_data_incomplete,3,"[209, 304, 399]",,,,,,,,,,,"[19, 114]","[""insufficient_pre_history""]",3,3
0,0,0,0,4,4,2,0,2,0,2,2,False,72,y,pre_data_incomplete,3,"[209, 304, 399, 494]",,,,,,,,,,,"[19, 114]","[""insufficient_pre_history""]",3,4
0,0,0,0,5,5,3,0,3,0,2,2,False,72,y,pre_data_incomplete,3,"[209, 304, 399, 494, 589]",,,,,,,,,,,"[19, 114]","[""insufficient_pre_history""]",3,5
0,0,0,0,6,6,4,0,4,0,2,2,False,72,y,pre_data_incomplete,3,"[209, 304, 399, 494, 589, 684]",,,,,,,,,,,"[19, 114]","[""insufficient_pre_history""]",3,6
0,0,0,0,3,3,0,0,0,0,3,3,True,72,y,noise_baseline_short,4,"[304, 399, 494]",,-1.325960049862353,2.601261263171364,1.516486341039678,3,1.516486341039678,3.2065627746385243,2.626631391664946,2.651920099724706,6.89919246767973,"[19, 114, 209]",[],4,3
0,0,0,0,4,4,1,0,1,0,3,3,False,72,y,pre_data_incomplete,4,"[304, 399, 494, 589]",,,,,,,,,,,"[19, 114, 209]","[""insufficient_pre_history""]",4,4
0,0,0,0,5,5,2,0,2,0,3,3,False,72,y,pre_data_incomplete,4,"[304, 399, 494, 589, 684]",,,,,,,,,,,"[19, 114, 209]","[""insufficient_pre_history""]",4,5
0,0,0,0,6,6,3,0,3,0,3,3,False,72,y,pre_data_incomplete,4,"[304, 399, 494, 589, 684, 779]",,,,,,,,,,,"[19, 114, 209]","[""insufficient_pre_history""]",4,6
0,0,0,0,3,3,0,0,0,0,3,3,True,72,y,review_trend,5,"[399, 494, 589]",,2.2881098847322785,1.974958506293193,1.3251584525652846,3,1.3251584525652846,0.25568702980831765,2.295241767922425,4.576219769464557,5.268134773215659,"[114, 209, 304]",[],5,3
0,0,0,0,4,4,0,0,0,0,4,4,True,72,y,noise_baseline_short,5,"[399, 494, 589, 684]",,0.057037648287682575,1.325960049862353,1.178767720661053,4,1.178767720661053,2.8859706863253565,2.357535441322106,0.17111294486304773,5.557973357089816,"[19, 114, 209, 304]",[],5,4
0,0,0,0,5,5,1,0,1,0,4,4,False,72,y,pre_data_incomplete,5,"[399, 494, 589, 684, 779]",,,,,,,,,,,"[19, 114, 209, 304]","[""insufficient_pre_history""]",5,5
0,0,0,0,6,6,2,0,2,0,4,4,False,72,y,pre_data_incomplete,5,"[399, 494, 589, 684, 779, 874]",,,,,,,,,,,"[19, 114, 209, 304]","[""insufficient_pre_history""]",5,6
0,0,0,0,3,3,0,0,0,0,3,3,True,72,y,review_trend,6,"[494, 589, 684]",,1.8864220219771406,1.7978855376610885,1.0895260357939553,3,1.0895260357939553,0.07228973673141786,1.8871144501642376,3.772844043954281,3.561200948018673,"[209, 304, 399]",[],6,3
0,0,0,0,4,4,0,0,0,0,4,4,True,72,y,review_trend,6,"[494, 589, 684, 779]",,2.1097274427670127,1.8864220219771408,1.3670586711085948,4,1.3670586711085948,0.2927827771720619,2.7341173422171896,6.329182328301038,7.475397641012789,"[114, 209, 304, 399]",[],6,4
0,0,0,0,5,5,0,0,0,0,5,5,True,72,y,high_noise_under_iid,6,"[494, 589, 684, 779, 874]",,0.6818067657923708,1.7978855376610885,1.1227115115945168,5,1.1227115115945168,2.6179520053236507,2.510459259046883,2.727227063169483,6.302405691334225,"[19, 114, 209, 304, 399]",[],6,5
1,0,1,0,5,5,1,0,1,0,5,5,False,72,y,pre_data_incomplete,6,"[494, 589, 684, 779, 874]",,,,,,,,,,,"[19, 114, 209, 304, 399]","[""insufficient_pre_history"", ""insufficient_post_history""]",6,6
0,0,0,0,3,3,0,0,0,0,3,3,True,72,y,noise_baseline_short,7,"[589, 684, 779]",,1.05413791337564,0.3103902890901913,0.6571640037039709,3,0.6571640037039709,0.6072673923021877,1.1382414433206594,2.10827582675128,1.2955935832926977,"[304, 399, 494]",[],7,3
0,0,0,0,4,4,0,0,0,0,4,4,True,72,y,review_trend,7,"[589, 684, 779, 874]",,1.4047588536794506,1.05413791337564,0.9418640360995413,4,0.9418640360995413,0.6239219362302443,1.8837280721990826,4.214276561038352,3.5484314499908716,"[209, 304, 399, 494]",[],7,4
1,0,1,0,4,4,0,0,0,0,5,5,False,72,y,review_trend,7,"[589, 684, 779, 874]",,1.7141835236385954,1.974958506293193,1.247402199692468,5,1.247402199692468,0.7606999909758226,2.789276113795126,6.8567340945543815,7.78006123898804,"[114, 209, 304, 399, 494]","[""insufficient_post_history""]",7,5
2,0,2,0,4,4,0,0,0,0,6,6,False,72,y,high_noise_under_iid,7,"[589, 684, 779, 874]",,0.8072527312648273,1.6145998854904275,1.0381426452746045,6,1.0381426452746045,2.287367894861823,2.542919761145939,4.036263656324136,6.46644091162652,"[19, 114, 209, 304, 399, 494]","[""insufficient_post_history""]",7,6
0,0,0,0,3,3,0,0,0,0,3,3,True,72,y,noise_baseline_short,8,"[684, 779, 874]",,-0.6920031222571312,0.3103902890901913,0.5208324015728601,3,0.5208324015728601,0.8184507931095685,0.9021081817523101,1.3840062445142625,0.8137991715844589,"[399, 494, 589]",[],8,3
1,0,1,0,3,3,0,0,0,0,4,4,False,72,y,noise_baseline_short,8,"[684, 779, 874]",,0.15520281685306694,0.8471982668022269,0.515010324876218,4,0.515010324876218,1.2374142485347535,1.030020649752436,0.46560845055920086,1.0609425389164302,"[304, 399, 494, 589]","[""insufficient_post_history""]",8,4
2,0,2,0,3,3,0,0,0,0,5,5,False,72,y,within_tolerance_under_iid,8,"[684, 779, 874]",,0.6885951425631317,1.3840062445142625,0.7296949526971176,5,0.7296949526971176,1.4032654507989066,1.6316475170692486,2.754380570252527,2.6622736199582437,"[209, 304, 399, 494, 589]","[""insufficient_post_history""]",8,5
3,0,3,0,3,3,0,0,0,0,6,6,False,72,y,high_noise_under_iid,8,"[684, 779, 874]",,1.114230967138612,1.7461410356327711,1.030551654950208,6,1.030551654950208,1.5917494356314417,2.5243257082087633,5.57115483569306,6.372220281123674,"[114, 209, 304, 399, 494, 589]","[""insufficient_post_history""]",8,6
1,0,1,0,2,2,0,0,0,0,3,3,False,72,y,noise_baseline_short,9,"[779, 874]",,-0.44207275218157105,0.8102510292413116,0.4892851711290978,3,0.4892851711290978,1.0225180857462646,0.8474667757856301,0.8841455043631421,0.7181999360604914,"[494, 589, 684]","[""insufficient_post_history""]",9,3
2,0,2,0,2,2,0,0,0,0,4,4,False,72,y,noise_baseline_short,9,"[779, 874]",,-0.3415662179423306,0.44207275218157105,0.3722177364525093,4,0.3722177364525093,0.7345798505815475,0.7444354729050185,1.0246986538269918,0.5541841733193187,"[399, 494, 589, 684]","[""insufficient_post_history""]",9,4
3,0,3,0,2,2,0,0,0,0,5,5,False,72,y,within_tolerance_under_iid,9,"[779, 874]",,0.10642544002620129,0.8102510292413116,0.3999652555349317,5,0.3999652555349317,1.0142616969754827,0.8943495000141812,0.42570176010480515,0.799861028175616,"[304, 399, 494, 589, 684]","[""insufficient_post_history""]",9,5
4,0,4,0,2,2,0,0,0,0,6,6,False,72,y,within_tolerance_under_iid,9,"[779, 874]",,0.5013563517696378,0.8989427688305442,0.6089405728598268,6,0.6089405728598268,1.2966775126934804,1.4915936871846582,2.506781758848189,2.2248517276491238,"[209, 304, 399, 494, 589, 684]","[""insufficient_post_history""]",9,6
2,0,2,0,1,1,0,0,0,0,3,3,False,72,y,noise_baseline_short,10,[874],,0.075709158640896,0.151418317281792,0.2487183569536468,3,0.2487183569536468,0.5997509258934955,0.4307928310187682,0.151418317281792,0.18558246325716496,"[589, 684, 779]","[""insufficient_post_history""]",10,3
3,0,3,0,1,1,0,0,0,0,4,4,False,72,y,noise_baseline_short,10,[874],,-0.3818683619726674,0.40512551462065605,0.3858694036837894,4,0.3858694036837894,0.7271949982683319,0.7717388073675788,1.1456050859180023,0.595580786797133,"[494, 589, 684, 779]","[""insufficient_post_history""]",10,4
4,0,4,0,1,1,0,0,0,0,5,5,False,72,y,within_tolerance_under_iid,10,[874],,-0.3349321358828083,0.6588327119595196,0.33177180265046197,5,0.33177180265046197,0.5999042213021848,0.7418643037440779,1.3397285435312332,0.5503626451696855,"[399, 494, 589, 684, 779]","[""insufficient_post_history""]",10,5
5,0,5,0,1,1,0,0,0,0,6,6,False,72,y,within_tolerance_under_iid,10,[874],,-0.01683354649372047,0.6877743198349651,0.3389020243163577,6,0.3389020243163577,0.9274533030750818,0.8301370323713733,0.08416773246860235,0.6891274925143503,"[304, 399, 494, 589, 684, 779]","[""insufficient_post_history""]",10,6
0,0,0,0,3,3,3,0,3,0,0,0,False,73,y,pre_data_incomplete,1,"[18, 113, 208]",,,,,,,,,,,[],"[""insufficient_pre_history""]",1,3
0,0,0,0,4,4,4,0,4,0,0,0,False,73,y,pre_data_incomplete,1,"[18, 113, 208, 303]",,,,,,,,,,,[],"[""insufficient_pre_history""]",1,4
0,0,0,0,5,5,5,0,5,0,0,0,False,73,y,pre_data_incomplete,1,"[18, 113, 208, 303, 398]",,,,,,,,,,,[],"[""insufficient_pre_history""]",1,5
0,0,0,0,6,6,6,0,6,0,0,0,False,73,y,pre_data_incomplete,1,"[18, 113, 208, 303, 398, 493]",,,,,,,,,,,[],"[""insufficient_pre_history""]",1,6
0,0,0,0,3,3,2,0,2,0,1,1,False,73,y,pre_data_incomplete,2,"[113, 208, 303]",,,,,,,,,,,[18],"[""insufficient_pre_history""]",2,3
0,0,0,0,4,4,3,0,3,0,1,1,False,73,y,pre_data_incomplete,2,"[113, 208, 303, 398]",,,,,,,,,,,[18],"[""insufficient_pre_history""]",2,4
0,0,0,0,5,5,4,0,4,0,1,1,False,73,y,pre_data_incomplete,2,"[113, 208, 303, 398, 493]",,,,,,,,,,,[18],"[""insufficient_pre_history""]",2,5
0,0,0,0,6,6,5,0,5,0,1,1,False,73,y,pre_data_incomplete,2,"[113, 208, 303, 398, 493, 588]",,,,,,,,,,,[18],"[""insufficient_pre_history""]",2,6
0,0,0,0,3,3,1,0,1,0,2,2,False,73,y,pre_data_incomplete,3,"[208, 303, 398]",,,,,,,,,,,"[18, 113]","[""insufficient_pre_history""]",3,3
0,0,0,0,4,4,2,0,2,0,2,2,False,73,y,pre_data_incomplete,3,"[208, 303, 398, 493]",,,,,,,,,,,"[18, 113]","[""insufficient_pre_history""]",3,4
0,0,0,0,5,5,3,0,3,0,2,2,False,73,y,pre_data_incomplete,3,"[208, 303, 398, 493, 588]",,,,,,,,,,,"[18, 113]","[""insufficient_pre_history""]",3,5
0,0,0,0,6,6,4,0,4,0,2,2,False,73,y,pre_data_incomplete,3,"[208, 303, 398, 493, 588, 683]",,,,,,,,,,,"[18, 113]","[""insufficient_pre_history""]",3,6
0,0,0,0,3,3,0,0,0,0,3,3,True,73,y,review_trend,4,"[303, 398, 493]",,0.831605148338073,0.3293207347772593,0.5084826010716478,3,0.5084826010716478,0.41011350632569227,0.8807176998208707,1.663210296676146,0.7756636667777652,"[18, 113, 208]",[],4,3
0,0,0,0,4,4,1,0,1,0,3,3,False,73,y,pre_data_incomplete,4,"[303, 398, 493, 588]",,,,,,,,,,,"[18, 113, 208]","[""insufficient_pre_history""]",4,4
0,0,0,0,5,5,2,0,2,0,3,3,False,73,y,pre_data_incomplete,4,"[303, 398, 493, 588, 683]",,,,,,,,,,,"[18, 113, 208]","[""insufficient_pre_history""]",4,5
0,0,0,0,6,6,3,0,3,0,3,3,False,73,y,pre_data_incomplete,4,"[303, 398, 493, 588, 683, 778]",,,,,,,,,,,"[18, 113, 208]","[""insufficient_pre_history""]",4,6
0,0,0,0,3,3,0,0,0,0,3,3,True,73,y,noise_baseline_short,5,"[398, 493, 588]",,-1.8018356603471557,1.3338895618988866,1.474698007131027,3,1.474698007131027,2.5603089226927276,2.5542518741715092,3.6036713206943114,6.524202636708668,"[113, 208, 303]",[],5,3
0,0,0,0,4,4,0,0,0,0,4,4,True,73,y,noise_baseline_short,5,"[398, 493, 588, 683]",,-0.848916219585227,0.8316051483380731,1.0482257650536526,4,1.0482257650536526,2.1888391118231394,2.0964515301073052,2.546748658755681,4.395109018089261,"[18, 113, 208, 303]",[],5,4
0,0,0,0,5,5,1,0,1,0,4,4,False,73,y,pre_data_incomplete,5,"[398, 493, 588, 683, 778]",,,,,,,,,,,"[18, 113, 208, 303]","[""insufficient_pre_history""]",5,5
0,0,0,0,6,6,2,0,2,0,4,4,False,73,y,pre_data_incomplete,5,"[398, 493, 588, 683, 778, 873]",,,,,,,,,,,"[18, 113, 208, 303]","[""insufficient_pre_history""]",5,6
0,0,0,0,3,3,0,0,0,0,3,3,True,73,y,noise_baseline_short,6,"[493, 588, 683]",,-0.8337006149054046,1.667401229810809,1.4501662449751325,3,1.4501662449751325,3.350787877172226,2.5117616157183043,1.6674012298108092,6.308946414195826,"[208, 303, 398]",[],6,3
0,0,0,0,4,4,0,0,0,0,4,4,True,73,y,noise_baseline_short,6,"[493, 588, 683, 778]",,-0.5938095886328965,0.8337006149054045,1.0481195151789091,4,1.0481195151789091,2.389519311433223,2.0962390303578182,1.7814287658986894,4.3942180723954865,"[113, 208, 303, 398]",[],6,4
0,0,0,0,5,5,0,0,0,0,5,5,True,73,y,within_tolerance_under_iid,6,"[493, 588, 683, 778, 873]",,-0.36120531869636374,0.3293207347772593,0.8144122225843955,5,0.8144122225843955,1.9967183529775119,1.8210810914053979,1.444821274785455,3.3163363414742753,"[18, 113, 208, 303, 398]",[],6,5
1,0,1,0,5,5,1,0,1,0,5,5,False,73,y,pre_data_incomplete,6,"[493, 588, 683, 778, 873]",,,,,,,,,,,"[18, 113, 208, 303, 398]","[""insufficient_pre_history"", ""insufficient_post_history""]",6,6
0,0,0,0,3,3,0,0,0,0,3,3,True,73,y,noise_baseline_short,7,"[588, 683, 778]",,1.7103344200105295,0.15050918723867013,1.1159841815689988,3,1.1159841815689988,1.2735919694030176,1.9329413029206768,3.420668840021059,3.736262080536683,"[303, 398, 493]",[],7,3
0,0,0,0,4,4,0,0,0,0,4,4,True,73,y,noise_baseline_short,7,"[588, 683, 778, 873]",,-0.12805164749340264,0.8337006149054045,1.0396139936947741,4,1.0396139936947741,2.5384622262802243,2.0792279873895483,0.38415494248020793,4.323189023543991,"[208, 303, 398, 493]",[],7,4
1,0,1,0,4,4,0,0,0,0,5,5,False,73,y,within_tolerance_under_iid,7,"[588, 683, 778, 873]",,-0.20334061911573134,0.18300248067325217,0.8172435167930752,5,0.8172435167930752,2.077198854305366,1.827412057720307,0.8133624764629254,3.3394348287015667,"[113, 208, 303, 398, 493]","[""insufficient_post_history""]",7,5
2,0,2,0,4,4,0,0,0,0,6,6,False,73,y,within_tolerance_under_iid,7,"[588, 683, 778, 873]",,-0.148757274737398,0.16675583395596116,0.6683570883818813,6,0.6683570883818813,1.803731078135781,1.6371338325078482,0.74378637368699,2.680207185541835,"[18, 113, 208, 303, 398, 493]","[""insufficient_post_history""]",7,6
0,0,0,0,3,3,0,0,0,0,3,3,True,73,y,noise_baseline_short,8,"[683, 778, 873]",,0.30923124065622215,0.15050918723867013,0.1862091329764119,3,0.1862091329764119,0.12959601393325912,0.32252367914849467,0.6184624813124443,0.10402152361148112,"[398, 493, 588]",[],8,3
1,0,1,0,3,3,0,0,0,0,4,4,False,73,y,noise_baseline_short,8,"[683, 778, 873]",,1.1816375589523171,0.30923124065622215,0.8913990725167422,4,0.8913990725167422,1.1299936004620883,1.7827981450334844,3.5449126768569514,3.178369225934833,"[303, 398, 493, 588]","[""insufficient_post_history""]",8,4
2,0,2,0,3,3,0,0,0,0,5,5,False,73,y,within_tolerance_under_iid,8,"[683, 778, 873]",,0.13227913430243296,0.4679532940737742,0.8288630707699981,5,0.8288630707699981,2.126444772228003,1.853394170280935,0.5291165372097318,3.4350699504313553,"[208, 303, 398, 493, 588]","[""insufficient_post_history""]",8,5
3,0,3,0,3,3,0,0,0,0,6,6,False,73,y,within_tolerance_under_iid,8,"[683, 778, 873]",,0.004121074059102352,0.30923124065622215,0.681880668389468,6,0.681880668389468,1.8673872235558509,1.6702597030221396,0.02060537029551176,2.789767475539606,"[113, 208, 303, 398, 493, 588]","[""insufficient_post_history""]",8,6
1,0,1,0,2,2,0,0,0,0,3,3,False,73,y,noise_baseline_short,9,"[778, 873]",,0.38416685476128165,0.30038041544878913,0.22355031357720323,3,0.22355031357720323,0.06841134122675854,0.3872005011636706,0.7683337095225633,0.14992422810139766,"[493, 588, 683]","[""insufficient_post_history""]",9,3
2,0,2,0,2,2,0,0,0,0,4,4,False,73,y,noise_baseline_short,9,"[778, 873]",,0.32244819843574746,0.30923124065622215,0.21158954437047015,4,0.21158954437047015,0.09321325032027905,0.4231790887409403,0.9673445953072424,0.1790805411476126,"[398, 493, 588, 683]","[""insufficient_post_history""]",9,4
3,0,3,0,2,2,0,0,0,0,5,5,False,73,y,within_tolerance_under_iid,9,"[778, 873]",,0.899646758039969,0.4679532940737742,0.7563928240233604,5,0.7563928240233604,1.0565603299011408,1.69134577220927,3.598587032159876,2.8606505211701716,"[303, 398, 493, 588, 683]","[""insufficient_post_history""]",9,5
4,0,4,0,2,2,0,0,0,0,6,6,False,73,y,within_tolerance_under_iid,9,"[778, 873]",,0.23067382640786555,0.4594214483806167,0.700532806348895,6,0.700532806348895,1.8568255259186943,1.7159479236347326,1.1533691320393278,2.94447727662635,"[208, 303, 398, 493, 588, 683]","[""insufficient_post_history""]",9,6
2,0,2,0,1,1,0,0,0,0,3,3,False,73,y,noise_baseline_short,10,[873],,-1.2918478412181393,0.30038041544878913,0.9154114652201495,3,0.9154114652201495,1.300048927625061,1.5855391675923691,2.5836956824362787,2.5139344519695026,"[588, 683, 778]","[""insufficient_post_history""]",10,3
3,0,3,0,1,1,0,0,0,0,4,4,False,73,y,noise_baseline_short,10,[873],,-0.6046846749638725,0.38416685476128165,0.6514293505495257,4,0.6514293505495257,1.2775180242187782,1.3028587010990513,1.8140540248916173,1.6974407950295074,"[493, 588, 683, 778]","[""insufficient_post_history""]",10,4
4,0,4,0,1,1,0,0,0,0,5,5,False,73,y,within_tolerance_under_iid,10,[873],,-0.3162132692725106,0.4679532940737742,0.5047856198458558,5,0.5047856198458558,1.168512177004474,1.1287349600397005,1.2648530770900424,1.2740426100158244,"[398, 493, 588, 683, 778]","[""insufficient_post_history""]",10,5
5,0,5,0,1,1,0,0,0,0,6,6,False,73,y,within_tolerance_under_iid,10,[873],,0.27854612121857847,0.6933980954175039,0.6759673281642257,6,0.6759673281642257,1.7571401397982565,1.6557750367948212,1.3927306060928923,2.741590972472892,"[303, 398, 493, 588, 683, 778]","[""insufficient_post_history""]",10,6
0,0,0,0,3,3,3,0,3,0,0,0,False,74,y,pre_data_incomplete,1,"[17, 112, 207]",,,,,,,,,,,[],"[""insufficient_pre_history""]",1,3
0,0,0,0,4,4,4,0,4,0,0,0,False,74,y,pre_data_incomplete,1,"[17, 112, 207, 302]",,,,,,,,,,,[],"[""insufficient_pre_history""]",1,4
0,0,0,0,5,5,5,0,5,0,0,0,False,74,y,pre_data_incomplete,1,"[17, 112, 207, 302, 397]",,,,,,,,,,,[],"[""insufficient_pre_history""]",1,5
0,0,0,0,6,6,6,0,6,0,0,0,False,74,y,pre_data_incomplete,1,"[17, 112, 207, 302, 397, 492]",,,,,,,,,,,[],"[""insufficient_pre_history""]",1,6
0,0,0,0,3,3,2,0,2,0,1,1,False,74,y,pre_data_incomplete,2,"[112, 207, 302]",,,,,,,,,,,[17],"[""insufficient_pre_history""]",2,3
0,0,0,0,4,4,3,0,3,0,1,1,False,74,y,pre_data_incomplete,2,"[112, 207, 302, 397]",,,,,,,,,,,[17],"[""insufficient_pre_history""]",2,4
0,0,0,0,5,5,4,0,4,0,1,1,False,74,y,pre_data_incomplete,2,"[112, 207, 302, 397, 492]",,,,,,,,,,,[17],"[""insufficient_pre_history""]",2,5
0,0,0,0,6,6,5,0,5,0,1,1,False,74,y,pre_data_incomplete,2,"[112, 207, 302, 397, 492, 587]",,,,,,,,,,,[17],"[""insufficient_pre_history""]",2,6
0,0,0,0,3,3,1,0,1,0,2,2,False,74,y,pre_data_incomplete,3,"[207, 302, 397]",,,,,,,,,,,"[17, 112]","[""insufficient_pre_history""]",3,3
0,0,0,0,4,4,2,0,2,0,2,2,False,74,y,pre_data_incomplete,3,"[207, 302, 397, 492]",,,,,,,,,,,"[17, 112]","[""insufficient_pre_history""]",3,4
0,0,0,0,5,5,3,0,3,0,2,2,False,74,y,pre_data_incomplete,3,"[207, 302, 397, 492, 587]",,,,,,,,,,,"[17, 112]","[""insufficient_pre_history""]",3,5
0,0,0,0,6,6,4,0,4,0,2,2,False,74,y,pre_data_incomplete,3,"[207, 302, 397, 492, 587, 682]",,,,,,,,,,,"[17, 112]","[""insufficient_pre_history""]",3,6
0,0,0,0,3,3,0,0,0,0,3,3,True,74,y,review_trend,4,"[302, 397, 492]",,-1.5132836196099024,1.2019880414845372,0.879835014653906,3,0.879835014653906,0.2541717751972805,1.5239189476586728,3.026567239219805,2.322328959033116,"[17, 112, 207]",[],4,3
0,0,0,0,4,4,1,0,1,0,3,3,False,74,y,pre_data_incomplete,4,"[302, 397, 492, 587]",,,,,,,,,,,"[17, 112, 207]","[""insufficient_pre_history""]",4,4
0,0,0,0,5,5,2,0,2,0,3,3,False,74,y,pre_data_incomplete,4,"[302, 397, 492, 587, 682]",,,,,,,,,,,"[17, 112, 207]","[""insufficient_pre_history""]",4,5
0,0,0,0,6,6,3,0,3,0,3,3,False,74,y,pre_data_incomplete,4,"[302, 397, 492, 587, 682, 777]",,,,,,,,,,,"[17, 112, 207]","[""insufficient_pre_history""]",4,6
0,0,0,0,3,3,0,0,0,0,3,3,True,74,y,noise_baseline_short,5,"[397, 492, 587]",,1.3765254034024266,1.2019880414845372,1.1706217789467213,3,1.1706217789467213,2.105347411626379,2.027576397582384,2.753050806804853,4.111066048033159,"[112, 207, 302]",[],5,3
0,0,0,0,4,4,0,0,0,0,4,4,True,74,y,noise_baseline_short,5,"[397, 492, 587, 682]",,0.15834267857242187,1.3765254034024266,0.8899631818153828,4,0.8899631818153828,2.1655312928420214,1.7799263636307656,0.4750280357172656,3.1681378599478403,"[17, 112, 207, 302]",[],5,4
0,0,0,0,5,5,1,0,1,0,4,4,False,74,y,pre_data_incomplete,5,"[397, 492, 587, 682, 777]",,,,,,,,,,,"[17, 112, 207, 302]","[""insufficient_pre_history""]",5,5
0,0,0,0,6,6,2,0,2,0,4,4,False,74,y,pre_data_incomplete,5,"[397, 492, 587, 682, 777, 872]",,,,,,,,,,,"[17, 112, 207, 302]","[""insufficient_pre_history""]",5,6
0,0,0,0,3,3,0,0,0,0,3,3,True,74,y,noise_baseline_short,6,"[492, 587, 682]",,2.0623125912938987,0.16958633429840686,1.347500251764488,3,1.347500251764488,1.5454045174689517,2.333938899267947,4.124625182587797,5.447270785516077,"[207, 302, 397]",[],6,3
0,0,0,0,4,4,0,0,0,0,4,4,True,74,y,noise_baseline_short,6,"[492, 587, 682, 777]",,1.2722950271599172,1.46131857055163,1.0231639711410445,4,1.0231639711410445,1.4947743912400417,2.046327942282089,3.8168850814797515,4.187458047364449,"[112, 207, 302, 397]",[],6,4
0,0,0,0,5,5,0,0,0,0,5,5,True,74,y,within_tolerance_under_iid,6,"[492, 587, 682, 777, 872]",,0.4949166693540838,1.0980579433679925,0.8050247564301488,5,0.8050247564301488,1.871886042940205,1.8000900789480239,1.9796666774163352,3.2403242923271027,"[17, 112, 207, 302, 397]",[],6,5
1,0,1,0,5,5,1,0,1,0,5,5,False,74,y,pre_data_incomplete,6,"[492, 587, 682, 777, 872]",,,,,,,,,,,"[17, 112, 207, 302, 397]","[""insufficient_pre_history"", ""insufficient_post_history""]",6,6
0,0,0,0,3,3,0,0,0,0,3,3,True,74,y,noise_baseline_short,7,"[587, 682, 777]",,0.5570761612623005,0.16958633429840686,0.34659453004927987,3,0.34659453004927987,0.3163841188602953,0.6003193356708106,1.114152322524601,0.36038330478024344,"[302, 397, 492]",[],7,3
0,0,0,0,4,4,0,0,0,0,4,4,True,74,y,noise_baseline_short,7,"[587, 682, 777, 872]",,1.5377159846740382,0.5570761612623005,1.1228114280610495,4,1.1228114280610495,1.2856153756477255,2.245622856122099,4.613147954022114,5.0428220119379725,"[207, 302, 397, 492]",[],7,4
1,0,1,0,4,4,0,0,0,0,5,5,False,74,y,within_tolerance_under_iid,7,"[587, 682, 777, 872]",,1.1859031441246706,1.114152322524601,0.9645465050583518,5,0.9645465050583518,1.2306280965368637,2.1567915527703194,4.743612576498682,4.651749802101406,"[112, 207, 302, 397, 492]","[""insufficient_post_history""]",7,5
2,0,2,0,4,4,0,0,0,0,6,6,False,74,y,within_tolerance_under_iid,7,"[587, 682, 777, 872]",,0.6553162837020029,1.1061051329462968,0.7879801811034128,6,0.7879801811034128,1.6667478003484393,1.9301493711292406,3.2765814185100144,3.725476594870603,"[17, 112, 207, 302, 397, 492]","[""insufficient_post_history""]",7,6
0,0,0,0,3,3,0,0,0,0,3,3,True,74,y,noise_baseline_short,8,"[682, 777, 872]",,-1.8170026871751879,0.9445659882261942,1.3956582614412816,3,1.3956582614412816,2.2548113814623374,2.417351018819547,3.6340053743503757,5.843585948187902,"[397, 492, 587]",[],8,3
1,0,1,0,3,3,0,0,0,0,4,4,False,74,y,noise_baseline_short,8,"[682, 777, 872]",,-0.9448691131929714,0.5570761612623005,1.0034711619420709,4,1.0034711619420709,1.9518663208404,2.0069423238841417,2.8346073395789144,4.027817491397479,"[302, 397, 492, 587]","[""insufficient_post_history""]",8,4
2,0,2,0,3,3,0,0,0,0,5,5,False,74,y,high_noise_under_iid,8,"[682, 777, 872]",,0.2095391938999444,1.114152322524601,1.03405068544815,5,1.03405068544815,2.642356881252883,2.312207624842316,0.8381567755997776,5.346304100378944,"[207, 302, 397, 492, 587]","[""insufficient_post_history""]",8,5
3,0,3,0,3,3,0,0,0,0,6,6,False,74,y,within_tolerance_under_iid,8,"[682, 777, 872]",,0.3377233908715658,1.8170026871751879,0.8817698700455443,6,0.8817698700455443,2.309195967140012,2.1598862521718165,1.6886169543578289,4.665108622320815,"[112, 207, 302, 397, 492, 587]","[""insufficient_post_history""]",8,6
1,0,1,0,2,2,0,0,0,0,3,3,False,74,y,noise_baseline_short,9,"[777, 872]",,2.154619746715939,4.309239493431878,2.5660826450939327,3,2.5660826450939327,5.497627519470297,4.444585517723427,4.309239493431878,19.75434042435682,"[492, 587, 682]","[""insufficient_post_history""]",9,3
2,0,2,0,2,2,0,0,0,0,4,4,False,74,y,noise_baseline_short,9,"[777, 872]",,1.1182845082397648,2.289285681288285,1.8270349074853638,4,1.8270349074853638,4.111196749803843,3.6540698149707276,3.354853524719294,13.352226212680206,"[397, 492, 587, 682]","[""insufficient_post_history""]",9,4
3,0,3,0,2,2,0,0,0,0,5,5,False,74,y,high_noise_under_iid,9,"[777, 872]",,0.7212778257562582,0.9445659882261942,1.42447249025451,5,1.42447249025451,3.4341432939701746,3.1852173202874914,2.885111303025033,10.145609377459426,"[302, 397, 492, 587, 682]","[""insufficient_post_history""]",9,5
4,0,4,0,2,2,0,0,0,0,6,6,False,74,y,high_noise_under_iid,9,"[777, 872]",,1.0698132054085612,2.289285681288285,1.3933561030517188,6,1.3933561030517188,3.090893145361859,3.4130114824695257,5.349066027042806,11.64864737946883,"[207, 302, 397, 492, 587, 682]","[""insufficient_post_history""]",9,6
2,0,2,0,1,1,0,0,0,0,3,3,False,74,y,noise_baseline_short,10,[872],,0.3076324462741784,0.6152648925483568,2.865569067177331,3,2.865569067177331,7.005686335297925,4.96331121694889,0.6152648925483568,24.63445823629067,"[587, 682, 777]","[""insufficient_post_history""]",10,3
3,0,3,0,1,1,0,0,0,0,4,4,False,74,y,noise_baseline_short,10,[872],,-0.300210855407619,2.289285681288285,2.05673390115185,4,2.05673390115185,5.01553682536799,4.1134678023037,0.9006325662228569,16.920617360589233,"[492, 587, 682, 777]","[""insufficient_post_history""]",10,4
4,0,4,0,1,1,0,0,0,0,5,5,False,74,y,high_noise_under_iid,10,[872],,-0.17282414701721593,3.018740481802019,1.5933012095318406,5,1.5933012095318406,4.101767628230145,3.5627298131458316,0.6912965880688637,12.693043721478132,"[397, 492, 587, 682, 777]","[""insufficient_post_history""]",10,5
5,0,5,0,1,1,0,0,0,0,6,6,False,74,y,high_noise_under_iid,10,[872],,-0.08751216157486894,1.9816532350141065,1.300991132395319,6,1.300991132395319,3.5582058742688805,3.186764434254205,0.4375608078743447,10.155467559427525,"[302, 397, 492, 587, 682, 777]","[""insufficient_post_history""]",10,6
0,0,0,0,3,3,3,0,3,0,0,0,False,75,y,pre_data_incomplete,1,"[16, 111, 206]",,,,,,,,,,,[],"[""insufficient_pre_history""]",1,3
0,0,0,0,4,4,4,0,4,0,0,0,False,75,y,pre_data_incomplete,1,"[16, 111, 206, 301]",,,,,,,,,,,[],"[""insufficient_pre_history""]",1,4
0,0,0,0,5,5,5,0,5,0,0,0,False,75,y,pre_data_incomplete,1,"[16, 111, 206, 301, 396]",,,,,,,,,,,[],"[""insufficient_pre_history""]",1,5
0,0,0,0,6,6,6,0,6,0,0,0,False,75,y,pre_data_incomplete,1,"[16, 111, 206, 301, 396, 491]",,,,,,,,,,,[],"[""insufficient_pre_history""]",1,6
0,0,0,0,3,3,2,0,2,0,1,1,False,75,y,pre_data_incomplete,2,"[111, 206, 301]",,,,,,,,,,,[16],"[""insufficient_pre_history""]",2,3
0,0,0,0,4,4,3,0,3,0,1,1,False,75,y,pre_data_incomplete,2,"[111, 206, 301, 396]",,,,,,,,,,,[16],"[""insufficient_pre_history""]",2,4
0,0,0,0,5,5,4,0,4,0,1,1,False,75,y,pre_data_incomplete,2,"[111, 206, 301, 396, 491]",,,,,,,,,,,[16],"[""insufficient_pre_history""]",2,5
0,0,0,0,6,6,5,0,5,0,1,1,False,75,y,pre_data_incomplete,2,"[111, 206, 301, 396, 491, 586]",,,,,,,,,,,[16],"[""insufficient_pre_history""]",2,6
0,0,0,0,3,3,1,0,1,0,2,2,False,75,y,pre_data_incomplete,3,"[206, 301, 396]",,,,,,,,,,,"[16, 111]","[""insufficient_pre_history""]",3,3
0,0,0,0,4,4,2,0,2,0,2,2,False,75,y,pre_data_incomplete,3,"[206, 301, 396, 491]",,,,,,,,,,,"[16, 111]","[""insufficient_pre_history""]",3,4
0,0,0,0,5,5,3,0,3,0,2,2,False,75,y,pre_data_incomplete,3,"[206, 301, 396, 491, 586]",,,,,,,,,,,"[16, 111]","[""insufficient_pre_history""]",3,5
0,0,0,0,6,6,4,0,4,0,2,2,False,75,y,pre_data_incomplete,3,"[206, 301, 396, 491, 586, 681]",,,,,,,,,,,"[16, 111]","[""insufficient_pre_history""]",3,6
0,0,0,0,3,3,0,0,0,0,3,3,True,75,y,noise_baseline_short,4,"[301, 396, 491]",,1.0147779179210357,0.5185710569834163,0.7774946764334353,3,0.7774946764334353,1.2519741953785186,1.3466602821970344,2.0295558358420713,1.8134939156469965,"[16, 111, 206]",[],4,3
0,0,0,0,4,4,1,0,1,0,3,3,False,75,y,pre_data_incomplete,4,"[301, 396, 491, 586]",,,,,,,,,,,"[16, 111, 206]","[""insufficient_pre_history""]",4,4
0,0,0,0,5,5,2,0,2,0,3,3,False,75,y,pre_data_incomplete,4,"[301, 396, 491, 586, 681]",,,,,,,,,,,"[16, 111, 206]","[""insufficient_pre_history""]",4,5
0,0,0,0,6,6,3,0,3,0,3,3,False,75,y,pre_data_incomplete,4,"[301, 396, 491, 586, 681, 776]",,,,,,,,,,,"[16, 111, 206]","[""insufficient_pre_history""]",4,6
0,0,0,0,3,3,0,0,0,0,3,3,True,75,y,noise_baseline_short,5,"[396, 491, 586]",,0.6456053039678016,1.2569162848898843,0.7356030799889939,3,0.7356030799889939,1.5534023724434856,1.2741019087450902,1.2912106079356032,1.623335673867882,"[111, 206, 301]",[],5,3
0,0,0,0,4,4,0,0,0,0,4,4,True,75,y,noise_baseline_short,5,"[396, 491, 586, 681]",,0.4866045545682048,0.6456053039678016,0.5538689441639224,4,0.5538689441639224,1.117436737600499,1.1077378883278448,1.4598136637046144,1.2270832292370328,"[16, 111, 206, 301]",[],5,4
0,0,0,0,5,5,1,0,1,0,4,4,False,75,y,pre_data_incomplete,5,"[396, 491, 586, 681, 776]",,,,,,,,,,,"[16, 111, 206, 301]","[""insufficient_pre_history""]",5,5
0,0,0,0,6,6,2,0,2,0,4,4,False,75,y,pre_data_incomplete,5,"[396, 491, 586, 681, 776, 871]",,,,,,,,,,,"[16, 111, 206, 301]","[""insufficient_pre_history""]",5,6
0,0,0,0,3,3,0,0,0,0,3,3,True,75,y,noise_baseline_short,6,"[491, 586, 681]",,0.631580537056037,1.2569162848898843,0.7274844153247715,3,0.7274844153247715,1.5419511982117213,1.260039969057043,1.263161074112074,1.5877007236212737,"[206, 301, 396]",[],6,3
0,0,0,0,4,4,0,0,0,0,4,4,True,75,y,noise_baseline_short,6,"[491, 586, 681, 776]",,1.01769476159228,1.2600386795009793,0.819200522418003,4,0.819200522418003,1.1988663003640796,1.638401044836006,3.05308428477684,2.6843579837197162,"[111, 206, 301, 396]",[],6,4
0,0,0,0,5,5,0,0,0,0,5,5,True,75,y,within_tolerance_under_iid,6,"[491, 586, 681, 776, 871]",,0.7876644427843893,1.2569162848898843,0.6931036369935716,5,0.6931036369935716,1.0651604398721521,1.5498268477699642,3.150657771137557,2.4019632580685837,"[16, 111, 206, 301, 396]",[],6,5
1,0,1,0,5,5,1,0,1,0,5,5,False,75,y,pre_data_incomplete,6,"[491, 586, 681, 776, 871]",,,,,,,,,,,"[16, 111, 206, 301, 396]","[""insufficient_pre_history"", ""insufficient_post_history""]",6,6
0,0,0,0,3,3,0,0,0,0,3,3,True,75,y,noise_baseline_short,7,"[586, 681, 776]",,0.4580289143460251,0.9160578286920501,0.7364641687926431,3,0.7364641687926431,1.6836555047689048,1.2755933583028394,0.9160578286920502,1.6271384157463162,"[301, 396, 491]",[],7,3
0,0,0,0,4,4,0,0,0,0,4,4,True,75,y,noise_baseline_short,7,"[586, 681, 776, 871]",,0.14975019904084558,0.6284581424449421,0.5215048223653039,4,0.5215048223653039,1.2552851760535018,1.0430096447306079,0.44925059712253673,1.0878691190010688,"[206, 301, 396, 491]",[],7,4
1,0,1,0,4,4,0,0,0,0,5,5,False,75,y,within_tolerance_under_iid,7,"[586, 681, 776, 871]",,0.567769794736738,0.9160578286920501,0.6372798038715369,5,0.6372798038715369,1.2778739596555047,1.4250009621444903,2.271079178946952,2.0306277421127232,"[111, 206, 301, 396, 491]","[""insufficient_post_history""]",7,5
2,0,2,0,4,4,0,0,0,0,6,6,False,75,y,within_tolerance_under_iid,7,"[586, 681, 776, 871]",,0.5320124146898281,1.0147779179210357,0.5739300336713858,6,0.5739300336713858,1.1100359613858646,1.4058357305532636,2.6600620734491405,1.9763741013002283,"[16, 111, 206, 301, 396, 491]","[""insufficient_post_history""]",7,6
0,0,0,0,3,3,0,0,0,0,3,3,True,75,y,noise_baseline_short,8,"[681, 776, 871]",,-0.7373137190307663,0.1293920922483756,0.5144655829237835,3,0.5144655829237835,0.7076623315796103,0.8910805283695323,1.4746274380615325,0.7940245080393249,"[396, 491, 586]",[],8,3
1,0,1,0,3,3,0,0,0,0,4,4,False,75,y,noise_baseline_short,8,"[681, 776, 871]",,0.15323302325113689,0.5227249604702129,0.521357691239353,4,0.521357691239353,1.2538668807931177,1.042715382478706,0.4596990697534107,1.0872553688577142,"[301, 396, 491, 586]","[""insufficient_post_history""]",8,4
2,0,2,0,3,3,0,0,0,0,5,5,False,75,y,within_tolerance_under_iid,8,"[681, 776, 871]",,0.04931251007931329,0.21146636394945856,0.4047638988708047,5,0.4047638988708047,1.0412106799424532,0.9050795927129698,0.19725004031725316,0.8191690691454752,"[206, 301, 396, 491, 586]","[""insufficient_post_history""]",8,5
3,0,3,0,3,3,0,0,0,0,6,6,False,75,y,within_tolerance_under_iid,8,"[681, 776, 871]",,0.3765944181368171,0.6284581424449421,0.5238823512136116,6,0.5238823512136116,1.1991322707885919,1.283244445722876,1.8829720906840854,1.6467163074786115,"[111, 206, 301, 396, 491, 586]","[""insufficient_post_history""]",8,6
1,0,1,0,2,2,0,0,0,0,3,3,False,75,y,noise_baseline_short,9,"[776, 871]",,-0.5997690789970711,0.1293920922483756,0.423063543692515,3,0.423063543692515,0.5953576032671634,0.7327675525055716,1.1995381579941422,0.5369482860050055,"[491, 586, 681]","[""insufficient_post_history""]",9,3
2,0,2,0,2,2,0,0,0,0,4,4,False,75,y,review_trend,9,"[776, 871]",,-0.8281280972663776,0.664465125121259,0.5742573131586702,4,0.5742573131586702,0.513943972230644,1.1485146263173405,2.484384291799133,1.3190858468648603,"[396, 491, 586, 681]","[""insufficient_post_history""]",9,4
3,0,3,0,2,2,0,0,0,0,5,5,False,75,y,within_tolerance_under_iid,9,"[776, 871]",,-0.20415880966657168,0.9160578286920501,0.491856774249742,5,0.491856774249742,1.2140364535798913,1.0998251824161913,0.8166352386662867,1.2096154318768082,"[301, 396, 491, 586, 681]","[""insufficient_post_history""]",9,5
4,0,4,0,2,2,0,0,0,0,6,6,False,75,y,within_tolerance_under_iid,9,"[776, 871]",,-0.1762757953842432,0.6284581424449421,0.40757717280948574,6,0.40757717280948574,1.0535409725290845,0.998356104189402,0.881378976921216,0.9967149107722402,"[206, 301, 396, 491, 586, 681]","[""insufficient_post_history""]",9,6
2,0,2,0,1,1,0,0,0,0,3,3,False,75,y,noise_baseline_short,10,[871],,1.7397320228009028,1.328930250242518,1.4335926385396924,3,1.4335926385396924,2.505552253961857,2.483055287307472,3.4794640456018056,6.165563559825592,"[586, 681, 776]","[""insufficient_post_history""]",10,3
3,0,3,0,1,1,0,0,0,0,4,4,False,75,y,noise_baseline_short,10,[871],,0.9497638163308026,0.664465125121259,1.035543919967031,4,1.035543919967031,2.0442551196110488,2.071087839934062,2.8492914489924077,4.28940484072274,"[491, 586, 681, 776]","[""insufficient_post_history""]",10,4
4,0,4,0,1,1,0,0,0,0,5,5,False,75,y,within_tolerance_under_iid,10,[871],,0.28101350570864037,1.328930250242518,0.8252246261349376,5,0.8252246261349376,2.068028672245169,1.84525836074457,1.1240540228345615,3.4049784178977376,"[396, 491, 586, 681, 776]","[""insufficient_post_history""]",10,5
5,0,5,0,1,1,0,0,0,0,6,6,False,75,y,within_tolerance_under_iid,10,[871],,0.4098082531442109,1.122494039467284,0.7338547132842879,6,0.7338547132842879,1.8177790796908948,1.797569592882953,2.0490412657210544,3.231256441257385,"[301, 396, 491, 586, 681, 776]","[""insufficient_post_history""]",10,6
0,0,0,0,3,3,3,0,3,0,0,0,False,76,y,pre_data_incomplete,1,"[15, 110, 205]",,,,,,,,,,,[],"[""insufficient_pre_history""]",1,3
0,0,0,0,4,4,4,0,4,0,0,0,False,76,y,pre_data_incomplete,1,"[15, 110, 205, 300]",,,,,,,,,,,[],"[""insufficient_pre_history""]",1,4
0,0,0,0,5,5,5,0,5,0,0,0,False,76,y,pre_data_incomplete,1,"[15, 110, 205, 300, 395]",,,,,,,,,,,[],"[""insufficient_pre_history""]",1,5
0,0,0,0,6,6,6,0,6,0,0,0,False,76,y,pre_data_incomplete,1,"[15, 110, 205, 300, 395, 490]",,,,,,,,,,,[],"[""insufficient_pre_history""]",1,6
0,0,0,0,3,3,2,0,2,0,1,1,False,76,y,pre_data_incomplete,2,"[110, 205, 300]",,,,,,,,,,,[15],"[""insufficient_pre_history""]",2,3
0,0,0,0,4,4,3,0,3,0,1,1,False,76,y,pre_data_incomplete,2,"[110, 205, 300, 395]",,,,,,,,,,,[15],"[""insufficient_pre_history""]",2,4
0,0,0,0,5,5,4,0,4,0,1,1,False,76,y,pre_data_incomplete,2,"[110, 205, 300, 395, 490]",,,,,,,,,,,[15],"[""insufficient_pre_history""]",2,5
0,0,0,0,6,6,5,0,5,0,1,1,False,76,y,pre_data_incomplete,2,"[110, 205, 300, 395, 490, 585]",,,,,,,,,,,[15],"[""insufficient_pre_history""]",2,6
0,0,0,0,3,3,1,0,1,0,2,2,False,76,y,pre_data_incomplete,3,"[205, 300, 395]",,,,,,,,,,,"[15, 110]","[""insufficient_pre_history""]",3,3
0,0,0,0,4,4,2,0,2,0,2,2,False,76,y,pre_data_incomplete,3,"[205, 300, 395, 490]",,,,,,,,,,,"[15, 110]","[""insufficient_pre_history""]",3,4
0,0,0,0,5,5,3,0,3,0,2,2,False,76,y,pre_data_incomplete,3,"[205, 300, 395, 490, 585]",,,,,,,,,,,"[15, 110]","[""insufficient_pre_history""]",3,5
0,0,0,0,6,6,4,0,4,0,2,2,False,76,y,pre_data_incomplete,3,"[205, 300, 395, 490, 585, 680]",,,,,,,,,,,"[15, 110]","[""insufficient_pre_history""]",3,6
0,0,0,0,3,3,0,0,0,0,3,3,True,76,y,noise_baseline_short,4,"[300, 395, 490]",,2.383715283546686,0.4436557198872684,1.5206039286191724,3,1.5206039286191724,1.5840520005240508,2.633763262557245,4.767430567093372,6.936708923196183,"[15, 110, 205]",[],4,3
0,0,0,0,4,4,1,0,1,0,3,3,False,76,y,pre_data_incomplete,4,"[300, 395, 490, 585]",,,,,,,,,,,"[15, 110, 205]","[""insufficient_pre_history""]",4,4
0,0,0,0,5,5,2,0,2,0,3,3,False,76,y,pre_data_incomplete,4,"[300, 395, 490, 585, 680]",,,,,,,,,,,"[15, 110, 205]","[""insufficient_pre_history""]",4,5
0,0,0,0,6,6,3,0,3,0,3,3,False,76,y,pre_data_incomplete,4,"[300, 395, 490, 585, 680, 775]",,,,,,,,,,,"[15, 110, 205]","[""insufficient_pre_history""]",4,6
0,0,0,0,3,3,0,0,0,0,3,3,True,76,y,noise_baseline_short,5,"[395, 490, 585]",,1.1098934341060276,2.1039879789940494,1.2483154890885362,3,1.2483154890885362,2.624123185303381,2.162145850976537,2.219786868212055,4.674874680895052,"[110, 205, 300]",[],5,3
0,0,0,0,4,4,0,0,0,0,4,4,True,76,y,noise_baseline_short,5,"[395, 490, 585, 680]",,1.2314102611504074,1.3317212940496617,1.0998901376512231,4,1.0998901376512231,1.8621551523029094,2.1997802753024462,3.6942307834512222,4.839033259609705,"[15, 110, 205, 300]",[],5,4
0,0,0,0,5,5,1,0,1,0,4,4,False,76,y,pre_data_incomplete,5,"[395, 490, 585, 680, 775]",,,,,,,,,,,"[15, 110, 205, 300]","[""insufficient_pre_history""]",5,5
0,0,0,0,6,6,2,0,2,0,4,4,False,76,y,pre_data_incomplete,5,"[395, 490, 585, 680, 775, 870]",,,,,,,,,,,"[15, 110, 205, 300]","[""insufficient_pre_history""]",5,6
0,0,0,0,3,3,0,0,0,0,3,3,True,76,y,review_trend,6,"[490, 585, 680]",,-1.2929588950670152,0.481929811139981,0.7939350860656245,3,0.7939350860656245,0.662202474059369,1.3751359069772309,2.5859177901340304,1.8909987626580913,"[205, 300, 395]",[],6,3
0,0,0,0,4,4,0,0,0,0,4,4,True,76,y,noise_baseline_short,6,"[490, 585, 680, 775]",,0.3109583192222173,1.1098934341060276,0.889623309754174,4,0.889623309754174,2.122931960476845,1.779246619508348,0.9328749576666518,3.165718533031884,"[110, 205, 300, 395]",[],6,4
0,0,0,0,5,5,0,0,0,0,5,5,True,76,y,within_tolerance_under_iid,6,"[490, 585, 680, 775, 870]",,0.6582812422130739,1.737857057072074,0.8530344156150185,5,0.8530344156150185,1.8457168748192165,1.9074429404619895,2.6331249688522957,3.6383385711182807,"[15, 110, 205, 300, 395]",[],6,5
1,0,1,0,5,5,1,0,1,0,5,5,False,76,y,pre_data_incomplete,6,"[490, 585, 680, 775, 870]",,,,,,,,,,,"[15, 110, 205, 300, 395]","[""insufficient_pre_history"", ""insufficient_post_history""]",6,6
0,0,0,0,3,3,0,0,0,0,3,3,True,76,y,noise_baseline_short,7,"[585, 680, 775]",,-0.2985602153613831,0.1151906195827852,0.18289007483121683,3,0.18289007483121683,0.14972064799932439,0.3167749018077415,0.5971204307227662,0.10034633841530426,"[300, 395, 490]",[],7,3
0,0,0,0,4,4,0,0,0,0,4,4,True,76,y,noise_baseline_short,7,"[585, 680, 775, 870]",,-0.8585255040290427,0.2985602153613831,0.6293482227772412,4,0.6293482227772412,0.73062302893245,1.2586964455544825,2.575576512087128,1.5843167420514883,"[205, 300, 395, 490]",[],7,4
1,0,1,0,4,4,0,0,0,0,5,5,False,76,y,within_tolerance_under_iid,7,"[585, 680, 775, 870]",,0.06594150848445471,0.481929811139981,0.6948919131232288,5,0.6948919131232288,1.7901594522154691,1.5538255547584179,0.26376603393781883,2.414373854620305,"[110, 205, 300, 395, 490]","[""insufficient_post_history""]",7,5
2,0,2,0,4,4,0,0,0,0,6,6,False,76,y,within_tolerance_under_iid,7,"[585, 680, 775, 870]",,0.38403411368871304,1.1098934341060276,0.6965602525444204,6,0.6965602525444204,1.7302418222896319,1.706217193838018,1.9201705684435653,2.9111771125484807,"[15, 110, 205, 300, 395, 490]","[""insufficient_post_history""]",7,6
0,0,0,0,3,3,0,0,0,0,3,3,True,76,y,noise_baseline_short,8,"[680, 775, 870]",,0.433065712531462,0.1151906195827852,0.3096992698686396,3,0.3096992698686396,0.4476494206432587,0.5364148704794689,0.866131425062924,0.2877409132715054,"[395, 490, 585]",[],8,3
1,0,1,0,3,3,0,0,0,0,4,4,False,76,y,noise_baseline_short,8,"[680, 775, 870]",,0.10374142221860436,0.2985602153613831,0.2265164412457178,4,0.2265164412457178,0.5300495092139049,0.4530328824914356,0.31122426665581304,0.20523879261849887,"[300, 395, 490, 585]","[""insufficient_post_history""]",8,4
2,0,2,0,3,3,0,0,0,0,5,5,False,76,y,within_tolerance_under_iid,8,"[680, 775, 870]",,-0.40366931608649786,0.481929811139981,0.48816240665410227,5,0.48816240665410227,1.0225069743705244,1.0915643253384684,1.6146772643459915,1.1915126763516255,"[205, 300, 395, 490, 585]","[""insufficient_post_history""]",8,5
3,0,3,0,3,3,0,0,0,0,6,6,False,76,y,within_tolerance_under_iid,8,"[680, 775, 870]",,0.12670535343955888,0.4906610223228546,0.5768048280056478,6,0.5768048280056478,1.5572543925920939,1.4128775097876494,0.6335267671977944,1.9962228576637493,"[110, 205, 300, 395, 490, 585]","[""insufficient_post_history""]",8,6
1,0,1,0,2,2,0,0,0,0,3,3,False,76,y,noise_baseline_short,9,"[775, 870]",,-2.279339350153995,0.9813220446457092,1.7067863353558954,3,1.7067863353558954,2.662318880416989,2.9562406505007033,4.55867870030799,8.739358783672822,"[490, 585, 680]","[""insufficient_post_history""]",9,3
2,0,2,0,2,2,0,0,0,0,4,4,False,76,y,noise_baseline_short,9,"[775, 870]",,-1.304028591502662,0.4906610223228546,1.250372108328945,4,1.250372108328945,2.264808167832495,2.50074421665789,3.912085774507986,6.2537216371478825,"[395, 490, 585, 680]","[""insufficient_post_history""]",9,4
3,0,3,0,2,2,0,0,0,0,5,5,False,76,y,high_noise_under_iid,9,"[775, 870]",,-0.944546683699859,0.481929811139981,1.0117477173540104,5,1.0117477173540104,1.9622253093989144,2.2623366720838107,3.778186734799436,5.118167217855253,"[300, 395, 490, 585, 680]","[""insufficient_post_history""]",9,5
4,0,4,0,2,2,0,0,0,0,6,6,False,76,y,within_tolerance_under_iid,9,"[775, 870]",,-1.0074720379410853,0.4906610223228546,0.9900483749561543,6,0.9900483749561543,1.70611951266751,2.4251133393142537,5.037360189705426,5.8811747085199295,"[205, 300, 395, 490, 585, 680]","[""insufficient_post_history""]",9,6
2,0,2,0,1,1,0,0,0,0,3,3,False,76,y,noise_baseline_short,10,[870],,2.8878375268041117,5.5400007449537,3.266790383347068,3,3.266790383347068,6.881301133502088,5.6582469216345315,5.775675053608223,32.015758226186655,"[585, 680, 775]","[""insufficient_post_history""]",10,3
3,0,3,0,1,1,0,0,0,0,4,4,False,76,y,noise_baseline_short,10,[870],,1.4730990549808094,2.77000037247685,2.325116948630763,4,2.325116948630763,5.197303231907561,4.650233897261526,4.419297164942428,21.624675299240113,"[490, 585, 680, 775]","[""insufficient_post_history""]",10,4
4,0,4,0,1,1,0,0,0,0,5,5,False,76,y,high_noise_under_iid,10,[870],,0.8724934257034305,0.866131425062924,1.8061511670808093,5,1.8061511670808093,4.382966764950819,4.03867678723327,3.489973702813722,16.310910191736852,"[395, 490, 585, 680, 775]","[""insufficient_post_history""]",10,5
5,0,5,0,1,1,0,0,0,0,6,6,False,76,y,high_noise_under_iid,10,[870],,0.507402783503692,0.4906610223228546,1.474752275064193,6,1.474752275064193,3.8968359104481403,3.6123905709158968,2.53701391751846,13.04936563684208,"[300, 395, 490, 585, 680, 775]","[""insufficient_post_history""]",10,6
0,0,0,0,3,3,3,0,3,0,0,0,False,77,y,pre_data_incomplete,1,"[14, 109, 204]",,,,,,,,,,,[],"[""insufficient_pre_history""]",1,3
0,0,0,0,4,4,4,0,4,0,0,0,False,77,y,pre_data_incomplete,1,"[14, 109, 204, 299]",,,,,,,,,,,[],"[""insufficient_pre_history""]",1,4
0,0,0,0,5,5,5,0,5,0,0,0,False,77,y,pre_data_incomplete,1,"[14, 109, 204, 299, 394]",,,,,,,,,,,[],"[""insufficient_pre_history""]",1,5
0,0,0,0,6,6,6,0,6,0,0,0,False,77,y,pre_data_incomplete,1,"[14, 109, 204, 299, 394, 489]",,,,,,,,,,,[],"[""insufficient_pre_history""]",1,6
0,0,0,0,3,3,2,0,2,0,1,1,False,77,y,pre_data_incomplete,2,"[109, 204, 299]",,,,,,,,,,,[14],"[""insufficient_pre_history""]",2,3
0,0,0,0,4,4,3,0,3,0,1,1,False,77,y,pre_data_incomplete,2,"[109, 204, 299, 394]",,,,,,,,,,,[14],"[""insufficient_pre_history""]",2,4
0,0,0,0,5,5,4,0,4,0,1,1,False,77,y,pre_data_incomplete,2,"[109, 204, 299, 394, 489]",,,,,,,,,,,[14],"[""insufficient_pre_history""]",2,5
0,0,0,0,6,6,5,0,5,0,1,1,False,77,y,pre_data_incomplete,2,"[109, 204, 299, 394, 489, 584]",,,,,,,,,,,[14],"[""insufficient_pre_history""]",2,6
0,0,0,0,3,3,1,0,1,0,2,2,False,77,y,pre_data_incomplete,3,"[204, 299, 394]",,,,,,,,,,,"[14, 109]","[""insufficient_pre_history""]",3,3
0,0,0,0,4,4,2,0,2,0,2,2,False,77,y,pre_data_incomplete,3,"[204, 299, 394, 489]",,,,,,,,,,,"[14, 109]","[""insufficient_pre_history""]",3,4
0,0,0,0,5,5,3,0,3,0,2,2,False,77,y,pre_data_incomplete,3,"[204, 299, 394, 489, 584]",,,,,,,,,,,"[14, 109]","[""insufficient_pre_history""]",3,5
0,0,0,0,6,6,4,0,4,0,2,2,False,77,y,pre_data_incomplete,3,"[204, 299, 394, 489, 584, 679]",,,,,,,,,,,"[14, 109]","[""insufficient_pre_history""]",3,6
0,0,0,0,3,3,0,0,0,0,3,3,True,77,y,noise_baseline_short,4,"[299, 394, 489]",,0.2854651899505696,0.5709303799011392,1.687313278689161,3,1.687313278689161,4.113292580560927,2.922512326975251,0.5709303799011392,8.541078301322298,"[14, 109, 204]",[],4,3
0,0,0,0,4,4,1,0,1,0,3,3,False,77,y,pre_data_incomplete,4,"[299, 394, 489, 584]",,,,,,,,,,,"[14, 109, 204]","[""insufficient_pre_history""]",4,4
0,0,0,0,5,5,2,0,2,0,3,3,False,77,y,pre_data_incomplete,4,"[299, 394, 489, 584, 679]",,,,,,,,,,,"[14, 109, 204]","[""insufficient_pre_history""]",4,5
0,0,0,0,6,6,3,0,3,0,3,3,False,77,y,pre_data_incomplete,4,"[299, 394, 489, 584, 679, 774]",,,,,,,,,,,"[14, 109, 204]","[""insufficient_pre_history""]",4,6
0,0,0,0,3,3,0,0,0,0,3,3,True,77,y,noise_baseline_short,5,"[394, 489, 584]",,1.2443162409705388,2.4886324819410772,1.537756474490546,3,1.537756474490546,3.330393975784165,2.66347234348562,2.4886324819410777,7.094084924512781,"[109, 204, 299]",[],5,3
0,0,0,0,4,4,0,0,0,0,4,4,True,77,y,noise_baseline_short,5,"[394, 489, 584, 679]",,-0.1467709779524628,1.4172833502922806,1.2127669741346818,4,1.2127669741346818,2.961582026787026,2.4255339482693636,0.4403129338573884,5.883214934207168,"[14, 109, 204, 299]",[],5,4
0,0,0,0,5,5,1,0,1,0,4,4,False,77,y,pre_data_incomplete,5,"[394, 489, 584, 679, 774]",,,,,,,,,,,"[14, 109, 204, 299]","[""insufficient_pre_history""]",5,5
0,0,0,0,6,6,2,0,2,0,4,4,False,77,y,pre_data_incomplete,5,"[394, 489, 584, 679, 774, 869]",,,,,,,,,,,"[14, 109, 204, 299]","[""insufficient_pre_history""]",5,6
0,0,0,0,3,3,0,0,0,0,3,3,True,77,y,noise_baseline_short,6,"[489, 584, 679]",,-1.6821800801185722,0.5297934596525833,1.0444128807278494,3,1.0444128807278494,0.9409197355173371,1.808976173500009,3.3643601602371445,3.2723947962907345,"[204, 299, 394]",[],6,3
0,0,0,0,4,4,0,0,0,0,4,4,True,77,y,noise_baseline_short,6,"[489, 584, 679, 774]",,0.30419503662809205,1.2443162409705388,1.099253158019859,4,1.099253158019859,2.649303395560214,2.198506316039718,0.9125851098842761,4.8334300216665325,"[109, 204, 299, 394]",[],6,4
0,0,0,0,5,5,0,0,0,0,5,5,True,77,y,within_tolerance_under_iid,6,"[489, 584, 679, 774, 869]",,-0.3098227078730934,2.263636320683422,0.9687026368348327,5,0.9687026368348327,2.4363767407824404,2.1660849459459777,1.2392908314923736,4.6919239930537895,"[14, 109, 204, 299, 394]",[],6,5
1,0,1,0,5,5,1,0,1,0,5,5,False,77,y,pre_data_incomplete,6,"[489, 584, 679, 774, 869]",,,,,,,,,,,"[14, 109, 204, 299, 394]","[""insufficient_pre_history"", ""insufficient_post_history""]",6,6
0,0,0,0,3,3,0,0,0,0,3,3,True,77,y,noise_baseline_short,7,"[584, 679, 774]",,0.13908886034764428,0.27817772069528857,0.2369811739422228,3,0.2369811739422228,0.546140127323191,0.4104634337052475,0.27817772069528857,0.1684802304091021,"[299, 394, 489]",[],7,3
0,0,0,0,4,4,0,0,0,0,4,4,True,77,y,noise_baseline_short,7,"[584, 679, 774, 869]",,-0.8198960399320402,0.403985590173936,0.7486055601751567,4,0.7486055601751567,1.2968762152227005,1.4972111203503133,2.4596881197961205,2.2416411389006403,"[204, 299, 394, 489]",[],7,4
1,0,1,0,4,4,0,0,0,0,5,5,False,77,y,within_tolerance_under_iid,7,"[584, 679, 774, 869]",,0.21692602450355877,0.5297934596525833,0.8539421751294074,5,0.8539421751294074,2.1690071283289725,1.9094727524433852,0.8677040980142351,3.646086192323718,"[109, 204, 299, 394, 489]","[""insufficient_post_history""]",7,5
2,0,2,0,4,4,0,0,0,0,6,6,False,77,y,within_tolerance_under_iid,7,"[584, 679, 774, 869]",,-0.19672407524742136,1.3967148901680029,0.7912756553671862,6,0.7912756553671862,2.1275724753882606,1.9382216015359595,0.9836203762371067,3.7567029766606197,"[14, 109, 204, 299, 394, 489]","[""insufficient_post_history""]",7,6
0,0,0,0,3,3,0,0,0,0,3,3,True,77,y,noise_baseline_short,8,"[679, 774, 869]",,3.039745765567671,0.8079711803478719,1.9061590453956458,3,1.9061590453956458,1.8222363182333599,3.3015643139322486,6.079491531135342,10.90032691903092,"[394, 489, 584]",[],8,3
1,0,1,0,3,3,0,0,0,0,4,4,False,77,y,noise_baseline_short,8,"[679, 774, 869]",,1.745706539479615,0.403985590173936,1.4183262888068315,4,1.4183262888068315,2.1097792453639856,2.836652577613663,5.237119618438845,8.046597846082237,"[299, 394, 489, 584]","[""insufficient_post_history""]",8,4
2,0,2,0,3,3,0,0,0,0,5,5,False,77,y,high_noise_under_iid,8,"[679, 774, 869]",,0.5708440462491683,0.8079711803478719,1.1393854694464707,5,1.1393854694464707,2.7510819513016975,2.547743362257818,2.283376184996673,6.490996239928772,"[204, 299, 394, 489, 584]","[""insufficient_post_history""]",8,5
3,0,3,0,3,3,0,0,0,0,6,6,False,77,y,high_noise_under_iid,8,"[679, 774, 869]",,0.9140769247942507,1.6483018311444746,1.1557986970641878,6,1.1557986970641878,2.522609160984674,2.8311170531808894,4.570384623971254,8.015223768811643,"[109, 204, 299, 394, 489, 584]","[""insufficient_post_history""]",8,6
1,0,1,0,2,2,0,0,0,0,3,3,False,77,y,noise_baseline_short,9,"[774, 869]",,-0.10411058471041312,0.20822116942082625,1.7928848570647276,3,1.7928848570647276,4.389184279163334,3.1053676645569723,0.20822116942082625,9.643308332076025,"[489, 584, 679]","[""insufficient_post_history""]",9,3
2,0,2,0,2,2,0,0,0,0,4,4,False,77,y,noise_baseline_short,9,"[774, 869]",,0.7070770383568608,0.4039855901739359,1.4129798946838839,4,1.4129798946838839,3.2755424361861816,2.8259597893677677,2.1212311150705823,7.986048731123518,"[394, 489, 584, 679]","[""insufficient_post_history""]",9,4
3,0,3,0,2,2,0,0,0,0,5,5,False,77,y,high_noise_under_iid,9,"[774, 869]",,0.6219404633684267,0.20822116942082625,1.1269192133039074,5,1.1269192133039074,2.678982323353442,2.5198679660981225,2.4877618534737067,6.349734566567488,"[299, 394, 489, 584, 679]","[""insufficient_post_history""]",9,5
4,0,4,0,2,2,0,0,0,0,6,6,False,77,y,within_tolerance_under_iid,9,"[774, 869]",,0.10382898994987576,0.4389638658111671,0.9657999311296506,6,0.9657999311296506,2.636021015370796,2.3657170248827786,0.5191449497493787,5.596617041820226,"[204, 299, 394, 489, 584, 679]","[""insufficient_post_history""]",9,6
2,0,2,0,1,1,0,0,0,0,3,3,False,77,y,noise_baseline_short,10,[869],,-2.115083742856444,1.2495740344954078,1.6580329602869508,3,1.6580329602869508,2.7472315711996695,2.871797327840829,4.230167485712888,8.247219892193726,"[584, 679, 774]","[""insufficient_post_history""]",10,3
3,0,3,0,1,1,0,0,0,0,4,4,False,77,y,noise_baseline_short,10,[869],,-0.2355682924984551,0.6247870172477039,1.2780194476132039,4,1.2780194476132039,3.1082585477705615,2.5560388952264077,0.7067048774953653,6.533334833910235,"[489, 584, 679, 774]","[""insufficient_post_history""]",10,4
4,0,4,0,1,1,0,0,0,0,5,5,False,77,y,high_noise_under_iid,10,[869],,0.349042692142408,0.8079711803478719,1.094498753827187,5,1.094498753827187,2.7531946554990205,2.4473736148463985,1.396170768569632,5.989637610646328,"[394, 489, 584, 679, 774]","[""insufficient_post_history""]",10,5
5,0,5,0,1,1,0,0,0,0,6,6,False,77,y,within_tolerance_under_iid,10,[869],,0.39052638035479875,0.4389638658111671,0.9210381212329448,6,0.9210381212329448,2.3864406907700175,2.2560734306723873,1.9526319017739937,5.089867324585876,"[299, 394, 489, 584, 679, 774]","[""insufficient_post_history""]",10,6
0,0,0,0,3,3,3,0,3,0,0,0,False,78,y,pre_data_incomplete,1,"[13, 108, 203]",,,,,,,,,,,[],"[""insufficient_pre_history""]",1,3
0,0,0,0,4,4,4,0,4,0,0,0,False,78,y,pre_data_incomplete,1,"[13, 108, 203, 298]",,,,,,,,,,,[],"[""insufficient_pre_history""]",1,4
0,0,0,0,5,5,5,0,5,0,0,0,False,78,y,pre_data_incomplete,1,"[13, 108, 203, 298, 393]",,,,,,,,,,,[],"[""insufficient_pre_history""]",1,5
0,0,0,0,6,6,6,0,6,0,0,0,False,78,y,pre_data_incomplete,1,"[13, 108, 203, 298, 393, 488]",,,,,,,,,,,[],"[""insufficient_pre_history""]",1,6
0,0,0,0,3,3,2,0,2,0,1,1,False,78,y,pre_data_incomplete,2,"[108, 203, 298]",,,,,,,,,,,[13],"[""insufficient_pre_history""]",2,3
0,0,0,0,4,4,3,0,3,0,1,1,False,78,y,pre_data_incomplete,2,"[108, 203, 298, 393]",,,,,,,,,,,[13],"[""insufficient_pre_history""]",2,4
0,0,0,0,5,5,4,0,4,0,1,1,False,78,y,pre_data_incomplete,2,"[108, 203, 298, 393, 488]",,,,,,,,,,,[13],"[""insufficient_pre_history""]",2,5
0,0,0,0,6,6,5,0,5,0,1,1,False,78,y,pre_data_incomplete,2,"[108, 203, 298, 393, 488, 583]",,,,,,,,,,,[13],"[""insufficient_pre_history""]",2,6
0,0,0,0,3,3,1,0,1,0,2,2,False,78,y,pre_data_incomplete,3,"[203, 298, 393]",,,,,,,,,,,"[13, 108]","[""insufficient_pre_history""]",3,3
0,0,0,0,4,4,2,0,2,0,2,2,False,78,y,pre_data_incomplete,3,"[203, 298, 393, 488]",,,,,,,,,,,"[13, 108]","[""insufficient_pre_history""]",3,4
0,0,0,0,5,5,3,0,3,0,2,2,False,78,y,pre_data_incomplete,3,"[203, 298, 393, 488, 583]",,,,,,,,,,,"[13, 108]","[""insufficient_pre_history""]",3,5
0,0,0,0,6,6,4,0,4,0,2,2,False,78,y,pre_data_incomplete,3,"[203, 298, 393, 488, 583, 678]",,,,,,,,,,,"[13, 108]","[""insufficient_pre_history""]",3,6
0,0,0,0,3,3,0,0,0,0,3,3,True,78,y,noise_baseline_short,4,"[298, 393, 488]",,2.464045528125518,1.6557726854564194,1.9773007191901109,3,1.9773007191901109,3.363817485433424,3.424785307479753,4.928091056251036,11.729154402329186,"[13, 108, 203]",[],4,3
0,0,0,0,4,4,1,0,1,0,3,3,False,78,y,pre_data_incomplete,4,"[298, 393, 488, 583]",,,,,,,,,,,"[13, 108, 203]","[""insufficient_pre_history""]",4,4
0,0,0,0,5,5,2,0,2,0,3,3,False,78,y,pre_data_incomplete,4,"[298, 393, 488, 583, 678]",,,,,,,,,,,"[13, 108, 203]","[""insufficient_pre_history""]",4,5
0,0,0,0,6,6,3,0,3,0,3,3,False,78,y,pre_data_incomplete,4,"[298, 393, 488, 583, 678, 773]",,,,,,,,,,,"[13, 108, 203]","[""insufficient_pre_history""]",4,6
0,0,0,0,3,3,0,0,0,0,3,3,True,78,y,noise_baseline_short,5,"[393, 488, 583]",,0.395787781162823,0.791575562325646,0.7210212087609825,3,0.7210212087609825,1.6750921065611017,1.2488453669087478,0.791575562325646,1.5596147504494453,"[108, 203, 298]",[],5,3
0,0,0,0,4,4,0,0,0,0,4,4,True,78,y,noise_baseline_short,5,"[393, 488, 583, 678]",,2.047054522664289,1.2236741238910327,1.6544645197304053,4,1.6544645197304053,2.4387366679040543,3.3089290394608106,6.141163567992867,10.949011388187042,"[13, 108, 203, 298]",[],5,4
0,0,0,0,5,5,1,0,1,0,4,4,False,78,y,pre_data_incomplete,5,"[393, 488, 583, 678, 773]",,,,,,,,,,,"[13, 108, 203, 298]","[""insufficient_pre_history""]",5,5
0,0,0,0,6,6,2,0,2,0,4,4,False,78,y,pre_data_incomplete,5,"[393, 488, 583, 678, 773, 868]",,,,,,,,,,,"[13, 108, 203, 298]","[""insufficient_pre_history""]",5,6
0,0,0,0,3,3,0,0,0,0,3,3,True,78,y,review_trend,6,"[488, 583, 678]",,1.6803337444699842,0.9133192411579029,1.0032655418241105,3,1.0032655418241105,0.6262647194762923,1.7377068919224776,3.3606674889399684,3.0196252422348775,"[203, 298, 393]",[],6,3
0,0,0,0,4,4,0,0,0,0,4,4,True,78,y,noise_baseline_short,6,"[488, 583, 678, 773]",,0.7562032658232711,0.8524474017417744,0.7128667594229595,4,0.7128667594229595,1.272582277118732,1.425733518845919,2.2686097974698134,2.0327160667607664,"[108, 203, 298, 393]",[],6,4
0,0,0,0,5,5,0,0,0,0,5,5,True,78,y,high_noise_under_iid,6,"[488, 583, 678, 773, 868]",,1.7369092652707656,1.6557726854564194,1.4667193295827048,5,1.4667193295827048,2.070166972138277,3.2796841248598465,6.9476370610830624,10.756327958857698,"[13, 108, 203, 298, 393]",[],6,5
1,0,1,0,5,5,1,0,1,0,5,5,False,78,y,pre_data_incomplete,6,"[488, 583, 678, 773, 868]",,,,,,,,,,,"[13, 108, 203, 298, 393]","[""insufficient_pre_history"", ""insufficient_post_history""]",6,6
0,0,0,0,3,3,0,0,0,0,3,3,True,78,y,review_trend,7,"[583, 678, 773]",,0.8791957413059188,0.8450722414539349,0.5077313230695434,3,0.5077313230695434,0.02786172095843269,0.8794164481506171,1.7583914826118376,0.773373289277847,"[298, 393, 488]",[],7,3
0,0,0,0,4,4,0,0,0,0,4,4,True,78,y,review_trend,7,"[583, 678, 773, 868]",,1.3530538432339612,0.8791957413059188,0.9084337004865032,4,0.9084337004865032,0.6120653334016948,1.8168674009730064,4.059161529701884,3.3010071527184066,"[203, 298, 393, 488]",[],7,4
1,0,1,0,4,4,0,0,0,0,5,5,False,78,y,within_tolerance_under_iid,7,"[583, 678, 773, 868]",,0.8460601578814936,0.9133192411579029,0.7238042491627692,5,0.7238042491627692,1.0519305925419582,1.6184755035311473,3.3842406315259743,2.619462955530401,"[108, 203, 298, 393, 488]","[""insufficient_post_history""]",7,5
2,0,2,0,4,4,0,0,0,0,6,6,False,78,y,high_noise_under_iid,7,"[583, 678, 773, 868]",,1.5208910454702116,1.680333744469984,1.3469102302960236,6,1.3469102302960236,1.867190238093847,3.299242793559838,7.604455227351058,10.885003010856522,"[13, 108, 203, 298, 393, 488]","[""insufficient_post_history""]",7,6
0,0,0,0,3,3,0,0,0,0,3,3,True,78,y,noise_baseline_short,8,"[678, 773, 868]",,-1.2716377017615996,0.8450722414539349,1.0182582251260717,3,1.0182582251260717,1.728286431451205,1.7636749811432642,2.5432754035231993,3.1105494391106934,"[393, 488, 583]",[],8,3
1,0,1,0,3,3,0,0,0,0,4,4,False,78,y,noise_baseline_short,8,"[678, 773, 868]",,-0.4044796245641954,0.8791957413059188,0.7252319509458087,4,0.7252319509458087,1.6573348724132375,1.4504639018916174,1.2134388736925863,2.1038455306906556,"[298, 393, 488, 583]","[""insufficient_post_history""]",8,4
2,0,2,0,3,3,0,0,0,0,5,5,False,78,y,within_tolerance_under_iid,8,"[678, 773, 868]",,0.3393175653445376,1.6299561623652963,0.7802955996706865,5,0.7802955996706865,1.9171037492178389,1.7447940034076177,1.3572702613781504,3.044306114327182,"[203, 298, 393, 488, 583]","[""insufficient_post_history""]",8,5
3,0,3,0,3,3,0,0,0,0,6,6,False,78,y,within_tolerance_under_iid,8,"[678, 773, 868]",,0.26681815520403884,1.2716377017615996,0.6427638999536543,6,0.6427638999536543,1.669468792269372,1.574443579967789,1.334090776020194,2.4788725865017875,"[108, 203, 298, 393, 488, 583]","[""insufficient_post_history""]",8,6
1,0,1,0,2,2,0,0,0,0,3,3,False,78,y,noise_baseline_short,9,"[773, 868]",,-0.072806692468523,0.1456133849370459,1.1059794176890518,3,1.1059794176890518,2.7071278516491373,1.9156125435628788,0.145613384937046,3.669571417055442,"[488, 583, 678]","[""insufficient_post_history""]",9,3
2,0,2,0,2,2,0,0,0,0,4,4,False,78,y,noise_baseline_short,9,"[773, 868]",,-0.12899710754264676,0.42253612072696745,0.7864618562711555,4,0.7864618562711555,1.9156024832493057,1.572923712542311,0.3869913226279403,2.4740890054778863,"[393, 488, 583, 678]","[""insufficient_post_history""]",9,4
3,0,3,0,2,2,0,0,0,0,5,5,False,78,y,within_tolerance_under_iid,9,"[773, 868]",,0.06822807918263846,0.8450722414539349,0.6234819242904951,5,0.6234819242904951,1.60499672797694,1.3941479654559243,0.27291231673055383,1.9436485495848932,"[298, 393, 488, 583, 678]","[""insufficient_post_history""]",9,5
4,0,4,0,2,2,0,0,0,0,6,6,False,78,y,within_tolerance_under_iid,9,"[773, 868]",,0.46445244233263805,1.2289251695643633,0.7110148179852455,6,0.7110148179852455,1.6875448805909268,1.741623503621707,2.3222622116631904,3.03325242836755,"[203, 298, 393, 488, 583, 678]","[""insufficient_post_history""]",9,6
2,0,2,0,1,1,0,0,0,0,3,3,False,78,y,noise_baseline_short,10,[868],,-0.14356222901138116,0.2871244580227623,1.1318045695338073,3,1.1318045695338073,2.764899505318087,1.960343018671176,0.2871244580227623,3.8429447508528187,"[583, 678, 773]","[""insufficient_post_history""]",10,3
3,0,3,0,1,1,0,0,0,0,4,4,False,78,y,noise_baseline_short,10,[868],,-0.7783682048959601,1.6941738224885672,1.0007171044029533,4,1.0007171044029533,2.119897564101952,2.0014342088059065,2.3351046146878804,4.005738892178526,"[488, 583, 678, 773]","[""insufficient_post_history""]",10,4
4,0,4,0,1,1,0,0,0,0,5,5,False,78,y,within_tolerance_under_iid,10,[868],,-0.5806413108028969,0.8450722414539349,0.7984464267925788,5,0.7984464267925788,1.768133725245131,1.7853804867000156,2.3225652432115877,3.1875834822891846,"[393, 488, 583, 678, 773]","[""insufficient_post_history""]",10,5
5,0,5,0,1,1,0,0,0,0,6,6,False,78,y,within_tolerance_under_iid,10,[868],,-0.3107249764961931,1.2289251695643633,0.6523920544036146,6,0.6523920544036146,1.6642443169982786,1.598027645534899,1.5536248824809653,2.553692355893813,"[298, 393, 488, 583, 678, 773]","[""insufficient_post_history""]",10,6
0,0,0,0,3,3,3,0,3,0,0,0,False,79,y,pre_data_incomplete,1,"[12, 107, 202]",,,,,,,,,,,[],"[""insufficient_pre_history""]",1,3
0,0,0,0,4,4,4,0,4,0,0,0,False,79,y,pre_data_incomplete,1,"[12, 107, 202, 297]",,,,,,,,,,,[],"[""insufficient_pre_history""]",1,4
0,0,0,0,5,5,5,0,5,0,0,0,False,79,y,pre_data_incomplete,1,"[12, 107, 202, 297, 392]",,,,,,,,,,,[],"[""insufficient_pre_history""]",1,5
0,0,0,0,6,6,6,0,6,0,0,0,False,79,y,pre_data_incomplete,1,"[12, 107, 202, 297, 392, 487]",,,,,,,,,,,[],"[""insufficient_pre_history""]",1,6
0,0,0,0,3,3,2,0,2,0,1,1,False,79,y,pre_data_incomplete,2,"[107, 202, 297]",,,,,,,,,,,[12],"[""insufficient_pre_history""]",2,3
0,0,0,0,4,4,3,0,3,0,1,1,False,79,y,pre_data_incomplete,2,"[107, 202, 297, 392]",,,,,,,,,,,[12],"[""insufficient_pre_history""]",2,4
0,0,0,0,5,5,4,0,4,0,1,1,False,79,y,pre_data_incomplete,2,"[107, 202, 297, 392, 487]",,,,,,,,,,,[12],"[""insufficient_pre_history""]",2,5
0,0,0,0,6,6,5,0,5,0,1,1,False,79,y,pre_data_incomplete,2,"[107, 202, 297, 392, 487, 582]",,,,,,,,,,,[12],"[""insufficient_pre_history""]",2,6
0,0,0,0,3,3,1,0,1,0,2,2,False,79,y,pre_data_incomplete,3,"[202, 297, 392]",,,,,,,,,,,"[12, 107]","[""insufficient_pre_history""]",3,3
0,0,0,0,4,4,2,0,2,0,2,2,False,79,y,pre_data_incomplete,3,"[202, 297, 392, 487]",,,,,,,,,,,"[12, 107]","[""insufficient_pre_history""]",3,4
0,0,0,0,5,5,3,0,3,0,2,2,False,79,y,pre_data_incomplete,3,"[202, 297, 392, 487, 582]",,,,,,,,,,,"[12, 107]","[""insufficient_pre_history""]",3,5
0,0,0,0,6,6,4,0,4,0,2,2,False,79,y,pre_data_incomplete,3,"[202, 297, 392, 487, 582, 677]",,,,,,,,,,,"[12, 107]","[""insufficient_pre_history""]",3,6
0,0,0,0,3,3,0,0,0,0,3,3,True,79,y,noise_baseline_short,4,"[297, 392, 487]",,1.6797597821882322,3.3595195643764644,2.043430831864399,3,2.043430831864399,4.4057316686300885,3.5393260225418746,3.3595195643764644,12.526828693842086,"[12, 107, 202]",[],4,3
0,0,0,0,4,4,1,0,1,0,3,3,False,79,y,pre_data_incomplete,4,"[297, 392, 487, 582]",,,,,,,,,,,"[12, 107, 202]","[""insufficient_pre_history""]",4,4
0,0,0,0,5,5,2,0,2,0,3,3,False,79,y,pre_data_incomplete,4,"[297, 392, 487, 582, 677]",,,,,,,,,,,"[12, 107, 202]","[""insufficient_pre_history""]",4,5
0,0,0,0,6,6,3,0,3,0,3,3,False,79,y,pre_data_incomplete,4,"[297, 392, 487, 582, 677, 772]",,,,,,,,,,,"[12, 107, 202]","[""insufficient_pre_history""]",4,6
0,0,0,0,3,3,0,0,0,0,3,3,True,79,y,noise_baseline_short,5,"[392, 487, 582]",,-1.6315321852938132,0.45307311310634935,1.170530319749075,3,1.170530319749075,1.7020730987275547,2.0274179856052417,3.2630643705876263,4.110423688355616,"[107, 202, 297]",[],5,3
0,0,0,0,4,4,0,0,0,0,4,4,True,79,y,noise_baseline_short,5,"[392, 487, 582, 677]",,0.7721640548754464,1.8580687418469877,1.4473373499569995,4,1.4473373499569995,3.3283808538655952,2.894674699913999,2.316492164626339,8.3791416183222,"[12, 107, 202, 297]",[],5,4
0,0,0,0,5,5,1,0,1,0,4,4,False,79,y,pre_data_incomplete,5,"[392, 487, 582, 677, 772]",,,,,,,,,,,"[12, 107, 202, 297]","[""insufficient_pre_history""]",5,5
0,0,0,0,6,6,2,0,2,0,4,4,False,79,y,pre_data_incomplete,5,"[392, 487, 582, 677, 772, 867]",,,,,,,,,,,"[12, 107, 202, 297]","[""insufficient_pre_history""]",5,6
0,0,0,0,3,3,0,0,0,0,3,3,True,79,y,review_trend,6,"[487, 582, 677]",,1.0373080587382861,0.45307311310634935,0.6297578456895359,3,0.6297578456895359,0.4770258355669723,1.090772585199397,2.0746161174765723,1.189784832622576,"[202, 297, 392]",[],6,3
0,0,0,0,4,4,0,0,0,0,4,4,True,79,y,noise_baseline_short,6,"[487, 582, 677, 772]",,-0.4471490985545861,1.0373080587382861,0.8452140788457768,4,0.8452140788457768,1.9458841804252491,1.6904281576915536,1.3414472956637584,2.85754735631646,"[107, 202, 297, 392]",[],6,4
0,0,0,0,5,5,0,0,0,0,5,5,True,79,y,high_noise_under_iid,6,"[487, 582, 677, 772, 867]",,0.7605206993118447,1.621543004370223,1.181979509866049,5,1.181979509866049,2.717694727402003,2.6429865320723693,3.042082797247379,6.9853778087159295,"[12, 107, 202, 297, 392]",[],6,5
1,0,1,0,5,5,1,0,1,0,5,5,False,79,y,pre_data_incomplete,6,"[487, 582, 677, 772, 867]",,,,,,,,,,,"[12, 107, 202, 297, 392]","[""insufficient_pre_history"", ""insufficient_post_history""]",6,6
0,0,0,0,3,3,0,0,0,0,3,3,True,79,y,noise_baseline_short,7,"[582, 677, 772]",,-0.6011852941322948,1.2023705882645896,0.8181817485271635,3,0.8181817485271635,1.8148500560586076,1.4171323582745896,1.2023705882645896,2.0082641208689,"[297, 392, 487]",[],7,3
0,0,0,0,4,4,0,0,0,0,4,4,True,79,y,noise_baseline_short,7,"[582, 677, 772, 867]",,-0.0626349421104498,0.6011852941322948,0.5972216700446702,4,0.5972216700446702,1.4595322877869887,1.1944433400893404,0.18790482633134942,1.42669489268378,"[202, 297, 392, 487]",[],7,4
1,0,1,0,4,4,0,0,0,0,5,5,False,79,y,within_tolerance_under_iid,7,"[582, 677, 772, 867]",,-0.685625380022786,1.2023705882645896,0.8013258223969006,5,0.8013258223969006,1.6473857932582647,1.7918190110053933,2.742501520091144,3.210615368200346,"[107, 202, 297, 392, 487]","[""insufficient_post_history""]",7,5
2,0,2,0,4,4,0,0,0,0,6,6,False,79,y,within_tolerance_under_iid,7,"[582, 677, 772, 867]",,0.2451319845870074,1.4119567963174062,0.9900688938362117,6,0.9900688938362117,2.662495204858565,2.4251636001004875,1.2256599229350371,5.881418487252358,"[12, 107, 202, 297, 392, 487]","[""insufficient_post_history""]",7,6
0,0,0,0,3,3,0,0,0,0,3,3,True,79,y,noise_baseline_short,8,"[677, 772, 867]",,-0.09934897138258547,0.19869794276517105,0.9099977429595713,3,0.9099977429595713,2.2245976977690884,1.576162325578981,0.19869794276517094,2.4842876765745414,"[392, 487, 582]",[],8,3
1,0,1,0,3,3,0,0,0,0,4,4,False,79,y,noise_baseline_short,8,"[677, 772, 867]",,0.14446215921803435,0.8107715021851115,0.6615214609035572,4,0.6615214609035572,1.6042102638996605,1.3230429218071145,0.43338647765410304,1.7504425729439066,"[297, 392, 487, 582]","[""insufficient_post_history""]",8,4
2,0,2,0,3,3,0,0,0,0,5,5,False,79,y,within_tolerance_under_iid,8,"[677, 772, 867]",,0.2549465761158213,1.2023705882645896,0.5440140978001525,5,0.5440140978001525,1.3252734567344302,1.2164525033993598,1.019786304463285,1.4797566930265698,"[202, 297, 392, 487, 582]","[""insufficient_post_history""]",8,5
3,0,3,0,3,3,0,0,0,0,6,6,False,79,y,within_tolerance_under_iid,8,"[677, 772, 867]",,-0.28078417045763915,1.0373080587382861,0.6669728864116228,6,0.6669728864116228,1.729587328281288,1.6337432439797597,1.4039208522881959,2.6691169872495086,"[107, 202, 297, 392, 487, 582]","[""insufficient_post_history""]",8,6
1,0,1,0,2,2,0,0,0,0,3,3,False,79,y,review_trend,9,"[772, 867]",,1.7126394104157527,0.8000631709618644,1.0345260129452445,3,1.0345260129452445,0.7451153793499817,1.7918516161728213,3.4252788208315055,3.2107322143811516,"[487, 582, 677]","[""insufficient_post_history""]",9,3
2,0,2,0,2,2,0,0,0,0,4,4,False,79,y,noise_baseline_short,9,"[772, 867]",,0.4429311334459721,0.40003158548093226,0.7588368604194203,4,0.7588368604194203,1.7217811451946738,1.5176737208388407,1.3287934003379163,2.3033335229248113,"[392, 487, 582, 677]","[""insufficient_post_history""]",9,4
3,0,3,0,2,2,0,0,0,0,5,5,False,79,y,within_tolerance_under_iid,9,"[772, 867]",,0.42471185223686614,0.8000631709618644,0.6219397728188086,5,0.6219397728188086,1.4062218940567346,1.3906996099336322,1.6988474089474646,1.9340454050695568,"[297, 392, 487, 582, 677]","[""insufficient_post_history""]",9,5
4,0,4,0,2,2,0,0,0,0,6,6,False,79,y,within_tolerance_under_iid,9,"[772, 867]",,0.4235579520156192,1.0373080587382861,0.5499070994721995,6,0.5499070994721995,1.2178270724915832,1.3469917996408014,2.1177897600780957,1.8143869082995652,"[202, 297, 392, 487, 582, 677]","[""insufficient_post_history""]",9,6
2,0,2,0,1,1,0,0,0,0,3,3,False,79,y,review_trend,10,[867],,1.0792406466412323,0.8000631709618644,0.6300106862422132,3,0.6300106862422132,0.2279474543642373,1.091210517882848,2.1584812932824646,1.1907403943381534,"[582, 677, 772]","[""insufficient_post_history""]",10,3
3,0,3,0,1,1,0,0,0,0,4,4,False,79,y,review_trend,10,[867],,1.5151154000418185,1.0792406466412323,1.0067738389975043,4,1.0067738389975043,0.5853415146125699,2.0135476779950086,4.545346200125456,4.05437425155909,"[487, 582, 677, 772]","[""insufficient_post_history""]",10,4
4,0,4,0,1,1,0,0,0,0,5,5,False,79,y,within_tolerance_under_iid,10,[867],,0.7344845521866092,0.6013652281966934,0.7801849190319221,5,0.7801849190319221,1.5032292554906919,1.7445465139755474,2.937938208746437,3.043442539424235,"[392, 487, 582, 677, 772]","[""insufficient_post_history""]",10,5
5,0,5,0,1,1,0,0,0,0,6,6,False,79,y,within_tolerance_under_iid,10,[867],,0.6381698031113516,1.1114541162834581,0.68611488783257,6,0.68611488783257,1.322454816913354,1.6806313801167108,3.190849015556758,2.824521835833,"[297, 392, 487, 582, 677, 772]","[""insufficient_post_history""]",10,6
0,0,0,0,3,3,3,0,3,0,0,0,False,8,y,pre_data_incomplete,1,"[83, 178, 273]",,,,,,,,,,,[],"[""insufficient_pre_history""]",1,3
0,0,0,0,4,4,4,0,4,0,0,0,False,8,y,pre_data_incomplete,1,"[83, 178, 273, 368]",,,,,,,,,,,[],"[""insufficient_pre_history""]",1,4
0,0,0,0,5,5,5,0,5,0,0,0,False,8,y,pre_data_incomplete,1,"[83, 178, 273, 368, 463]",,,,,,,,,,,[],"[""insufficient_pre_history""]",1,5
0,0,0,0,6,6,6,0,6,0,0,0,False,8,y,pre_data_incomplete,1,"[83, 178, 273, 368, 463, 558]",,,,,,,,,,,[],"[""insufficient_pre_history""]",1,6
0,0,0,0,3,3,2,0,2,0,1,1,False,8,y,pre_data_incomplete,2,"[178, 273, 368]",,,,,,,,,,,[83],"[""insufficient_pre_history""]",2,3
0,0,0,0,4,4,3,0,3,0,1,1,False,8,y,pre_data_incomplete,2,"[178, 273, 368, 463]",,,,,,,,,,,[83],"[""insufficient_pre_history""]",2,4
0,0,0,0,5,5,4,0,4,0,1,1,False,8,y,pre_data_incomplete,2,"[178, 273, 368, 463, 558]",,,,,,,,,,,[83],"[""insufficient_pre_history""]",2,5
0,0,0,0,6,6,5,0,5,0,1,1,False,8,y,pre_data_incomplete,2,"[178, 273, 368, 463, 558, 653]",,,,,,,,,,,[83],"[""insufficient_pre_history""]",2,6
0,0,0,0,3,3,1,0,1,0,2,2,False,8,y,pre_data_incomplete,3,"[273, 368, 463]",,,,,,,,,,,"[83, 178]","[""insufficient_pre_history""]",3,3
0,0,0,0,4,4,2,0,2,0,2,2,False,8,y,pre_data_incomplete,3,"[273, 368, 463, 558]",,,,,,,,,,,"[83, 178]","[""insufficient_pre_history""]",3,4
0,0,0,0,5,5,3,0,3,0,2,2,False,8,y,pre_data_incomplete,3,"[273, 368, 463, 558, 653]",,,,,,,,,,,"[83, 178]","[""insufficient_pre_history""]",3,5
0,0,0,0,6,6,4,0,4,0,2,2,False,8,y,pre_data_incomplete,3,"[273, 368, 463, 558, 653, 748]",,,,,,,,,,,"[83, 178]","[""insufficient_pre_history""]",3,6
0,0,0,0,3,3,0,0,0,0,3,3,True,8,y,noise_baseline_short,4,"[368, 463, 558]",,2.397813110538322,0.4261188852586635,1.67408731539488,3,1.67408731539488,2.305730819340648,2.899604286570516,4.795626221076644,8.40770501869811,"[83, 178, 273]",[],4,3
0,0,0,0,4,4,1,0,1,0,3,3,False,8,y,pre_data_incomplete,4,"[368, 463, 558, 653]",,,,,,,,,,,"[83, 178, 273]","[""insufficient_pre_history""]",4,4
0,0,0,0,5,5,2,0,2,0,3,3,False,8,y,pre_data_incomplete,4,"[368, 463, 558, 653, 748]",,,,,,,,,,,"[83, 178, 273]","[""insufficient_pre_history""]",4,5
0,0,0,0,6,6,3,0,3,0,3,3,False,8,y,pre_data_incomplete,4,"[368, 463, 558, 653, 748, 843]",,,,,,,,,,,"[83, 178, 273]","[""insufficient_pre_history""]",4,6
0,0,0,0,3,3,0,0,0,0,3,3,True,8,y,noise_baseline_short,5,"[463, 558, 653]",,1.1414280782515949,2.2828561565031897,1.5113482289786928,3,1.5113482289786928,3.3315649025315306,2.6177319205203373,2.2828561565031897,6.8525204077110935,"[178, 273, 368]",[],5,3
0,0,0,0,4,4,0,0,0,0,4,4,True,8,y,noise_baseline_short,5,"[463, 558, 653, 748]",,1.0791956920068886,1.1414280782515949,1.1879797618343773,4,1.1879797618343773,2.3571417295217563,2.3759595236687545,3.2375870760206658,5.645183658112255,"[83, 178, 273, 368]",[],5,4
0,0,0,0,5,5,1,0,1,0,4,4,False,8,y,pre_data_incomplete,5,"[463, 558, 653, 748, 843]",,,,,,,,,,,"[83, 178, 273, 368]","[""insufficient_pre_history""]",5,5
0,0,0,0,6,6,2,0,2,0,4,4,False,8,y,pre_data_incomplete,5,"[463, 558, 653, 748, 843, 938]",,,,,,,,,,,"[83, 178, 273, 368]","[""insufficient_pre_history""]",5,6
0,0,0,0,3,3,0,0,0,0,3,3,True,8,y,noise_baseline_short,6,"[558, 653, 748]",,-1.6552506537667244,0.3716123577013323,1.0470748384327737,3,1.0470748384327737,1.0480862798852848,1.8135868194925373,3.310501307533449,3.2890971518370566,"[273, 368, 463]",[],6,3
0,0,0,0,4,4,0,0,0,0,4,4,True,8,y,noise_baseline_short,6,"[558, 653, 748, 843]",,0.2794842446573456,1.1414280782515949,1.0788254604381693,4,1.0788254604381693,2.6053613256146546,2.1576509208763386,0.8384527339720369,4.655457496358511,"[178, 273, 368, 463]",[],6,4
0,0,0,0,5,5,0,0,0,0,5,5,True,8,y,within_tolerance_under_iid,6,"[558, 653, 748, 843, 938]",,0.5253105983589579,1.485124913543194,0.9203160729673762,5,0.9203160729673762,2.1740991418485187,2.05788929994071,2.1012423934358315,4.234908370810466,"[83, 178, 273, 368, 463]",[],6,5
1,0,1,0,5,5,1,0,1,0,5,5,False,8,y,pre_data_incomplete,6,"[558, 653, 748, 843, 938]",,,,,,,,,,,"[83, 178, 273, 368, 463]","[""insufficient_pre_history"", ""insufficient_post_history""]",6,6
0,0,0,0,3,3,0,0,0,0,3,3,True,8,y,noise_baseline_short,7,"[653, 748, 843]",,1.1106651094394295,0.3716123577013323,0.8095182000267905,3,0.8095182000267905,1.2102744839066417,1.4021266520981064,2.221330218878859,1.9659591485238441,"[368, 463, 558]",[],7,3
0,0,0,0,4,4,0,0,0,0,4,4,True,8,y,noise_baseline_short,7,"[653, 748, 843, 938]",,-0.25242885505611057,1.2964712882900957,0.8153109400475215,4,0.8153109400475215,1.9568062644535589,1.630621880095043,0.7572865651683317,2.6589277158446927,"[273, 368, 463, 558]",[],7,4
1,0,1,0,4,4,0,0,0,0,5,5,False,8,y,within_tolerance_under_iid,7,"[653, 748, 843, 938]",,0.5697871443230649,2.221330218878859,0.9398177192391798,5,0.9398177192391798,2.19230267143631,2.101496306677618,2.2791485772922595,4.41628672697967,"[178, 273, 368, 463, 558]","[""insufficient_post_history""]",7,5
2,0,2,0,4,4,0,0,0,0,6,6,False,8,y,within_tolerance_under_iid,7,"[653, 748, 843, 938]",,0.6624337113482966,1.8839905350231918,0.8621325189883702,6,0.8621325189883702,1.9117303696605659,2.111784762181836,3.3121685567414834,4.459634881783394,"[83, 178, 273, 368, 463, 558]","[""insufficient_post_history""]",7,6
0,0,0,0,3,3,0,0,0,0,3,3,True,8,y,noise_baseline_short,8,"[748, 843, 938]",,1.35558483063316,0.11822708468612864,0.884677272643239,3,0.884677272643239,1.010298368950189,1.532305984519554,2.71116966126632,2.3479616301944395,"[463, 558, 653]",[],8,3
1,0,1,0,3,3,0,0,0,0,4,4,False,8,y,noise_baseline_short,8,"[748, 843, 938]",,0.9611614487275155,1.1697786517824937,0.7163812684180421,4,0.7163812684180421,0.8772880964321332,1.4327625368360841,2.883484346182547,2.0528084869609713,"[368, 463, 558, 653]","[""insufficient_post_history""]",8,4
2,0,2,0,3,3,0,0,0,0,5,5,False,8,y,within_tolerance_under_iid,8,"[748, 843, 938]",,0.10226669263446012,0.7175587309532576,0.6715971855565073,5,0.6715971855565073,1.7239751379418171,1.5017369604018902,0.40906677053784046,2.2552138982371086,"[273, 368, 463, 558, 653]","[""insufficient_post_history""]",8,5
3,0,3,0,3,3,0,0,0,0,6,6,False,8,y,within_tolerance_under_iid,8,"[748, 843, 938]",,0.5882222499937081,1.35558483063316,0.8262686747259861,6,0.8262686747259861,1.8991118263361337,2.023936643524353,2.9411112499685403,4.096319537000624,"[178, 273, 368, 463, 558, 653]","[""insufficient_post_history""]",8,6
1,0,1,0,2,2,0,0,0,0,3,3,False,8,y,noise_baseline_short,9,"[843, 938]",,-3.6767473128646917,0.11822708468612864,2.4711050853602456,3,2.4711050853602456,3.098583620308502,4.280079558685773,7.353494625729383,18.3190810286798,"[558, 653, 748]","[""insufficient_post_history""]",9,3
2,0,2,0,2,2,0,0,0,0,4,4,False,8,y,noise_baseline_short,9,"[843, 938]",,-1.4163429062761448,1.35558483063316,1.7479221838749872,4,1.7479221838749872,3.649153832725738,3.4958443677499744,4.249028718828434,12.22092784352922,"[463, 558, 653, 748]","[""insufficient_post_history""]",9,4
3,0,3,0,2,2,0,0,0,0,5,5,False,8,y,high_noise_under_iid,9,"[843, 938]",,-0.7553159152434729,2.221330218878859,1.3547552461004129,5,1.3547552461004129,3.2146650534973293,3.02932482315498,3.0212636609738914,9.176808884182952,"[368, 463, 558, 653, 748]","[""insufficient_post_history""]",9,5
4,0,4,0,2,2,0,0,0,0,6,6,False,8,y,high_noise_under_iid,9,"[843, 938]",,-0.8783900656039443,1.35558483063316,1.2228124597084644,6,1.2228124597084644,2.7998057954924827,2.995266577403352,4.391950328019721,8.971621869709589,"[273, 368, 463, 558, 653, 748]","[""insufficient_post_history""]",9,6
2,0,2,0,1,1,0,0,0,0,3,3,False,8,y,noise_baseline_short,10,[938],,-0.6980045012610633,1.3960090025221268,2.2935870906347464,3,2.2935870906347464,5.530716941445905,3.9726093725634644,1.3960090025221266,15.781625226979083,"[653, 748, 843]","[""insufficient_post_history""]",10,3
3,0,3,0,1,1,0,0,0,0,4,4,False,8,y,noise_baseline_short,10,[938],,-1.1305067463923506,0.6980045012610634,1.7701832464324576,4,1.7701832464324576,3.950465617696777,3.5403664928649152,3.391520239177052,12.53419490380062,"[558, 653, 748, 843]","[""insufficient_post_history""]",10,4
4,0,4,0,1,1,0,0,0,0,5,5,False,8,y,high_noise_under_iid,10,[938],,-0.47231733082409966,1.3151606587441933,1.374323958730938,5,1.374323958730938,3.4421161253347976,3.073081794828993,1.8892693232963986,9.443831717709386,"[463, 558, 653, 748, 843]","[""insufficient_post_history""]",10,5
5,0,5,0,1,1,0,0,0,0,6,6,False,8,y,high_noise_under_iid,10,[938],,-0.2698767873584898,1.2964712882900957,1.122130813605915,6,1.122130813605915,3.0207921551765495,2.7486479179886305,1.349383936792449,7.555065377063233,"[368, 463, 558, 653, 748, 843]","[""insufficient_post_history""]",10,6
0,0,0,0,3,3,3,0,3,0,0,0,False,80,y,pre_data_incomplete,1,"[11, 106, 201]",,,,,,,,,,,[],"[""insufficient_pre_history""]",1,3
0,0,0,0,4,4,4,0,4,0,0,0,False,80,y,pre_data_incomplete,1,"[11, 106, 201, 296]",,,,,,,,,,,[],"[""insufficient_pre_history""]",1,4
0,0,0,0,5,5,5,0,5,0,0,0,False,80,y,pre_data_incomplete,1,"[11, 106, 201, 296, 391]",,,,,,,,,,,[],"[""insufficient_pre_history""]",1,5
0,0,0,0,6,6,6,0,6,0,0,0,False,80,y,pre_data_incomplete,1,"[11, 106, 201, 296, 391, 486]",,,,,,,,,,,[],"[""insufficient_pre_history""]",1,6
0,0,0,0,3,3,2,0,2,0,1,1,False,80,y,pre_data_incomplete,2,"[106, 201, 296]",,,,,,,,,,,[11],"[""insufficient_pre_history""]",2,3
0,0,0,0,4,4,3,0,3,0,1,1,False,80,y,pre_data_incomplete,2,"[106, 201, 296, 391]",,,,,,,,,,,[11],"[""insufficient_pre_history""]",2,4
0,0,0,0,5,5,4,0,4,0,1,1,False,80,y,pre_data_incomplete,2,"[106, 201, 296, 391, 486]",,,,,,,,,,,[11],"[""insufficient_pre_history""]",2,5
0,0,0,0,6,6,5,0,5,0,1,1,False,80,y,pre_data_incomplete,2,"[106, 201, 296, 391, 486, 581]",,,,,,,,,,,[11],"[""insufficient_pre_history""]",2,6
0,0,0,0,3,3,1,0,1,0,2,2,False,80,y,pre_data_incomplete,3,"[201, 296, 391]",,,,,,,,,,,"[11, 106]","[""insufficient_pre_history""]",3,3
0,0,0,0,4,4,2,0,2,0,2,2,False,80,y,pre_data_incomplete,3,"[201, 296, 391, 486]",,,,,,,,,,,"[11, 106]","[""insufficient_pre_history""]",3,4
0,0,0,0,5,5,3,0,3,0,2,2,False,80,y,pre_data_incomplete,3,"[201, 296, 391, 486, 581]",,,,,,,,,,,"[11, 106]","[""insufficient_pre_history""]",3,5
0,0,0,0,6,6,4,0,4,0,2,2,False,80,y,pre_data_incomplete,3,"[201, 296, 391, 486, 581, 676]",,,,,,,,,,,"[11, 106]","[""insufficient_pre_history""]",3,6
0,0,0,0,3,3,0,0,0,0,3,3,True,80,y,noise_baseline_short,4,"[296, 391, 486]",,1.0016048508580138,0.753899815520248,0.8226943178404563,3,0.8226943178404563,1.433363557900519,1.424948357597889,2.0032097017160275,2.030477821820921,"[11, 106, 201]",[],4,3
0,0,0,0,4,4,1,0,1,0,3,3,False,80,y,pre_data_incomplete,4,"[296, 391, 486, 581]",,,,,,,,,,,"[11, 106, 201]","[""insufficient_pre_history""]",4,4
0,0,0,0,5,5,2,0,2,0,3,3,False,80,y,pre_data_incomplete,4,"[296, 391, 486, 581, 676]",,,,,,,,,,,"[11, 106, 201]","[""insufficient_pre_history""]",4,5
0,0,0,0,6,6,3,0,3,0,3,3,False,80,y,pre_data_incomplete,4,"[296, 391, 486, 581, 676, 771]",,,,,,,,,,,"[11, 106, 201]","[""insufficient_pre_history""]",4,6
0,0,0,0,3,3,0,0,0,0,3,3,True,80,y,noise_baseline_short,5,"[391, 486, 581]",,1.2532776281336506,0.2505542609689738,0.8802540536195532,3,0.8802540536195532,1.2278735957423763,1.5246447444375248,2.5065552562673012,2.3245415967409655,"[106, 201, 296]",[],5,3
0,0,0,0,4,4,0,0,0,0,4,4,True,80,y,noise_baseline_short,5,"[391, 486, 581, 676]",,0.8015075839477437,1.0016048508580138,0.6708245038029185,4,0.6708245038029185,1.0459431493155913,1.341649007605837,2.4045227518432313,1.800022059609727,"[11, 106, 201, 296]",[],5,4
0,0,0,0,5,5,1,0,1,0,4,4,False,80,y,pre_data_incomplete,5,"[391, 486, 581, 676, 771]",,,,,,,,,,,"[11, 106, 201, 296]","[""insufficient_pre_history""]",5,5
0,0,0,0,6,6,2,0,2,0,4,4,False,80,y,pre_data_incomplete,5,"[391, 486, 581, 676, 771, 866]",,,,,,,,,,,"[11, 106, 201, 296]","[""insufficient_pre_history""]",5,6
0,0,0,0,3,3,0,0,0,0,3,3,True,80,y,noise_baseline_short,6,"[486, 581, 676]",,-0.2531552981367679,0.2505542609689738,0.14616185104894877,3,0.14616185104894877,0.0021237379543698064,0.2531597521450937,0.5063105962735358,0.06408986010616526,"[201, 296, 391]",[],6,3
0,0,0,0,4,4,0,0,0,0,4,4,True,80,y,noise_baseline_short,6,"[486, 581, 676, 771]",,0.6501842501919246,0.2531552981367679,0.6346768712962019,4,0.6346768712962019,1.1662073090818483,1.2693537425924037,1.9505527505757738,1.6112589238333426,"[106, 201, 296, 391]",[],6,4
0,0,0,0,5,5,0,0,0,0,5,5,True,80,y,within_tolerance_under_iid,6,"[486, 581, 676, 771, 866]",,0.5500353467152286,0.5063105962735358,0.5406369313388197,5,0.5406369313388197,0.969600777672216,1.2089009296204873,2.2001413868609143,1.4614414576372785,"[11, 106, 201, 296, 391]",[],6,5
1,0,1,0,5,5,1,0,1,0,5,5,False,80,y,pre_data_incomplete,6,"[486, 581, 676, 771, 866]",,,,,,,,,,,"[11, 106, 201, 296, 391]","[""insufficient_pre_history"", ""insufficient_post_history""]",6,6
0,0,0,0,3,3,0,0,0,0,3,3,True,80,y,noise_baseline_short,7,"[581, 676, 771]",,-1.0790621937539244,0.255756335304562,0.6807641287164936,3,0.6807641287164936,0.6722264184816709,1.1791180589073258,2.158124387507849,1.3903193968413796,"[296, 391, 486]",[],7,3
0,0,0,0,4,4,0,0,0,0,4,4,True,80,y,noise_baseline_short,7,"[581, 676, 771, 866]",,-0.7481792280735031,0.2531552981367679,0.5489151625073956,4,0.5489151625073956,0.6390749099139049,1.0978303250147912,2.2445376842205094,1.205231422522082,"[201, 296, 391, 486]",[],7,4
1,0,1,0,4,4,0,0,0,0,5,5,False,80,y,within_tolerance_under_iid,7,"[581, 676, 771, 866]",,0.019055114124536886,0.5063105962735358,0.5790919535439304,5,0.5790919535439304,1.494804205622877,1.2948889733473787,0.07622045649814754,1.6767374532966284,"[106, 201, 296, 391, 486]","[""insufficient_post_history""]",7,5
2,0,2,0,4,4,0,0,0,0,6,6,False,80,y,within_tolerance_under_iid,7,"[581, 676, 771, 866]",,0.12784279337472193,1.0790621937539246,0.4921205599775173,6,0.4921205599775173,1.3209336868069068,1.2054442638776424,0.6392139668736097,1.4530958733155113,"[11, 106, 201, 296, 391, 486]","[""insufficient_post_history""]",7,6
0,0,0,0,3,3,0,0,0,0,3,3,True,80,y,noise_baseline_short,8,"[676, 771, 866]",,-0.9869253451900907,0.07148263817689404,0.6463659318545141,3,0.6463659318545141,0.747455840311497,1.1195386342536209,1.9738506903801813,1.2533667535864625,"[391, 486, 581]",[],8,3
1,0,1,0,3,3,0,0,0,0,4,4,False,80,y,review_trend,8,"[676, 771, 866]",,-0.8591189129257517,0.9869253451900906,0.59885759620412,4,0.59885759620412,0.553686966454375,1.19771519240824,2.5773567387772554,1.4345216821255076,"[296, 391, 486, 581]","[""insufficient_post_history""]",8,4
2,0,2,0,3,3,0,0,0,0,5,5,False,80,y,review_trend,8,"[676, 771, 866]",,-0.7118446960815283,0.5063105962735358,0.5430130834753304,5,0.5430130834753304,0.5260023647328624,1.2142141673226066,2.8473787843261134,1.474316044126931,"[201, 296, 391, 486, 581]","[""insufficient_post_history""]",8,5
3,0,3,0,3,3,0,0,0,0,6,6,False,80,y,within_tolerance_under_iid,8,"[676, 771, 866]",,-0.1742014607949211,1.1148035128423714,0.5198022765149853,6,0.5198022765149853,1.376115419723293,1.2732503445988017,0.8710073039746056,1.621166440020967,"[106, 201, 296, 391, 486, 581]","[""insufficient_post_history""]",8,6
1,0,1,0,2,2,0,0,0,0,3,3,False,80,y,noise_baseline_short,9,"[771, 866]",,1.8869291595219972,0.07148263817689404,1.2700341958882393,3,1.2700341958882393,1.5990365368696662,2.1997637546283144,3.7738583190439945,4.838960576176459,"[486, 581, 676]","[""insufficient_post_history""]",9,3
2,0,2,0,2,2,0,0,0,0,4,4,False,80,y,noise_baseline_short,9,"[771, 866]",,0.5542988162345228,0.9869253451900906,0.9134564625400452,4,0.9134564625400452,2.058712779758156,1.8269129250800904,1.6628964487035685,3.337610835824692,"[391, 486, 581, 676]","[""insufficient_post_history""]",9,4
3,0,3,0,2,2,0,0,0,0,5,5,False,80,y,within_tolerance_under_iid,9,"[771, 866]",,0.12576171726921093,1.8714902668407074,0.7235743626704919,5,0.7235743626704919,1.854097900235688,1.6179614617073064,0.5030468690768437,2.6177992915700434,"[296, 391, 486, 581, 676]","[""insufficient_post_history""]",9,5
4,0,4,0,2,2,0,0,0,0,6,6,False,80,y,within_tolerance_under_iid,9,"[771, 866]",,-0.050436879326333124,1.0610222639048406,0.6077817684981057,6,0.6077817684981057,1.6611323295140739,1.4887552077867299,0.25218439663166564,2.2163920687121097,"[201, 296, 391, 486, 581, 676]","[""insufficient_post_history""]",9,6
2,0,2,0,1,1,0,0,0,0,3,3,False,80,y,noise_baseline_short,10,[866],,1.977876355273704,0.11041175332651942,1.3005728938423906,3,1.3005728938423906,1.524778462493433,2.2526583310819044,3.955752710547408,5.07446955659271,"[581, 676, 771]","[""insufficient_post_history""]",10,3
3,0,3,0,1,1,0,0,0,0,4,4,False,80,y,noise_baseline_short,10,[866],,1.549815117433243,1.9226704786104443,1.1159962637561391,4,1.1159962637561391,1.2115563209130775,2.2319925275122783,4.649445352299729,4.981790642870649,"[486, 581, 676, 771]","[""insufficient_post_history""]",10,4
4,0,4,0,1,1,0,0,0,0,5,5,False,80,y,within_tolerance_under_iid,10,[866],,0.7737662359378448,1.902368052203287,0.8644477422310053,5,0.8644477422310053,1.7280293305951582,1.9329639146247437,3.095064943751379,3.736349495241414,"[391, 486, 581, 676, 771]","[""insufficient_post_history""]",10,5
5,0,5,0,1,1,0,0,0,0,6,6,False,80,y,within_tolerance_under_iid,10,[866],,0.4049633310473872,1.798817975851686,0.707150874329528,6,0.707150874329528,1.741547661623351,1.7321588132703347,2.0248166552369358,3.0003741543900944,"[296, 391, 486, 581, 676, 771]","[""insufficient_post_history""]",10,6
0,0,0,0,3,3,3,0,3,0,0,0,False,81,y,pre_data_incomplete,1,"[10, 105, 200]",,,,,,,,,,,[],"[""insufficient_pre_history""]",1,3
0,0,0,0,4,4,4,0,4,0,0,0,False,81,y,pre_data_incomplete,1,"[10, 105, 200, 295]",,,,,,,,,,,[],"[""insufficient_pre_history""]",1,4
0,0,0,0,5,5,5,0,5,0,0,0,False,81,y,pre_data_incomplete,1,"[10, 105, 200, 295, 390]",,,,,,,,,,,[],"[""insufficient_pre_history""]",1,5
0,0,0,0,6,6,6,0,6,0,0,0,False,81,y,pre_data_incomplete,1,"[10, 105, 200, 295, 390, 485]",,,,,,,,,,,[],"[""insufficient_pre_history""]",1,6
0,0,0,0,3,3,2,0,2,0,1,1,False,81,y,pre_data_incomplete,2,"[105, 200, 295]",,,,,,,,,,,[10],"[""insufficient_pre_history""]",2,3
0,0,0,0,4,4,3,0,3,0,1,1,False,81,y,pre_data_incomplete,2,"[105, 200, 295, 390]",,,,,,,,,,,[10],"[""insufficient_pre_history""]",2,4
0,0,0,0,5,5,4,0,4,0,1,1,False,81,y,pre_data_incomplete,2,"[105, 200, 295, 390, 485]",,,,,,,,,,,[10],"[""insufficient_pre_history""]",2,5
0,0,0,0,6,6,5,0,5,0,1,1,False,81,y,pre_data_incomplete,2,"[105, 200, 295, 390, 485, 580]",,,,,,,,,,,[10],"[""insufficient_pre_history""]",2,6
0,0,0,0,3,3,1,0,1,0,2,2,False,81,y,pre_data_incomplete,3,"[200, 295, 390]",,,,,,,,,,,"[10, 105]","[""insufficient_pre_history""]",3,3
0,0,0,0,4,4,2,0,2,0,2,2,False,81,y,pre_data_incomplete,3,"[200, 295, 390, 485]",,,,,,,,,,,"[10, 105]","[""insufficient_pre_history""]",3,4
0,0,0,0,5,5,3,0,3,0,2,2,False,81,y,pre_data_incomplete,3,"[200, 295, 390, 485, 580]",,,,,,,,,,,"[10, 105]","[""insufficient_pre_history""]",3,5
0,0,0,0,6,6,4,0,4,0,2,2,False,81,y,pre_data_incomplete,3,"[200, 295, 390, 485, 580, 675]",,,,,,,,,,,"[10, 105]","[""insufficient_pre_history""]",3,6
0,0,0,0,3,3,0,0,0,0,3,3,True,81,y,noise_baseline_short,4,"[295, 390, 485]",,-2.270098808900354,0.2137579637482392,1.4790606432595184,3,1.4790606432595184,1.6789952692887322,2.5618081816009917,4.540197617800708,6.562861159317778,"[10, 105, 200]",[],4,3
0,0,0,0,4,4,1,0,1,0,3,3,False,81,y,pre_data_incomplete,4,"[295, 390, 485, 580]",,,,,,,,,,,"[10, 105, 200]","[""insufficient_pre_history""]",4,4
0,0,0,0,5,5,2,0,2,0,3,3,False,81,y,pre_data_incomplete,4,"[295, 390, 485, 580, 675]",,,,,,,,,,,"[10, 105, 200]","[""insufficient_pre_history""]",4,5
0,0,0,0,6,6,3,0,3,0,3,3,False,81,y,pre_data_incomplete,4,"[295, 390, 485, 580, 675, 770]",,,,,,,,,,,"[10, 105, 200]","[""insufficient_pre_history""]",4,6
0,0,0,0,3,3,0,0,0,0,3,3,True,81,y,noise_baseline_short,5,"[390, 485, 580]",,1.5466133794041657,0.2137579637482392,1.0684852259077449,3,1.0684852259077449,1.4373371828470873,1.8506706984089238,3.0932267588083313,3.4249820339493735,"[105, 200, 295]",[],5,3
0,0,0,0,4,4,0,0,0,0,4,4,True,81,y,noise_baseline_short,5,"[390, 485, 580, 675]",,-0.3913396649480653,1.653492361278285,1.1310225898268413,4,1.1310225898268413,2.700445474137098,2.2620451796536827,1.174018994844196,5.116848394794462,"[10, 105, 200, 295]",[],5,4
0,0,0,0,5,5,1,0,1,0,4,4,False,81,y,pre_data_incomplete,5,"[390, 485, 580, 675, 770]",,,,,,,,,,,"[10, 105, 200, 295]","[""insufficient_pre_history""]",5,5
0,0,0,0,6,6,2,0,2,0,4,4,False,81,y,pre_data_incomplete,5,"[390, 485, 580, 675, 770, 865]",,,,,,,,,,,"[10, 105, 200, 295]","[""insufficient_pre_history""]",5,6
0,0,0,0,3,3,0,0,0,0,3,3,True,81,y,noise_baseline_short,6,"[485, 580, 675]",,1.6112333059460968,0.08451811066437642,1.0885153582087237,3,1.0885153582087237,1.3845752337657995,1.8853639052365454,3.2224666118921936,3.5545970551687978,"[200, 295, 390]",[],6,3
0,0,0,0,4,4,0,0,0,0,4,4,True,81,y,noise_baseline_short,6,"[485, 580, 675, 770]",,1.2333110666988434,1.5466133794041657,0.9127985163416256,4,0.9127985163416256,1.0938767391750497,1.8255970326832511,3.69993320009653,3.3328045257418912,"[105, 200, 295, 390]",[],6,4
0,0,0,0,5,5,0,0,0,0,5,5,True,81,y,within_tolerance_under_iid,6,"[485, 580, 675, 770, 865]",,0.045776474699130154,1.3177310059085148,0.9087483581645287,5,0.9087483581645287,2.3448892449307515,2.0320231032972123,0.18310589879652062,4.129117892333634,"[10, 105, 200, 295, 390]",[],6,5
1,0,1,0,5,5,1,0,1,0,5,5,False,81,y,pre_data_incomplete,6,"[485, 580, 675, 770, 865]",,,,,,,,,,,"[10, 105, 200, 295, 390]","[""insufficient_pre_history"", ""insufficient_post_history""]",6,6
0,0,0,0,3,3,0,0,0,0,3,3,True,81,y,noise_baseline_short,7,"[580, 675, 770]",,-2.566659674728927,0.08451811066437642,1.6971954775680058,3,1.6971954775680058,2.026660100437304,2.939628797523911,5.133319349457854,8.641417467231873,"[295, 390, 485]",[],7,3
0,0,0,0,4,4,0,0,0,0,4,4,True,81,y,noise_baseline_short,7,"[580, 675, 770, 865]",,-0.5563521991368228,1.653492361278285,1.2624747686653022,4,1.2624747686653022,2.964664538423884,2.5249495373306043,1.6690565974104683,6.375370166066033,"[200, 295, 390, 485]",[],7,4
1,0,1,0,4,4,0,0,0,0,5,5,False,81,y,within_tolerance_under_iid,7,"[580, 675, 770, 865]",,-0.08577185694068526,2.040092590649523,0.9966568704880602,5,0.9966568704880602,2.568587824427432,2.2285925126535067,0.34308742776274104,4.96662458745527,"[105, 200, 295, 390, 485]","[""insufficient_post_history""]",7,5
2,0,2,0,4,4,0,0,0,0,6,6,False,81,y,high_noise_under_iid,7,"[580, 675, 770, 865]",,-0.5571300159006152,1.653492361278285,1.0067933918847545,6,1.0067933918847545,2.498854515697113,2.4661300865235902,2.7856500795030756,6.0817976036568515,"[10, 105, 200, 295, 390, 485]","[""insufficient_post_history""]",7,6
0,0,0,0,3,3,0,0,0,0,3,3,True,81,y,noise_baseline_short,8,"[675, 770, 865]",,0.5387007812399178,1.0774015624798357,1.888290656152124,3,1.888290656152124,4.56217629528403,3.2706153559130513,1.0774015624798357,10.696924806334255,"[390, 485, 580]",[],8,3
1,0,1,0,3,3,0,0,0,0,4,4,False,81,y,noise_baseline_short,8,"[675, 770, 865]",,-0.20701508833471002,0.5387007812399178,1.3808623305251686,4,1.3808623305251686,3.366533311610748,2.761724661050337,0.62104526500413,7.6271231034536,"[295, 390, 485, 580]","[""insufficient_post_history""]",8,4
2,0,2,0,3,3,0,0,0,0,5,5,False,81,y,high_noise_under_iid,8,"[675, 770, 865]",,0.3466416999286205,1.0774015624798357,1.160475250696118,5,1.160475250696118,2.928734167307913,2.59490154676263,1.386566799714482,6.733514037391091,"[200, 295, 390, 485, 580]","[""insufficient_post_history""]",8,5
3,0,3,0,3,3,0,0,0,0,6,6,False,81,y,within_tolerance_under_iid,8,"[675, 770, 865]",,0.42477225890716347,1.653492361278285,0.9837417997893407,6,0.9837417997893407,2.5433681949672553,2.4096654481310527,2.1238612945358173,5.806487571916627,"[105, 200, 295, 390, 485, 580]","[""insufficient_post_history""]",8,6
1,0,1,0,2,2,0,0,0,0,3,3,False,81,y,review_trend,9,"[770, 865]",,4.896272018873988,3.6663412364746644,2.856438512435421,3,2.856438512435421,1.0042342786068112,4.947496632234613,9.792544037747977,24.477722925972838,"[485, 580, 675]","[""insufficient_post_history""]",9,3
2,0,2,0,2,2,0,0,0,0,4,4,False,81,y,noise_baseline_short,9,"[770, 865]",,2.0357431198136813,2.37187139947725,2.020832240759909,4,2.020832240759909,3.7605787516147604,4.041664481519818,6.107229359441044,16.335051781178855,"[390, 485, 580, 675]","[""insufficient_post_history""]",9,4
3,0,3,0,2,2,0,0,0,0,5,5,False,81,y,high_noise_under_iid,9,"[770, 865]",,1.0395850939060083,0.9928834518154591,1.5654805156039346,5,1.5654805156039346,3.5687165395977485,3.500520850341818,4.158340375624033,12.253646223677805,"[295, 390, 485, 580, 675]","[""insufficient_post_history""]",9,5
4,0,4,0,2,2,0,0,0,0,6,6,False,81,y,high_noise_under_iid,9,"[770, 865]",,1.0788827477396106,2.149934087186015,1.3977724746447215,6,1.3977724746447215,3.092056234015435,3.4238293393869053,5.394413738698053,11.72260734524657,"[200, 295, 390, 485, 580, 675]","[""insufficient_post_history""]",9,6
2,0,2,0,1,1,0,0,0,0,3,3,False,81,y,noise_baseline_short,10,[865],,0.19904465290721018,0.39808930581442037,1.161464684495467,3,1.161464684495467,2.831035805545212,2.011715844743105,0.39808930581442037,4.047000639990465,"[580, 675, 770]","[""insufficient_post_history""]",10,3
3,0,3,0,1,1,0,0,0,0,4,4,False,81,y,noise_baseline_short,10,[865],,2.323921755773786,1.8331706182373322,2.0426324458899465,4,2.0426324458899465,3.3959612831446226,4.085264891779893,6.971765267321358,16.68938923600938,"[485, 580, 675, 770]","[""insufficient_post_history""]",10,4
4,0,4,0,1,1,0,0,0,0,5,5,False,81,y,high_noise_under_iid,10,[865],,1.274352577433649,1.0774015624798357,1.5862031016009313,5,1.5862031016009313,3.3705123584034156,3.546857961300688,5.097410309734596,12.580201397642075,"[390, 485, 580, 675, 770]","[""insufficient_post_history""]",10,5
5,0,5,0,1,1,0,0,0,0,6,6,False,81,y,high_noise_under_iid,10,[865],,0.7803512853224632,0.7377454341471279,1.296557699501774,6,1.296557699501774,3.153381668752318,3.1759047858561495,3.901756426612316,10.086371208823994,"[295, 390, 485, 580, 675, 770]","[""insufficient_post_history""]",10,6
0,0,0,0,3,3,3,0,3,0,0,0,False,82,y,pre_data_incomplete,1,"[9, 104, 199]",,,,,,,,,,,[],"[""insufficient_pre_history""]",1,3
0,0,0,0,4,4,4,0,4,0,0,0,False,82,y,pre_data_incomplete,1,"[9, 104, 199, 294]",,,,,,,,,,,[],"[""insufficient_pre_history""]",1,4
0,0,0,0,5,5,5,0,5,0,0,0,False,82,y,pre_data_incomplete,1,"[9, 104, 199, 294, 389]",,,,,,,,,,,[],"[""insufficient_pre_history""]",1,5
0,0,0,0,6,6,6,0,6,0,0,0,False,82,y,pre_data_incomplete,1,"[9, 104, 199, 294, 389, 484]",,,,,,,,,,,[],"[""insufficient_pre_history""]",1,6
0,0,0,0,3,3,2,0,2,0,1,1,False,82,y,pre_data_incomplete,2,"[104, 199, 294]",,,,,,,,,,,[9],"[""insufficient_pre_history""]",2,3
0,0,0,0,4,4,3,0,3,0,1,1,False,82,y,pre_data_incomplete,2,"[104, 199, 294, 389]",,,,,,,,,,,[9],"[""insufficient_pre_history""]",2,4
0,0,0,0,5,5,4,0,4,0,1,1,False,82,y,pre_data_incomplete,2,"[104, 199, 294, 389, 484]",,,,,,,,,,,[9],"[""insufficient_pre_history""]",2,5
0,0,0,0,6,6,5,0,5,0,1,1,False,82,y,pre_data_incomplete,2,"[104, 199, 294, 389, 484, 579]",,,,,,,,,,,[9],"[""insufficient_pre_history""]",2,6
0,0,0,0,3,3,1,0,1,0,2,2,False,82,y,pre_data_incomplete,3,"[199, 294, 389]",,,,,,,,,,,"[9, 104]","[""insufficient_pre_history""]",3,3
0,0,0,0,4,4,2,0,2,0,2,2,False,82,y,pre_data_incomplete,3,"[199, 294, 389, 484]",,,,,,,,,,,"[9, 104]","[""insufficient_pre_history""]",3,4
0,0,0,0,5,5,3,0,3,0,2,2,False,82,y,pre_data_incomplete,3,"[199, 294, 389, 484, 579]",,,,,,,,,,,"[9, 104]","[""insufficient_pre_history""]",3,5
0,0,0,0,6,6,4,0,4,0,2,2,False,82,y,pre_data_incomplete,3,"[199, 294, 389, 484, 579, 674]",,,,,,,,,,,"[9, 104]","[""insufficient_pre_history""]",3,6
0,0,0,0,3,3,0,0,0,0,3,3,True,82,y,noise_baseline_short,4,"[294, 389, 484]",,1.4170032043059906,1.6064624951169566,1.298077171076402,3,1.298077171076402,2.4686494061310924,2.2483356124496057,2.834006408611981,5.055013026209142,"[9, 104, 199]",[],4,3
0,0,0,0,4,4,1,0,1,0,3,3,False,82,y,pre_data_incomplete,4,"[294, 389, 484, 579]",,,,,,,,,,,"[9, 104, 199]","[""insufficient_pre_history""]",4,4
0,0,0,0,5,5,2,0,2,0,3,3,False,82,y,pre_data_incomplete,4,"[294, 389, 484, 579, 674]",,,,,,,,,,,"[9, 104, 199]","[""insufficient_pre_history""]",4,5
0,0,0,0,6,6,3,0,3,0,3,3,False,82,y,pre_data_incomplete,4,"[294, 389, 484, 579, 674, 769]",,,,,,,,,,,"[9, 104, 199]","[""insufficient_pre_history""]",4,6
0,0,0,0,3,3,0,0,0,0,3,3,True,82,y,review_trend,5,"[389, 484, 579]",,-1.264505419182021,0.9225483432470856,0.7389073394925832,3,0.7389073394925832,0.2792067833249176,1.2798250540866993,2.529010838364042,1.6379521690680225,"[104, 199, 294]",[],5,3
0,0,0,0,4,4,0,0,0,0,4,4,True,82,y,noise_baseline_short,5,"[389, 484, 579, 674]",,0.4127911700977731,1.264505419182021,0.9268083827385575,4,0.9268083827385575,2.174362273083775,1.853616765477115,1.2383735102933193,3.435895113257842,"[9, 104, 199, 294]",[],5,4
0,0,0,0,5,5,1,0,1,0,4,4,False,82,y,pre_data_incomplete,5,"[389, 484, 579, 674, 769]",,,,,,,,,,,"[9, 104, 199, 294]","[""insufficient_pre_history""]",5,5
0,0,0,0,6,6,2,0,2,0,4,4,False,82,y,pre_data_incomplete,5,"[389, 484, 579, 674, 769, 864]",,,,,,,,,,,"[9, 104, 199, 294]","[""insufficient_pre_history""]",5,6
0,0,0,0,3,3,0,0,0,0,3,3,True,82,y,review_trend,6,"[484, 579, 674]",,-1.5714602682581948,0.9225483432470856,0.9327110312634036,3,0.9327110312634036,0.5298343680947997,1.6155028949281784,3.1429205365163897,2.609849603521325,"[199, 294, 389]",[],6,3
0,0,0,0,4,4,0,0,0,0,4,4,True,82,y,review_trend,6,"[484, 579, 674, 769]",,-1.5170697438147123,1.264505419182021,0.9915513347262429,4,0.9915513347262429,0.38117289697625345,1.9831026694524858,4.551209231444137,3.932696197589575,"[104, 199, 294, 389]",[],6,4
0,0,0,0,5,5,0,0,0,0,5,5,True,82,y,within_tolerance_under_iid,6,"[484, 579, 674, 769, 864]",,-0.31468390941728586,1.9114580653648958,0.8870784105938989,5,0.8870784105938989,2.2171981194271972,1.9835676274604277,1.2587356376691434,3.9345405327089904,"[9, 104, 199, 294, 389]",[],6,5
1,0,1,0,5,5,1,0,1,0,5,5,False,82,y,pre_data_incomplete,6,"[484, 579, 674, 769, 864]",,,,,,,,,,,"[9, 104, 199, 294, 389]","[""insufficient_pre_history"", ""insufficient_post_history""]",6,6
0,0,0,0,3,3,0,0,0,0,3,3,True,82,y,noise_baseline_short,7,"[579, 674, 769]",,-0.5395638754045016,1.0791277508090031,0.64104984451099,3,0.64104984451099,1.3723742447314937,1.1103309008771634,1.0791277508090031,1.2328347094426932,"[294, 389, 484]",[],7,3
0,0,0,0,4,4,0,0,0,0,4,4,True,82,y,noise_baseline_short,7,"[579, 674, 769, 864]",,-0.8225400475437571,1.0008380470280445,0.6790428371774526,4,0.6790428371774526,1.0369015014931802,1.3580856743549052,2.4676201426312714,1.8443966988880176,"[199, 294, 389, 484]",[],7,4
1,0,1,0,4,4,0,0,0,0,5,5,False,82,y,within_tolerance_under_iid,7,"[579, 674, 769, 864]",,-1.035919771486248,1.0791277508090031,0.8166068896065157,5,0.8166068896065157,0.9319582453978932,1.8259885160548357,4.143679085944992,3.3342340607641408,"[104, 199, 294, 389, 484]","[""insufficient_post_history""]",7,5
2,0,2,0,4,4,0,0,0,0,6,6,False,82,y,within_tolerance_under_iid,7,"[579, 674, 769, 864]",,-0.31454416758193315,1.4170032043059906,0.7411549217678088,6,0.7411549217678088,1.9201499263093174,1.8154513786835165,1.5727208379096658,3.295863708363881,"[9, 104, 199, 294, 389, 484]","[""insufficient_post_history""]",7,6
0,0,0,0,3,3,0,0,0,0,3,3,True,82,y,review_trend,8,"[674, 769, 864]",,1.4638627779138549,1.1412444424603008,0.8519758269950978,3,0.8519758269950978,0.2634167678424211,1.475665419176021,2.9277255558277098,2.1775884293519416,"[389, 484, 579]",[],8,3
1,0,1,0,3,3,0,0,0,0,4,4,False,82,y,noise_baseline_short,8,"[674, 769, 864]",,0.32633045301355185,0.8932405566837044,0.6399942827681478,4,0.6399942827681478,1.480313203496281,1.2799885655362957,0.9789913590406556,1.6383707279036641,"[294, 389, 484, 579]","[""insufficient_post_history""]",8,4
2,0,2,0,3,3,0,0,0,0,5,5,False,82,y,within_tolerance_under_iid,8,"[674, 769, 864]",,-0.1509517712186363,0.9225483432470856,0.5868774126217299,5,0.5868774126217299,1.4900377597643948,1.3122977890813812,0.6038070848745452,1.722125487227881,"[199, 294, 389, 484, 579]","[""insufficient_post_history""]",8,5
3,0,3,0,3,3,0,0,0,0,6,6,False,82,y,within_tolerance_under_iid,8,"[674, 769, 864]",,-0.4952482244133073,1.0008380470280445,0.6762349465662507,6,0.6762349465662507,1.5351361521453448,1.6564305653255615,2.4762411220665363,2.7437622177447594,"[104, 199, 294, 389, 484, 579]","[""insufficient_post_history""]",8,6
1,0,1,0,2,2,0,0,0,0,3,3,False,82,y,review_trend,9,"[769, 864]",,1.5789565785367963,1.3714320437061838,0.9142318003700363,3,0.9142318003700363,0.1694430731478119,1.5834959281360699,3.1579131570735925,2.5074593544235135,"[484, 579, 674]","[""insufficient_post_history""]",9,3
2,0,2,0,2,2,0,0,0,0,4,4,False,82,y,review_trend,9,"[769, 864]",,1.4683953911969088,1.4638627779138549,0.9508935271612553,4,0.9508935271612553,0.18635567542264486,1.9017870543225106,4.405186173590726,3.6167939999886918,"[389, 484, 579, 674]","[""insufficient_post_history""]",9,4
3,0,3,0,2,2,0,0,0,0,5,5,False,82,y,within_tolerance_under_iid,9,"[769, 864]",,0.7085296368356888,1.0791277508090031,0.7370060713718393,5,0.7370060713718393,1.3956380287684338,1.6479956754174943,2.8341185473427553,2.7158897461947626,"[294, 389, 484, 579, 674]","[""insufficient_post_history""]",9,5
4,0,4,0,2,2,0,0,0,0,6,6,False,82,y,within_tolerance_under_iid,9,"[769, 864]",,0.25841399557780104,1.0008380470280445,0.6255519344258417,6,0.6255519344258417,1.6256418194427016,1.5322830469542743,1.2920699778890052,2.347891335983475,"[199, 294, 389, 484, 579, 674]","[""insufficient_post_history""]",9,6
2,0,2,0,1,1,0,0,0,0,3,3,False,82,y,noise_baseline_short,10,[864],,-1.7624095392584556,1.3714320437061838,1.4582800073803048,3,1.4582800073803048,2.558770937659761,2.5258150644446054,3.524819078516911,6.379741739775306,"[579, 674, 769]","[""insufficient_post_history""]",10,3
3,0,3,0,1,1,0,0,0,0,4,4,False,82,y,noise_baseline_short,10,[864],,-0.38435818517423226,1.5789565785367963,1.065209286906499,4,1.065209286906499,2.5374587510332143,2.130418573812998,1.1530745555226969,4.538683299647409,"[484, 579, 674, 769]","[""insufficient_post_history""]",10,4
4,0,4,0,1,1,0,0,0,0,5,5,False,82,y,within_tolerance_under_iid,10,[864],,0.196372611169519,1.7383379651495021,0.9120169523859166,5,0.9120169523859166,2.3273644897616528,2.0393319021670986,0.785490444678076,4.158874607196477,"[389, 484, 579, 674, 769]","[""insufficient_post_history""]",10,5
5,0,5,0,1,1,0,0,0,0,6,6,False,82,y,within_tolerance_under_iid,10,[864],,0.017046438062187464,1.4638627779138549,0.7528902536542541,6,0.7528902536542541,2.061566567748988,1.8441969537675205,0.08523219031093732,3.401062404285402,"[294, 389, 484, 579, 674, 769]","[""insufficient_post_history""]",10,6
0,0,0,0,3,3,3,0,3,0,0,0,False,83,y,pre_data_incomplete,1,"[8, 103, 198]",,,,,,,,,,,[],"[""insufficient_pre_history""]",1,3
0,0,0,0,4,4,4,0,4,0,0,0,False,83,y,pre_data_incomplete,1,"[8, 103, 198, 293]",,,,,,,,,,,[],"[""insufficient_pre_history""]",1,4
0,0,0,0,5,5,5,0,5,0,0,0,False,83,y,pre_data_incomplete,1,"[8, 103, 198, 293, 388]",,,,,,,,,,,[],"[""insufficient_pre_history""]",1,5
0,0,0,0,6,6,6,0,6,0,0,0,False,83,y,pre_data_incomplete,1,"[8, 103, 198, 293, 388, 483]",,,,,,,,,,,[],"[""insufficient_pre_history""]",1,6
0,0,0,0,3,3,2,0,2,0,1,1,False,83,y,pre_data_incomplete,2,"[103, 198, 293]",,,,,,,,,,,[8],"[""insufficient_pre_history""]",2,3
0,0,0,0,4,4,3,0,3,0,1,1,False,83,y,pre_data_incomplete,2,"[103, 198, 293, 388]",,,,,,,,,,,[8],"[""insufficient_pre_history""]",2,4
0,0,0,0,5,5,4,0,4,0,1,1,False,83,y,pre_data_incomplete,2,"[103, 198, 293, 388, 483]",,,,,,,,,,,[8],"[""insufficient_pre_history""]",2,5
0,0,0,0,6,6,5,0,5,0,1,1,False,83,y,pre_data_incomplete,2,"[103, 198, 293, 388, 483, 578]",,,,,,,,,,,[8],"[""insufficient_pre_history""]",2,6
0,0,0,0,3,3,1,0,1,0,2,2,False,83,y,pre_data_incomplete,3,"[198, 293, 388]",,,,,,,,,,,"[8, 103]","[""insufficient_pre_history""]",3,3
0,0,0,0,4,4,2,0,2,0,2,2,False,83,y,pre_data_incomplete,3,"[198, 293, 388, 483]",,,,,,,,,,,"[8, 103]","[""insufficient_pre_history""]",3,4
0,0,0,0,5,5,3,0,3,0,2,2,False,83,y,pre_data_incomplete,3,"[198, 293, 388, 483, 578]",,,,,,,,,,,"[8, 103]","[""insufficient_pre_history""]",3,5
0,0,0,0,6,6,4,0,4,0,2,2,False,83,y,pre_data_incomplete,3,"[198, 293, 388, 483, 578, 673]",,,,,,,,,,,"[8, 103]","[""insufficient_pre_history""]",3,6
0,0,0,0,3,3,0,0,0,0,3,3,True,83,y,review_trend,4,"[293, 388, 483]",,0.582648144661729,0.24441260574865747,0.3547831671469023,3,0.3547831671469023,0.27616816107076975,0.614502471168636,1.165296289323458,0.37761328707236036,"[8, 103, 198]",[],4,3
0,0,0,0,4,4,1,0,1,0,3,3,False,83,y,pre_data_incomplete,4,"[293, 388, 483, 578]",,,,,,,,,,,"[8, 103, 198]","[""insufficient_pre_history""]",4,4
0,0,0,0,5,5,2,0,2,0,3,3,False,83,y,pre_data_incomplete,4,"[293, 388, 483, 578, 673]",,,,,,,,,,,"[8, 103, 198]","[""insufficient_pre_history""]",4,5
0,0,0,0,6,6,3,0,3,0,3,3,False,83,y,pre_data_incomplete,4,"[293, 388, 483, 578, 673, 768]",,,,,,,,,,,"[8, 103, 198]","[""insufficient_pre_history""]",4,6
0,0,0,0,3,3,0,0,0,0,3,3,True,83,y,noise_baseline_short,5,"[388, 483, 578]",,-1.1096425303470823,0.24441260574865747,0.7836797068993371,3,0.7836797068993371,1.1055813890097983,1.3573730692103378,2.2192850606941645,1.8424616490174925,"[103, 198, 293]",[],5,3
0,0,0,0,4,4,0,0,0,0,4,4,True,83,y,noise_baseline_short,5,"[388, 483, 578, 673]",,-0.3650791525609434,0.582648144661729,0.5580202772375251,4,0.5580202772375251,1.2389966948151738,1.1160405544750502,1.0952374576828303,1.2455465192329775,"[8, 103, 198, 293]",[],5,4
0,0,0,0,5,5,1,0,1,0,4,4,False,83,y,pre_data_incomplete,5,"[388, 483, 578, 673, 768]",,,,,,,,,,,"[8, 103, 198, 293]","[""insufficient_pre_history""]",5,5
0,0,0,0,6,6,2,0,2,0,4,4,False,83,y,pre_data_incomplete,5,"[388, 483, 578, 673, 768, 863]",,,,,,,,,,,"[8, 103, 198, 293]","[""insufficient_pre_history""]",5,6
0,0,0,0,3,3,0,0,0,0,3,3,True,83,y,noise_baseline_short,6,"[483, 578, 673]",,-0.02835134374593884,0.05670268749187768,0.8119471183895491,3,0.8119471183895491,1.9884519458569154,1.4063336621098412,0.05670268749187768,1.9777743691832772,"[198, 293, 388]",[],6,3
0,0,0,0,4,4,0,0,0,0,4,4,True,83,y,noise_baseline_short,6,"[483, 578, 673, 768]",,-0.19005679116724825,0.12220630287432876,0.5931351190036154,4,0.5931351190036154,1.4214610992568948,1.1862702380072307,0.5701703735017447,1.4072370775817316,"[103, 198, 293, 388]",[],6,4
0,0,0,0,5,5,0,0,0,0,5,5,True,83,y,within_tolerance_under_iid,6,"[483, 578, 673, 768, 863]",,-0.0002097857031003736,0.24441260574865747,0.4691227242597982,5,0.4691227242597982,1.2112696050340845,1.0489903012347985,0.0008391428124014944,1.1003806520846735,"[8, 103, 198, 293, 388]",[],6,5
1,0,1,0,5,5,1,0,1,0,5,5,False,83,y,pre_data_incomplete,6,"[483, 578, 673, 768, 863]",,,,,,,,,,,"[8, 103, 198, 293, 388]","[""insufficient_pre_history"", ""insufficient_post_history""]",6,6
0,0,0,0,3,3,0,0,0,0,3,3,True,83,y,review_trend,7,"[578, 673, 768]",,2.0326709558265037,1.6583469327020628,1.180177581659734,3,1.180177581659734,0.30563428504021684,2.044127533388427,4.065341911653007,4.178457372756654,"[293, 388, 483]",[],7,3
0,0,0,0,4,4,0,0,0,0,4,4,True,83,y,noise_baseline_short,7,"[578, 673, 768, 863]",,0.72119277145815,0.8291734663510314,0.8380163819893309,4,0.8380163819893309,1.7068483250969344,1.6760327639786619,2.16357831437445,2.8090858259299525,"[198, 293, 388, 483]",[],7,4
1,0,1,0,4,4,0,0,0,0,5,5,False,83,y,within_tolerance_under_iid,7,"[578, 673, 768, 863]",,0.3635411014425808,0.1877099182567798,0.6491313774885068,5,0.6491313774885068,1.5390267033011131,1.4515018863923779,1.4541644057703231,2.1068577262006314,"[103, 198, 293, 388, 483]","[""insufficient_post_history""]",7,5
2,0,2,0,4,4,0,0,0,0,6,6,False,83,y,within_tolerance_under_iid,7,"[578, 673, 768, 863]",,0.3409752788855924,0.582648144661729,0.5523378724233657,6,0.5523378724233657,1.3339500829492013,1.3529459530517178,1.7048763944279621,1.8304627518790213,"[8, 103, 198, 293, 388, 483]","[""insufficient_post_history""]",7,6
0,0,0,0,3,3,0,0,0,0,3,3,True,83,y,review_trend,8,"[673, 768, 863]",,2.060336426326834,1.6583469327020628,1.1970590870932343,3,1.1970590870932343,0.32822304711349326,2.0733671585074993,4.120672852653668,4.298851373977461,"[388, 483, 578]",[],8,3
1,0,1,0,3,3,0,0,0,0,4,4,False,83,y,review_trend,8,"[673, 768, 863]",,2.1241350427515897,2.0326709558265033,1.374804419809778,4,1.374804419809778,0.24627008904403133,2.749608839619556,6.372405128254769,7.560348770914,"[293, 388, 483, 578]","[""insufficient_post_history""]",8,4
2,0,2,0,3,3,0,0,0,0,5,5,False,83,y,high_noise_under_iid,8,"[673, 768, 863]",,1.2193282241976586,1.6016442452101851,1.0764679485656443,5,1.0764679485656443,1.664136583189851,2.407055508592528,4.8773128967906345,5.793916221445633,"[198, 293, 388, 483, 578]","[""insufficient_post_history""]",8,5
3,0,3,0,3,3,0,0,0,0,6,6,False,83,y,within_tolerance_under_iid,8,"[673, 768, 863]",,0.8215383305466781,0.9230284254794213,0.8909065643191267,6,0.8909065643191267,1.732068394337562,2.1822664910779026,4.107691652733391,4.762287038081461,"[103, 198, 293, 388, 483, 578]","[""insufficient_post_history""]",8,6
1,0,1,0,2,2,0,0,0,0,3,3,False,83,y,noise_baseline_short,9,"[768, 863]",,0.2322360695971194,0.4644721391942388,0.7553587460214476,3,0.7553587460214476,1.8208607379760613,1.3083197260506627,0.4644721391942388,1.7117005055732815,"[483, 578, 673]","[""insufficient_post_history""]",9,3
2,0,2,0,2,2,0,0,0,0,4,4,False,83,y,noise_baseline_short,9,"[768, 863]",,0.8830783135640509,1.061409535948151,0.8478726215412806,4,0.8478726215412806,1.5374523161509372,1.6957452430825612,2.6492349406921525,2.8755519294371346,"[388, 483, 578, 673]","[""insufficient_post_history""]",9,4
3,0,3,0,2,2,0,0,0,0,5,5,False,83,y,high_noise_under_iid,9,"[768, 863]",,1.3180300954348159,1.6583469327020628,1.0952484443979,5,1.0952484443979,1.4854123753356951,2.449049973924603,5.2721203817392635,5.9978457747800995,"[293, 388, 483, 578, 673]","[""insufficient_post_history""]",9,5
4,0,4,0,2,2,0,0,0,0,6,6,False,83,y,within_tolerance_under_iid,9,"[768, 863]",,0.9020552099868004,1.0614095359481508,0.9109820451561876,6,0.9109820451561876,1.6322404514411104,2.2314411754697234,4.510276049934002,4.979329719581702,"[198, 293, 388, 483, 578, 673]","[""insufficient_post_history""]",9,6
2,0,2,0,1,1,0,0,0,0,3,3,False,83,y,review_trend,10,[863],,-4.7930868390977865,1.9978537807573657,2.9199385874789363,3,2.9199385874789363,2.2822982350311047,5.057481988494418,9.586173678195573,25.578124063945456,"[578, 673, 768]","[""insufficient_post_history""]",10,3
3,0,3,0,1,1,0,0,0,0,4,4,False,83,y,noise_baseline_short,10,[863],,-2.336939705548927,1.2311629599758023,2.094122402555461,4,2.094122402555461,3.5579311197492536,4.188244805110922,7.010819116646781,17.541394547538626,"[483, 578, 673, 768]","[""insufficient_post_history""]",10,4
4,0,4,0,1,1,0,0,0,0,5,5,False,83,y,high_noise_under_iid,10,[863],,-1.046652951188957,1.6583469327020628,1.6266679254361314,5,1.6266679254361314,3.7401491409892644,3.637340058093749,4.186611804755828,13.230242698213436,"[388, 483, 578, 673, 768]","[""insufficient_post_history""]",10,5
5,0,5,0,1,1,0,0,0,0,6,6,False,83,y,high_noise_under_iid,10,[863],,-0.18462131706612264,2.2649070254236228,1.4130534398958248,6,1.4130534398958248,3.8504906402472323,3.4612599070293086,0.9231065853306132,11.98032014400854,"[293, 388, 483, 578, 673, 768]","[""insufficient_post_history""]",10,6
0,0,0,0,3,3,3,0,3,0,0,0,False,84,y,pre_data_incomplete,1,"[7, 102, 197]",,,,,,,,,,,[],"[""insufficient_pre_history""]",1,3
0,0,0,0,4,4,4,0,4,0,0,0,False,84,y,pre_data_incomplete,1,"[7, 102, 197, 292]",,,,,,,,,,,[],"[""insufficient_pre_history""]",1,4
0,0,0,0,5,5,5,0,5,0,0,0,False,84,y,pre_data_incomplete,1,"[7, 102, 197, 292, 387]",,,,,,,,,,,[],"[""insufficient_pre_history""]",1,5
0,0,0,0,6,6,6,0,6,0,0,0,False,84,y,pre_data_incomplete,1,"[7, 102, 197, 292, 387, 482]",,,,,,,,,,,[],"[""insufficient_pre_history""]",1,6
0,0,0,0,3,3,2,0,2,0,1,1,False,84,y,pre_data_incomplete,2,"[102, 197, 292]",,,,,,,,,,,[7],"[""insufficient_pre_history""]",2,3
0,0,0,0,4,4,3,0,3,0,1,1,False,84,y,pre_data_incomplete,2,"[102, 197, 292, 387]",,,,,,,,,,,[7],"[""insufficient_pre_history""]",2,4
0,0,0,0,5,5,4,0,4,0,1,1,False,84,y,pre_data_incomplete,2,"[102, 197, 292, 387, 482]",,,,,,,,,,,[7],"[""insufficient_pre_history""]",2,5
0,0,0,0,6,6,5,0,5,0,1,1,False,84,y,pre_data_incomplete,2,"[102, 197, 292, 387, 482, 577]",,,,,,,,,,,[7],"[""insufficient_pre_history""]",2,6
0,0,0,0,3,3,1,0,1,0,2,2,False,84,y,pre_data_incomplete,3,"[197, 292, 387]",,,,,,,,,,,"[7, 102]","[""insufficient_pre_history""]",3,3
0,0,0,0,4,4,2,0,2,0,2,2,False,84,y,pre_data_incomplete,3,"[197, 292, 387, 482]",,,,,,,,,,,"[7, 102]","[""insufficient_pre_history""]",3,4
0,0,0,0,5,5,3,0,3,0,2,2,False,84,y,pre_data_incomplete,3,"[197, 292, 387, 482, 577]",,,,,,,,,,,"[7, 102]","[""insufficient_pre_history""]",3,5
0,0,0,0,6,6,4,0,4,0,2,2,False,84,y,pre_data_incomplete,3,"[197, 292, 387, 482, 577, 672]",,,,,,,,,,,"[7, 102]","[""insufficient_pre_history""]",3,6
0,0,0,0,3,3,0,0,0,0,3,3,True,84,y,noise_baseline_short,4,"[292, 387, 482]",,0.7596328262903804,0.22014017365133337,0.47401106580909286,3,0.47401106580909286,0.44049390631541124,0.8210112493312235,1.5192656525807609,0.6740594715284165,"[7, 102, 197]",[],4,3
0,0,0,0,4,4,1,0,1,0,3,3,False,84,y,pre_data_incomplete,4,"[292, 387, 482, 577]",,,,,,,,,,,"[7, 102, 197]","[""insufficient_pre_history""]",4,4
0,0,0,0,5,5,2,0,2,0,3,3,False,84,y,pre_data_incomplete,4,"[292, 387, 482, 577, 672]",,,,,,,,,,,"[7, 102, 197]","[""insufficient_pre_history""]",4,5
0,0,0,0,6,6,3,0,3,0,3,3,False,84,y,pre_data_incomplete,4,"[292, 387, 482, 577, 672, 767]",,,,,,,,,,,"[7, 102, 197]","[""insufficient_pre_history""]",4,6
0,0,0,0,3,3,0,0,0,0,3,3,True,84,y,noise_baseline_short,5,"[387, 482, 577]",,-0.22389649625409164,0.22014017365133337,0.19651335474134374,3,0.19651335474134374,0.3625544227843128,0.3403711147778137,0.4477929925081833,0.11585249577509159,"[102, 197, 292]",[],5,3
0,0,0,0,4,4,0,0,0,0,4,4,True,84,y,noise_baseline_short,5,"[387, 482, 577, 672]",,0.27741376329150663,0.33396658307975835,0.33589982107151345,4,0.33589982107151345,0.6961150397860674,0.6717996421430269,0.83224128987452,0.45131475918349895,"[7, 102, 197, 292]",[],5,4
0,0,0,0,5,5,1,0,1,0,4,4,False,84,y,pre_data_incomplete,5,"[387, 482, 577, 672, 767]",,,,,,,,,,,"[7, 102, 197, 292]","[""insufficient_pre_history""]",5,5
0,0,0,0,6,6,2,0,2,0,4,4,False,84,y,pre_data_incomplete,5,"[387, 482, 577, 672, 767, 862]",,,,,,,,,,,"[7, 102, 197, 292]","[""insufficient_pre_history""]",5,6
0,0,0,0,3,3,0,0,0,0,3,3,True,84,y,review_trend,6,"[482, 577, 672]",,-0.9621403529741673,0.6679331661595167,0.5640823467502237,3,0.5640823467502237,0.2402191621185271,0.9770192842240725,1.9242807059483347,0.9545666817457189,"[197, 292, 387]",[],6,3
0,0,0,0,4,4,0,0,0,0,4,4,True,84,y,noise_baseline_short,6,"[482, 577, 672, 767]",,-0.578035476305052,0.33396658307975835,0.43012777424481896,4,0.43012777424481896,0.5241630313106702,0.8602555484896379,1.734106428915156,0.7400396087072079,"[102, 197, 292, 387]",[],6,4
0,0,0,0,5,5,0,0,0,0,5,5,True,84,y,within_tolerance_under_iid,6,"[482, 577, 672, 767, 862]",,-0.1257823099243331,0.6679331661595167,0.37101448264848463,5,0.37101448264848463,0.9300220484482155,0.8296136038389279,0.5031292396973324,0.6882587316746135,"[7, 102, 197, 292, 387]",[],6,5
1,0,1,0,5,5,1,0,1,0,5,5,False,84,y,pre_data_incomplete,6,"[482, 577, 672, 767, 862]",,,,,,,,,,,"[7, 102, 197, 292, 387]","[""insufficient_pre_history"", ""insufficient_post_history""]",6,6
0,0,0,0,3,3,0,0,0,0,3,3,True,84,y,noise_baseline_short,7,"[577, 672, 767]",,0.9713039401510155,1.256347539788818,0.930515099199052,3,0.930515099199052,1.818869816869463,1.6116994290227518,1.942607880302031,2.5975750495122645,"[292, 387, 482]",[],7,3
0,0,0,0,4,4,0,0,0,0,4,4,True,84,y,noise_baseline_short,7,"[577, 672, 767, 862]",,0.25676766026387243,0.9621403529741674,0.667071286696694,4,0.667071286696694,1.5827446195825905,1.334142573393388,0.7703029807916173,1.779936406140732,"[197, 292, 387, 482]",[],7,4
1,0,1,0,4,4,0,0,0,0,5,5,False,84,y,within_tolerance_under_iid,7,"[577, 672, 767, 862]",,0.10653490696393608,0.4477929925081833,0.5171729269448575,5,0.5171729269448575,1.321092964591071,1.1564338207712341,0.42613962785574433,1.337339181823555,"[102, 197, 292, 387, 482]","[""insufficient_post_history""]",7,5
2,0,2,0,4,4,0,0,0,0,6,6,False,84,y,within_tolerance_under_iid,7,"[577, 672, 767, 862]",,0.2339813448733102,0.7596328262903804,0.46807873114040854,6,0.46807873114040854,1.184784129681204,1.1465540507433956,1.169906724366551,1.3145861912760888,"[7, 102, 197, 292, 387, 482]","[""insufficient_post_history""]",7,6
0,0,0,0,3,3,0,0,0,0,3,3,True,84,y,noise_baseline_short,8,"[672, 767, 862]",,1.4320846996317262,0.3347860208273967,1.0151317322054325,3,1.0151317322054325,1.4426439021961817,1.7582597365552124,2.8641693992634525,3.0914773011912047,"[387, 482, 577]",[],8,3
1,0,1,0,3,3,0,0,0,0,4,4,False,84,y,noise_baseline_short,8,"[672, 767, 862]",,0.8022420998514752,0.9713039401510154,0.7428280624340425,4,0.7428280624340425,1.3045229837384325,1.485656124868085,2.4067262995544256,2.2071741213580554,"[292, 387, 482, 577]","[""insufficient_post_history""]",8,4
2,0,2,0,3,3,0,0,0,0,5,5,False,84,y,within_tolerance_under_iid,8,"[672, 767, 862]",,0.38223852669322655,0.9398886933151176,0.5757018915092554,5,0.5757018915092554,1.3124519603729765,1.2873085641899042,1.5289541067729062,1.657163339436673,"[197, 292, 387, 482, 577]","[""insufficient_post_history""]",8,5
3,0,3,0,3,3,0,0,0,0,6,6,False,84,y,within_tolerance_under_iid,8,"[672, 767, 862]",,0.23908059821345654,0.803910929737317,0.4706761125333502,6,0.4706761125333502,1.1880433777379915,1.152916309823502,1.1954029910672828,1.3292160174570413,"[102, 197, 292, 387, 482, 577]","[""insufficient_post_history""]",8,6
1,0,1,0,2,2,0,0,0,0,3,3,False,84,y,noise_baseline_short,9,"[767, 862]",,-4.124715452485511,0.3347860208273967,2.6957455738186726,3,2.6957455738186726,3.0944644229062104,4.669168298132858,8.249430904971023,21.801132596288888,"[482, 577, 672]","[""insufficient_post_history""]",9,3
2,0,2,0,2,2,0,0,0,0,4,4,False,84,y,noise_baseline_short,9,"[767, 862]",,-1.5486212475467915,1.5994777100454245,1.908046996323044,4,1.908046996323044,3.980991160525339,3.816093992646088,4.645863742640374,14.562573360709562,"[387, 482, 577, 672]","[""insufficient_post_history""]",9,4
3,0,3,0,2,2,0,0,0,0,5,5,False,84,y,high_noise_under_iid,9,"[767, 862]",,-0.9749476650074531,1.607821859474634,1.4915231229925974,5,1.4915231229925974,3.4150449012859245,3.3351470930242275,3.8997906600298125,11.123206132107955,"[292, 387, 482, 577, 672]","[""insufficient_post_history""]",9,5
4,0,4,0,2,2,0,0,0,0,6,6,False,84,y,high_noise_under_iid,9,"[767, 862]",,-0.7671817130179367,1.432084699631726,1.2422392950190495,6,1.2422392950190495,2.9997840680152663,3.042852411231368,3.8359085650896834,9.25895079653655,"[197, 292, 387, 482, 577, 672]","[""insufficient_post_history""]",9,6
2,0,2,0,1,1,0,0,0,0,3,3,False,84,y,noise_baseline_short,10,[862],,-1.067298139531322,2.1345962790626434,2.364166129641433,3,2.364166129641433,5.590835205402541,4.094855854072431,2.134596279062644,16.76784446563126,"[577, 672, 767]","[""insufficient_post_history""]",10,3
3,0,3,0,1,1,0,0,0,0,4,4,False,84,y,noise_baseline_short,10,[862],,-1.5322791783813745,1.2346911499450202,1.9086977872821118,4,1.9086977872821118,3.998632861091529,3.8173955745642236,4.5968375351441235,14.57250897270252,"[482, 577, 672, 767]","[""insufficient_post_history""]",10,4
4,0,4,0,1,1,0,0,0,0,5,5,False,84,y,high_noise_under_iid,10,[862],,-0.6790284664569405,2.1345962790626434,1.4810350075569827,5,1.4810350075569827,3.6174805822836418,3.311694953954328,2.716113865827762,10.96732346804656,"[387, 482, 577, 672, 767]","[""insufficient_post_history""]",10,5
5,0,5,0,1,1,0,0,0,0,6,6,False,84,y,high_noise_under_iid,10,[862],,-0.5177167020973704,1.432084699631726,1.2186905608610048,6,1.2186905608610048,3.1569631483601532,2.9851700284557094,2.588583510486852,8.91124009879026,"[292, 387, 482, 577, 672, 767]","[""insufficient_post_history""]",10,6
0,0,0,0,3,3,3,0,3,0,0,0,False,85,y,pre_data_incomplete,1,"[6, 101, 196]",,,,,,,,,,,[],"[""insufficient_pre_history""]",1,3
0,0,0,0,4,4,4,0,4,0,0,0,False,85,y,pre_data_incomplete,1,"[6, 101, 196, 291]",,,,,,,,,,,[],"[""insufficient_pre_history""]",1,4
0,0,0,0,5,5,5,0,5,0,0,0,False,85,y,pre_data_incomplete,1,"[6, 101, 196, 291, 386]",,,,,,,,,,,[],"[""insufficient_pre_history""]",1,5
0,0,0,0,6,6,6,0,6,0,0,0,False,85,y,pre_data_incomplete,1,"[6, 101, 196, 291, 386, 481]",,,,,,,,,,,[],"[""insufficient_pre_history""]",1,6
0,0,0,0,3,3,2,0,2,0,1,1,False,85,y,pre_data_incomplete,2,"[101, 196, 291]",,,,,,,,,,,[6],"[""insufficient_pre_history""]",2,3
0,0,0,0,4,4,3,0,3,0,1,1,False,85,y,pre_data_incomplete,2,"[101, 196, 291, 386]",,,,,,,,,,,[6],"[""insufficient_pre_history""]",2,4
0,0,0,0,5,5,4,0,4,0,1,1,False,85,y,pre_data_incomplete,2,"[101, 196, 291, 386, 481]",,,,,,,,,,,[6],"[""insufficient_pre_history""]",2,5
0,0,0,0,6,6,5,0,5,0,1,1,False,85,y,pre_data_incomplete,2,"[101, 196, 291, 386, 481, 576]",,,,,,,,,,,[6],"[""insufficient_pre_history""]",2,6
0,0,0,0,3,3,1,0,1,0,2,2,False,85,y,pre_data_incomplete,3,"[196, 291, 386]",,,,,,,,,,,"[6, 101]","[""insufficient_pre_history""]",3,3
0,0,0,0,4,4,2,0,2,0,2,2,False,85,y,pre_data_incomplete,3,"[196, 291, 386, 481]",,,,,,,,,,,"[6, 101]","[""insufficient_pre_history""]",3,4
0,0,0,0,5,5,3,0,3,0,2,2,False,85,y,pre_data_incomplete,3,"[196, 291, 386, 481, 576]",,,,,,,,,,,"[6, 101]","[""insufficient_pre_history""]",3,5
0,0,0,0,6,6,4,0,4,0,2,2,False,85,y,pre_data_incomplete,3,"[196, 291, 386, 481, 576, 671]",,,,,,,,,,,"[6, 101]","[""insufficient_pre_history""]",3,6
0,0,0,0,3,3,0,0,0,0,3,3,True,85,y,noise_baseline_short,4,"[291, 386, 481]",,-0.15709256252132436,0.3141851250426487,0.3329199722151446,3,0.3329199722151446,0.7846388347509722,0.5766343067310493,0.3141851250426487,0.3325071236991979,"[6, 101, 196]",[],4,3
0,0,0,0,4,4,1,0,1,0,3,3,False,85,y,pre_data_incomplete,4,"[291, 386, 481, 576]",,,,,,,,,,,"[6, 101, 196]","[""insufficient_pre_history""]",4,4
0,0,0,0,5,5,2,0,2,0,3,3,False,85,y,pre_data_incomplete,4,"[291, 386, 481, 576, 671]",,,,,,,,,,,"[6, 101, 196]","[""insufficient_pre_history""]",4,5
0,0,0,0,6,6,3,0,3,0,3,3,False,85,y,pre_data_incomplete,4,"[291, 386, 481, 576, 671, 766]",,,,,,,,,,,"[6, 101, 196]","[""insufficient_pre_history""]",4,6
0,0,0,0,3,3,0,0,0,0,3,3,True,85,y,noise_baseline_short,5,"[386, 481, 576]",,-0.3478311500676854,0.6956623001353708,0.43325906211294757,3,0.43325906211294757,0.9403762393335596,0.7504267084192652,0.6956623001353708,0.5631402447089728,"[101, 196, 291]",[],5,3
0,0,0,0,4,4,0,0,0,0,4,4,True,85,y,noise_baseline_short,5,"[386, 481, 576, 671]",,-0.46373219280032607,0.5590374756386249,0.408689169145476,4,0.408689169145476,0.6815732941235445,0.817378338290952,1.391196578400978,0.6681073479072779,"[6, 101, 196, 291]",[],5,4
0,0,0,0,5,5,1,0,1,0,4,4,False,85,y,pre_data_incomplete,5,"[386, 481, 576, 671, 766]",,,,,,,,,,,"[6, 101, 196, 291]","[""insufficient_pre_history""]",5,5
0,0,0,0,6,6,2,0,2,0,4,4,False,85,y,pre_data_incomplete,5,"[386, 481, 576, 671, 766, 861]",,,,,,,,,,,"[6, 101, 196, 291]","[""insufficient_pre_history""]",5,6
0,0,0,0,3,3,0,0,0,0,3,3,True,85,y,noise_baseline_short,6,"[481, 576, 671]",,-0.20797105243883252,0.41594210487766503,0.44695731171937103,3,0.44695731171937103,1.054571530855736,0.774152772712351,0.41594210487766503,0.5993125154982208,"[196, 291, 386]",[],6,3
0,0,0,0,4,4,0,0,0,0,4,4,True,85,y,noise_baseline_short,6,"[481, 576, 671, 766]",,-0.03357089622991634,0.40194491311730063,0.3187398173552796,4,0.3187398173552796,0.7789434602857017,0.6374796347105592,0.10071268868974902,0.406380284670708,"[101, 196, 291, 386]",[],6,4
0,0,0,0,5,5,0,0,0,0,5,5,True,85,y,within_tolerance_under_iid,6,"[481, 576, 671, 766, 861]",,-0.21559167599759982,0.41594210487766503,0.3169873166950549,5,0.3169873166950549,0.7175935412465009,0.7088051881353968,0.8623667039903993,0.5024047947276552,"[6, 101, 196, 291, 386]",[],6,5
1,0,1,0,5,5,1,0,1,0,5,5,False,85,y,pre_data_incomplete,6,"[481, 576, 671, 766, 861]",,,,,,,,,,,"[6, 101, 196, 291, 386]","[""insufficient_pre_history"", ""insufficient_post_history""]",6,6
0,0,0,0,3,3,0,0,0,0,3,3,True,85,y,noise_baseline_short,7,"[576, 671, 766]",,0.38615950294709417,0.31129101559811867,0.3221101797294465,3,0.3221101797294465,0.5694659637584358,0.557911196926544,0.7723190058941883,0.3112649036560089,"[291, 386, 481]",[],7,3
0,0,0,0,4,4,0,0,0,0,4,4,True,85,y,noise_baseline_short,7,"[576, 671, 766, 861]",,-0.1098089339935044,0.3636165602378918,0.3168241444320153,4,0.3168241444320153,0.7563862941701789,0.6336482888640306,0.3294268019805132,0.40151015398031387,"[196, 291, 386, 481]",[],7,4
1,0,1,0,4,4,0,0,0,0,5,5,False,85,y,within_tolerance_under_iid,7,"[576, 671, 766, 861]",,-0.02626286933600299,0.31129101559811867,0.2470766363167657,5,0.2470766363167657,0.6361446117601842,0.5524801544562814,0.10505147734401196,0.30523432106803655,"[101, 196, 291, 386, 481]","[""insufficient_post_history""]",7,5
2,0,2,0,4,4,0,0,0,0,6,6,False,85,y,within_tolerance_under_iid,7,"[576, 671, 766, 861]",,-0.15836571971118074,0.40194491311730063,0.2620514247874518,6,0.2620514247874518,0.6366383797632492,0.6418922770985807,0.7918285985559037,0.412025695398801,"[6, 101, 196, 291, 386, 481]","[""insufficient_post_history""]",7,6
0,0,0,0,3,3,0,0,0,0,3,3,True,85,y,noise_baseline_short,8,"[671, 766, 861]",,-3.6102035993128423,0.31129101559811867,2.356634472209741,3,2.356634472209741,2.6935508453825223,4.081810640735537,7.220407198625685,16.66117810682185,"[386, 481, 576]",[],8,3
1,0,1,0,3,3,0,0,0,0,4,4,False,85,y,noise_baseline_short,8,"[671, 766, 861]",,-1.8721682546998248,0.5418050107461536,1.7041495652753216,4,1.7041495652753216,2.943164879887624,3.408299130550643,5.616504764099474,11.61650296331227,"[291, 386, 481, 576]","[""insufficient_post_history""]",8,4
2,0,2,0,3,3,0,0,0,0,5,5,False,85,y,high_noise_under_iid,8,"[671, 766, 861]",,-1.4500379601112512,0.7272331204757837,1.4165535594205079,5,1.4165535594205079,2.5236467579346513,3.1675100526335433,5.800151840445005,10.033119933534552,"[196, 291, 386, 481, 576]","[""insufficient_post_history""]",8,5
3,0,3,0,3,3,0,0,0,0,6,6,False,85,y,high_noise_under_iid,8,"[671, 766, 861]",,-1.0074396207508225,0.5418050107461535,1.1752812092639493,6,1.1752812092639493,2.432962304986614,2.8788392669778533,5.037198103754113,8.287715525093585,"[101, 196, 291, 386, 481, 576]","[""insufficient_post_history""]",8,6
1,0,1,0,2,2,0,0,0,0,3,3,False,85,y,noise_baseline_short,9,"[766, 861]",,-3.168282901348886,0.572550380329794,2.2137922031927735,3,2.2137922031927735,3.054377584311287,3.8344005733297273,6.336565802697772,14.70262775675134,"[481, 576, 671]","[""insufficient_post_history""]",9,3
2,0,2,0,2,2,0,0,0,0,4,4,False,85,y,noise_baseline_short,9,"[766, 861]",,-2.6852686637915237,3.3239284091479453,1.9612971315105308,4,1.9612971315105308,2.2479877972482027,3.9225942630210615,8.055805991374571,15.386745752285742,"[386, 481, 576, 671]","[""insufficient_post_history""]",9,4
3,0,3,0,2,2,0,0,0,0,5,5,False,85,y,high_noise_under_iid,9,"[766, 861]",,-1.834890079223285,1.083610021492307,1.59697450938324,5,1.59697450938324,2.40404767313216,3.5709435613153,7.33956031689314,12.751637918099199,"[291, 386, 481, 576, 671]","[""insufficient_post_history""]",9,5
4,0,4,0,2,2,0,0,0,0,6,6,False,85,y,high_noise_under_iid,9,"[766, 861]",,-1.544019347510458,0.9054215709840454,1.4263285750095043,6,1.4263285750095043,2.197297804727629,3.4937772143243273,7.72009673755229,12.206479223331856,"[196, 291, 386, 481, 576, 671]","[""insufficient_post_history""]",9,6
2,0,2,0,1,1,0,0,0,0,3,3,False,85,y,review_trend,10,[861],,1.2661517569433802,0.572550380329794,0.7667031646727354,3,0.7667031646727354,0.5663231525317572,1.3279688355370252,2.5323035138867604,1.7635012281575626,"[576, 671, 766]","[""insufficient_post_history""]",10,3
3,0,3,0,1,1,0,0,0,0,4,4,False,85,y,noise_baseline_short,10,[861],,-1.255788762709262,1.2661517569433807,1.565416938019157,4,1.565416938019157,3.2803456521617487,3.130833876038314,3.7673662881277865,9.80212075934909,"[481, 576, 671, 766]","[""insufficient_post_history""]",10,4
4,0,4,0,1,1,0,0,0,0,5,5,False,85,y,high_noise_under_iid,10,[861],,-1.571277317217562,2.5323035138867604,1.5363233636118816,5,1.5363233636118816,2.739626828333276,3.4353234764572944,6.285109268870248,11.801447387898632,"[386, 481, 576, 671, 766]","[""insufficient_post_history""]",10,5
5,0,5,0,1,1,0,0,0,0,6,6,False,85,y,high_noise_under_iid,10,[861],,-1.2821472844042379,2.7302113453165564,1.3321101298752225,6,1.3321101298752225,2.4732186980049464,3.2629900993869243,6.4107364220211895,10.647104388697091,"[291, 386, 481, 576, 671, 766]","[""insufficient_post_history""]",10,6
0,0,0,0,3,3,3,0,3,0,0,0,False,86,y,pre_data_incomplete,1,"[5, 100, 195]",,,,,,,,,,,[],"[""insufficient_pre_history""]",1,3
0,0,0,0,4,4,4,0,4,0,0,0,False,86,y,pre_data_incomplete,1,"[5, 100, 195, 290]",,,,,,,,,,,[],"[""insufficient_pre_history""]",1,4
0,0,0,0,5,5,5,0,5,0,0,0,False,86,y,pre_data_incomplete,1,"[5, 100, 195, 290, 385]",,,,,,,,,,,[],"[""insufficient_pre_history""]",1,5
0,0,0,0,6,6,6,0,6,0,0,0,False,86,y,pre_data_incomplete,1,"[5, 100, 195, 290, 385, 480]",,,,,,,,,,,[],"[""insufficient_pre_history""]",1,6
0,0,0,0,3,3,2,0,2,0,1,1,False,86,y,pre_data_incomplete,2,"[100, 195, 290]",,,,,,,,,,,[5],"[""insufficient_pre_history""]",2,3
0,0,0,0,4,4,3,0,3,0,1,1,False,86,y,pre_data_incomplete,2,"[100, 195, 290, 385]",,,,,,,,,,,[5],"[""insufficient_pre_history""]",2,4
0,0,0,0,5,5,4,0,4,0,1,1,False,86,y,pre_data_incomplete,2,"[100, 195, 290, 385, 480]",,,,,,,,,,,[5],"[""insufficient_pre_history""]",2,5
0,0,0,0,6,6,5,0,5,0,1,1,False,86,y,pre_data_incomplete,2,"[100, 195, 290, 385, 480, 575]",,,,,,,,,,,[5],"[""insufficient_pre_history""]",2,6
0,0,0,0,3,3,1,0,1,0,2,2,False,86,y,pre_data_incomplete,3,"[195, 290, 385]",,,,,,,,,,,"[5, 100]","[""insufficient_pre_history""]",3,3
0,0,0,0,4,4,2,0,2,0,2,2,False,86,y,pre_data_incomplete,3,"[195, 290, 385, 480]",,,,,,,,,,,"[5, 100]","[""insufficient_pre_history""]",3,4
0,0,0,0,5,5,3,0,3,0,2,2,False,86,y,pre_data_incomplete,3,"[195, 290, 385, 480, 575]",,,,,,,,,,,"[5, 100]","[""insufficient_pre_history""]",3,5
0,0,0,0,6,6,4,0,4,0,2,2,False,86,y,pre_data_incomplete,3,"[195, 290, 385, 480, 575, 670]",,,,,,,,,,,"[5, 100]","[""insufficient_pre_history""]",3,6
0,0,0,0,3,3,0,0,0,0,3,3,True,86,y,noise_baseline_short,4,"[290, 385, 480]",,5.02090889732492,1.6013374953872006,3.114875546624971,3,3.114875546624971,2.792068357920378,5.395122706008329,10.04181779464984,29.107349012886633,"[5, 100, 195]",[],4,3
0,0,0,0,4,4,1,0,1,0,3,3,False,86,y,pre_data_incomplete,4,"[290, 385, 480, 575]",,,,,,,,,,,"[5, 100, 195]","[""insufficient_pre_history""]",4,4
0,0,0,0,5,5,2,0,2,0,3,3,False,86,y,pre_data_incomplete,4,"[290, 385, 480, 575, 670]",,,,,,,,,,,"[5, 100, 195]","[""insufficient_pre_history""]",4,5
0,0,0,0,6,6,3,0,3,0,3,3,False,86,y,pre_data_incomplete,4,"[290, 385, 480, 575, 670, 765]",,,,,,,,,,,"[5, 100, 195]","[""insufficient_pre_history""]",4,6
0,0,0,0,3,3,0,0,0,0,3,3,True,86,y,noise_baseline_short,5,"[385, 480, 575]",,-0.5509022960087429,1.1018045920174857,0.7847587130174449,3,0.7847587130174449,1.7572964310113903,1.3592419626285783,1.1018045920174857,1.8475387129703893,"[100, 195, 290]",[],5,3
0,0,0,0,4,4,0,0,0,0,4,4,True,86,y,noise_baseline_short,5,"[385, 480, 575, 670]",,2.3617364617122654,1.3515710437023432,2.2221480116709866,4,2.2221480116709866,3.9601960719372196,4.444296023341973,7.085209385136796,19.751767143093275,"[5, 100, 195, 290]",[],5,4
0,0,0,0,5,5,1,0,1,0,4,4,False,86,y,pre_data_incomplete,5,"[385, 480, 575, 670, 765]",,,,,,,,,,,"[5, 100, 195, 290]","[""insufficient_pre_history""]",5,5
0,0,0,0,6,6,2,0,2,0,4,4,False,86,y,pre_data_incomplete,5,"[385, 480, 575, 670, 765, 860]",,,,,,,,,,,"[5, 100, 195, 290]","[""insufficient_pre_history""]",5,6
0,0,0,0,3,3,0,0,0,0,3,3,True,86,y,review_trend,6,"[480, 575, 670]",,-3.118932936340675,2.7031420874046863,1.8060426355934158,3,1.8060426355934158,0.33949180653727146,3.1281576054833993,6.23786587268135,9.785370004743635,"[195, 290, 385]",[],6,3
0,0,0,0,4,4,0,0,0,0,4,4,True,86,y,noise_baseline_short,6,"[480, 575, 670, 765]",,-1.6612727219287133,1.3515710437023432,1.3227801416826568,4,1.3227801416826568,1.8970809623784763,2.6455602833653136,4.98381816578614,6.998989212919959,"[100, 195, 290, 385]",[],6,4
0,0,0,0,5,5,0,0,0,0,5,5,True,86,y,high_noise_under_iid,6,"[480, 575, 670, 765, 860]",,0.650609925191949,2.7031420874046863,1.8010938182642908,5,1.8010938182642908,4.496140793177118,4.027368211493607,2.602439700767796,16.219694710949213,"[5, 100, 195, 290, 385]",[],6,5
1,0,1,0,5,5,1,0,1,0,5,5,False,86,y,pre_data_incomplete,6,"[480, 575, 670, 765, 860]",,,,,,,,,,,"[5, 100, 195, 290, 385]","[""insufficient_pre_history"", ""insufficient_post_history""]",6,6
0,0,0,0,3,3,0,0,0,0,3,3,True,86,y,review_trend,7,"[575, 670, 765]",,-2.570770035505709,1.6068162857347548,1.5186171545213818,3,1.5186171545213818,0.7870649408604451,2.6303220688767097,5.141540071011418,6.918594186019853,"[290, 385, 480]",[],7,3
0,0,0,0,4,4,0,0,0,0,4,4,True,86,y,review_trend,7,"[575, 670, 765, 860]",,-2.706877026052498,2.570770035505709,1.7634515816110479,4,1.7634515816110479,0.5836187100256477,3.5269031632220957,8.120631078157494,12.439045922746025,"[195, 290, 385, 480]",[],7,4
1,0,1,0,4,4,0,0,0,0,5,5,False,86,y,review_trend,7,"[575, 670, 765, 860]",,-1.8724555198739157,2.7031420874046863,1.461244518145069,5,1.461244518145069,1.5962261845905312,3.2674420743212993,7.489822079495663,10.676177709045074,"[100, 195, 290, 385, 480]","[""insufficient_post_history""]",7,5
2,0,2,0,4,4,0,0,0,0,6,6,False,86,y,high_noise_under_iid,7,"[575, 670, 765, 860]",,-0.1607728296605277,3.121672331514452,1.5964491550675388,6,1.5964491550675388,4.359104232615553,3.9104858302128074,0.8038641483026385,15.291899428295148,"[5, 100, 195, 290, 385, 480]","[""insufficient_post_history""]",7,6
0,0,0,0,3,3,0,0,0,0,3,3,True,86,y,review_trend,8,"[670, 765, 860]",,-1.3784035477559253,1.149990809777096,0.7994554674741878,3,0.7994554674741878,0.1864982196000548,1.3846974880540213,2.7568070955118507,1.9173871334231167,"[385, 480, 575]",[],8,3
1,0,1,0,3,3,0,0,0,0,4,4,False,86,y,review_trend,8,"[670, 765, 860]",,-2.0481408928100295,1.3784035477559256,1.369438678836385,4,1.369438678836385,0.8746261936148472,2.73887735767277,6.144422678430089,7.501449180372574,"[290, 385, 480, 575]","[""insufficient_post_history""]",8,4
2,0,2,0,3,3,0,0,0,0,5,5,False,86,y,review_trend,8,"[670, 765, 860]",,-2.313088600739782,2.7568070955118507,1.6693667000573886,5,1.6693667000573886,0.862537890276264,3.732817420702823,9.252354402959128,13.933925896302478,"[195, 290, 385, 480, 575]","[""insufficient_post_history""]",8,5
3,0,3,0,3,3,0,0,0,0,6,6,False,86,y,review_trend,8,"[670, 765, 860]",,-1.829584217844428,3.121672331514452,1.4862236455890674,6,1.4862236455890674,1.3862448884483831,3.6404895753522415,9.14792108922214,13.253164348248342,"[100, 195, 290, 385, 480, 575]","[""insufficient_post_history""]",8,6
1,0,1,0,2,2,0,0,0,0,3,3,False,86,y,review_trend,9,"[765, 860]",,-1.0065935567045639,0.8631963036320318,0.583119440536669,3,0.583119440536669,0.11708336684815027,1.0099924978906494,2.0131871134091277,1.0200848457953933,"[480, 575, 670]","[""insufficient_post_history""]",9,3
2,0,2,0,2,2,0,0,0,0,4,4,False,86,y,review_trend,9,"[765, 860]",,-1.2010001007208744,1.0065935567045639,0.7827139965976363,4,0.7827139965976363,0.2642803397723562,1.5654279931952726,3.603000302162623,2.4505648018793784,"[385, 480, 575, 670]","[""insufficient_post_history""]",9,4
3,0,3,0,2,2,0,0,0,0,5,5,False,86,y,review_trend,9,"[765, 860]",,-1.7066261464352945,1.6068162857347548,1.2613879897556148,5,1.2613879897556148,0.9480269294748245,2.820549291095363,6.826504585741178,7.955498303498555,"[290, 385, 480, 575, 670]","[""insufficient_post_history""]",9,5
4,0,4,0,2,2,0,0,0,0,6,6,False,86,y,review_trend,9,"[765, 860]",,-1.9934501510636133,2.3849971044604894,1.5722395216377496,6,1.5722395216377496,1.0742267065683802,3.851184581449998,9.967250755318066,14.831622680398196,"[195, 290, 385, 480, 575, 670]","[""insufficient_post_history""]",9,6
2,0,2,0,1,1,0,0,0,0,3,3,False,86,y,noise_baseline_short,10,[860],,2.568833896806474,0.8631963036320318,1.8730709799941963,3,1.8730709799941963,2.8022409242987383,3.244254103532776,5.137667793612948,10.525184688289256,"[575, 670, 765]","[""insufficient_post_history""]",10,3
3,0,3,0,1,1,0,0,0,0,4,4,False,86,y,noise_baseline_short,10,[860],,1.1099834647875524,1.0065935567045639,1.326242162035574,4,1.326242162035574,2.7337431122748734,2.652484324071148,3.3299503943626574,7.035673089443175,"[480, 575, 670, 765]","[""insufficient_post_history""]",10,4
4,0,4,0,1,1,0,0,0,0,5,5,False,86,y,high_noise_under_iid,10,[860],,0.27485342827930664,1.6068162857347548,1.0648138019619238,5,1.0648138019619238,2.703153996513657,2.3809960445668605,1.0994137131172266,5.669142164243036,"[385, 480, 575, 670, 765]","[""insufficient_post_history""]",10,5
5,0,5,0,1,1,0,0,0,0,6,6,False,86,y,high_noise_under_iid,10,[860],,-0.5079804698024737,2.3849971044604894,1.1652787738854253,6,1.1652787738854253,3.009172056657554,2.8543384041153073,2.5399023490123684,8.147247725207519,"[290, 385, 480, 575, 670, 765]","[""insufficient_post_history""]",10,6
0,0,0,0,3,3,3,0,3,0,0,0,False,87,y,pre_data_incomplete,1,"[4, 99, 194]",,,,,,,,,,,[],"[""insufficient_pre_history""]",1,3
0,0,0,0,4,4,4,0,4,0,0,0,False,87,y,pre_data_incomplete,1,"[4, 99, 194, 289]",,,,,,,,,,,[],"[""insufficient_pre_history""]",1,4
0,0,0,0,5,5,5,0,5,0,0,0,False,87,y,pre_data_incomplete,1,"[4, 99, 194, 289, 384]",,,,,,,,,,,[],"[""insufficient_pre_history""]",1,5
0,0,0,0,6,6,6,0,6,0,0,0,False,87,y,pre_data_incomplete,1,"[4, 99, 194, 289, 384, 479]",,,,,,,,,,,[],"[""insufficient_pre_history""]",1,6
0,0,0,0,3,3,2,0,2,0,1,1,False,87,y,pre_data_incomplete,2,"[99, 194, 289]",,,,,,,,,,,[4],"[""insufficient_pre_history""]",2,3
0,0,0,0,4,4,3,0,3,0,1,1,False,87,y,pre_data_incomplete,2,"[99, 194, 289, 384]",,,,,,,,,,,[4],"[""insufficient_pre_history""]",2,4
0,0,0,0,5,5,4,0,4,0,1,1,False,87,y,pre_data_incomplete,2,"[99, 194, 289, 384, 479]",,,,,,,,,,,[4],"[""insufficient_pre_history""]",2,5
0,0,0,0,6,6,5,0,5,0,1,1,False,87,y,pre_data_incomplete,2,"[99, 194, 289, 384, 479, 574]",,,,,,,,,,,[4],"[""insufficient_pre_history""]",2,6
0,0,0,0,3,3,1,0,1,0,2,2,False,87,y,pre_data_incomplete,3,"[194, 289, 384]",,,,,,,,,,,"[4, 99]","[""insufficient_pre_history""]",3,3
0,0,0,0,4,4,2,0,2,0,2,2,False,87,y,pre_data_incomplete,3,"[194, 289, 384, 479]",,,,,,,,,,,"[4, 99]","[""insufficient_pre_history""]",3,4
0,0,0,0,5,5,3,0,3,0,2,2,False,87,y,pre_data_incomplete,3,"[194, 289, 384, 479, 574]",,,,,,,,,,,"[4, 99]","[""insufficient_pre_history""]",3,5
0,0,0,0,6,6,4,0,4,0,2,2,False,87,y,pre_data_incomplete,3,"[194, 289, 384, 479, 574, 669]",,,,,,,,,,,"[4, 99]","[""insufficient_pre_history""]",3,6
0,0,0,0,3,3,0,0,0,0,3,3,True,87,y,review_trend,4,"[289, 384, 479]",,-1.8972783916150069,1.835145448336997,1.0955899673239513,3,1.0955899673239513,0.05073133574947133,1.8976174876678098,3.7945567832300138,3.6009521295026903,"[4, 99, 194]",[],4,3
0,0,0,0,4,4,1,0,1,0,3,3,False,87,y,pre_data_incomplete,4,"[289, 384, 479, 574]",,,,,,,,,,,"[4, 99, 194]","[""insufficient_pre_history""]",4,4
0,0,0,0,5,5,2,0,2,0,3,3,False,87,y,pre_data_incomplete,4,"[289, 384, 479, 574, 669]",,,,,,,,,,,"[4, 99, 194]","[""insufficient_pre_history""]",4,5
0,0,0,0,6,6,3,0,3,0,3,3,False,87,y,pre_data_incomplete,4,"[289, 384, 479, 574, 669, 764]",,,,,,,,,,,"[4, 99, 194]","[""insufficient_pre_history""]",4,6
0,0,0,0,3,3,0,0,0,0,3,3,True,87,y,noise_baseline_short,5,"[384, 479, 574]",,3.024669929546518,1.9594113348930167,2.410323874010987,3,2.410323874010987,4.069485311480817,4.174803412483275,6.049339859093036,17.428983532882,"[99, 194, 289]",[],5,3
0,0,0,0,4,4,0,0,0,0,4,4,True,87,y,noise_baseline_short,5,"[384, 479, 574, 669]",,1.0683171897375097,1.8972783916150067,1.7084334669432815,4,1.7084334669432815,3.8287354859156064,3.416866933886563,3.204951569212529,11.674979643887362,"[4, 99, 194, 289]",[],5,4
0,0,0,0,5,5,1,0,1,0,4,4,False,87,y,pre_data_incomplete,5,"[384, 479, 574, 669, 764]",,,,,,,,,,,"[4, 99, 194, 289]","[""insufficient_pre_history""]",5,5
0,0,0,0,6,6,2,0,2,0,4,4,False,87,y,pre_data_incomplete,5,"[384, 479, 574, 669, 764, 859]",,,,,,,,,,,"[4, 99, 194, 289]","[""insufficient_pre_history""]",5,6
0,0,0,0,3,3,0,0,0,0,3,3,True,87,y,noise_baseline_short,6,"[479, 574, 669]",,-0.39672407223969586,0.7934481444793917,2.811171847777209,3,2.811171847777209,6.863041815945891,4.869092469157408,0.7934481444793917,23.708061473205383,"[194, 289, 384]",[],6,3
0,0,0,0,4,4,0,0,0,0,4,4,True,87,y,noise_baseline_short,6,"[479, 574, 669, 764]",,-0.024982724413117285,1.3764297396862042,1.9909190175986242,4,1.9909190175986242,4.876575731649973,3.9818380351972484,0.07494817323935185,15.855034138543484,"[99, 194, 289, 384]",[],6,4
0,0,0,0,5,5,0,0,0,0,5,5,True,87,y,high_noise_under_iid,6,"[479, 574, 669, 764, 859]",,-0.3126669996325776,1.9594113348930167,1.571101694380615,5,1.571101694380615,4.016200698633822,3.5130901882001546,1.2506679985303104,12.341802670428198,"[4, 99, 194, 289, 384]",[],6,5
1,0,1,0,5,5,1,0,1,0,5,5,False,87,y,pre_data_incomplete,6,"[479, 574, 669, 764, 859]",,,,,,,,,,,"[4, 99, 194, 289, 384]","[""insufficient_pre_history"", ""insufficient_post_history""]",6,6
0,0,0,0,3,3,0,0,0,0,3,3,True,87,y,noise_baseline_short,7,"[574, 669, 764]",,-2.3430453860647775,4.116108566335889,2.542751240165998,3,2.542751240165998,5.273877117820953,4.404174338976281,4.686090772129555,19.39675160809716,"[289, 384, 479]",[],7,3
0,0,0,0,4,4,0,0,0,0,4,4,True,87,y,noise_baseline_short,7,"[574, 669, 764, 859]",,0.1165781927104049,2.0580542831679445,2.000990575381277,4,2.000990575381277,4.897938700009332,4.001981150762554,0.34973457813121467,16.01585313105878,"[194, 289, 384, 479]",[],7,4
1,0,1,0,4,4,0,0,0,0,5,5,False,87,y,high_noise_under_iid,7,"[574, 669, 764, 859]",,0.19330500294475703,1.9594113348930167,1.5558300886314727,5,1.5558300886314727,4.001602889350949,3.478941839619496,0.7732200117790281,12.103036323455083,"[99, 194, 289, 384, 479]","[""insufficient_post_history""]",7,5
2,0,2,0,4,4,0,0,0,0,6,6,False,87,y,high_noise_under_iid,7,"[574, 669, 764, 859]",,-0.07455168717139295,1.897278391615007,1.2885371904067147,6,1.2885371904067147,3.525357376769947,3.156258631095902,0.3727584358569647,9.961968546367377,"[4, 99, 194, 289, 384, 479]","[""insufficient_post_history""]",7,6
0,0,0,0,3,3,0,0,0,0,3,3,True,87,y,noise_baseline_short,8,"[669, 764, 859]",,1.6878033133378636,0.7405019396601622,1.2667853661611617,3,1.2667853661611617,1.9827029365217248,2.194136616475876,3.375606626675727,4.814235491760206,"[384, 479, 574]",[],8,3
1,0,1,0,3,3,0,0,0,0,4,4,False,87,y,noise_baseline_short,8,"[669, 764, 859]",,-1.2163669569033262,2.0580542831679445,1.8129825870700937,4,1.8129825870700937,4.002819472759242,3.6259651741401875,3.6491008707099786,13.147623444077482,"[289, 384, 479, 574]","[""insufficient_post_history""]",8,4
2,0,2,0,3,3,0,0,0,0,5,5,False,87,y,high_noise_under_iid,8,"[669, 764, 859]",,0.04782261922631163,2.5821584821963355,1.5499959731568036,5,1.5499959731568036,4.001119856029871,3.4658963608295523,0.19129047690524653,12.012437584011533,"[194, 289, 384, 479, 574]","[""insufficient_post_history""]",8,5
3,0,3,0,3,3,0,0,0,0,6,6,False,87,y,high_noise_under_iid,8,"[669, 764, 859]",,0.12227193324630409,1.6613302109282488,1.2704046918340222,6,1.2704046918340222,3.4697337787635303,3.111843261831061,0.6113596662315204,9.683568486203379,"[99, 194, 289, 384, 479, 574]","[""insufficient_post_history""]",8,6
1,0,1,0,2,2,0,0,0,0,3,3,False,87,y,review_trend,9,"[764, 859]",,-1.0952058117948276,0.7405019396601622,0.6432765214530674,3,0.6432765214530674,0.2896144988397796,1.1141876184728834,2.190411623589655,1.2414140491582757,"[479, 574, 669]","[""insufficient_post_history""]",9,3
2,0,2,0,2,2,0,0,0,0,4,4,False,87,y,noise_baseline_short,9,"[764, 859]",,0.503658888857854,1.0952058117948278,0.907077069012659,4,0.907077069012659,2.0742594254233864,1.814154138025318,1.510976666573562,3.291155236514385,"[384, 479, 574, 669]","[""insufficient_post_history""]",9,4
3,0,3,0,2,2,0,0,0,0,5,5,False,87,y,high_noise_under_iid,9,"[764, 859]",,-1.0377398164762694,1.449909683929493,1.468557851822233,5,1.468557851822233,3.284519448157403,3.2837951855655767,4.150959265905078,10.78331082074366,"[289, 384, 479, 574, 669]","[""insufficient_post_history""]",9,5
4,0,4,0,2,2,0,0,0,0,6,6,False,87,y,high_noise_under_iid,9,"[764, 859]",,-0.18578358793425848,1.6613302109282488,1.289757673422395,6,1.289757673422395,3.5107059015071402,3.159248191724052,0.9289179396712923,9.980849136911694,"[194, 289, 384, 479, 574, 669]","[""insufficient_post_history""]",9,6
2,0,2,0,1,1,0,0,0,0,3,3,False,87,y,noise_baseline_short,10,[859],,0.7359470896267054,1.449909683929493,0.8434600820885603,3,0.8434600820885603,1.7847445820063466,1.4609157163336022,1.4718941792534108,2.1342747302305223,"[574, 669, 764]","[""insufficient_post_history""]",10,3
3,0,3,0,1,1,0,0,0,0,4,4,False,87,y,noise_baseline_short,10,[859],,0.07442670348502523,0.7359470896267053,0.623946264929212,4,0.623946264929212,1.5238127554380054,1.247892529858424,0.22328011045507568,1.5572357660764578,"[479, 574, 669, 764]","[""insufficient_post_history""]",10,4
4,0,4,0,1,1,0,0,0,0,5,5,False,87,y,within_tolerance_under_iid,10,[859],,0.750458998826862,1.449909683929493,0.8615710754176007,5,0.8615710754176007,1.7525417038045685,1.9265314920813532,3.001835995307448,3.711523589981205,"[384, 479, 574, 669, 764]","[""insufficient_post_history""]",10,5
5,0,5,0,1,1,0,0,0,0,6,6,False,87,y,high_noise_under_iid,10,[859],,-0.4210543935457996,1.4609019315914518,1.21573586737409,6,1.21573586737409,3.210836804320684,2.9779325370664433,2.105271967728998,8.868082195318983,"[289, 384, 479, 574, 669, 764]","[""insufficient_post_history""]",10,6
0,0,0,0,3,3,3,0,3,0,0,0,False,88,y,pre_data_incomplete,1,"[3, 98, 193]",,,,,,,,,,,[],"[""insufficient_pre_history""]",1,3
0,0,0,0,4,4,4,0,4,0,0,0,False,88,y,pre_data_incomplete,1,"[3, 98, 193, 288]",,,,,,,,,,,[],"[""insufficient_pre_history""]",1,4
0,0,0,0,5,5,5,0,5,0,0,0,False,88,y,pre_data_incomplete,1,"[3, 98, 193, 288, 383]",,,,,,,,,,,[],"[""insufficient_pre_history""]",1,5
0,0,0,0,6,6,6,0,6,0,0,0,False,88,y,pre_data_incomplete,1,"[3, 98, 193, 288, 383, 478]",,,,,,,,,,,[],"[""insufficient_pre_history""]",1,6
0,0,0,0,3,3,2,0,2,0,1,1,False,88,y,pre_data_incomplete,2,"[98, 193, 288]",,,,,,,,,,,[3],"[""insufficient_pre_history""]",2,3
0,0,0,0,4,4,3,0,3,0,1,1,False,88,y,pre_data_incomplete,2,"[98, 193, 288, 383]",,,,,,,,,,,[3],"[""insufficient_pre_history""]",2,4
0,0,0,0,5,5,4,0,4,0,1,1,False,88,y,pre_data_incomplete,2,"[98, 193, 288, 383, 478]",,,,,,,,,,,[3],"[""insufficient_pre_history""]",2,5
0,0,0,0,6,6,5,0,5,0,1,1,False,88,y,pre_data_incomplete,2,"[98, 193, 288, 383, 478, 573]",,,,,,,,,,,[3],"[""insufficient_pre_history""]",2,6
0,0,0,0,3,3,1,0,1,0,2,2,False,88,y,pre_data_incomplete,3,"[193, 288, 383]",,,,,,,,,,,"[3, 98]","[""insufficient_pre_history""]",3,3
0,0,0,0,4,4,2,0,2,0,2,2,False,88,y,pre_data_incomplete,3,"[193, 288, 383, 478]",,,,,,,,,,,"[3, 98]","[""insufficient_pre_history""]",3,4
0,0,0,0,5,5,3,0,3,0,2,2,False,88,y,pre_data_incomplete,3,"[193, 288, 383, 478, 573]",,,,,,,,,,,"[3, 98]","[""insufficient_pre_history""]",3,5
0,0,0,0,6,6,4,0,4,0,2,2,False,88,y,pre_data_incomplete,3,"[193, 288, 383, 478, 573, 668]",,,,,,,,,,,"[3, 98]","[""insufficient_pre_history""]",3,6
0,0,0,0,3,3,0,0,0,0,3,3,True,88,y,review_trend,4,"[288, 383, 478]",,-3.16651258851861,2.479169580603198,1.842487639948613,3,1.842487639948613,0.5612132158875127,3.1912822047086697,6.33302517703722,10.184282110090228,"[3, 98, 193]",[],4,3
0,0,0,0,4,4,1,0,1,0,3,3,False,88,y,pre_data_incomplete,4,"[288, 383, 478, 573]",,,,,,,,,,,"[3, 98, 193]","[""insufficient_pre_history""]",4,4
0,0,0,0,5,5,2,0,2,0,3,3,False,88,y,pre_data_incomplete,4,"[288, 383, 478, 573, 668]",,,,,,,,,,,"[3, 98, 193]","[""insufficient_pre_history""]",4,5
0,0,0,0,6,6,3,0,3,0,3,3,False,88,y,pre_data_incomplete,4,"[288, 383, 478, 573, 668, 763]",,,,,,,,,,,"[3, 98, 193]","[""insufficient_pre_history""]",4,6
0,0,0,0,3,3,0,0,0,0,3,3,True,88,y,review_trend,5,"[383, 478, 573]",,-2.0978701903742203,1.7165708001452429,1.2178563695632174,3,1.2178563695632174,0.31132964843178684,2.1093891084048715,4.195740380748441,4.449522410657098,"[98, 193, 288]",[],5,3
0,0,0,0,4,4,0,0,0,0,4,4,True,88,y,review_trend,5,"[383, 478, 573, 668]",,-2.662795751215058,2.0978701903742207,1.7467382740826292,4,1.7467382740826292,0.7618166164823102,3.4934765481652583,7.9883872536451745,12.204378392580649,"[3, 98, 193, 288]",[],5,4
0,0,0,0,5,5,1,0,1,0,4,4,False,88,y,pre_data_incomplete,5,"[383, 478, 573, 668, 763]",,,,,,,,,,,"[3, 98, 193, 288]","[""insufficient_pre_history""]",5,5
0,0,0,0,6,6,2,0,2,0,4,4,False,88,y,pre_data_incomplete,5,"[383, 478, 573, 668, 763, 858]",,,,,,,,,,,"[3, 98, 193, 288]","[""insufficient_pre_history""]",5,6
0,0,0,0,3,3,0,0,0,0,3,3,True,88,y,noise_baseline_short,6,"[478, 573, 668]",,0.09734445991003615,0.1946889198200723,0.607244816297983,3,0.607244816297983,1.4810556079277624,1.051778874460936,0.1946889198200723,1.1062388007623134,"[193, 288, 383]",[],6,3
0,0,0,0,4,4,0,0,0,0,4,4,True,88,y,noise_baseline_short,6,"[478, 573, 668, 763]",,-0.857001278249462,0.9556298599826578,0.8612830042792905,4,0.8612830042792905,1.6170103597253582,1.722566008558581,2.571003834748386,2.967233653841441,"[98, 193, 288, 383]",[],6,4
0,0,0,0,5,5,0,0,0,0,5,5,True,88,y,high_noise_under_iid,6,"[478, 573, 668, 763, 858]",,-1.6472412895182735,1.9112597199653152,1.3893933283983664,5,1.3893933283983664,1.9556957637474852,3.1067779297834366,6.588965158073094,9.652069104989456,"[3, 98, 193, 288, 383]",[],6,5
1,0,1,0,5,5,1,0,1,0,5,5,False,88,y,pre_data_incomplete,6,"[478, 573, 668, 763, 858]",,,,,,,,,,,"[3, 98, 193, 288, 383]","[""insufficient_pre_history"", ""insufficient_post_history""]",6,6
0,0,0,0,3,3,0,0,0,0,3,3,True,88,y,review_trend,7,"[573, 668, 763]",,1.7788313035027201,1.6464028870401253,1.027956965401133,3,1.027956965401133,0.10812734925938176,1.7804736920690845,3.5576626070054402,3.170086568150117,"[288, 383, 478]",[],7,3
0,0,0,0,4,4,0,0,0,0,4,4,True,88,y,noise_baseline_short,7,"[573, 668, 763, 858]",,0.7434535140545908,0.9205459034300988,0.7273619218564275,4,0.7273619218564275,1.3388518862442387,1.454723843712855,2.2303605421637727,2.116221461466703,"[193, 288, 383, 478]",[],7,4
1,0,1,0,4,4,0,0,0,0,5,5,False,88,y,within_tolerance_under_iid,7,"[573, 668, 763, 858]",,-0.10814666276659284,1.6464028870401253,0.740075481450836,5,0.740075481450836,1.9006382575526415,1.654859085004954,0.43258665106637134,2.7385585912234336,"[98, 193, 288, 383, 478]","[""insufficient_post_history""]",7,5
2,0,2,0,4,4,0,0,0,0,6,6,False,88,y,high_noise_under_iid,7,"[573, 668, 763, 858]",,-0.8865622752394208,1.239584790301599,1.1362296703480685,6,1.1362296703480685,2.498782915016762,2.7831829229635052,4.432811376197104,7.746107182675679,"[3, 98, 193, 288, 383, 478]","[""insufficient_post_history""]",7,6
0,0,0,0,3,3,0,0,0,0,3,3,True,88,y,review_trend,8,"[668, 763, 858]",,2.545068267784994,1.6464028870401253,1.4996190971787042,3,1.4996190971787042,0.7337572107762983,2.5974164683140852,5.090136535569988,6.746572309869215,"[383, 478, 573]",[],8,3
1,0,1,0,3,3,0,0,0,0,4,4,False,88,y,review_trend,8,"[668, 763, 858]",,2.2650591653646033,1.7788313035027201,1.484705781240047,4,1.484705781240047,0.6323566909428787,2.969411562480094,6.79517749609381,8.817405027390475,"[288, 383, 478, 573]","[""insufficient_post_history""]",8,4
2,0,2,0,3,3,0,0,0,0,5,5,False,88,y,high_noise_under_iid,8,"[668, 763, 858]",,1.412731351778556,1.6464028870401253,1.1836907474138851,5,1.1836907474138851,1.639550445222122,2.6468129755549805,5.650925407114224,7.005618927566209,"[193, 288, 383, 478, 573]","[""insufficient_post_history""]",8,5
3,0,3,0,3,3,0,0,0,0,6,6,False,88,y,within_tolerance_under_iid,8,"[668, 763, 858]",,0.613223271842292,1.239584790301599,0.9926412514261537,6,0.9926412514261537,2.3968391138763105,2.431464563631821,3.0661163592114598,5.912019924197281,"[98, 193, 288, 383, 478, 573]","[""insufficient_post_history""]",8,6
1,0,1,0,2,2,0,0,0,0,3,3,False,88,y,review_trend,9,"[763, 858]",,2.895250503397234,2.3467673582646063,1.6815422878602448,3,1.6815422878602448,0.4478346126972765,2.9125166776495544,5.790501006794468,8.482753397586798,"[478, 573, 668]","[""insufficient_post_history""]",9,3
2,0,2,0,2,2,0,0,0,0,4,4,False,88,y,review_trend,9,"[763, 858]",,2.575444533003364,2.545068267784994,1.6759586331960599,4,1.6759586331960599,0.5203245954826029,3.3519172663921197,7.7263335990100925,11.235349360737619,"[383, 478, 573, 668]","[""insufficient_post_history""]",9,4
3,0,3,0,2,2,0,0,0,0,5,5,False,88,y,review_trend,9,"[763, 858]",,2.3786463763169805,3.443733648529862,1.6957056989604486,5,1.6957056989604486,0.5564082775803674,3.791713212709358,9.514585505267922,14.37708908743472,"[288, 383, 478, 573, 668]","[""insufficient_post_history""]",9,5
4,0,4,0,2,2,0,0,0,0,6,6,False,88,y,review_trend,9,"[763, 858]",,1.7373873063405534,1.8761757634127563,1.4531316925193718,6,1.4531316925193718,1.6220161112057383,3.55943117573936,8.686936531702766,12.669550294825282,"[193, 288, 383, 478, 573, 668]","[""insufficient_post_history""]",9,6
2,0,2,0,1,1,0,0,0,0,3,3,False,88,y,review_trend,10,[858],,1.5043176392737236,0.661867920282841,0.9127879276953915,3,0.9127879276953915,0.6878573151595794,1.5809950673039248,3.0086352785474473,2.499545402839342,"[573, 668, 763]","[""insufficient_post_history""]",10,3
3,0,3,0,1,1,0,0,0,0,4,4,False,88,y,review_trend,10,[858],,2.1703874139496535,1.5043176392737236,1.4578775993135635,4,1.4578775993135635,0.987921429519581,2.915755198627127,6.511162241848961,8.501628378321117,"[478, 573, 668, 763]","[""insufficient_post_history""]",10,4
4,0,4,0,1,1,0,0,0,0,5,5,False,88,y,review_trend,10,[858],,2.198804463502934,3.0086352785474473,1.585992803830859,5,1.585992803830859,0.808301261671901,3.54638772119129,8.795217854011735,12.576865869016352,"[383, 478, 573, 668, 763]","[""insufficient_post_history""]",10,5
5,0,5,0,1,1,0,0,0,0,6,6,False,88,y,review_trend,10,[858],,2.1658458000127827,3.718451946917297,1.6740762595690748,6,1.6740762595690748,0.7045209667756211,4.100632626451278,10.829229000063913,16.815187937116704,"[288, 383, 478, 573, 668, 763]","[""insufficient_post_history""]",10,6
0,0,0,0,3,3,3,0,3,0,0,0,False,89,y,pre_data_incomplete,1,"[2, 97, 192]",,,,,,,,,,,[],"[""insufficient_pre_history""]",1,3
0,0,0,0,4,4,4,0,4,0,0,0,False,89,y,pre_data_incomplete,1,"[2, 97, 192, 287]",,,,,,,,,,,[],"[""insufficient_pre_history""]",1,4
0,0,0,0,5,5,5,0,5,0,0,0,False,89,y,pre_data_incomplete,1,"[2, 97, 192, 287, 382]",,,,,,,,,,,[],"[""insufficient_pre_history""]",1,5
0,0,0,0,6,6,6,0,6,0,0,0,False,89,y,pre_data_incomplete,1,"[2, 97, 192, 287, 382, 477]",,,,,,,,,,,[],"[""insufficient_pre_history""]",1,6
0,0,0,0,3,3,2,0,2,0,1,1,False,89,y,pre_data_incomplete,2,"[97, 192, 287]",,,,,,,,,,,[2],"[""insufficient_pre_history""]",2,3
0,0,0,0,4,4,3,0,3,0,1,1,False,89,y,pre_data_incomplete,2,"[97, 192, 287, 382]",,,,,,,,,,,[2],"[""insufficient_pre_history""]",2,4
0,0,0,0,5,5,4,0,4,0,1,1,False,89,y,pre_data_incomplete,2,"[97, 192, 287, 382, 477]",,,,,,,,,,,[2],"[""insufficient_pre_history""]",2,5
0,0,0,0,6,6,5,0,5,0,1,1,False,89,y,pre_data_incomplete,2,"[97, 192, 287, 382, 477, 572]",,,,,,,,,,,[2],"[""insufficient_pre_history""]",2,6
0,0,0,0,3,3,1,0,1,0,2,2,False,89,y,pre_data_incomplete,3,"[192, 287, 382]",,,,,,,,,,,"[2, 97]","[""insufficient_pre_history""]",3,3
0,0,0,0,4,4,2,0,2,0,2,2,False,89,y,pre_data_incomplete,3,"[192, 287, 382, 477]",,,,,,,,,,,"[2, 97]","[""insufficient_pre_history""]",3,4
0,0,0,0,5,5,3,0,3,0,2,2,False,89,y,pre_data_incomplete,3,"[192, 287, 382, 477, 572]",,,,,,,,,,,"[2, 97]","[""insufficient_pre_history""]",3,5
0,0,0,0,6,6,4,0,4,0,2,2,False,89,y,pre_data_incomplete,3,"[192, 287, 382, 477, 572, 667]",,,,,,,,,,,"[2, 97]","[""insufficient_pre_history""]",3,6
0,0,0,0,3,3,0,0,0,0,3,3,True,89,y,noise_baseline_short,4,"[287, 382, 477]",,1.4104542205142818,0.011545839050577378,0.9422330151708826,3,0.9422330151708826,1.1610581867137302,1.6319954548447855,2.8209084410285636,2.663409164634038,"[2, 97, 192]",[],4,3
0,0,0,0,4,4,1,0,1,0,3,3,False,89,y,pre_data_incomplete,4,"[287, 382, 477, 572]",,,,,,,,,,,"[2, 97, 192]","[""insufficient_pre_history""]",4,4
0,0,0,0,5,5,2,0,2,0,3,3,False,89,y,pre_data_incomplete,4,"[287, 382, 477, 572, 667]",,,,,,,,,,,"[2, 97, 192]","[""insufficient_pre_history""]",4,5
0,0,0,0,6,6,3,0,3,0,3,3,False,89,y,pre_data_incomplete,4,"[287, 382, 477, 572, 667, 762]",,,,,,,,,,,"[2, 97, 192]","[""insufficient_pre_history""]",4,6
0,0,0,0,3,3,0,0,0,0,3,3,True,89,y,noise_baseline_short,5,"[382, 477, 572]",,1.1334813075072796,0.011545839050577378,0.7575858433031178,3,0.7575858433031178,0.9349107502339206,1.312177171695914,2.266962615014559,1.7218089299198882,"[97, 192, 287]",[],5,3
0,0,0,0,4,4,0,0,0,0,4,4,True,89,y,review_trend,5,"[382, 477, 572, 667]",,1.5286704846230523,1.1392542270325683,1.0439830371675431,4,1.0439830371675431,0.835056803437474,2.0879660743350863,4.5860114538691565,4.359602327574271,"[2, 97, 192, 287]",[],5,4
0,0,0,0,5,5,1,0,1,0,4,4,False,89,y,pre_data_incomplete,5,"[382, 477, 572, 667, 762]",,,,,,,,,,,"[2, 97, 192, 287]","[""insufficient_pre_history""]",5,5
0,0,0,0,6,6,2,0,2,0,4,4,False,89,y,pre_data_incomplete,5,"[382, 477, 572, 667, 762, 857]",,,,,,,,,,,"[2, 97, 192, 287]","[""insufficient_pre_history""]",5,6
0,0,0,0,3,3,0,0,0,0,3,3,True,89,y,noise_baseline_short,6,"[477, 572, 667]",,0.29774324533928753,0.5954864906785751,0.6822661530626585,3,0.6822661530626585,1.6172880205452493,1.1817196413890887,0.5954864906785751,1.3964613108447566,"[192, 287, 382]",[],6,3
0,0,0,0,4,4,0,0,0,0,4,4,True,89,y,noise_baseline_short,6,"[477, 572, 667, 762]",,0.403033040894913,0.29774324533928764,0.5373353886301153,4,0.5373353886301153,1.1516452748625163,1.0746707772602306,1.209099122684739,1.1549172794971083,"[97, 192, 287, 382]",[],6,4
0,0,0,0,5,5,0,0,0,0,5,5,True,89,y,within_tolerance_under_iid,6,"[477, 572, 667, 762, 857]",,0.9099752478428836,0.5839406516279977,0.8216759460683478,5,0.8216759460683478,1.3194036140215162,1.837323270885277,3.6399009913715346,3.375756801736572,"[2, 97, 192, 287, 382]",[],6,5
1,0,1,0,5,5,1,0,1,0,5,5,False,89,y,pre_data_incomplete,6,"[477, 572, 667, 762, 857]",,,,,,,,,,,"[2, 97, 192, 287, 382]","[""insufficient_pre_history"", ""insufficient_post_history""]",6,6
0,0,0,0,3,3,0,0,0,0,3,3,True,89,y,noise_baseline_short,7,"[572, 667, 762]",,0.07994246728648546,0.15988493457297093,0.5894645383779241,3,0.5894645383779241,1.439454429941738,1.020982529730699,0.15988493457297093,1.0424053260152977,"[287, 382, 477]",[],7,3
0,0,0,0,4,4,0,0,0,0,4,4,True,89,y,noise_baseline_short,7,"[572, 667, 762, 857]",,0.5632158202527762,0.9214534489797663,0.608043296321501,4,0.608043296321501,1.1938466194413677,1.216086592643002,1.6896474607583285,1.478866600806067,"[192, 287, 382, 477]",[],7,4
1,0,1,0,4,4,0,0,0,0,5,5,False,89,y,within_tolerance_under_iid,7,"[572, 667, 762, 857]",,0.5449181589853636,0.5954864906785751,0.5395945489671718,5,0.5395945489671718,0.9753439642132639,1.2065700917789353,2.179672635941454,1.455811386375428,"[97, 192, 287, 382, 477]","[""insufficient_post_history""]",7,5
2,0,2,0,4,4,0,0,0,0,6,6,False,89,y,within_tolerance_under_iid,7,"[572, 667, 762, 857]",,0.8664811302080709,1.1392542270325683,0.7832716718419319,6,0.7832716718419319,1.147455690831368,1.9186159259894435,4.332405651040355,3.68108707146033,"[2, 97, 192, 287, 382, 477]","[""insufficient_post_history""]",7,6
0,0,0,0,3,3,0,0,0,0,3,3,True,89,y,review_trend,8,"[667, 762, 857]",,1.808520717925171,1.7741345378908093,1.0442128332901766,3,1.0442128332901766,0.02807619842922145,1.8086296811740357,3.617041435850342,3.271141323623694,"[382, 477, 572]",[],8,3
1,0,1,0,3,3,0,0,0,0,4,4,False,89,y,noise_baseline_short,8,"[667, 762, 857]",,0.7644965315350873,0.9214534489797662,0.7391634542840221,4,0.7391634542840221,1.347975632595626,1.4783269085680442,2.293489594605262,2.18545044859635,"[287, 382, 477, 572]","[""insufficient_post_history""]",8,4
2,0,2,0,3,3,0,0,0,0,5,5,False,89,y,within_tolerance_under_iid,8,"[667, 762, 857]",,0.8584940787630805,1.6830219633865615,0.7447332688185967,5,0.7447332688185967,1.1139168133201487,1.665274214184007,3.433976315052322,2.7731382084261615,"[192, 287, 382, 477, 572]","[""insufficient_post_history""]",8,5
3,0,3,0,3,3,0,0,0,0,6,6,False,89,y,within_tolerance_under_iid,8,"[667, 762, 857]",,0.7610591039976988,1.213423774793765,0.6850824897033806,6,0.6850824897033806,0.9929688734842502,1.678102531488793,3.805295519988494,2.8160281061890955,"[97, 192, 287, 382, 477, 572]","[""insufficient_post_history""]",8,6
1,0,1,0,2,2,0,0,0,0,3,3,False,89,y,noise_baseline_short,9,"[762, 857]",,0.3483968005302015,0.696793601060403,0.5160608370244291,3,0.5160608370244291,1.1641099878545687,0.893843589522833,0.696793601060403,0.7989563625310628,"[477, 572, 667]","[""insufficient_post_history""]",9,3
2,0,2,0,2,2,0,0,0,0,4,4,False,89,y,noise_baseline_short,9,"[762, 857]",,0.9393236034950615,0.8870672689454048,0.759976855227535,4,0.759976855227535,1.122304255842342,1.51995371045507,2.8179708104851846,2.3102592819261347,"[382, 477, 572, 667]","[""insufficient_post_history""]",9,4
3,0,3,0,2,2,0,0,0,0,5,5,False,89,y,within_tolerance_under_iid,9,"[762, 857]",,0.5330398507117089,0.696793601060403,0.5920774184001835,5,0.5920774184001835,1.1789541358227793,1.3239253554853951,2.1321594028468356,1.7527783468971299,"[287, 382, 477, 572, 667]","[""insufficient_post_history""]",9,5
4,0,4,0,2,2,0,0,0,0,6,6,False,89,y,within_tolerance_under_iid,9,"[762, 857]",,0.6663114361098121,1.2698502495099677,0.641709189862357,6,0.641709189862357,1.0705406645156534,1.5718600784175463,3.3315571805490607,2.4707441061228144,"[192, 287, 382, 477, 572, 667]","[""insufficient_post_history""]",9,6
2,0,2,0,1,1,0,0,0,0,3,3,False,89,y,noise_baseline_short,10,[857],,2.4130443531835883,1.0773409368304063,1.815095302794493,3,1.815095302794493,2.849887655416856,3.143837285019677,4.826088706367177,9.883712874679894,"[572, 667, 762]","[""insufficient_post_history""]",10,3
3,0,3,0,1,1,0,0,0,0,4,4,False,89,y,noise_baseline_short,10,[857],,1.8723328795943552,0.8870672689454047,1.4895350141566728,4,1.4895350141566728,2.1326535865834124,2.9790700283133456,5.616998638783066,8.874858233594878,"[477, 572, 667, 762]","[""insufficient_post_history""]",10,4
4,0,4,0,1,1,0,0,0,0,5,5,False,89,y,high_noise_under_iid,10,[857],,1.758305388549544,1.0773409368304063,1.4167361031945496,5,1.4167361031945496,1.7537051565066393,3.16791823292117,7.033221554198176,10.03570593047439,"[382, 477, 572, 667, 762]","[""insufficient_post_history""]",10,5
5,0,5,0,1,1,0,0,0,0,6,6,False,89,y,high_noise_under_iid,10,[857],,1.2341079122601544,0.9670097362318901,1.1873070293591432,6,1.1873070293591432,1.9772486265429834,2.908296389949587,6.170539561300772,8.458187891793798,"[287, 382, 477, 572, 667, 762]","[""insufficient_post_history""]",10,6
0,0,0,0,3,3,3,0,3,0,0,0,False,9,y,pre_data_incomplete,1,"[82, 177, 272]",,,,,,,,,,,[],"[""insufficient_pre_history""]",1,3
0,0,0,0,4,4,4,0,4,0,0,0,False,9,y,pre_data_incomplete,1,"[82, 177, 272, 367]",,,,,,,,,,,[],"[""insufficient_pre_history""]",1,4
0,0,0,0,5,5,5,0,5,0,0,0,False,9,y,pre_data_incomplete,1,"[82, 177, 272, 367, 462]",,,,,,,,,,,[],"[""insufficient_pre_history""]",1,5
0,0,0,0,6,6,6,0,6,0,0,0,False,9,y,pre_data_incomplete,1,"[82, 177, 272, 367, 462, 557]",,,,,,,,,,,[],"[""insufficient_pre_history""]",1,6
0,0,0,0,3,3,2,0,2,0,1,1,False,9,y,pre_data_incomplete,2,"[177, 272, 367]",,,,,,,,,,,[82],"[""insufficient_pre_history""]",2,3
0,0,0,0,4,4,3,0,3,0,1,1,False,9,y,pre_data_incomplete,2,"[177, 272, 367, 462]",,,,,,,,,,,[82],"[""insufficient_pre_history""]",2,4
0,0,0,0,5,5,4,0,4,0,1,1,False,9,y,pre_data_incomplete,2,"[177, 272, 367, 462, 557]",,,,,,,,,,,[82],"[""insufficient_pre_history""]",2,5
0,0,0,0,6,6,5,0,5,0,1,1,False,9,y,pre_data_incomplete,2,"[177, 272, 367, 462, 557, 652]",,,,,,,,,,,[82],"[""insufficient_pre_history""]",2,6
0,0,0,0,3,3,1,0,1,0,2,2,False,9,y,pre_data_incomplete,3,"[272, 367, 462]",,,,,,,,,,,"[82, 177]","[""insufficient_pre_history""]",3,3
0,0,0,0,4,4,2,0,2,0,2,2,False,9,y,pre_data_incomplete,3,"[272, 367, 462, 557]",,,,,,,,,,,"[82, 177]","[""insufficient_pre_history""]",3,4
0,0,0,0,5,5,3,0,3,0,2,2,False,9,y,pre_data_incomplete,3,"[272, 367, 462, 557, 652]",,,,,,,,,,,"[82, 177]","[""insufficient_pre_history""]",3,5
0,0,0,0,6,6,4,0,4,0,2,2,False,9,y,pre_data_incomplete,3,"[272, 367, 462, 557, 652, 747]",,,,,,,,,,,"[82, 177]","[""insufficient_pre_history""]",3,6
0,0,0,0,3,3,0,0,0,0,3,3,True,9,y,noise_baseline_short,4,"[367, 462, 557]",,-2.180669639561959,0.018662887657156624,1.456900202332407,3,1.456900202332407,1.7957474887975429,2.523425171997106,4.361339279123918,6.367674598668624,"[82, 177, 272]",[],4,3
0,0,0,0,4,4,1,0,1,0,3,3,False,9,y,pre_data_incomplete,4,"[367, 462, 557, 652]",,,,,,,,,,,"[82, 177, 272]","[""insufficient_pre_history""]",4,4
0,0,0,0,5,5,2,0,2,0,3,3,False,9,y,pre_data_incomplete,4,"[367, 462, 557, 652, 747]",,,,,,,,,,,"[82, 177, 272]","[""insufficient_pre_history""]",4,5
0,0,0,0,6,6,3,0,3,0,3,3,False,9,y,pre_data_incomplete,4,"[367, 462, 557, 652, 747, 842]",,,,,,,,,,,"[82, 177, 272]","[""insufficient_pre_history""]",4,6
0,0,0,0,3,3,0,0,0,0,3,3,True,9,y,review_trend,5,"[462, 557, 652]",,-3.4178584492512183,2.455714731721362,1.9991939951039157,3,1.9991939951039157,0.7855870557242193,3.4627055737065873,6.835716898502437,11.990329890178666,"[177, 272, 367]",[],5,3
0,0,0,0,4,4,0,0,0,0,4,4,True,9,y,review_trend,5,"[462, 557, 652, 747]",,-2.4831164199316915,2.1900010833905372,1.6921130363816972,4,1.6921130363816972,1.3284619979590568,3.3842260727633944,7.449349259795074,11.452986111571546,"[82, 177, 272, 367]",[],5,4
0,0,0,0,5,5,1,0,1,0,4,4,False,9,y,pre_data_incomplete,5,"[462, 557, 652, 747, 842]",,,,,,,,,,,"[82, 177, 272, 367]","[""insufficient_pre_history""]",5,5
0,0,0,0,6,6,2,0,2,0,4,4,False,9,y,pre_data_incomplete,5,"[462, 557, 652, 747, 842, 937]",,,,,,,,,,,"[82, 177, 272, 367]","[""insufficient_pre_history""]",5,6
0,0,0,0,3,3,0,0,0,0,3,3,True,9,y,noise_baseline_short,6,"[557, 652, 747]",,1.1721850128874647,2.3443700257749294,1.3857893727341728,3,1.3857893727341728,2.9621677374216775,2.400257602164592,2.3443700257749294,5.761236556748916,"[272, 367, 462]",[],6,3
0,0,0,0,4,4,0,0,0,0,4,4,True,9,y,noise_baseline_short,6,"[557, 652, 747, 842]",,-0.8562611154739799,2.1900010833905372,1.4763599807428223,4,1.4763599807428223,3.3533378910798444,2.9527199614856445,2.56878334642194,8.718555170955787,"[177, 272, 367, 462]",[],6,4
0,0,0,0,5,5,0,0,0,0,5,5,True,9,y,high_noise_under_iid,6,"[557, 652, 747, 842, 937]",,-1.0869655405200414,2.035632141006145,1.3197904417679769,5,1.3197904417679769,2.7701982685277224,2.951141143847674,4.347862162080165,8.709234050910558,"[82, 177, 272, 367, 462]",[],6,5
1,0,1,0,5,5,1,0,1,0,5,5,False,9,y,pre_data_incomplete,6,"[557, 652, 747, 842, 937]",,,,,,,,,,,"[82, 177, 272, 367, 462]","[""insufficient_pre_history"", ""insufficient_post_history""]",6,6
0,0,0,0,3,3,0,0,0,0,3,3,True,9,y,noise_baseline_short,7,"[652, 747, 842]",,1.3321423634149248,2.135800030666442,1.3884617498784964,3,1.3884617498784964,2.8315631076217485,2.404886295155546,2.6642847268298495,5.783478092626968,"[367, 462, 557]",[],7,3
0,0,0,0,4,4,0,0,0,0,4,4,True,9,y,noise_baseline_short,7,"[652, 747, 842, 937]",,0.5425794742821753,1.1721850128874647,0.9818241490117454,4,0.9818241490117454,2.246751152823789,1.9636482980234908,1.6277384228465261,3.8559146383305523,"[272, 367, 462, 557]",[],7,4
1,0,1,0,4,4,0,0,0,0,5,5,False,9,y,high_noise_under_iid,7,"[652, 747, 842, 937]",,-0.5998494317570244,2.135800030666442,1.1564041885681997,5,1.1564041885681997,2.7777220606682542,2.58579837510398,2.3993977270280977,6.686353236690382,"[177, 272, 367, 462, 557]","[""insufficient_post_history""]",7,5
2,0,2,0,4,4,0,0,0,0,6,6,False,9,y,high_noise_under_iid,7,"[652, 747, 842, 937]",,-0.837898787851913,2.180669639561959,1.1068839556430763,6,1.1068839556430763,2.4733308063640145,2.7113008957989853,4.189493939259565,7.35115254756038,"[82, 177, 272, 367, 462, 557]","[""insufficient_post_history""]",7,6
0,0,0,0,3,3,0,0,0,0,3,3,True,9,y,review_trend,8,"[747, 842, 937]",,-4.498502258836344,2.135800030666442,2.7139952005457046,3,2.7139952005457046,1.9291382910510448,4.700777578843245,8.997004517672687,22.097309845755362,"[462, 557, 652]",[],8,3
1,0,1,0,3,3,0,0,0,0,4,4,False,9,y,noise_baseline_short,8,"[747, 842, 937]",,-1.4726559311195635,2.4000423787481457,1.9383047862579252,4,1.9383047862579252,4.137676151891085,3.8766095725158505,4.417967793358691,15.028101777721526,"[367, 462, 557, 652]","[""insufficient_post_history""]",8,4
2,0,2,0,3,3,0,0,0,0,5,5,False,9,y,high_noise_under_iid,8,"[747, 842, 937]",,-1.0640984256965669,2.3443700257749294,1.5367656754354286,5,1.5367656754354286,3.4597649355715414,3.436312515761997,4.2563937027862675,11.808243705982544,"[272, 367, 462, 557, 652]","[""insufficient_post_history""]",8,5
3,0,3,0,3,3,0,0,0,0,6,6,False,9,y,high_noise_under_iid,8,"[747, 842, 937]",,-1.421068244302069,2.4000423787481457,1.5729308009712246,6,1.5729308009712246,3.117820850668518,3.852877863086743,7.105341221510345,14.844667827863866,"[177, 272, 367, 462, 557, 652]","[""insufficient_post_history""]",8,6
1,0,1,0,2,2,0,0,0,0,3,3,False,9,y,noise_baseline_short,9,"[842, 937]",,-1.162276321434665,2.32455264286933,2.0146805916805373,3,2.0146805916805373,4.653155362141914,3.489529145813618,2.32455264286933,12.176813659482718,"[557, 652, 747]","[""insufficient_post_history""]",9,3
2,0,2,0,2,2,0,0,0,0,4,4,False,9,y,noise_baseline_short,9,"[842, 937]",,-2.024226250761356,2.230176336767886,1.9282081491592111,4,1.9282081491592111,3.4733543172595427,3.8564162983184223,6.072678752284069,14.871946665935964,"[462, 557, 652, 747]","[""insufficient_post_history""]",9,4
3,0,3,0,2,2,0,0,0,0,5,5,False,9,y,high_noise_under_iid,9,"[842, 937]",,-0.8317540349751649,2.32455264286933,1.5044339139298537,5,1.5044339139298537,3.5752986020131376,3.364016499203221,3.3270161399006595,11.316607006911493,"[367, 462, 557, 652, 747]","[""insufficient_post_history""]",9,5
4,0,4,0,2,2,0,0,0,0,6,6,False,9,y,high_noise_under_iid,9,"[842, 937]",,-0.7230420728571385,1.3321423634149245,1.2619147168992564,6,1.2619147168992564,3.1074121225378533,3.091047155311866,3.6152103642856925,9.554572516361581,"[272, 367, 462, 557, 652, 747]","[""insufficient_post_history""]",9,6
2,0,2,0,1,1,0,0,0,0,3,3,False,9,y,noise_baseline_short,10,[937],,1.6069300536917943,1.3227917367533273,1.347010779540416,3,1.347010779540416,2.3921078249678973,2.3330911085069603,3.2138601073835886,5.443314120594236,"[652, 747, 842]","[""insufficient_post_history""]",10,3
3,0,3,0,1,1,0,0,0,0,4,4,False,9,y,noise_baseline_short,10,[937],,-0.6405381294731055,1.8236721898113286,1.432092566761397,4,1.432092566761397,3.3585133586703533,2.864185133522794,1.9216143884193166,8.203556479092986,"[557, 652, 747, 842]","[""insufficient_post_history""]",10,4
4,0,4,0,1,1,0,0,0,0,5,5,False,9,y,high_noise_under_iid,10,[937],,-1.389084146344753,2.32455264286933,1.5404217443729789,5,1.5404217443729789,3.0638992234557647,3.4444877344367852,5.556336585379012,11.864495752685457,"[462, 557, 652, 747, 842]","[""insufficient_post_history""]",10,5
5,0,5,0,1,1,0,0,0,0,6,6,False,9,y,high_noise_under_iid,10,[937],,-0.718787450616503,1.8236721898113286,1.2607870149713292,6,1.2607870149713292,3.1082972600864376,3.0882848610064917,3.593937253082515,9.537503382721885,"[367, 462, 557, 652, 747, 842]","[""insufficient_post_history""]",10,6
0,0,0,0,3,3,3,0,3,0,0,0,False,90,y,pre_data_incomplete,1,"[1, 96, 191]",,,,,,,,,,,[],"[""insufficient_pre_history""]",1,3
0,0,0,0,4,4,4,0,4,0,0,0,False,90,y,pre_data_incomplete,1,"[1, 96, 191, 286]",,,,,,,,,,,[],"[""insufficient_pre_history""]",1,4
0,0,0,0,5,5,5,0,5,0,0,0,False,90,y,pre_data_incomplete,1,"[1, 96, 191, 286, 381]",,,,,,,,,,,[],"[""insufficient_pre_history""]",1,5
0,0,0,0,6,6,6,0,6,0,0,0,False,90,y,pre_data_incomplete,1,"[1, 96, 191, 286, 381, 476]",,,,,,,,,,,[],"[""insufficient_pre_history""]",1,6
0,0,0,0,3,3,2,0,2,0,1,1,False,90,y,pre_data_incomplete,2,"[96, 191, 286]",,,,,,,,,,,[1],"[""insufficient_pre_history""]",2,3
0,0,0,0,4,4,3,0,3,0,1,1,False,90,y,pre_data_incomplete,2,"[96, 191, 286, 381]",,,,,,,,,,,[1],"[""insufficient_pre_history""]",2,4
0,0,0,0,5,5,4,0,4,0,1,1,False,90,y,pre_data_incomplete,2,"[96, 191, 286, 381, 476]",,,,,,,,,,,[1],"[""insufficient_pre_history""]",2,5
0,0,0,0,6,6,5,0,5,0,1,1,False,90,y,pre_data_incomplete,2,"[96, 191, 286, 381, 476, 571]",,,,,,,,,,,[1],"[""insufficient_pre_history""]",2,6
0,0,0,0,3,3,1,0,1,0,2,2,False,90,y,pre_data_incomplete,3,"[191, 286, 381]",,,,,,,,,,,"[1, 96]","[""insufficient_pre_history""]",3,3
0,0,0,0,4,4,2,0,2,0,2,2,False,90,y,pre_data_incomplete,3,"[191, 286, 381, 476]",,,,,,,,,,,"[1, 96]","[""insufficient_pre_history""]",3,4
0,0,0,0,5,5,3,0,3,0,2,2,False,90,y,pre_data_incomplete,3,"[191, 286, 381, 476, 571]",,,,,,,,,,,"[1, 96]","[""insufficient_pre_history""]",3,5
0,0,0,0,6,6,4,0,4,0,2,2,False,90,y,pre_data_incomplete,3,"[191, 286, 381, 476, 571, 666]",,,,,,,,,,,"[1, 96]","[""insufficient_pre_history""]",3,6
0,0,0,0,3,3,0,0,0,0,3,3,True,90,y,noise_baseline_short,4,"[286, 381, 476]",,2.097047296125243,3.274513057389365,2.1614419754210528,3,2.1614419754210528,4.385860662891605,3.7437273190413034,4.194094592250486,14.015494239336185,"[1, 96, 191]",[],4,3
0,0,0,0,4,4,1,0,1,0,3,3,False,90,y,pre_data_incomplete,4,"[286, 381, 476, 571]",,,,,,,,,,,"[1, 96, 191]","[""insufficient_pre_history""]",4,4
0,0,0,0,5,5,2,0,2,0,3,3,False,90,y,pre_data_incomplete,4,"[286, 381, 476, 571, 666]",,,,,,,,,,,"[1, 96, 191]","[""insufficient_pre_history""]",4,5
0,0,0,0,6,6,3,0,3,0,3,3,False,90,y,pre_data_incomplete,4,"[286, 381, 476, 571, 666, 761]",,,,,,,,,,,"[1, 96, 191]","[""insufficient_pre_history""]",4,6
0,0,0,0,3,3,0,0,0,0,3,3,True,90,y,noise_baseline_short,5,"[381, 476, 571]",,1.7287602435019214,3.4575204870038427,2.157974466543589,3,2.157974466543589,4.686565782158496,3.7377214174898405,3.4575204870038427,13.970561394762262,"[96, 191, 286]",[],5,3
0,0,0,0,4,4,0,0,0,0,4,4,True,90,y,noise_baseline_short,5,"[381, 476, 571, 666]",,0.8017629938483284,1.7287602435019211,1.5286822027732052,4,1.5286822027732052,3.52337280410286,3.0573644055464104,2.4052889815449854,9.347477108302156,"[1, 96, 191, 286]",[],5,4
0,0,0,0,5,5,1,0,1,0,4,4,False,90,y,pre_data_incomplete,5,"[381, 476, 571, 666, 761]",,,,,,,,,,,"[1, 96, 191, 286]","[""insufficient_pre_history""]",5,5
0,0,0,0,6,6,2,0,2,0,4,4,False,90,y,pre_data_incomplete,5,"[381, 476, 571, 666, 761, 856]",,,,,,,,,,,"[1, 96, 191, 286]","[""insufficient_pre_history""]",5,6
0,0,0,0,3,3,0,0,0,0,3,3,True,90,y,noise_baseline_short,6,"[476, 571, 666]",,0.009543474165492949,0.019086948330985898,1.3402215385394018,3,1.3402215385394018,3.2828311681216915,2.321331798148374,0.019086948330985898,5.388581317094762,"[191, 286, 381]",[],6,3
0,0,0,0,4,4,0,0,0,0,4,4,True,90,y,noise_baseline_short,6,"[476, 571, 666, 761]",,1.8451996631276502,2.015087055483497,1.8035359161320692,4,1.8035359161320692,3.317310101973294,3.6070718322641384,5.535598989382951,13.010967203113367,"[96, 191, 286, 381]",[],6,4
0,0,0,0,5,5,0,0,0,0,5,5,True,90,y,high_noise_under_iid,6,"[476, 571, 666, 761, 856]",,1.1883883568166786,3.4575204870038427,1.422071946359639,5,1.422071946359639,2.9621559460572735,3.1798495409555874,4.753553427266715,10.111443103115459,"[1, 96, 191, 286, 381]",[],6,5
1,0,1,0,5,5,1,0,1,0,5,5,False,90,y,pre_data_incomplete,6,"[476, 571, 666, 761, 856]",,,,,,,,,,,"[1, 96, 191, 286, 381]","[""insufficient_pre_history"", ""insufficient_post_history""]",6,6
0,0,0,0,3,3,0,0,0,0,3,3,True,90,y,noise_baseline_short,7,"[571, 666, 761]",,0.8499597319086668,1.6999194638173336,1.1681446892101117,3,1.1681446892101117,2.5966341671183155,2.0232859523036693,1.6999194638173336,4.093686044789367,"[286, 381, 476]",[],7,3
0,0,0,0,4,4,0,0,0,0,4,4,True,90,y,noise_baseline_short,7,"[571, 666, 761, 856]",,-0.290332898548903,1.16512732357483,0.9788683617092726,4,0.9788683617092726,2.3533734589696667,1.9577367234185452,0.870998695646709,3.8327330782215814,"[191, 286, 381, 476]",[],7,4
1,0,1,0,4,4,0,0,0,0,5,5,False,90,y,high_noise_under_iid,7,"[571, 666, 761, 856]",,1.0333966849973337,2.3111676988186742,1.4013996657619736,5,1.4013996657619736,3.087573663268114,3.1336249162892575,4.133586739989335,9.819605115988857,"[96, 191, 286, 381, 476]","[""insufficient_post_history""]",7,5
2,0,2,0,4,4,0,0,0,0,6,6,False,90,y,high_noise_under_iid,7,"[571, 666, 761, 856]",,0.7961894599553017,2.097047296125243,1.1691278126847255,6,1.1691278126847255,2.7346040064911867,2.8637665851737677,3.980947299776508,8.201159054357824,"[1, 96, 191, 286, 381, 476]","[""insufficient_post_history""]",7,6
0,0,0,0,3,3,0,0,0,0,3,3,True,90,y,noise_baseline_short,8,"[666, 761, 856]",,1.2954640608753776,2.33025464714966,1.4212872705474477,3,1.4212872705474477,2.9603869285081355,2.461741764739072,2.590928121750755,6.060172516260641,"[381, 476, 571]",[],8,3
1,0,1,0,3,3,0,0,0,0,4,4,False,90,y,noise_baseline_short,8,"[666, 761, 856]",,1.7533052051003586,2.015087055483497,1.4385471506424852,4,1.4385471506424852,2.175157367214991,2.8770943012849703,5.259915615301075,8.277671618486451,"[286, 381, 476, 571]","[""insufficient_post_history""]",8,4
2,0,2,0,3,3,0,0,0,0,5,5,False,90,y,high_noise_under_iid,8,"[666, 761, 856]",,0.6919949603980815,2.3111676988186742,1.1294906761802594,5,1.1294906761802594,2.6284604809279117,2.525617931891263,2.767979841592326,6.3787459378907,"[191, 286, 381, 476, 571]","[""insufficient_post_history""]",8,5
3,0,3,0,3,3,0,0,0,0,6,6,False,90,y,high_noise_under_iid,8,"[666, 761, 856]",,1.356850988946255,2.015087055483497,1.4521112217607326,6,1.4521112217607326,2.7857014108804745,3.556931543083263,6.784254944731275,12.65176200218068,"[96, 191, 286, 381, 476, 571]","[""insufficient_post_history""]",8,6
1,0,1,0,2,2,0,0,0,0,3,3,False,90,y,review_trend,9,"[761, 856]",,3.66372026296618,2.4062577570319448,2.1563794360413304,3,2.1563794360413304,1.0267138367401134,3.7349587436203064,7.32744052593236,13.949916816545779,"[476, 571, 666]","[""insufficient_post_history""]",9,3
2,0,2,0,2,2,0,0,0,0,4,4,False,90,y,noise_baseline_short,9,"[761, 856]",,1.9912740405248512,2.4605913844502076,1.5864948449006315,4,1.5864948449006315,2.277907942873735,3.172989689801263,5.973822121574553,10.067863571585114,"[381, 476, 571, 666]","[""insufficient_post_history""]",9,4
3,0,3,0,2,2,0,0,0,0,5,5,False,90,y,high_noise_under_iid,9,"[761, 856]",,2.0645648101250145,2.590928121750755,1.6287375957097217,5,1.6287375957097217,1.8647112878852805,3.641967981516508,8.258259240500058,13.263930778391428,"[286, 381, 476, 571, 666]","[""insufficient_post_history""]",9,5
4,0,4,0,2,2,0,0,0,0,6,6,False,90,y,high_noise_under_iid,9,"[761, 856]",,1.2175547481877718,2.4605913844502076,1.3305898190481882,6,1.3305898190481882,2.606308961540986,3.259266113610262,6.087773740938859,10.622815599328142,"[191, 286, 381, 476, 571, 666]","[""insufficient_post_history""]",9,6
2,0,2,0,1,1,0,0,0,0,3,3,False,90,y,noise_baseline_short,10,[856],,-1.5360762424584002,2.4062577570319448,1.5853701997210796,3,1.5853701997210796,3.2189022314589946,2.745941734722528,3.0721524849168005,7.540196010490964,"[571, 666, 761]","[""insufficient_post_history""]",10,3
3,0,3,0,1,1,0,0,0,0,4,4,False,90,y,noise_baseline_short,10,[856],,0.795334860898279,2.4605913844502076,1.6238426234811094,4,1.6238426234811094,3.7735653356744545,3.247685246962219,2.386004582694837,10.547459463336049,"[476, 571, 666, 761]","[""insufficient_post_history""]",10,4
4,0,4,0,1,1,0,0,0,0,5,5,False,90,y,high_noise_under_iid,10,[856],,0.6364991799600269,2.33025464714966,1.2802966547151635,5,1.2802966547151635,3.094720150008123,2.8628303513086824,2.5459967198401077,8.195797620374194,"[381, 476, 571, 666, 761]","[""insufficient_post_history""]",10,5
5,0,5,0,1,1,0,0,0,0,6,6,False,90,y,high_noise_under_iid,10,[856],,1.075928261264379,2.4605913844502076,1.335363557297969,6,1.335363557297969,2.88259850202492,3.2709593364878313,5.379641306321895,10.699174980956915,"[286, 381, 476, 571, 666, 761]","[""insufficient_post_history""]",10,6
0,0,0,0,3,3,3,0,3,0,0,0,False,91,y,pre_data_incomplete,1,"[95, 190, 285]",,,,,,,,,,,[],"[""insufficient_pre_history""]",1,3
0,0,0,0,4,4,4,0,4,0,0,0,False,91,y,pre_data_incomplete,1,"[95, 190, 285, 380]",,,,,,,,,,,[],"[""insufficient_pre_history""]",1,4
0,0,0,0,5,5,5,0,5,0,0,0,False,91,y,pre_data_incomplete,1,"[95, 190, 285, 380, 475]",,,,,,,,,,,[],"[""insufficient_pre_history""]",1,5
0,0,0,0,6,6,6,0,6,0,0,0,False,91,y,pre_data_incomplete,1,"[95, 190, 285, 380, 475, 570]",,,,,,,,,,,[],"[""insufficient_pre_history""]",1,6
0,0,0,0,3,3,2,0,2,0,1,1,False,91,y,pre_data_incomplete,2,"[190, 285, 380]",,,,,,,,,,,[95],"[""insufficient_pre_history""]",2,3
0,0,0,0,4,4,3,0,3,0,1,1,False,91,y,pre_data_incomplete,2,"[190, 285, 380, 475]",,,,,,,,,,,[95],"[""insufficient_pre_history""]",2,4
0,0,0,0,5,5,4,0,4,0,1,1,False,91,y,pre_data_incomplete,2,"[190, 285, 380, 475, 570]",,,,,,,,,,,[95],"[""insufficient_pre_history""]",2,5
0,0,0,0,6,6,5,0,5,0,1,1,False,91,y,pre_data_incomplete,2,"[190, 285, 380, 475, 570, 665]",,,,,,,,,,,[95],"[""insufficient_pre_history""]",2,6
0,0,0,0,3,3,1,0,1,0,2,2,False,91,y,pre_data_incomplete,3,"[285, 380, 475]",,,,,,,,,,,"[95, 190]","[""insufficient_pre_history""]",3,3
0,0,0,0,4,4,2,0,2,0,2,2,False,91,y,pre_data_incomplete,3,"[285, 380, 475, 570]",,,,,,,,,,,"[95, 190]","[""insufficient_pre_history""]",3,4
0,0,0,0,5,5,3,0,3,0,2,2,False,91,y,pre_data_incomplete,3,"[285, 380, 475, 570, 665]",,,,,,,,,,,"[95, 190]","[""insufficient_pre_history""]",3,5
0,0,0,0,6,6,4,0,4,0,2,2,False,91,y,pre_data_incomplete,3,"[285, 380, 475, 570, 665, 760]",,,,,,,,,,,"[95, 190]","[""insufficient_pre_history""]",3,6
0,0,0,0,3,3,0,0,0,0,3,3,True,91,y,noise_baseline_short,4,"[380, 475, 570]",,0.7960417379337393,0.30592315518140634,0.588347400328145,3,0.588347400328145,0.8997505675309034,1.0190475898694131,1.5920834758674787,1.0384579904186597,"[95, 190, 285]",[],4,3
0,0,0,0,4,4,1,0,1,0,3,3,False,91,y,pre_data_incomplete,4,"[380, 475, 570, 665]",,,,,,,,,,,"[95, 190, 285]","[""insufficient_pre_history""]",4,4
0,0,0,0,5,5,2,0,2,0,3,3,False,91,y,pre_data_incomplete,4,"[380, 475, 570, 665, 760]",,,,,,,,,,,"[95, 190, 285]","[""insufficient_pre_history""]",4,5
0,0,0,0,6,6,3,0,3,0,3,3,False,91,y,pre_data_incomplete,4,"[380, 475, 570, 665, 760, 855]",,,,,,,,,,,"[95, 190, 285]","[""insufficient_pre_history""]",4,6
0,0,0,0,3,3,0,0,0,0,3,3,True,91,y,review_trend,5,"[475, 570, 665]",,2.1181850156996402,1.8980066310488852,1.2251349949776904,3,1.2251349949776904,0.17977489826153137,2.121996057432001,4.2363700313992805,4.502867267756957,"[190, 285, 380]",[],5,3
0,0,0,0,4,4,0,0,0,0,4,4,True,91,y,noise_baseline_short,5,"[475, 570, 665, 760]",,1.368934725970251,0.9490033155244426,0.9692558896768761,4,0.9692558896768761,0.9755952891039205,1.9385117793537523,4.106804177910753,3.757827918693251,"[95, 190, 285, 380]",[],5,4
0,0,0,0,5,5,1,0,1,0,4,4,False,91,y,pre_data_incomplete,5,"[475, 570, 665, 760, 855]",,,,,,,,,,,"[95, 190, 285, 380]","[""insufficient_pre_history""]",5,5
0,0,0,0,6,6,2,0,2,0,4,4,False,91,y,pre_data_incomplete,5,"[475, 570, 665, 760, 855, 950]",,,,,,,,,,,"[95, 190, 285, 380]","[""insufficient_pre_history""]",5,6
0,0,0,0,3,3,0,0,0,0,3,3,True,91,y,noise_baseline_short,6,"[570, 665, 760]",,-0.6522952653770915,1.304590530754183,1.065650901488591,3,1.065650901488591,2.441862575288368,1.8457615045098164,1.304590530754183,3.406835531530341,"[285, 380, 475]",[],6,3
0,0,0,0,4,4,0,0,0,0,4,4,True,91,y,noise_baseline_short,6,"[570, 665, 760, 855]",,0.4118611701234502,0.9490033155244426,0.9392197123999894,4,0.9392197123999894,2.2065194198841005,1.8784394247999787,1.2355835103703505,3.528534672642875,"[190, 285, 380, 475]",[],6,4
0,0,0,0,5,5,0,0,0,0,5,5,True,91,y,within_tolerance_under_iid,6,"[570, 665, 760, 855, 950]",,0.48113559216258733,0.5934161002947023,0.7778290280195365,5,0.7778290280195365,1.806049589217666,1.7392785815242722,1.9245423686503493,3.025089984149084,"[95, 190, 285, 380, 475]",[],6,5
1,0,1,0,5,5,1,0,1,0,5,5,False,91,y,pre_data_incomplete,6,"[570, 665, 760, 855, 950]",,,,,,,,,,,"[95, 190, 285, 380, 475]","[""insufficient_pre_history"", ""insufficient_post_history""]",6,6
0,0,0,0,3,3,0,0,0,0,3,3,True,91,y,noise_baseline_short,7,"[665, 760, 855]",,-1.1181176750319595,1.4067185810406593,1.0606790029470863,3,1.0606790029470863,2.061520170485654,1.8371499236258522,2.236235350063919,3.3751198418784742,"[380, 475, 570]",[],7,3
0,0,0,0,4,4,0,0,0,0,4,4,True,91,y,noise_baseline_short,7,"[665, 760, 855, 950]",,-0.3336569780245148,0.7033592905203296,0.7559630865513803,4,0.7559630865513803,1.7749827272141578,1.5119261731027607,1.0009709340735444,2.285920752913159,"[285, 380, 475, 570]",[],7,4
1,0,1,0,4,4,0,0,0,0,5,5,False,91,y,within_tolerance_under_iid,7,"[665, 760, 855, 950]",,0.26956788319165403,1.304590530754183,0.7302943972191684,5,0.7302943972191684,1.8202499549704596,1.6329879157692941,1.0782715327666161,2.6666495330485436,"[190, 285, 380, 475, 570]","[""insufficient_post_history""]",7,5
2,0,2,0,4,4,0,0,0,0,6,6,False,91,y,within_tolerance_under_iid,7,"[665, 760, 855, 950]",,0.35970483805726516,0.8471057630769776,0.6427489874990555,6,0.6427489874990555,1.5913441915406195,1.5744070520632094,1.7985241902863258,2.4787575655863656,"[95, 190, 285, 380, 475, 570]","[""insufficient_post_history""]",7,6
0,0,0,0,3,3,0,0,0,0,3,3,True,91,y,noise_baseline_short,8,"[760, 855, 950]",,0.6592091516657113,0.08830027770923687,0.45490419796357373,3,0.45490419796357373,0.6103388932958806,0.7879171834492803,1.3184183033314225,0.6208134879746469,"[475, 570, 665]",[],8,3
1,0,1,0,3,3,0,0,0,0,4,4,False,91,y,noise_baseline_short,8,"[760, 855, 950]",,-0.5566888302278808,0.7033592905203296,0.7555380077807197,4,0.7555380077807197,1.6279649728898768,1.5110760155614393,1.6700664906836424,2.283350724805035,"[380, 475, 570, 665]","[""insufficient_post_history""]",8,4
2,0,2,0,3,3,0,0,0,0,5,5,False,91,y,within_tolerance_under_iid,8,"[760, 855, 950]",,-0.220857980490944,0.08830027770923687,0.5880538231203155,5,0.5880538231203155,1.4638264357797575,1.314928322925663,0.883431921963776,1.7290364944320966,"[285, 380, 475, 570, 665]","[""insufficient_post_history""]",8,5
3,0,3,0,3,3,0,0,0,0,6,6,False,91,y,within_tolerance_under_iid,8,"[760, 855, 950]",,0.17778863536815642,0.7033592905203296,0.5969263043176704,6,0.5969263043176704,1.5918916737198476,1.4621648596236034,0.8889431768407821,2.1379260767181116,"[190, 285, 380, 475, 570, 665]","[""insufficient_post_history""]",8,6
1,0,1,0,2,2,0,0,0,0,3,3,False,91,y,noise_baseline_short,9,"[855, 950]",,1.5015355415296239,0.08830027770923687,1.0160601950434107,3,1.0160601950434107,1.2980955106449603,1.7598678813635305,3.0030710830592477,3.0971349598549613,"[570, 665, 760]","[""insufficient_post_history""]",9,3
2,0,2,0,2,2,0,0,0,0,4,4,False,91,y,noise_baseline_short,9,"[855, 950]",,1.3141068714590485,0.7033592905203296,0.9325830909086209,4,0.9325830909086209,0.9492497851737134,1.8651661818172418,3.942320614377145,3.478844885794708,"[475, 570, 665, 760]","[""insufficient_post_history""]",9,4
3,0,3,0,2,2,0,0,0,0,5,5,False,91,y,within_tolerance_under_iid,9,"[855, 950]",,0.2852089769322081,1.4067185810406593,0.8124623279927969,5,0.8124623279927969,2.0321137667399705,1.8167209945496243,1.1408359077288324,3.300475172037376,"[380, 475, 570, 665, 760]","[""insufficient_post_history""]",9,5
4,0,4,0,2,2,0,0,0,0,6,6,False,91,y,within_tolerance_under_iid,9,"[855, 950]",,0.2845459246985661,0.7102731768089494,0.6783652174712219,6,0.6783652174712219,1.7598628740010192,1.6616486420566379,1.4227296234928306,2.761076209648669,"[285, 380, 475, 570, 665, 760]","[""insufficient_post_history""]",9,6
2,0,2,0,1,1,0,0,0,0,3,3,False,91,y,noise_baseline_short,10,[950],,0.7910711284397932,1.5092291038888985,0.892484780424509,3,0.892484780424509,1.8781872748036308,1.5458289846772029,1.5821422568795864,2.389587249868152,"[665, 760, 855]","[""insufficient_post_history""]",10,3
3,0,3,0,1,1,0,0,0,0,4,4,False,91,y,noise_baseline_short,10,[950],,0.7572897298279534,0.7910711284397932,0.7302299898389701,4,0.7302299898389701,1.3287948265643188,1.4604599796779403,2.2718691894838603,2.1329433522408894,"[570, 665, 760, 855]","[""insufficient_post_history""]",10,4
4,0,4,0,1,1,0,0,0,0,5,5,False,91,y,within_tolerance_under_iid,10,[950],,0.8804192203481266,1.4067185810406593,0.7561210264286332,5,0.7561210264286332,1.108001217894302,1.690738014311339,3.5216768813925063,2.8585950330374503,"[475, 570, 665, 760, 855]","[""insufficient_post_history""]",10,5
5,0,5,0,1,1,0,0,0,0,6,6,False,91,y,within_tolerance_under_iid,10,[950],,0.2694029102892182,1.162267813886578,0.6748926391537594,6,0.6748926391537594,1.7602761495183457,1.6531425970870022,1.347014551446091,2.7328804463035583,"[380, 475, 570, 665, 760, 855]","[""insufficient_post_history""]",10,6
0,0,0,0,3,3,3,0,3,0,0,0,False,92,y,pre_data_incomplete,1,"[94, 189, 284]",,,,,,,,,,,[],"[""insufficient_pre_history""]",1,3
0,0,0,0,4,4,4,0,4,0,0,0,False,92,y,pre_data_incomplete,1,"[94, 189, 284, 379]",,,,,,,,,,,[],"[""insufficient_pre_history""]",1,4
0,0,0,0,5,5,5,0,5,0,0,0,False,92,y,pre_data_incomplete,1,"[94, 189, 284, 379, 474]",,,,,,,,,,,[],"[""insufficient_pre_history""]",1,5
0,0,0,0,6,6,6,0,6,0,0,0,False,92,y,pre_data_incomplete,1,"[94, 189, 284, 379, 474, 569]",,,,,,,,,,,[],"[""insufficient_pre_history""]",1,6
0,0,0,0,3,3,2,0,2,0,1,1,False,92,y,pre_data_incomplete,2,"[189, 284, 379]",,,,,,,,,,,[94],"[""insufficient_pre_history""]",2,3
0,0,0,0,4,4,3,0,3,0,1,1,False,92,y,pre_data_incomplete,2,"[189, 284, 379, 474]",,,,,,,,,,,[94],"[""insufficient_pre_history""]",2,4
0,0,0,0,5,5,4,0,4,0,1,1,False,92,y,pre_data_incomplete,2,"[189, 284, 379, 474, 569]",,,,,,,,,,,[94],"[""insufficient_pre_history""]",2,5
0,0,0,0,6,6,5,0,5,0,1,1,False,92,y,pre_data_incomplete,2,"[189, 284, 379, 474, 569, 664]",,,,,,,,,,,[94],"[""insufficient_pre_history""]",2,6
0,0,0,0,3,3,1,0,1,0,2,2,False,92,y,pre_data_incomplete,3,"[284, 379, 474]",,,,,,,,,,,"[94, 189]","[""insufficient_pre_history""]",3,3
0,0,0,0,4,4,2,0,2,0,2,2,False,92,y,pre_data_incomplete,3,"[284, 379, 474, 569]",,,,,,,,,,,"[94, 189]","[""insufficient_pre_history""]",3,4
0,0,0,0,5,5,3,0,3,0,2,2,False,92,y,pre_data_incomplete,3,"[284, 379, 474, 569, 664]",,,,,,,,,,,"[94, 189]","[""insufficient_pre_history""]",3,5
0,0,0,0,6,6,4,0,4,0,2,2,False,92,y,pre_data_incomplete,3,"[284, 379, 474, 569, 664, 759]",,,,,,,,,,,"[94, 189]","[""insufficient_pre_history""]",3,6
0,0,0,0,3,3,0,0,0,0,3,3,True,92,y,noise_baseline_short,4,"[379, 474, 569]",,2.05222530189262,0.5718754027014901,1.2834987725925813,3,1.2834987725925813,1.2087006312662618,2.223085085582643,4.10445060378524,4.9421072977399865,"[94, 189, 284]",[],4,3
0,0,0,0,4,4,1,0,1,0,3,3,False,92,y,pre_data_incomplete,4,"[379, 474, 569, 664]",,,,,,,,,,,"[94, 189, 284]","[""insufficient_pre_history""]",4,4
0,0,0,0,5,5,2,0,2,0,3,3,False,92,y,pre_data_incomplete,4,"[379, 474, 569, 664, 759]",,,,,,,,,,,"[94, 189, 284]","[""insufficient_pre_history""]",4,5
0,0,0,0,6,6,3,0,3,0,3,3,False,92,y,pre_data_incomplete,4,"[379, 474, 569, 664, 759, 854]",,,,,,,,,,,"[94, 189, 284]","[""insufficient_pre_history""]",4,6
0,0,0,0,3,3,0,0,0,0,3,3,True,92,y,noise_baseline_short,5,"[474, 569, 664]",,0.21586772531891907,0.14013995206365193,0.17209109049777668,3,0.17209109049777668,0.29067905136689015,0.2980705122720828,0.43173545063783814,0.08884603028614188,"[189, 284, 379]",[],5,3
0,0,0,0,4,4,0,0,0,0,4,4,True,92,y,noise_baseline_short,5,"[474, 569, 664, 759]",,1.2464807357866257,0.28593770135074514,0.974406202037244,4,0.974406202037244,1.3462983018981933,1.948812404074488,3.739442207359877,3.7978697862745854,"[94, 189, 284, 379]",[],5,4
0,0,0,0,5,5,1,0,1,0,4,4,False,92,y,pre_data_incomplete,5,"[474, 569, 664, 759, 854]",,,,,,,,,,,"[94, 189, 284, 379]","[""insufficient_pre_history""]",5,5
0,0,0,0,6,6,2,0,2,0,4,4,False,92,y,pre_data_incomplete,5,"[474, 569, 664, 759, 854, 949]",,,,,,,,,,,"[94, 189, 284, 379]","[""insufficient_pre_history""]",5,6
0,0,0,0,3,3,0,0,0,0,3,3,True,92,y,noise_baseline_short,6,"[569, 664, 759]",,0.1803938085557344,0.14013995206365193,0.14920815817453553,3,0.14920815817453553,0.26171471961763515,0.258436110862069,0.3607876171114688,0.06678922339751163,"[284, 379, 474]",[],6,3
0,0,0,0,4,4,0,0,0,0,4,4,True,92,y,noise_baseline_short,6,"[569, 664, 759, 854]",,0.2657849107375225,0.25046378458756036,0.19278834597299455,4,0.19278834597299455,0.2154066645176892,0.3855766919459891,0.7973547322125674,0.14866938537201219,"[189, 284, 379, 474]",[],6,4
0,0,0,0,5,5,0,0,0,0,5,5,True,92,y,within_tolerance_under_iid,6,"[569, 664, 759, 854, 949]",,0.9362211892431256,0.43173545063783814,0.8170908532556164,5,0.8170908532556164,1.2366147470145665,1.8270706916728636,3.7448847569725023,3.3381873123699566,"[94, 189, 284, 379, 474]",[],6,5
1,0,1,0,5,5,1,0,1,0,5,5,False,92,y,pre_data_incomplete,6,"[569, 664, 759, 854, 949]",,,,,,,,,,,"[94, 189, 284, 379, 474]","[""insufficient_pre_history"", ""insufficient_post_history""]",6,6
0,0,0,0,3,3,0,0,0,0,3,3,True,92,y,noise_baseline_short,7,"[664, 759, 854]",,0.060212184100470245,0.12042436820094049,0.15096231022784176,3,0.15096231022784176,0.3598426050756983,0.2614743913425967,0.12042436820094049,0.0683688573279814,"[379, 474, 569]",[],7,3
0,0,0,0,4,4,0,0,0,0,4,4,True,92,y,noise_baseline_short,7,"[664, 759, 854, 949]",,0.04417808175869864,0.07006997603182608,0.10805175833833741,4,0.10805175833833741,0.255287754524856,0.21610351667667482,0.13253424527609592,0.04670072992002587,"[284, 379, 474, 569]",[],7,4
1,0,1,0,4,4,0,0,0,0,5,5,False,92,y,within_tolerance_under_iid,7,"[664, 759, 854, 949]",,0.1465107254789026,0.12042436820094049,0.1499528762198131,5,0.1499528762198131,0.27991866373903945,0.3353048246491138,0.5860429019156104,0.11242932543297297,"[189, 284, 379, 474, 569]","[""insufficient_post_history""]",7,5
2,0,2,0,4,4,0,0,0,0,6,6,False,92,y,within_tolerance_under_iid,7,"[664, 759, 854, 949]",,0.6594721201996535,0.2603215765189162,0.682777661527512,6,0.682777661527512,1.262413284083145,1.6724568785131249,3.2973606009982674,2.797112010485865,"[94, 189, 284, 379, 474, 569]","[""insufficient_post_history""]",7,6
0,0,0,0,3,3,0,0,0,0,3,3,True,92,y,noise_baseline_short,8,"[759, 854, 949]",,1.875369406236318,0.3805032009741802,1.3182476773481515,3,1.3182476773481515,1.8419122707958866,2.2832719541266626,3.750738812472636,5.213330816501389,"[474, 569, 664]",[],8,3
1,0,1,0,3,3,0,0,0,0,4,4,False,92,y,noise_baseline_short,8,"[759, 854, 949]",,1.2374495943969088,0.25046378458756047,1.0167563045646921,4,1.0167563045646921,1.5409596200256541,2.0335126091293843,3.7123487831907265,4.1351735314881966,"[379, 474, 569, 664]","[""insufficient_post_history""]",8,4
2,0,2,0,3,3,0,0,0,0,5,5,False,92,y,within_tolerance_under_iid,8,"[759, 854, 949]",,0.8343477227369149,0.14013995206365193,0.816559413478893,5,0.816559413478893,1.4576264142384723,1.825882356206163,3.3373908909476597,3.3338463787049695,"[284, 379, 474, 569, 664]","[""insufficient_post_history""]",8,5
3,0,3,0,3,3,0,0,0,0,6,6,False,92,y,within_tolerance_under_iid,8,"[759, 854, 949]",,0.6816797136861417,0.25046378458756036,0.7082817943852834,6,0.7082817943852834,1.3150918643608844,1.7349289903468155,3.4083985684307083,3.00997860154582,"[189, 284, 379, 474, 569, 664]","[""insufficient_post_history""]",8,6
1,0,1,0,2,2,0,0,0,0,3,3,False,92,y,noise_baseline_short,9,"[854, 949]",,-0.7592421575591133,1.5184843151182266,1.688068633027586,3,1.688068633027586,3.9930636047075057,2.923820639067121,1.5184843151182266,8.548727129434868,"[569, 664, 759]","[""insufficient_post_history""]",9,3
2,0,2,0,2,2,0,0,0,0,4,4,False,92,y,noise_baseline_short,9,"[854, 949]",,-0.1565720534830404,0.9494937580462035,1.1999248300086713,4,1.1999248300086713,2.92875921956693,2.3998496600173427,0.46971616044912123,5.759278390685354,"[474, 569, 664, 759]","[""insufficient_post_history""]",9,4
3,0,3,0,2,2,0,0,0,0,5,5,False,92,y,within_tolerance_under_iid,9,"[854, 949]",,0.09546189186380638,0.3805032009741802,0.9455580880212945,5,0.9455580880212945,2.4351914523275546,2.1143321614903443,0.3818475674552255,4.470400489112432,"[379, 474, 569, 664, 759]","[""insufficient_post_history""]",9,5
4,0,4,0,2,2,0,0,0,0,6,6,False,92,y,within_tolerance_under_iid,9,"[854, 949]",,0.13381418425898284,0.25046378458756036,0.777563551913978,6,0.777563551913978,2.1109709371250673,1.904633944775344,0.6690709212949142,3.6276304635904877,"[284, 379, 474, 569, 664, 759]","[""insufficient_post_history""]",9,6
2,0,2,0,1,1,0,0,0,0,3,3,False,92,y,review_trend,10,[949],,-4.333046746081594,3.016367163598146,2.539893423707067,3,2.539893423707067,1.0750643772750814,4.399224455670706,8.666093492163188,19.35317581137122,"[664, 759, 854]","[""insufficient_post_history""]",10,3
3,0,3,0,1,1,0,0,0,0,4,4,False,92,y,noise_baseline_short,10,[949],,-1.925428076471416,2.2674257393581865,1.8031043138106961,4,1.8031043138106961,3.199832465104291,3.6062086276213923,5.776284229414248,13.004740665930964,"[569, 664, 759, 854]","[""insufficient_post_history""]",10,4
4,0,4,0,1,1,0,0,0,0,5,5,False,92,y,high_noise_under_iid,10,[949],,-1.1349193674499332,1.5184843151182266,1.4072546945380655,5,1.4072546945380655,2.9847889819247926,3.146717158642817,4.539677469799733,9.901828876497122,"[474, 569, 664, 759, 854]","[""insufficient_post_history""]",10,5
5,0,5,0,1,1,0,0,0,0,6,6,False,92,y,high_noise_under_iid,10,[949],,-0.6753673167830734,0.9494937580462034,1.1494453090706658,6,1.1494453090706658,2.8131218350885683,2.8155544944588353,3.3768365839153667,7.9273471112673475,"[379, 474, 569, 664, 759, 854]","[""insufficient_post_history""]",10,6
0,0,0,0,3,3,3,0,3,0,0,0,False,93,y,pre_data_incomplete,1,"[93, 188, 283]",,,,,,,,,,,[],"[""insufficient_pre_history""]",1,3
0,0,0,0,4,4,4,0,4,0,0,0,False,93,y,pre_data_incomplete,1,"[93, 188, 283, 378]",,,,,,,,,,,[],"[""insufficient_pre_history""]",1,4
0,0,0,0,5,5,5,0,5,0,0,0,False,93,y,pre_data_incomplete,1,"[93, 188, 283, 378, 473]",,,,,,,,,,,[],"[""insufficient_pre_history""]",1,5
0,0,0,0,6,6,6,0,6,0,0,0,False,93,y,pre_data_incomplete,1,"[93, 188, 283, 378, 473, 568]",,,,,,,,,,,[],"[""insufficient_pre_history""]",1,6
0,0,0,0,3,3,2,0,2,0,1,1,False,93,y,pre_data_incomplete,2,"[188, 283, 378]",,,,,,,,,,,[93],"[""insufficient_pre_history""]",2,3
0,0,0,0,4,4,3,0,3,0,1,1,False,93,y,pre_data_incomplete,2,"[188, 283, 378, 473]",,,,,,,,,,,[93],"[""insufficient_pre_history""]",2,4
0,0,0,0,5,5,4,0,4,0,1,1,False,93,y,pre_data_incomplete,2,"[188, 283, 378, 473, 568]",,,,,,,,,,,[93],"[""insufficient_pre_history""]",2,5
0,0,0,0,6,6,5,0,5,0,1,1,False,93,y,pre_data_incomplete,2,"[188, 283, 378, 473, 568, 663]",,,,,,,,,,,[93],"[""insufficient_pre_history""]",2,6
0,0,0,0,3,3,1,0,1,0,2,2,False,93,y,pre_data_incomplete,3,"[283, 378, 473]",,,,,,,,,,,"[93, 188]","[""insufficient_pre_history""]",3,3
0,0,0,0,4,4,2,0,2,0,2,2,False,93,y,pre_data_incomplete,3,"[283, 378, 473, 568]",,,,,,,,,,,"[93, 188]","[""insufficient_pre_history""]",3,4
0,0,0,0,5,5,3,0,3,0,2,2,False,93,y,pre_data_incomplete,3,"[283, 378, 473, 568, 663]",,,,,,,,,,,"[93, 188]","[""insufficient_pre_history""]",3,5
0,0,0,0,6,6,4,0,4,0,2,2,False,93,y,pre_data_incomplete,3,"[283, 378, 473, 568, 663, 758]",,,,,,,,,,,"[93, 188]","[""insufficient_pre_history""]",3,6
0,0,0,0,3,3,0,0,0,0,3,3,True,93,y,noise_baseline_short,4,"[378, 473, 568]",,1.6674501936514166,1.940349953984105,1.540468628199561,3,1.540468628199561,2.9457564852149485,2.66816993150757,3.334900387302833,7.11913078340111,"[93, 188, 283]",[],4,3
0,0,0,0,4,4,1,0,1,0,3,3,False,93,y,pre_data_incomplete,4,"[378, 473, 568, 663]",,,,,,,,,,,"[93, 188, 283]","[""insufficient_pre_history""]",4,4
0,0,0,0,5,5,2,0,2,0,3,3,False,93,y,pre_data_incomplete,4,"[378, 473, 568, 663, 758]",,,,,,,,,,,"[93, 188, 283]","[""insufficient_pre_history""]",4,5
0,0,0,0,6,6,3,0,3,0,3,3,False,93,y,pre_data_incomplete,4,"[378, 473, 568, 663, 758, 853]",,,,,,,,,,,"[93, 188, 283]","[""insufficient_pre_history""]",4,6
0,0,0,0,3,3,0,0,0,0,3,3,True,93,y,noise_baseline_short,5,"[473, 568, 663]",,2.128145288149697,1.018959764987544,1.6155933659839874,3,1.6155933659839874,2.569600515706927,2.798289794255486,4.256290576299394,7.830425772634409,"[188, 283, 378]",[],5,3
0,0,0,0,4,4,0,0,0,0,4,4,True,93,y,noise_baseline_short,5,"[473, 568, 663, 758]",,1.2223072208232806,1.6674501936514166,1.1835033986278416,4,1.1835033986278416,2.16078560069945,2.367006797255683,3.666921662469842,5.602721178254607,"[93, 188, 283, 378]",[],5,4
0,0,0,0,5,5,1,0,1,0,4,4,False,93,y,pre_data_incomplete,5,"[473, 568, 663, 758, 853]",,,,,,,,,,,"[93, 188, 283, 378]","[""insufficient_pre_history""]",5,5
0,0,0,0,6,6,2,0,2,0,4,4,False,93,y,pre_data_incomplete,5,"[473, 568, 663, 758, 853, 948]",,,,,,,,,,,"[93, 188, 283, 378]","[""insufficient_pre_history""]",5,6
0,0,0,0,3,3,0,0,0,0,3,3,True,93,y,noise_baseline_short,6,"[568, 663, 758]",,-0.5915160527287535,0.16407234046996305,0.3700423172582941,3,0.3700423172582941,0.34900632959835715,0.640932094441887,1.183032105457507,0.4107939496856641,"[283, 378, 473]",[],6,3
0,0,0,0,4,4,0,0,0,0,4,4,True,93,y,noise_baseline_short,6,"[568, 663, 758, 853]",,1.125769494250075,0.5915160527287535,1.165075904366606,4,1.165075904366606,2.23069917114653,2.330151808733212,3.3773084827502253,5.429607451742659,"[188, 283, 378, 473]",[],6,4
0,0,0,0,5,5,0,0,0,0,5,5,True,93,y,within_tolerance_under_iid,6,"[568, 663, 758, 853, 948]",,0.8560027139990046,1.183032105457507,0.9488726259439287,5,0.9488726259439287,1.8867766818552325,2.121743693599355,3.4240108559960185,4.501796301328635,"[93, 188, 283, 378, 473]",[],6,5
1,0,1,0,5,5,1,0,1,0,5,5,False,93,y,pre_data_incomplete,6,"[568, 663, 758, 853, 948]",,,,,,,,,,,"[93, 188, 283, 378, 473]","[""insufficient_pre_history"", ""insufficient_post_history""]",6,6
0,0,0,0,3,3,0,0,0,0,3,3,True,93,y,noise_baseline_short,7,"[663, 758, 853]",,-0.9441424500360222,0.16407234046996305,0.6039429952605416,3,0.6039429952605416,0.6369245773446038,1.0460599526665877,1.8882849000720443,1.0942414245728236,"[378, 473, 568]",[],7,3
0,0,0,0,4,4,0,0,0,0,4,4,True,93,y,review_trend,7,"[663, 758, 853, 948]",,-0.8885806335648727,0.5915160527287535,0.603036829568357,4,0.603036829568357,0.4560500532055197,1.206073659136714,2.665741900694618,1.4546136712634228,"[283, 378, 473, 568]",[],7,4
1,0,1,0,4,4,0,0,0,0,5,5,False,93,y,within_tolerance_under_iid,7,"[663, 758, 853, 948]",,0.3552979246997193,1.183032105457507,0.9260309965687106,5,0.9260309965687106,2.3013258482276044,2.0706682575995115,1.4211916987988773,4.287667033030197,"[188, 283, 378, 473, 568]","[""insufficient_post_history""]",7,5
2,0,2,0,4,4,0,0,0,0,6,6,False,93,y,within_tolerance_under_iid,7,"[663, 758, 853, 948]",,0.38274210153477073,1.1579703111576447,0.7846332005148511,6,0.7846332005148511,1.9941085881590317,1.9219509765082643,1.9137105076738536,3.693895556101071,"[93, 188, 283, 378, 473, 568]","[""insufficient_post_history""]",7,6
0,0,0,0,3,3,0,0,0,0,3,3,True,93,y,noise_baseline_short,8,"[758, 853, 948]",,-0.3377769664177177,0.6755539328354354,0.5016066953274078,3,0.5016066953274078,1.1320199215115365,0.8688082817237924,0.6755539328354354,0.7548278303918486,"[473, 568, 663]",[],8,3
1,0,1,0,3,3,0,0,0,0,4,4,False,93,y,noise_baseline_short,8,"[758, 853, 948]",,-0.4243091379518277,0.41981313665269926,0.428818115530038,4,0.428818115530038,0.8082167072430761,0.857636231060076,1.272927413855483,0.7355399048269321,"[378, 473, 568, 663]","[""insufficient_post_history""]",8,4
2,0,2,0,3,3,0,0,0,0,5,5,False,93,y,within_tolerance_under_iid,8,"[758, 853, 948]",,-0.5605456976657929,0.6755539328354354,0.4813599113697023,5,0.4813599113697023,0.7052263215357769,1.0763534834659283,2.2421827906631715,1.1585368213692384,"[283, 378, 473, 568, 663]","[""insufficient_post_history""]",8,5
3,0,3,0,3,3,0,0,0,0,6,6,False,93,y,within_tolerance_under_iid,8,"[758, 853, 948]",,0.23421471940917862,0.9441424500360222,0.7569761041002443,6,0.7569761041002443,2.01434823867268,1.8542052025255196,1.1710735970458932,3.438076933072703,"[188, 283, 378, 473, 568, 663]","[""insufficient_post_history""]",8,6
1,0,1,0,2,2,0,0,0,0,3,3,False,93,y,review_trend,9,"[853, 948]",,0.8032559198185821,0.5578532128705185,0.47091904314249966,3,0.47091904314249966,0.20037047117350268,0.8156557089745294,1.6065118396371643,0.6652942355827421,"[568, 663, 758]","[""insufficient_post_history""]",9,3
2,0,2,0,2,2,0,0,0,0,4,4,False,93,y,noise_baseline_short,9,"[853, 948]",,0.0695556466871895,0.3377769664177177,0.3935654578083681,4,0.3935654578083681,0.9577409083433157,0.7871309156167362,0.2086669400615685,0.6195750783196414,"[473, 568, 663, 758]","[""insufficient_post_history""]",9,4
3,0,3,0,2,2,0,0,0,0,5,5,False,93,y,within_tolerance_under_iid,9,"[853, 948]",,-0.12391000537051955,0.28177306043488,0.34368312255615097,5,0.34368312255615097,0.8580646596245344,0.7684988247549449,0.4956400214820782,0.5905904436497315,"[378, 473, 568, 663, 758]","[""insufficient_post_history""]",9,5
4,0,4,0,2,2,0,0,0,0,6,6,False,93,y,within_tolerance_under_iid,9,"[853, 948]",,-0.30705015733229707,0.41981313665269926,0.3933331378925194,6,0.3933331378925194,0.8647878694179822,0.9634654867644475,1.5352507866614853,0.9282657441862538,"[283, 378, 473, 568, 663, 758]","[""insufficient_post_history""]",9,6
2,0,2,0,1,1,0,0,0,0,3,3,False,93,y,noise_baseline_short,10,[948],,2.628736371215227,0.5578532128705185,1.6673106017231316,3,1.6673106017231316,1.6908690182892652,2.8878666741827006,5.257472742430454,8.33977392785505,"[663, 758, 853]","[""insufficient_post_history""]",10,3
3,0,3,0,1,1,0,0,0,0,4,4,False,93,y,noise_baseline_short,10,[948],,1.9476247320461817,0.803255919818582,1.3955771029927644,4,1.3955771029927644,1.4841521014340668,2.7911542059855288,5.8428741961385455,7.790541801590708,"[568, 663, 758, 853]","[""insufficient_post_history""]",10,4
4,0,4,0,1,1,0,0,0,0,5,5,False,93,y,high_noise_under_iid,10,[948],,1.07703494588272,0.5578532128705185,1.0859264115175962,5,1.0859264115175962,1.9987229821483294,2.4282052747157556,4.30813978353088,5.896180856157418,"[473, 568, 663, 758, 853]","[""insufficient_post_history""]",10,5
5,0,5,0,1,1,0,0,0,0,6,6,False,93,y,within_tolerance_under_iid,10,[948],,0.6509939660713479,0.41981313665269926,0.8876244591325646,6,0.8876244591325646,2.0136990462789206,2.174227008088683,3.2549698303567394,4.727263082702267,"[378, 473, 568, 663, 758, 853]","[""insufficient_post_history""]",10,6
0,0,0,0,3,3,3,0,3,0,0,0,False,94,y,pre_data_incomplete,1,"[92, 187, 282]",,,,,,,,,,,[],"[""insufficient_pre_history""]",1,3
0,0,0,0,4,4,4,0,4,0,0,0,False,94,y,pre_data_incomplete,1,"[92, 187, 282, 377]",,,,,,,,,,,[],"[""insufficient_pre_history""]",1,4
0,0,0,0,5,5,5,0,5,0,0,0,False,94,y,pre_data_incomplete,1,"[92, 187, 282, 377, 472]",,,,,,,,,,,[],"[""insufficient_pre_history""]",1,5
0,0,0,0,6,6,6,0,6,0,0,0,False,94,y,pre_data_incomplete,1,"[92, 187, 282, 377, 472, 567]",,,,,,,,,,,[],"[""insufficient_pre_history""]",1,6
0,0,0,0,3,3,2,0,2,0,1,1,False,94,y,pre_data_incomplete,2,"[187, 282, 377]",,,,,,,,,,,[92],"[""insufficient_pre_history""]",2,3
0,0,0,0,4,4,3,0,3,0,1,1,False,94,y,pre_data_incomplete,2,"[187, 282, 377, 472]",,,,,,,,,,,[92],"[""insufficient_pre_history""]",2,4
0,0,0,0,5,5,4,0,4,0,1,1,False,94,y,pre_data_incomplete,2,"[187, 282, 377, 472, 567]",,,,,,,,,,,[92],"[""insufficient_pre_history""]",2,5
0,0,0,0,6,6,5,0,5,0,1,1,False,94,y,pre_data_incomplete,2,"[187, 282, 377, 472, 567, 662]",,,,,,,,,,,[92],"[""insufficient_pre_history""]",2,6
0,0,0,0,3,3,1,0,1,0,2,2,False,94,y,pre_data_incomplete,3,"[282, 377, 472]",,,,,,,,,,,"[92, 187]","[""insufficient_pre_history""]",3,3
0,0,0,0,4,4,2,0,2,0,2,2,False,94,y,pre_data_incomplete,3,"[282, 377, 472, 567]",,,,,,,,,,,"[92, 187]","[""insufficient_pre_history""]",3,4
0,0,0,0,5,5,3,0,3,0,2,2,False,94,y,pre_data_incomplete,3,"[282, 377, 472, 567, 662]",,,,,,,,,,,"[92, 187]","[""insufficient_pre_history""]",3,5
0,0,0,0,6,6,4,0,4,0,2,2,False,94,y,pre_data_incomplete,3,"[282, 377, 472, 567, 662, 757]",,,,,,,,,,,"[92, 187]","[""insufficient_pre_history""]",3,6
0,0,0,0,3,3,0,0,0,0,3,3,True,94,y,noise_baseline_short,4,"[377, 472, 567]",,1.518841425539766,2.100440160787463,1.4914510841956103,3,1.4914510841956103,2.955131040650859,2.583269054830484,3.037682851079532,6.673279009644783,"[92, 187, 282]",[],4,3
0,0,0,0,4,4,1,0,1,0,3,3,False,94,y,pre_data_incomplete,4,"[377, 472, 567, 662]",,,,,,,,,,,"[92, 187, 282]","[""insufficient_pre_history""]",4,4
0,0,0,0,5,5,2,0,2,0,3,3,False,94,y,pre_data_incomplete,4,"[377, 472, 567, 662, 757]",,,,,,,,,,,"[92, 187, 282]","[""insufficient_pre_history""]",4,5
0,0,0,0,6,6,3,0,3,0,3,3,False,94,y,pre_data_incomplete,4,"[377, 472, 567, 662, 757, 852]",,,,,,,,,,,"[92, 187, 282]","[""insufficient_pre_history""]",4,6
0,0,0,0,3,3,0,0,0,0,3,3,True,94,y,noise_baseline_short,5,"[472, 567, 662]",,-0.5655059663646231,0.9694282280582167,0.6069426089645682,3,0.6069426089645682,1.2532685216953023,1.0512554360050417,1.1310119327292463,1.1051379917301505,"[187, 282, 377]",[],5,3
0,0,0,0,4,4,0,0,0,0,4,4,True,94,y,noise_baseline_short,5,"[472, 567, 662, 757]",,0.9920893076625783,1.0502200803937314,1.102228730230153,4,1.102228730230153,2.197463550669867,2.204457460460306,2.976267922987735,4.859632694979102,"[92, 187, 282, 377]",[],5,4
0,0,0,0,5,5,1,0,1,0,4,4,False,94,y,pre_data_incomplete,5,"[472, 567, 662, 757, 852]",,,,,,,,,,,"[92, 187, 282, 377]","[""insufficient_pre_history""]",5,5
0,0,0,0,6,6,2,0,2,0,4,4,False,94,y,pre_data_incomplete,5,"[472, 567, 662, 757, 852, 947]",,,,,,,,,,,"[92, 187, 282, 377]","[""insufficient_pre_history""]",5,6
0,0,0,0,3,3,0,0,0,0,3,3,True,94,y,noise_baseline_short,6,"[567, 662, 757]",,-0.049354362474662045,0.09870872494932406,0.34078757248773095,3,0.34078757248773095,0.8318325018787871,0.5902613901368117,0.09870872494932409,0.3484085086862414,"[282, 377, 472]",[],6,3
0,0,0,0,4,4,0,0,0,0,4,4,True,94,y,noise_baseline_short,6,"[567, 662, 757, 852]",,-0.5628018429152144,0.5340684765037704,0.512708163716204,4,0.512708163716204,0.8862015464190676,1.025416327432408,1.6884055287456432,1.0514786445649673,"[187, 282, 377, 472]",[],6,4
0,0,0,0,5,5,0,0,0,0,5,5,True,94,y,within_tolerance_under_iid,6,"[567, 662, 757, 852, 947]",,0.4746936319531169,0.9694282280582167,0.8540496299291438,5,0.8540496299291438,2.027697788583047,1.9097130286801045,1.8987745278124677,3.647003851910538,"[92, 187, 282, 377, 472]",[],6,5
1,0,1,0,5,5,1,0,1,0,5,5,False,94,y,pre_data_incomplete,6,"[567, 662, 757, 852, 947]",,,,,,,,,,,"[92, 187, 282, 377, 472]","[""insufficient_pre_history"", ""insufficient_post_history""]",6,6
0,0,0,0,3,3,0,0,0,0,3,3,True,94,y,noise_baseline_short,7,"[662, 757, 852]",,-0.004631121342514644,0.009262242685029287,0.35451202703938867,3,0.35451202703938867,0.8683488753511915,0.6140328427264528,0.009262242685029287,0.37703633194672875,"[377, 472, 567]",[],7,3
0,0,0,0,4,4,0,0,0,0,4,4,True,94,y,noise_baseline_short,7,"[662, 757, 852, 947]",,0.18123610031120213,0.48471411402910836,0.29345894136734485,4,0.29345894136734485,0.6592363699543784,0.5869178827346897,0.5437083009336063,0.344472601073771,"[282, 377, 472, 567]",[],7,4
1,0,1,0,4,4,0,0,0,0,5,5,False,94,y,within_tolerance_under_iid,7,"[662, 757, 852, 947]",,-0.23792570757778755,0.9601659853731874,0.39951456907932803,5,0.39951456907932803,0.9356194730175503,0.8933417344629131,0.9517028303111502,0.7980594545332059,"[187, 282, 377, 472, 567]","[""insufficient_post_history""]",7,5
2,0,2,0,4,4,0,0,0,0,6,6,False,94,y,within_tolerance_under_iid,7,"[662, 757, 852, 947]",,0.4103207358031844,0.5340684765037704,0.7159543658378951,6,0.7159543658378951,1.7629070636199249,1.7537228754207588,2.0516036790159218,3.0755439237740543,"[92, 187, 282, 377, 472, 567]","[""insufficient_post_history""]",7,6
0,0,0,0,3,3,0,0,0,0,3,3,True,94,y,noise_baseline_short,8,"[757, 852, 947]",,-2.5412830090257894,1.0588747103225116,1.895476885174361,3,1.895476885174361,2.9395164686484474,3.283062269694392,5.082566018051579,10.778497866690891,"[472, 567, 662]",[],8,3
1,0,1,0,3,3,0,0,0,0,4,4,False,94,y,noise_baseline_short,8,"[757, 852, 947]",,-1.7393234202854848,0.5340684765037704,1.4694325476314871,4,1.4694325476314871,2.322127725029049,2.9388650952629742,5.217970260856454,8.636928048155053,"[377, 472, 567, 662]","[""insufficient_post_history""]",8,4
2,0,2,0,3,3,0,0,0,0,5,5,False,94,y,high_noise_under_iid,8,"[757, 852, 947]",,-1.0371811728686835,0.9601659853731874,1.1504790209366034,5,1.1504790209366034,2.2887108233510216,2.572549297501649,4.148724691474734,6.618009888076229,"[282, 377, 472, 567, 662]","[""insufficient_post_history""]",8,5
3,0,3,0,3,3,0,0,0,0,6,6,False,94,y,high_noise_under_iid,8,"[757, 852, 947]",,-0.9884632433094231,0.5340684765037704,1.046717322498606,6,1.046717322498606,1.9855711953691244,2.563923345053807,4.942316216547116,6.573702919311902,"[187, 282, 377, 472, 567, 662]","[""insufficient_post_history""]",8,6
1,0,1,0,2,2,0,0,0,0,3,3,False,94,y,noise_baseline_short,9,"[852, 947]",,-0.7300305840345706,1.460061168069141,1.8523916585844198,3,1.8523916585844198,4.418397880850831,3.208436468184996,1.460061168069141,10.294064570379412,"[567, 662, 757]","[""insufficient_post_history""]",9,3
2,0,2,0,2,2,0,0,0,0,4,4,False,94,y,noise_baseline_short,9,"[852, 947]",,-0.734500010161398,0.7300305840345706,1.3607521738620107,4,1.3607521738620107,3.1242844316264478,2.7215043477240215,2.203500030484194,7.406585914680752,"[472, 567, 662, 757]","[""insufficient_post_history""]",9,4
3,0,3,0,2,2,0,0,0,0,5,5,False,94,y,high_noise_under_iid,9,"[852, 947]",,-0.8021212839559919,1.0588747103225116,1.1402196790060877,5,1.1402196790060877,2.5539533267794083,2.549608711540602,3.2084851358239677,6.500504581963728,"[377, 472, 567, 662, 757]","[""insufficient_post_history""]",9,5
4,0,4,0,2,2,0,0,0,0,6,6,False,94,y,within_tolerance_under_iid,9,"[852, 947]",,-0.568363146180989,0.7300305840345706,0.9397903076296128,6,0.9397903076296128,2.2827085345891014,2.302006718905784,2.841815730904945,5.299234933887371,"[282, 377, 472, 567, 662, 757]","[""insufficient_post_history""]",9,6
2,0,2,0,1,1,0,0,0,0,3,3,False,94,y,noise_baseline_short,10,[947],,2.1802731347945405,0.32083329071586897,1.5098309757736275,3,1.5098309757736275,2.042144844965615,2.615103960881217,4.360546269589081,6.83876872621663,"[662, 757, 852]","[""insufficient_post_history""]",10,3
3,0,3,0,1,1,0,0,0,0,4,4,False,94,y,noise_baseline_short,10,[947],,-0.06613038160500809,0.8904472293925051,1.3232950529617538,4,1.3232950529617538,3.2397107455342744,2.6465901059235075,0.19839114481502426,7.004439188772204,"[567, 662, 757, 852]","[""insufficient_post_history""]",10,4
4,0,4,0,1,1,0,0,0,0,5,5,False,94,y,high_noise_under_iid,10,[947],,-0.29041006649941387,0.40118645774662964,1.0568312369358168,5,1.0568312369358168,2.6767184635933003,2.363146486533673,1.1616402659976555,5.5844613168164425,"[472, 567, 662, 757, 852]","[""insufficient_post_history""]",10,5
5,0,5,0,1,1,0,0,0,0,6,6,False,94,y,within_tolerance_under_iid,10,[947],,-0.46559381739897643,0.8904472293925051,0.93102377346199,6,0.93102377346199,2.3564035071236966,2.2805331833824334,2.327969086994882,5.200831600508416,"[377, 472, 567, 662, 757, 852]","[""insufficient_post_history""]",10,6
0,0,0,0,3,3,3,0,3,0,0,0,False,95,y,pre_data_incomplete,1,"[91, 186, 281]",,,,,,,,,,,[],"[""insufficient_pre_history""]",1,3
0,0,0,0,4,4,4,0,4,0,0,0,False,95,y,pre_data_incomplete,1,"[91, 186, 281, 376]",,,,,,,,,,,[],"[""insufficient_pre_history""]",1,4
0,0,0,0,5,5,5,0,5,0,0,0,False,95,y,pre_data_incomplete,1,"[91, 186, 281, 376, 471]",,,,,,,,,,,[],"[""insufficient_pre_history""]",1,5
0,0,0,0,6,6,6,0,6,0,0,0,False,95,y,pre_data_incomplete,1,"[91, 186, 281, 376, 471, 566]",,,,,,,,,,,[],"[""insufficient_pre_history""]",1,6
0,0,0,0,3,3,2,0,2,0,1,1,False,95,y,pre_data_incomplete,2,"[186, 281, 376]",,,,,,,,,,,[91],"[""insufficient_pre_history""]",2,3
0,0,0,0,4,4,3,0,3,0,1,1,False,95,y,pre_data_incomplete,2,"[186, 281, 376, 471]",,,,,,,,,,,[91],"[""insufficient_pre_history""]",2,4
0,0,0,0,5,5,4,0,4,0,1,1,False,95,y,pre_data_incomplete,2,"[186, 281, 376, 471, 566]",,,,,,,,,,,[91],"[""insufficient_pre_history""]",2,5
0,0,0,0,6,6,5,0,5,0,1,1,False,95,y,pre_data_incomplete,2,"[186, 281, 376, 471, 566, 661]",,,,,,,,,,,[91],"[""insufficient_pre_history""]",2,6
0,0,0,0,3,3,1,0,1,0,2,2,False,95,y,pre_data_incomplete,3,"[281, 376, 471]",,,,,,,,,,,"[91, 186]","[""insufficient_pre_history""]",3,3
0,0,0,0,4,4,2,0,2,0,2,2,False,95,y,pre_data_incomplete,3,"[281, 376, 471, 566]",,,,,,,,,,,"[91, 186]","[""insufficient_pre_history""]",3,4
0,0,0,0,5,5,3,0,3,0,2,2,False,95,y,pre_data_incomplete,3,"[281, 376, 471, 566, 661]",,,,,,,,,,,"[91, 186]","[""insufficient_pre_history""]",3,5
0,0,0,0,6,6,4,0,4,0,2,2,False,95,y,pre_data_incomplete,3,"[281, 376, 471, 566, 661, 756]",,,,,,,,,,,"[91, 186]","[""insufficient_pre_history""]",3,6
0,0,0,0,3,3,0,0,0,0,3,3,True,95,y,noise_baseline_short,4,"[376, 471, 566]",,0.7755938949397034,1.5511877898794069,0.9174960898859815,3,0.9174960898859815,1.9615561857874249,1.5891498434283013,1.5511877898794069,2.525397224868195,"[91, 186, 281]",[],4,3
0,0,0,0,4,4,1,0,1,0,3,3,False,95,y,pre_data_incomplete,4,"[376, 471, 566, 661]",,,,,,,,,,,"[91, 186, 281]","[""insufficient_pre_history""]",4,4
0,0,0,0,5,5,2,0,2,0,3,3,False,95,y,pre_data_incomplete,4,"[376, 471, 566, 661, 756]",,,,,,,,,,,"[91, 186, 281]","[""insufficient_pre_history""]",4,5
0,0,0,0,6,6,3,0,3,0,3,3,False,95,y,pre_data_incomplete,4,"[376, 471, 566, 661, 756, 851]",,,,,,,,,,,"[91, 186, 281]","[""insufficient_pre_history""]",4,6
0,0,0,0,3,3,0,0,0,0,3,3,True,95,y,noise_baseline_short,5,"[471, 566, 661]",,1.0168239163799764,1.144351940669346,0.929305219317685,3,0.929305219317685,1.7645926980643198,1.6096038555971688,2.0336478327599528,2.5908245719532714,"[186, 281, 376]",[],5,3
0,0,0,0,4,4,0,0,0,0,4,4,True,95,y,noise_baseline_short,5,"[471, 566, 661, 756]",,0.43985073210594816,0.7755938949397035,0.6576974296300471,4,0.6576974296300471,1.4531771355607264,1.3153948592600941,1.3195521963178445,1.730263635767883,"[91, 186, 281, 376]",[],5,4
0,0,0,0,5,5,1,0,1,0,4,4,False,95,y,pre_data_incomplete,5,"[471, 566, 661, 756, 851]",,,,,,,,,,,"[91, 186, 281, 376]","[""insufficient_pre_history""]",5,5
0,0,0,0,6,6,2,0,2,0,4,4,False,95,y,pre_data_incomplete,5,"[471, 566, 661, 756, 851, 946]",,,,,,,,,,,"[91, 186, 281, 376]","[""insufficient_pre_history""]",5,6
0,0,0,0,3,3,0,0,0,0,3,3,True,95,y,noise_baseline_short,6,"[566, 661, 756]",,-0.3444450943847246,0.4554617518998969,0.33262896110132395,3,0.33262896110132395,0.6531212050520736,0.5761302606963448,0.6888901887694492,0.3319260772900382,"[281, 376, 471]",[],6,3
0,0,0,0,4,4,0,0,0,0,4,4,True,95,y,noise_baseline_short,6,"[566, 661, 756, 851]",,0.6322976813310204,0.572175970334673,0.6834750217301241,4,0.6834750217301241,1.3428803883564984,1.3669500434602482,1.8968930439930611,1.868552421315974,"[186, 281, 376, 471]",[],6,4
0,0,0,0,5,5,0,0,0,0,5,5,True,95,y,within_tolerance_under_iid,6,"[566, 661, 756, 851, 946]",,0.3758243034979868,0.4554617518998969,0.532770141863887,5,0.532770141863887,1.1922585584002405,1.191310253589858,1.5032972139919472,1.4192201203083321,"[91, 186, 281, 376, 471]",[],6,5
1,0,1,0,5,5,1,0,1,0,5,5,False,95,y,pre_data_incomplete,6,"[566, 661, 756, 851, 946]",,,,,,,,,,,"[91, 186, 281, 376, 471]","[""insufficient_pre_history"", ""insufficient_post_history""]",6,6
0,0,0,0,3,3,0,0,0,0,3,3,True,95,y,review_trend,7,"[661, 756, 851]",,0.9212322921711525,0.4554617518998969,0.5540706939052017,3,0.5540706939052017,0.38030005362833996,0.9596785928287527,1.842464584342305,0.9209830015337749,"[376, 471, 566]",[],7,3
0,0,0,0,4,4,0,0,0,0,4,4,True,95,y,noise_baseline_short,7,"[661, 756, 851, 946]",,0.2549799682918774,0.572175970334673,0.40304492948355036,4,0.40304492948355036,0.9011849591061112,0.8060898589671007,0.7649399048756322,0.6497808607296003,"[281, 376, 471, 566]",[],7,4
1,0,1,0,4,4,0,0,0,0,5,5,False,95,y,within_tolerance_under_iid,7,"[661, 756, 851, 946]",,0.7063334645435067,0.6888901887694492,0.6576677762428457,5,0.6576677762428457,1.1047576577125957,1.4705898542901241,2.8253338581740266,2.1626345195410486,"[186, 281, 376, 471, 566]","[""insufficient_post_history""]",7,5
2,0,2,0,4,4,0,0,0,0,6,6,False,95,y,within_tolerance_under_iid,7,"[661, 756, 851, 946]",,0.5019851137449152,0.7755938949397034,0.5491094617731048,6,0.5491094617731048,1.0765486029304823,1.3450379942784119,2.509925568724576,1.8091272060524928,"[91, 186, 281, 376, 471, 566]","[""insufficient_post_history""]",7,6
0,0,0,0,3,3,0,0,0,0,3,3,True,95,y,noise_baseline_short,8,"[756, 851, 946]",,0.729759766809859,0.0725167011773098,0.47488202032893406,3,0.47488202032893406,0.5366367159274334,0.8225197868106702,1.459519533619718,0.6765387996950702,"[471, 566, 661]",[],8,3
1,0,1,0,3,3,0,0,0,0,4,4,False,95,y,review_trend,8,"[756, 851, 946]",,0.7131946689001254,0.729759766809859,0.4858091890954583,4,0.4858091890954583,0.38006160012374607,0.9716183781909166,2.1395840067003764,0.9440422728383471,"[376, 471, 566, 661]","[""insufficient_post_history""]",8,4
2,0,2,0,3,3,0,0,0,0,5,5,False,95,y,within_tolerance_under_iid,8,"[756, 851, 946]",,0.33837232740428425,0.698112643672959,0.3767472518911992,5,0.3767472518911992,0.7514012502477161,0.8424324655649577,1.353489309617137,0.7096924590378536,"[281, 376, 471, 566, 661]","[""insufficient_post_history""]",8,5
3,0,3,0,3,3,0,0,0,0,6,6,False,95,y,within_tolerance_under_iid,8,"[756, 851, 946]",,0.6369412935519032,0.9212322921711525,0.6020374718706291,6,0.6020374718706291,0.9713167385100042,1.474684612118222,3.184706467759516,2.1746947052182706,"[186, 281, 376, 471, 566, 661]","[""insufficient_post_history""]",8,6
1,0,1,0,2,2,0,0,0,0,3,3,False,95,y,noise_baseline_short,9,"[851, 946]",,0.4279342117797982,0.0725167011773098,0.2740041921166863,3,0.2740041921166863,0.29019718220877555,0.4745891822329643,0.8558684235595964,0.2252348918925538,"[566, 661, 756]","[""insufficient_post_history""]",9,3
2,0,2,0,2,2,0,0,0,0,4,4,False,95,y,review_trend,9,"[851, 946]",,0.6801130469183324,0.4279342117797982,0.46627636092986996,4,0.46627636092986996,0.3848343502088528,0.9325527218597399,2.0403391407549973,0.8696545790480096,"[471, 566, 661, 756]","[""insufficient_post_history""]",9,4
3,0,3,0,2,2,0,0,0,0,5,5,False,95,y,review_trend,9,"[851, 946]",,0.6856185549423521,0.8558684235595964,0.4998612852181971,5,0.4998612852181971,0.3143766638855188,1.1177238130682996,2.7424742197694085,1.249306522299939,"[376, 471, 566, 661, 756]","[""insufficient_post_history""]",9,5
4,0,4,0,2,2,0,0,0,0,6,6,False,95,y,within_tolerance_under_iid,9,"[851, 946]",,0.4257672007189723,0.729759766809859,0.4100564291114424,6,0.4100564291114424,0.6841104334330098,1.0044290170707755,2.1288360035948615,1.008877650333764,"[281, 376, 471, 566, 661, 756]","[""insufficient_post_history""]",9,6
2,0,2,0,1,1,0,0,0,0,3,3,False,95,y,review_trend,10,[946],,0.834906396514,0.7833517223822866,0.4823396633130831,3,0.4823396633130831,0.042094215159387105,0.8354368033639259,1.669812793028,0.697954652414935,"[661, 756, 851]","[""insufficient_post_history""]",10,3
3,0,3,0,1,1,0,0,0,0,4,4,False,95,y,review_trend,10,[946],,0.6010340204998215,0.4279342117797982,0.4072573257798074,4,0.4072573257798074,0.30339156532848954,0.8145146515596148,1.8031020614994644,0.6634341176052807,"[566, 661, 756, 851]","[""insufficient_post_history""]",10,4
4,0,4,0,1,1,0,0,0,0,5,5,False,95,y,review_trend,10,[946],,0.7114533076855032,0.7833517223822866,0.5180576784402156,5,0.5180576784402156,0.3193832982749112,1.1584121852580493,2.8458132307420128,1.341918790954329,"[471, 566, 661, 756, 851]","[""insufficient_post_history""]",10,5
5,0,5,0,1,1,0,0,0,0,6,6,False,95,y,review_trend,10,[946],,0.7064314531977542,1.1214356280010023,0.5489353326723533,6,0.5489353326723533,0.27685985512038647,1.344611466832201,3.532157265988771,1.807979996736643,"[376, 471, 566, 661, 756, 851]","[""insufficient_post_history""]",10,6
