_imputed_columns,_period_index,_source_rows,activity,capacity,channel,channel__code,channel__missing,channel__unknown,comment,comment__missing,comment__text_0,comment__text_1,comment__text_10,comment__text_11,comment__text_12,comment__text_13,comment__text_14,comment__text_2,comment__text_3,comment__text_4,comment__text_5,comment__text_6,comment__text_7,comment__text_8,comment__text_9,correlated_metric,entity,period,plan,plan__code,plan__missing,plan__unknown,region,region__cat_0,region__cat_1,region__cat_2,region__cat_3,region__missing,region__unknown,scenario,signal_x,signal_z,spend,treated
"[""capacity"", ""spend""]",1,[1],19.88512069091121,118.3277230999931,web,2,0,0,稳定 服务 区域 产品 反馈,0,0.0,0.0,0.5273316095198977,0.3846395486696206,0.5273316095198977,0.0,0.3846395486696206,0.0,0.0,0.0,0.0,0.0,0.0,0.0,0.3846395486696206,35.82645648806321,001,1,bronze,0,0,0,north,0,1,0,0,0,0,quiet,0.6318285187182829,-0.36927588535762296,16.53314827546896,0
,2,[2],20.5527743081482,117.5081791531149,web,2,0,0,稳定 产品 交付 用户 反馈,0,0.0,0.0,0.0,0.37161931283827765,0.0,0.54115490341344,0.37161931283827765,0.0,0.0,0.0,0.0,0.0,0.0,0.54115490341344,0.37161931283827765,26.469666558079147,001,2,bronze,0,0,0,north,0,1,0,0,0,0,quiet,-3.1690433206973916,0.5098644439202344,7.6427210178491745,0
,3,[3],20.26593391721916,108.60054438923657,web,2,0,0,稳定 服务 区域 产品 反馈,0,0.0,0.0,0.5273316095198977,0.3846395486696206,0.5273316095198977,0.0,0.3846395486696206,0.0,0.0,0.0,0.0,0.0,0.0,0.0,0.3846395486696206,32.507962077458174,001,3,silver,1,0,0,north,0,1,0,0,0,0,quiet,-0.5818893140819822,-0.038986383328080354,16.53314827546896,0
,4,[4],20.36045568732472,115.93144620100084,api,0,0,0,稳定 服务 区域 产品 反馈,0,0.0,0.0,0.5273316095198977,0.3846395486696206,0.5273316095198977,0.0,0.3846395486696206,0.0,0.0,0.0,0.0,0.0,0.0,0.0,0.3846395486696206,37.256128307396445,001,4,gold,2,0,0,north,0,1,0,0,0,0,quiet,1.1155456065384668,-0.8575404560788199,75.96944248781426,0
,5,[5],21.01426088549839,112.88222990642552,mobile,1,0,0,稳定 服务 区域 产品 反馈,0,0.0,0.0,0.5273316095198977,0.3846395486696206,0.5273316095198977,0.0,0.3846395486696206,0.0,0.0,0.0,0.0,0.0,0.0,0.0,0.3846395486696206,35.97620625294075,001,5,silver,1,0,0,north,0,1,0,0,0,0,quiet,-0.27476134208810565,-1.9229651460535262,5.235540703727976,0
,6,[6],20.013221017464137,123.93228540300096,web,2,0,0,reliable product delivery customer feedback,0,0.49623056257431153,0.49623056257431153,0.0,0.0,0.0,0.0,0.0,0.36143165764881946,0.36143165764881946,0.0,0.49623056257431153,0.0,0.0,0.0,0.0,33.57284296271081,001,6,silver,1,0,0,north,0,1,0,0,0,0,quiet,-0.27503832350318735,-0.22270861960567392,59.408196282546854,0
,7,[7],20.129099760794418,116.51330780467148,web,2,0,0,稳定 服务 区域 产品 反馈,0,0.0,0.0,0.5273316095198977,0.3846395486696206,0.5273316095198977,0.0,0.3846395486696206,0.0,0.0,0.0,0.0,0.0,0.0,0.0,0.3846395486696206,40.036837635676086,001,7,silver,1,0,0,north,0,1,0,0,0,0,quiet,,-1.7147353391406899,8.76665251978495,0
,8,[8],20.162837757105784,125.78784760679348,mobile,1,0,0,stable service regional product feedback,0,0.0,0.0,0.0,0.0,0.0,0.0,0.0,0.3498721264495162,0.3498721264495162,0.5017233601190293,0.0,0.5017233601190293,0.5017233601190293,0.0,0.0,40.77172453826605,001,8,silver,1,0,0,north,0,1,0,0,0,0,quiet,2.92620958192014,-0.7948063308454357,4.101294646008597,0
"[""spend""]",9,[9],20.74690015545264,117.54291837555712,web,2,0,0,稳定 服务 区域 产品 反馈,0,0.0,0.0,0.5273316095198977,0.3846395486696206,0.5273316095198977,0.0,0.3846395486696206,0.0,0.0,0.0,0.0,0.0,0.0,0.0,0.3846395486696206,32.74547669365407,001,9,bronze,0,0,0,north,0,1,0,0,0,0,quiet,-1.1218860426469064,-0.7621478276101737,16.53314827546896,0
,10,[10],20.666089032168554,115.75114946470849,mobile,1,0,0,stable service regional product feedback,0,0.0,0.0,0.0,0.0,0.0,0.0,0.0,0.3498721264495162,0.3498721264495162,0.5017233601190293,0.0,0.5017233601190293,0.5017233601190293,0.0,0.0,34.24202995007801,001,10,bronze,0,0,0,north,0,1,0,0,0,0,quiet,0.7442157625224428,0.678027772852654,22.682882566927596,0
,11,[11],20.684823708830134,121.35438659775076,api,0,0,0,reliable product delivery customer feedback,0,0.49623056257431153,0.49623056257431153,0.0,0.0,0.0,0.0,0.0,0.36143165764881946,0.36143165764881946,0.0,0.49623056257431153,0.0,0.0,0.0,0.0,37.16312094328379,001,11,gold,2,0,0,north,0,1,0,0,0,0,quiet,2.448462066995346,1.1011404831963512,76.30869956378196,0
"[""correlated_metric""]",12,[12],20.41581068602246,124.98669843206433,api,0,0,0,reliable product delivery customer feedback,0,0.49623056257431153,0.49623056257431153,0.0,0.0,0.0,0.0,0.0,0.36143165764881946,0.36143165764881946,0.0,0.49623056257431153,0.0,0.0,0.0,0.0,38.83289595682321,001,12,bronze,0,0,0,north,0,1,0,0,0,0,quiet,0.8703476963349619,-1.644418280412173,11.190460634755102,0
"[""spend""]",13,[13],21.180875292637392,118.04261076559018,api,0,0,0,reliable product delivery customer feedback,0,0.49623056257431153,0.49623056257431153,0.0,0.0,0.0,0.0,0.0,0.36143165764881946,0.36143165764881946,0.0,0.49623056257431153,0.0,0.0,0.0,0.0,33.91726301270118,001,13,silver,1,0,0,north,0,1,0,0,0,0,quiet,-0.1616894187898582,-0.19873043629985102,16.53314827546896,0
"[""correlated_metric""]",14,[14],21.238705003115548,122.18053888845694,api,0,0,0,reliable product delivery customer feedback,0,0.49623056257431153,0.49623056257431153,0.0,0.0,0.0,0.0,0.0,0.36143165764881946,0.36143165764881946,0.0,0.49623056257431153,0.0,0.0,0.0,0.0,36.619552790918036,001,14,gold,2,0,0,north,0,1,0,0,0,0,quiet,-0.6543907709473998,-1.4294584273878739,53.13297506436458,0
,15,[15],20.261854690794614,117.70607475227716,web,2,0,0,稳定 服务 区域 产品 反馈,0,0.0,0.0,0.5273316095198977,0.3846395486696206,0.5273316095198977,0.0,0.3846395486696206,0.0,0.0,0.0,0.0,0.0,0.0,0.0,0.3846395486696206,32.458014644424004,001,15,gold,2,0,0,north,0,1,0,0,0,0,quiet,-0.4489479444254393,0.1836298769459503,46.74817677907418,0
,16,[16],20.268079347247642,116.19562875924763,api,0,0,0,稳定 服务 区域 产品 反馈,0,0.0,0.0,0.5273316095198977,0.3846395486696206,0.5273316095198977,0.0,0.3846395486696206,0.0,0.0,0.0,0.0,0.0,0.0,0.0,0.3846395486696206,33.12771207791523,001,16,bronze,0,0,0,north,0,1,0,0,0,0,quiet,-0.24167486252510142,0.026825928071648377,9.663028502339836,0
,17,[17],20.465241126841235,119.64359105909803,api,0,0,0,稳定 产品 交付 用户 反馈,0,0.0,0.0,0.0,0.37161931283827765,0.0,0.54115490341344,0.37161931283827765,0.0,0.0,0.0,0.0,0.0,0.0,0.54115490341344,0.37161931283827765,33.53910617461823,001,17,bronze,0,0,0,north,0,1,0,0,0,0,quiet,-0.6859706097363457,-0.813596073015071,56.927113687649566,0
,18,[18],20.18001237606143,124.4733231532258,mobile,1,0,0,稳定 产品 交付 用户 反馈,0,0.0,0.0,0.0,0.37161931283827765,0.0,0.54115490341344,0.37161931283827765,0.0,0.0,0.0,0.0,0.0,0.0,0.54115490341344,0.37161931283827765,30.422822073553906,001,18,silver,1,0,0,north,0,1,0,0,0,0,quiet,-0.6999724078954642,1.2627224056360502,21.79012495016495,0
,19,[19],,113.23757205566591,web,2,0,0,稳定 服务 区域 产品 反馈,0,0.0,0.0,0.5273316095198977,0.3846395486696206,0.5273316095198977,0.0,0.3846395486696206,0.0,0.0,0.0,0.0,0.0,0.0,0.0,0.3846395486696206,31.900237276486912,001,19,bronze,0,0,0,north,0,1,0,0,0,0,quiet,-0.7847707961515842,0.1874451633588216,52.80104300621662,0
,20,[20],20.224111850885073,115.93032587346569,api,0,0,0,stable service regional product feedback,0,0.0,0.0,0.0,0.0,0.0,0.0,0.0,0.3498721264495162,0.3498721264495162,0.5017233601190293,0.0,0.5017233601190293,0.5017233601190293,0.0,0.0,35.62656191886455,001,20,bronze,0,0,0,north,0,1,0,0,0,0,quiet,,-1.0837113127820648,54.89550105569548,0
"[""spend""]",21,[21],20.018074621064876,115.13189300146813,api,0,0,0,稳定 服务 区域 产品 反馈,0,0.0,0.0,0.5273316095198977,0.3846395486696206,0.5273316095198977,0.0,0.3846395486696206,0.0,0.0,0.0,0.0,0.0,0.0,0.0,0.3846395486696206,36.109799463847025,001,21,gold,2,0,0,north,0,1,0,0,0,0,quiet,1.0010973867544521,,16.53314827546896,0
,22,[22],,113.77815968388924,api,0,0,0,reliable product delivery customer feedback,0,0.49623056257431153,0.49623056257431153,0.0,0.0,0.0,0.0,0.0,0.36143165764881946,0.36143165764881946,0.0,0.49623056257431153,0.0,0.0,0.0,0.0,32.72285218037071,001,22,gold,2,0,0,north,0,1,0,0,0,0,quiet,-0.9787622510828032,-0.729013306859711,36.30206526027343,0
,23,[23],21.500111172437936,124.48319430469778,mobile,1,0,0,稳定 服务 区域 产品 反馈,0,0.0,0.0,0.5273316095198977,0.3846395486696206,0.5273316095198977,0.0,0.3846395486696206,0.0,0.0,0.0,0.0,0.0,0.0,0.0,0.3846395486696206,36.09161484943023,001,23,gold,2,0,0,north,0,1,0,0,0,0,quiet,1.476549410452193,0.27354393978149044,12.508924898117721,0
,24,[24],20.037551563389265,120.59078201679422,web,2,0,0,reliable product delivery customer feedback,0,0.49623056257431153,0.49623056257431153,0.0,0.0,0.0,0.0,0.0,0.36143165764881946,0.36143165764881946,0.0,0.49623056257431153,0.0,0.0,0.0,0.0,34.66988655322804,001,24,gold,2,0,0,north,0,1,0,0,0,0,quiet,0.06195817686331656,-0.5474823639479199,7.8621373077289185,0
,25,[25],20.278631514383765,118.05836338574953,api,0,0,0,stable service regional product feedback,0,0.0,0.0,0.0,0.0,0.0,0.0,0.0,0.3498721264495162,0.3498721264495162,0.5017233601190293,0.0,0.5017233601190293,0.5017233601190293,0.0,0.0,30.68251707264978,001,25,silver,1,0,0,north,0,1,0,0,0,0,quiet,-1.733780013567665,-0.40091765878020585,6.656636578449318,0
,26,[26],19.909748596954426,121.76397126811302,web,2,0,0,稳定 产品 交付 用户 反馈,0,0.0,0.0,0.0,0.37161931283827765,0.0,0.54115490341344,0.37161931283827765,0.0,0.0,0.0,0.0,0.0,0.0,0.54115490341344,0.37161931283827765,32.509344926191105,001,26,silver,1,0,0,north,0,1,0,0,0,0,quiet,-1.0263068143408105,-0.6883868643714863,44.229369878199606,0
,27,[27],20.086419385730316,121.40532904267843,mobile,1,0,0,stable service regional product feedback,0,0.0,0.0,0.0,0.0,0.0,0.0,0.0,0.3498721264495162,0.3498721264495162,0.5017233601190293,0.0,0.5017233601190293,0.5017233601190293,0.0,0.0,36.791946118584505,001,27,silver,1,0,0,north,0,1,0,0,0,0,quiet,0.3529595294970636,-1.5356070719488233,62.18374980505518,0
,28,[28],20.100699970625104,124.90598934494172,api,0,0,0,稳定 产品 交付 用户 反馈,0,0.0,0.0,0.0,0.37161931283827765,0.0,0.54115490341344,0.37161931283827765,0.0,0.0,0.0,0.0,0.0,0.0,0.54115490341344,0.37161931283827765,33.462994993185355,001,28,bronze,0,0,0,north,0,1,0,0,0,0,quiet,-0.33272935002999215,-0.37841704039842033,37.60085493709513,0
"[""capacity""]",29,[29],20.386920909700848,118.3277230999931,web,2,0,0,reliable product delivery customer feedback,0,0.49623056257431153,0.49623056257431153,0.0,0.0,0.0,0.0,0.0,0.36143165764881946,0.36143165764881946,0.0,0.49623056257431153,0.0,0.0,0.0,0.0,32.87514991550672,001,29,bronze,0,0,0,north,0,1,0,0,0,0,quiet,-0.43428808209072334,0.15192265971798705,5.969983170688318,0
,30,[30],20.54770870942546,114.62302670790737,web,2,0,0,稳定 产品 交付 用户 反馈,0,0.0,0.0,0.0,0.37161931283827765,0.0,0.54115490341344,0.37161931283827765,0.0,0.0,0.0,0.0,0.0,0.0,0.54115490341344,0.37161931283827765,28.368486779482367,001,30,gold,2,0,0,north,0,1,0,0,0,0,quiet,-1.6703355839560599,1.1901956074096607,38.53999827831101,0
,31,[31],20.99804753461833,122.21878173608413,api,0,0,0,稳定 服务 区域 产品 反馈,0,0.0,0.0,0.5273316095198977,0.3846395486696206,0.5273316095198977,0.0,0.3846395486696206,0.0,0.0,0.0,0.0,0.0,0.0,0.0,0.3846395486696206,33.26611662797101,001,31,bronze,0,0,0,north,0,1,0,0,0,0,quiet,-0.6210167770249052,-0.5577144076032063,65.84571806932766,0
,32,[32],20.030652803733986,121.20888394133739,web,2,0,0,稳定 服务 区域 产品 反馈,0,0.0,0.0,0.5273316095198977,0.3846395486696206,0.5273316095198977,0.0,0.3846395486696206,0.0,0.0,0.0,0.0,0.0,0.0,0.0,0.3846395486696206,37.68351161390465,001,32,silver,1,0,0,north,0,1,0,0,0,0,quiet,2.134412703683609,0.10216078620534723,21.138819782699734,0
,33,[33],20.600692447984326,118.76015714071524,mobile,1,0,0,稳定 服务 区域 产品 反馈,0,0.0,0.0,0.5273316095198977,0.3846395486696206,0.5273316095198977,0.0,0.3846395486696206,0.0,0.0,0.0,0.0,0.0,0.0,0.0,0.3846395486696206,31.4542094170093,001,33,gold,2,0,0,north,0,1,0,0,0,0,quiet,-1.1136396220000035,0.09472397828957295,34.05533605318532,0
"[""capacity""]",34,[34],20.38212652349312,118.3277230999931,web,2,0,0,稳定 产品 交付 用户 反馈,0,0.0,0.0,0.0,0.37161931283827765,0.0,0.54115490341344,0.37161931283827765,0.0,0.0,0.0,0.0,0.0,0.0,0.54115490341344,0.37161931283827765,31.817716634827335,001,34,gold,2,0,0,north,0,1,0,0,0,0,quiet,0.10256075807061668,1.635720971234955,24.158046675904636,0
,35,[35],19.812855018693547,122.75707032106219,mobile,1,0,0,stable service regional product feedback,0,0.0,0.0,0.0,0.0,0.0,0.0,0.0,0.3498721264495162,0.3498721264495162,0.5017233601190293,0.0,0.5017233601190293,0.5017233601190293,0.0,0.0,36.67162269008131,001,35,silver,1,0,0,new_region,0,0,0,0,0,1,quiet,2.5180592021294546,1.3429086551610443,20.64444804960177,0
"[""correlated_metric""]",36,[36],20.02279397109847,115.81637513842765,mobile,1,0,0,稳定 服务 区域 产品 反馈,0,0.0,0.0,0.5273316095198977,0.3846395486696206,0.5273316095198977,0.0,0.3846395486696206,0.0,0.0,0.0,0.0,0.0,0.0,0.0,0.3846395486696206,36.655251618194626,001,36,bronze,0,0,0,north,0,1,0,0,0,0,quiet,1.3260803780506398,-0.6912548270057953,17.224929540163213,0
,37,[37],20.90354454180543,114.85047988493254,web,2,0,0,稳定 服务 区域 产品 反馈,0,0.0,0.0,0.5273316095198977,0.3846395486696206,0.5273316095198977,0.0,0.3846395486696206,0.0,0.0,0.0,0.0,0.0,0.0,0.0,0.3846395486696206,31.643748097609794,001,37,bronze,0,0,0,north,0,1,0,0,0,0,quiet,-0.7576112714286426,0.3838799097316294,13.337146589556681,0
,38,[38],19.879352605750512,115.52573472788579,mobile,1,0,0,stable service regional product feedback 量子 推荐 hyperpersonalised,0,0.0,0.0,0.0,0.0,0.0,0.0,0.0,0.3498721264495162,0.3498721264495162,0.5017233601190293,0.0,0.5017233601190293,0.5017233601190293,0.0,0.0,36.25461706064333,001,38,gold,2,0,0,north,0,1,0,0,0,0,quiet,2.3370552269464993,1.5010598462524567,145.10734623677644,0
"[""spend""]",39,[39],,118.82336906716138,api,0,0,0,stable service regional product feedback,0,0.0,0.0,0.0,0.0,0.0,0.0,0.0,0.3498721264495162,0.3498721264495162,0.5017233601190293,0.0,0.5017233601190293,0.5017233601190293,0.0,0.0,30.925902049393017,001,39,bronze,0,0,0,north,0,1,0,0,0,0,quiet,-1.7872767540149825,-0.2857881485517236,16.53314827546896,0
,40,[40],20.451472602160063,119.16823471487105,mobile,1,0,0,稳定 服务 区域 产品 反馈,0,0.0,0.0,0.5273316095198977,0.3846395486696206,0.5273316095198977,0.0,0.3846395486696206,0.0,0.0,0.0,0.0,0.0,0.0,0.0,0.3846395486696206,32.51727218192777,001,40,bronze,0,0,0,north,0,1,0,0,0,0,quiet,0.2864713181585869,1.1459936082327489,11.252571398554675,0
"[""spend""]",42,[41],20.748628065578536,119.6475861919094,api,0,0,0,reliable product delivery customer feedback,0,0.49623056257431153,0.49623056257431153,0.0,0.0,0.0,0.0,0.0,0.36143165764881946,0.36143165764881946,0.0,0.49623056257431153,0.0,0.0,0.0,0.0,32.988439176031285,001,42,bronze,0,0,0,north,0,1,0,0,0,0,quiet,0.0018568611727529504,0.543663569099712,16.53314827546896,0
,43,[42],20.09154604832073,116.76696018570968,api,0,0,0,reliable product delivery customer feedback 量子 推荐 hyperpersonalised,0,0.49623056257431153,0.49623056257431153,0.0,0.0,0.0,0.0,0.0,0.36143165764881946,0.36143165764881946,0.0,0.49623056257431153,0.0,0.0,0.0,0.0,33.47617856875279,001,43,silver,1,0,0,north,0,1,0,0,0,0,quiet,-0.4270708782346167,-0.406510408848716,14.500237430230628,0
,44,[43],20.657047474054885,116.73383769096796,api,0,0,0,稳定 产品 交付 用户 反馈,0,0.0,0.0,0.0,0.37161931283827765,0.0,0.54115490341344,0.37161931283827765,0.0,0.0,0.0,0.0,0.0,0.0,0.54115490341344,0.37161931283827765,30.56979185069831,001,44,gold,2,0,0,new_region,0,0,0,0,0,1,quiet,-0.004313670598659538,2.0150089441735597,7.563018834373832,0
,45,[44],,123.39849550508696,mobile,1,0,0,稳定 产品 交付 用户 反馈,0,0.0,0.0,0.0,0.37161931283827765,0.0,0.54115490341344,0.37161931283827765,0.0,0.0,0.0,0.0,0.0,0.0,0.54115490341344,0.37161931283827765,32.92988469764675,001,45,silver,1,0,0,north,0,1,0,0,0,0,quiet,0.2659750497953177,0.7756569332156824,43.56813169532917,0
"[""capacity"", ""spend""]",46,[45],19.957003351307154,118.3277230999931,web,2,0,0,稳定 服务 区域 产品 反馈,0,0.0,0.0,0.5273316095198977,0.3846395486696206,0.5273316095198977,0.0,0.3846395486696206,0.0,0.0,0.0,0.0,0.0,0.0,0.0,0.3846395486696206,35.32502213876653,001,46,gold,2,0,0,north,0,1,0,0,0,0,quiet,0.6911385552879113,-0.08485329751657804,16.53314827546896,0
,47,[46],20.36004871857002,117.93090417288263,web,2,0,0,稳定 产品 交付 用户 反馈,0,0.0,0.0,0.0,0.37161931283827765,0.0,0.54115490341344,0.37161931283827765,0.0,0.0,0.0,0.0,0.0,0.0,0.54115490341344,0.37161931283827765,34.52672555545355,001,47,gold,2,0,0,new_region,0,0,0,0,0,1,quiet,-0.4750198922288321,-0.9016360871252243,14.721820925277536,0
,48,[47],,116.74802211467166,mobile,1,0,0,stable service regional product feedback 量子 推荐 hyperpersonalised,0,0.0,0.0,0.0,0.0,0.0,0.0,0.0,0.3498721264495162,0.3498721264495162,0.5017233601190293,0.0,0.5017233601190293,0.5017233601190293,0.0,0.0,34.865582160684426,001,48,gold,2,0,0,new_region,0,0,0,0,0,1,quiet,0.0322849236332691,-0.6248156682761509,21.178596270653824,0
"[""capacity""]",1,[48],19.024795298350526,106.24197183897232,mobile,1,0,0,稳定 服务 区域 产品 反馈,0,0.0,0.0,0.5273316095198977,0.3846395486696206,0.5273316095198977,0.0,0.3846395486696206,0.0,0.0,0.0,0.0,0.0,0.0,0.0,0.3846395486696206,34.34990367795101,002,1,bronze,0,0,0,east,1,0,0,0,0,0,quiet,1.8097413016583654,-0.6934667318977537,5.321622594950547,0
,2,[49],19.009549435274906,107.56034330594528,api,0,0,0,稳定 服务 区域 产品 反馈,0,0.0,0.0,0.5273316095198977,0.3846395486696206,0.5273316095198977,0.0,0.3846395486696206,0.0,0.0,0.0,0.0,0.0,0.0,0.0,0.3846395486696206,30.037022032476578,002,2,bronze,0,0,0,east,1,0,0,0,0,0,quiet,-0.3433488224192884,-0.6718662252581408,23.632453428673056,0
"[""capacity""]",4,[50],19.6573062397489,106.24197183897232,mobile,1,0,0,稳定 服务 区域 产品 反馈,0,0.0,0.0,0.5273316095198977,0.3846395486696206,0.5273316095198977,0.0,0.3846395486696206,0.0,0.0,0.0,0.0,0.0,0.0,0.0,0.3846395486696206,30.197765010896664,002,4,bronze,0,0,0,east,1,0,0,0,0,0,quiet,0.5633526941646625,0.6307745330537537,17.877715266108943,0
,5,[51],18.893076001877617,102.36513173589034,web,2,0,0,stable service regional product feedback,0,0.0,0.0,0.0,0.0,0.0,0.0,0.0,0.3498721264495162,0.3498721264495162,0.5017233601190293,0.0,0.5017233601190293,0.5017233601190293,0.0,0.0,30.529447492151164,002,5,silver,1,0,0,east,1,0,0,0,0,0,quiet,-1.2742388260006483,-2.0826770246377446,6.130474882328304,0
,6,[52],19.536458558910248,111.30107220081631,web,2,0,0,reliable product delivery customer feedback,0,0.49623056257431153,0.49623056257431153,0.0,0.0,0.0,0.0,0.0,0.36143165764881946,0.36143165764881946,0.0,0.49623056257431153,0.0,0.0,0.0,0.0,27.504431607902283,002,6,bronze,0,0,0,east,1,0,0,0,0,0,quiet,-0.698390857567739,0.3646801515126442,50.785795473140254,0
"[""capacity""]",7,[53],19.784117460861832,106.24197183897232,api,0,0,0,稳定 服务 区域 产品 反馈,0,0.0,0.0,0.5273316095198977,0.3846395486696206,0.5273316095198977,0.0,0.3846395486696206,0.0,0.0,0.0,0.0,0.0,0.0,0.0,0.3846395486696206,30.714038454594863,002,7,bronze,0,0,0,east,1,0,0,0,0,0,quiet,0.08170932394552313,-0.6240805989918291,6.56589879576608,0
,9,[54],19.37596150076008,110.69718468696479,web,2,0,0,稳定 服务 区域 产品 反馈,0,0.0,0.0,0.5273316095198977,0.3846395486696206,0.5273316095198977,0.0,0.3846395486696206,0.0,0.0,0.0,0.0,0.0,0.0,0.0,0.3846395486696206,28.382161944713214,002,9,silver,1,0,0,east,1,0,0,0,0,0,quiet,-0.12806855924818586,0.6679035027649632,14.095774992784207,0
,10,[55],18.82322624920305,108.62292846698384,web,2,0,0,稳定 服务 区域 产品 反馈,0,0.0,0.0,0.5273316095198977,0.3846395486696206,0.5273316095198977,0.0,0.3846395486696206,0.0,0.0,0.0,0.0,0.0,0.0,0.0,0.3846395486696206,24.375407509802944,002,10,bronze,0,0,0,east,1,0,0,0,0,0,quiet,-2.5637740639368456,0.28479259146088265,30.135640541699452,0
,11,[56],18.96618413857007,107.12056100021886,api,0,0,0,reliable product delivery customer feedback,0,0.49623056257431153,0.49623056257431153,0.0,0.0,0.0,0.0,0.0,0.36143165764881946,0.36143165764881946,0.0,0.49623056257431153,0.0,0.0,0.0,0.0,28.151271635296343,002,11,bronze,0,0,0,east,1,0,0,0,0,0,quiet,0.4508168922993655,1.7081666613704933,7.768134951264584,0
,12,[57],19.095710163573926,105.50191920009196,web,2,0,0,reliable product delivery customer feedback,0,0.49623056257431153,0.49623056257431153,0.0,0.0,0.0,0.0,0.0,0.36143165764881946,0.36143165764881946,0.0,0.49623056257431153,0.0,0.0,0.0,0.0,29.44577428753672,002,12,bronze,0,0,0,east,1,0,0,0,0,0,quiet,-0.13140644614451202,-0.21838676946476082,12.083527815868344,0
,13,[58],19.393815278787393,93.126889151047,web,2,0,0,reliable product delivery customer feedback,0,0.49623056257431153,0.49623056257431153,0.0,0.0,0.0,0.0,0.0,0.36143165764881946,0.36143165764881946,0.0,0.49623056257431153,0.0,0.0,0.0,0.0,26.94770975275501,002,13,silver,1,0,0,east,1,0,0,0,0,0,quiet,-0.4698407541281808,1.084367161169633,25.55985762469472,0
,14,[59],19.163522839216686,105.30313089813652,web,2,0,0,稳定 产品 交付 用户 反馈,0,0.0,0.0,0.0,0.37161931283827765,0.0,0.54115490341344,0.37161931283827765,0.0,0.0,0.0,0.0,0.0,0.0,0.54115490341344,0.37161931283827765,31.852184204405763,002,14,bronze,0,0,0,east,1,0,0,0,0,0,quiet,0.09355362749588653,-1.0539402339244242,10.557036771573534,0
"[""spend""]",15,[60],19.173121605643463,108.99131377041563,mobile,1,0,0,stable service regional product feedback,0,0.0,0.0,0.0,0.0,0.0,0.0,0.0,0.3498721264495162,0.3498721264495162,0.5017233601190293,0.0,0.5017233601190293,0.5017233601190293,0.0,0.0,32.805307763081665,002,15,gold,2,0,0,east,1,0,0,0,0,0,quiet,1.1245713487355902,-0.4317788459516193,14.095774992784207,0
,16,[61],19.99851870538047,108.07121581218493,web,2,0,0,稳定 产品 交付 用户 反馈,0,0.0,0.0,0.0,0.37161931283827765,0.0,0.54115490341344,0.37161931283827765,0.0,0.0,0.0,0.0,0.0,0.0,0.54115490341344,0.37161931283827765,29.04937192911645,002,16,bronze,0,0,0,east,1,0,0,0,0,0,quiet,-0.6273817475219237,-0.10515054920816538,14.963547955496376,0
,17,[62],,96.66737095882704,mobile,1,0,0,reliable product delivery customer feedback,0,0.49623056257431153,0.49623056257431153,0.0,0.0,0.0,0.0,0.0,0.36143165764881946,0.36143165764881946,0.0,0.49623056257431153,0.0,0.0,0.0,0.0,30.16096656870923,002,17,gold,2,0,0,east,1,0,0,0,0,0,quiet,-0.901736086977007,-1.2676336840073077,113.18139439215281,0
,18,[63],19.086254828580348,98.4399549976653,mobile,1,0,0,reliable product delivery customer feedback,0,0.49623056257431153,0.49623056257431153,0.0,0.0,0.0,0.0,0.0,0.36143165764881946,0.36143165764881946,0.0,0.49623056257431153,0.0,0.0,0.0,0.0,28.93494121844914,002,18,silver,1,0,0,east,1,0,0,0,0,0,quiet,0.14142738847346845,0.7019742940052812,15.25498967091149,0
,19,[64],19.58840907157084,102.77076647222233,mobile,1,0,0,reliable product delivery customer feedback,0,0.49623056257431153,0.49623056257431153,0.0,0.0,0.0,0.0,0.0,0.36143165764881946,0.36143165764881946,0.0,0.49623056257431153,0.0,0.0,0.0,0.0,36.210521871384124,002,19,gold,2,0,0,east,1,0,0,0,0,0,quiet,1.582696030127501,-2.049453503564927,20.010991709281054,0
"[""capacity""]",20,[65],18.869992485423143,106.24197183897232,api,0,0,0,稳定 产品 交付 用户 反馈,0,0.0,0.0,0.0,0.37161931283827765,0.0,0.54115490341344,0.37161931283827765,0.0,0.0,0.0,0.0,0.0,0.0,0.54115490341344,0.37161931283827765,31.216762404313517,002,20,silver,1,0,0,east,1,0,0,0,0,0,quiet,0.8259427446169835,0.25539803695281593,7.305679100692553,0
,21,[66],20.030678362555726,101.54779362437392,mobile,1,0,0,稳定 产品 交付 用户 反馈,0,0.0,0.0,0.0,0.37161931283827765,0.0,0.54115490341344,0.37161931283827765,0.0,0.0,0.0,0.0,0.0,0.0,0.54115490341344,0.37161931283827765,31.18033112702498,002,21,bronze,0,0,0,east,1,0,0,0,0,0,quiet,0.21627217290733403,-0.9197490038065865,29.69948008580072,0
,22,[67],18.879937458370904,108.07773058244375,mobile,1,0,0,reliable product delivery customer feedback,0,0.49623056257431153,0.49623056257431153,0.0,0.0,0.0,0.0,0.0,0.36143165764881946,0.36143165764881946,0.0,0.49623056257431153,0.0,0.0,0.0,0.0,29.656197807595607,002,22,silver,1,0,0,east,1,0,0,0,0,0,quiet,-0.8951333067987505,-1.2373596207224984,6.4940882859160745,0
,23,[68],19.264187729376523,98.89683401303046,web,2,0,0,稳定 产品 交付 用户 反馈,0,0.0,0.0,0.0,0.37161931283827765,0.0,0.54115490341344,0.37161931283827765,0.0,0.0,0.0,0.0,0.0,0.0,0.54115490341344,0.37161931283827765,31.54421765069418,002,23,bronze,0,0,0,east,1,0,0,0,0,0,quiet,-0.23718670886762167,-1.32603360755419,18.92309488230301,0
,24,[69],19.171888694666688,107.7918877868334,mobile,1,0,0,stable service regional product feedback,0,0.0,0.0,0.0,0.0,0.0,0.0,0.0,0.3498721264495162,0.3498721264495162,0.5017233601190293,0.0,0.5017233601190293,0.5017233601190293,0.0,0.0,34.31574024322898,002,24,bronze,0,0,0,east,1,0,0,0,0,0,quiet,1.7033350451198102,-0.7752846942608704,4.021123639128668,0
,25,[70],,111.4344522246039,web,2,0,0,稳定 服务 区域 产品 反馈,0,0.0,0.0,0.5273316095198977,0.3846395486696206,0.5273316095198977,0.0,0.3846395486696206,0.0,0.0,0.0,0.0,0.0,0.0,0.0,0.3846395486696206,30.096329734744796,002,25,gold,2,0,0,east,1,0,0,0,0,0,quiet,0.050158301570511044,0.15028582117419617,25.255238487942513,0
,26,[71],19.501470274022427,104.06393276837764,mobile,1,0,0,stable service regional product feedback,0,0.0,0.0,0.0,0.0,0.0,0.0,0.0,0.3498721264495162,0.3498721264495162,0.5017233601190293,0.0,0.5017233601190293,0.5017233601190293,0.0,0.0,26.52593535753017,002,26,bronze,0,0,0,east,1,0,0,0,0,0,quiet,-1.8637719072622105,-0.31292721962508935,16.592928163163588,0
"[""capacity""]",27,[72],19.67277452593261,106.24197183897232,web,2,0,0,稳定 产品 交付 用户 反馈,0,0.0,0.0,0.0,0.37161931283827765,0.0,0.54115490341344,0.37161931283827765,0.0,0.0,0.0,0.0,0.0,0.0,0.54115490341344,0.37161931283827765,27.9977746691206,002,27,silver,1,0,0,east,1,0,0,0,0,0,quiet,-0.8999730606020996,0.034835775742690464,15.739080746621356,0
,28,[73],19.714484818655034,100.60604166899758,web,2,0,0,稳定 服务 区域 产品 反馈,0,0.0,0.0,0.5273316095198977,0.3846395486696206,0.5273316095198977,0.0,0.3846395486696206,0.0,0.0,0.0,0.0,0.0,0.0,0.0,0.3846395486696206,28.90093374501665,002,28,gold,2,0,0,east,1,0,0,0,0,0,quiet,-1.4042041387603008,-1.1665481831190154,32.6261726545457,0
,29,[74],18.824408895474004,107.46004798897098,web,2,0,0,稳定 产品 交付 用户 反馈,0,0.0,0.0,0.0,0.37161931283827765,0.0,0.54115490341344,0.37161931283827765,0.0,0.0,0.0,0.0,0.0,0.0,0.54115490341344,0.37161931283827765,30.80061172123398,002,29,gold,2,0,0,east,1,0,0,0,0,0,quiet,1.2182160905412254,0.9273797787071494,12.920873232109955,0
,30,[75],19.061135596122437,106.57010877954967,api,0,0,0,stable service regional product feedback,0,0.0,0.0,0.0,0.0,0.0,0.0,0.0,0.3498721264495162,0.3498721264495162,0.5017233601190293,0.0,0.5017233601190293,0.5017233601190293,0.0,0.0,32.52264381529937,002,30,gold,2,0,0,east,1,0,0,0,0,0,quiet,2.3868452600169174,1.3385672424959232,7.009753863586276,0
,31,[76],18.98431603855889,106.46364528908785,api,0,0,0,reliable product delivery customer feedback,0,0.49623056257431153,0.49623056257431153,0.0,0.0,0.0,0.0,0.0,0.36143165764881946,0.36143165764881946,0.0,0.49623056257431153,0.0,0.0,0.0,0.0,28.91731750543416,002,31,silver,1,0,0,east,1,0,0,0,0,0,quiet,1.0348795481772277,1.9681517473959835,48.8549251183605,0
,32,[77],19.2399278882546,103.64596023510637,api,0,0,0,稳定 服务 区域 产品 反馈,0,0.0,0.0,0.5273316095198977,0.3846395486696206,0.5273316095198977,0.0,0.3846395486696206,0.0,0.0,0.0,0.0,0.0,0.0,0.0,0.3846395486696206,31.99718676551039,002,32,bronze,0,0,0,east,1,0,0,0,0,0,quiet,0.17209852730127104,-1.2394312910893832,9.496429344897589,0
,33,[78],19.480316084259147,101.31511760548966,web,2,0,0,stable service regional product feedback,0,0.0,0.0,0.0,0.0,0.0,0.0,0.0,0.3498721264495162,0.3498721264495162,0.5017233601190293,0.0,0.5017233601190293,0.5017233601190293,0.0,0.0,30.544450603622817,002,33,gold,2,0,0,east,1,0,0,0,0,0,quiet,1.2619782800535295,1.2660043020339427,5.40164269736267,0
"[""spend""]",34,[79],19.539992838731926,106.9481362048077,api,0,0,0,稳定 服务 区域 产品 反馈,0,0.0,0.0,0.5273316095198977,0.3846395486696206,0.5273316095198977,0.0,0.3846395486696206,0.0,0.0,0.0,0.0,0.0,0.0,0.0,0.3846395486696206,32.461306165336474,002,34,silver,1,0,0,east,1,0,0,0,0,0,quiet,0.8097368562049159,-0.6692650051545661,14.095774992784207,0
"[""capacity""]",35,[80],19.619841899542205,106.24197183897232,api,0,0,0,稳定 产品 交付 用户 反馈,0,0.0,0.0,0.0,0.37161931283827765,0.0,0.54115490341344,0.37161931283827765,0.0,0.0,0.0,0.0,0.0,0.0,0.54115490341344,0.37161931283827765,26.76847863870677,002,35,gold,2,0,0,east,1,0,0,0,0,0,quiet,-0.9147057954555649,0.7058909928494134,28.294905368711753,0
"[""capacity""]",36,[81],18.87203350344457,106.24197183897232,mobile,1,0,0,稳定 服务 区域 产品 反馈 量子 推荐 hyperpersonalised,0,0.0,0.0,0.5273316095198977,0.3846395486696206,0.5273316095198977,0.0,0.3846395486696206,0.0,0.0,0.0,0.0,0.0,0.0,0.0,0.3846395486696206,33.10962532301837,002,36,silver,1,0,0,east,1,0,0,0,0,0,quiet,0.26282584541303455,-1.912635327690548,24.884038833367644,0
,37,[82],19.08294660745388,103.88852622342593,mobile,1,0,0,稳定 服务 区域 产品 反馈,0,0.0,0.0,0.5273316095198977,0.3846395486696206,0.5273316095198977,0.0,0.3846395486696206,0.0,0.0,0.0,0.0,0.0,0.0,0.0,0.3846395486696206,31.254349372844228,002,37,gold,2,0,0,east,1,0,0,0,0,0,quiet,1.131669236202056,0.6199839056081823,2.4206638998229697,0
,38,[83],19.050517689650068,111.99753647795202,web,2,0,0,reliable product delivery customer feedback,0,0.49623056257431153,0.49623056257431153,0.0,0.0,0.0,0.0,0.0,0.36143165764881946,0.36143165764881946,0.0,0.49623056257431153,0.0,0.0,0.0,0.0,30.36310121337919,002,38,silver,1,0,0,east,1,0,0,0,0,0,quiet,-0.4845733180615651,-0.9607838743852346,55.95503382419814,0
,39,[84],19.690336093552702,107.94869110392962,mobile,1,0,0,稳定 服务 区域 产品 反馈,0,0.0,0.0,0.5273316095198977,0.3846395486696206,0.5273316095198977,0.0,0.3846395486696206,0.0,0.0,0.0,0.0,0.0,0.0,0.0,0.3846395486696206,26.559580326722756,002,39,bronze,0,0,0,east,1,0,0,0,0,0,quiet,-1.6913955273483565,0.027871383355614877,4.269839874749792,0
,40,[85],19.06920680858402,108.37316330178491,api,0,0,0,稳定 产品 交付 用户 反馈,0,0.0,0.0,0.0,0.37161931283827765,0.0,0.54115490341344,0.37161931283827765,0.0,0.0,0.0,0.0,0.0,0.0,0.54115490341344,0.37161931283827765,30.696037856259284,002,40,gold,2,0,0,east,1,0,0,0,0,0,quiet,-0.6630069827539957,-1.426649859664053,14.120829529023961,0
,41,[86],19.554952906879056,103.86502685466742,mobile,1,0,0,稳定 服务 区域 产品 反馈,0,0.0,0.0,0.5273316095198977,0.3846395486696206,0.5273316095198977,0.0,0.3846395486696206,0.0,0.0,0.0,0.0,0.0,0.0,0.0,0.3846395486696206,30.39400347548537,002,41,bronze,0,0,0,east,1,0,0,0,0,0,quiet,-1.0646043277647899,-1.6297955767729673,13.617014979535035,0
,42,[87],20.08904444177464,104.25650551404931,web,2,0,0,稳定 服务 区域 产品 反馈,0,0.0,0.0,0.5273316095198977,0.3846395486696206,0.5273316095198977,0.0,0.3846395486696206,0.0,0.0,0.0,0.0,0.0,0.0,0.0,0.3846395486696206,29.37113481950074,002,42,gold,2,0,0,east,1,0,0,0,0,0,quiet,-0.04099501186217109,0.1821478950179672,14.622076213862504,0
,43,[88],19.005677194822454,95.80053030743072,web,2,0,0,稳定 服务 区域 产品 反馈,0,0.0,0.0,0.5273316095198977,0.3846395486696206,0.5273316095198977,0.0,0.3846395486696206,0.0,0.0,0.0,0.0,0.0,0.0,0.0,0.3846395486696206,32.0446098256434,002,43,gold,2,0,0,east,1,0,0,0,0,0,quiet,0.42220447906007663,-0.8326621468583261,107.63619042377265,0
,44,[89],19.039745019405572,106.34183239972322,api,0,0,0,稳定 服务 区域 产品 反馈,0,0.0,0.0,0.5273316095198977,0.3846395486696206,0.5273316095198977,0.0,0.3846395486696206,0.0,0.0,0.0,0.0,0.0,0.0,0.0,0.3846395486696206,26.84228595077594,002,44,gold,2,0,0,new_region,0,0,0,0,0,1,quiet,-0.5622223956923889,1.1937933627819888,21.194344191688483,0
,45,[90],19.159586755163346,100.88383588677846,mobile,1,0,0,stable service regional product feedback,0,0.0,0.0,0.0,0.0,0.0,0.0,0.0,0.3498721264495162,0.3498721264495162,0.5017233601190293,0.0,0.5017233601190293,0.5017233601190293,0.0,0.0,28.117842741419047,002,45,gold,2,0,0,east,1,0,0,0,0,0,quiet,-1.2221783187304025,-0.34047214236079276,7.173990686414484,0
,46,[91],19.550379911754046,101.10301623878061,web,2,0,0,stable service regional product feedback 量子 推荐 hyperpersonalised,0,0.0,0.0,0.0,0.0,0.0,0.0,0.0,0.3498721264495162,0.3498721264495162,0.5017233601190293,0.0,0.5017233601190293,0.5017233601190293,0.0,0.0,28.364890454223847,002,46,silver,1,0,0,east,1,0,0,0,0,0,quiet,-0.883613582976533,-0.24961837056662903,13.15438887983409,0
"[""capacity""]",47,[92],19.179908636108102,106.24197183897232,web,2,0,0,stable service regional product feedback,0,0.0,0.0,0.0,0.0,0.0,0.0,0.0,0.3498721264495162,0.3498721264495162,0.5017233601190293,0.0,0.5017233601190293,0.5017233601190293,0.0,0.0,30.332647992602208,002,47,gold,2,0,0,east,1,0,0,0,0,0,quiet,0.12756683574093636,-0.334765505220163,22.125891902640678,0
,48,[93],19.23664295149202,98.01529128463733,api,0,0,0,stable service regional product feedback,0,0.0,0.0,0.0,0.0,0.0,0.0,0.0,0.3498721264495162,0.3498721264495162,0.5017233601190293,0.0,0.5017233601190293,0.5017233601190293,0.0,0.0,27.613933849343283,002,48,bronze,0,0,0,east,1,0,0,0,0,0,quiet,-0.5908711029554166,0.4731446673502997,87.8102570320513,0
"[""correlated_metric""]",1,[94],,110.837326860464,web,2,0,0,stable service regional product feedback,0,0.0,0.0,0.0,0.0,0.0,0.0,0.0,0.3498721264495162,0.3498721264495162,0.5017233601190293,0.0,0.5017233601190293,0.5017233601190293,0.0,0.0,31.664730601038666,003,1,gold,2,0,0,south,0,0,1,0,0,0,quiet,1.2147379781348968,-0.6845985735161293,6.493777946750403,0
"[""spend""]",2,[95],19.037709838182746,106.78420633840834,mobile,1,0,0,稳定 服务 区域 产品 反馈,0,0.0,0.0,0.5273316095198977,0.3846395486696206,0.5273316095198977,0.0,0.3846395486696206,0.0,0.0,0.0,0.0,0.0,0.0,0.0,0.3846395486696206,28.21889893078714,003,2,bronze,0,0,0,south,0,0,1,0,0,0,quiet,-0.32762844884236625,0.4100240201273463,17.174455960226723,0
,3,[96],18.663491260501466,101.38639779211226,web,2,0,0,稳定 服务 区域 产品 反馈,0,0.0,0.0,0.5273316095198977,0.3846395486696206,0.5273316095198977,0.0,0.3846395486696206,0.0,0.0,0.0,0.0,0.0,0.0,0.0,0.3846395486696206,29.957248897022694,003,3,gold,2,0,0,south,0,0,1,0,0,0,quiet,0.07668289846262237,-0.26525589206316513,17.174455960226723,0
"[""correlated_metric""]",4,[97],,105.01466940460554,api,0,0,0,稳定 服务 区域 产品 反馈,0,0.0,0.0,0.5273316095198977,0.3846395486696206,0.5273316095198977,0.0,0.3846395486696206,0.0,0.0,0.0,0.0,0.0,0.0,0.0,0.3846395486696206,27.677769084235067,003,4,bronze,0,0,0,south,0,0,1,0,0,0,quiet,-0.26414959817463857,1.8701855844064845,7.476048204117409,0
,5,[98],19.086627825122488,98.29237134478728,mobile,1,0,0,reliable product delivery customer feedback,0,0.49623056257431153,0.49623056257431153,0.0,0.0,0.0,0.0,0.0,0.36143165764881946,0.36143165764881946,0.0,0.49623056257431153,0.0,0.0,0.0,0.0,32.59929141961399,003,5,bronze,0,0,0,south,0,0,1,0,0,0,quiet,0.7387320223853628,-0.9528015205082035,80.77246987520806,0
,6,[99],19.041512543445638,103.41359041244854,api,0,0,0,稳定 产品 交付 用户 反馈,0,0.0,0.0,0.0,0.37161931283827765,0.0,0.54115490341344,0.37161931283827765,0.0,0.0,0.0,0.0,0.0,0.0,0.54115490341344,0.37161931283827765,27.246100415981154,003,6,silver,1,0,0,south,0,0,1,0,0,0,quiet,-0.5061376402486085,0.6912287233304464,78.75871879325776,0
"[""capacity""]",7,[100],18.749378126689685,103.49632821858374,api,0,0,0,reliable product delivery customer feedback,0,0.49623056257431153,0.49623056257431153,0.0,0.0,0.0,0.0,0.0,0.36143165764881946,0.36143165764881946,0.0,0.49623056257431153,0.0,0.0,0.0,0.0,31.675535483294592,003,7,gold,2,0,0,south,0,0,1,0,0,0,quiet,1.3536556182126844,0.31201519889085144,4.187712206559493,0
"[""correlated_metric""]",8,[101],19.203211635182843,97.2774817964094,mobile,1,0,0,reliable product delivery customer feedback,0,0.49623056257431153,0.49623056257431153,0.0,0.0,0.0,0.0,0.0,0.36143165764881946,0.36143165764881946,0.0,0.49623056257431153,0.0,0.0,0.0,0.0,29.14115305192981,003,8,gold,2,0,0,south,0,0,1,0,0,0,quiet,,-0.3806898805245603,85.02222387161694,0
,9,[102],18.122107911940915,103.64611824993962,api,0,0,0,reliable product delivery customer feedback,0,0.49623056257431153,0.49623056257431153,0.0,0.0,0.0,0.0,0.0,0.36143165764881946,0.36143165764881946,0.0,0.49623056257431153,0.0,0.0,0.0,0.0,27.718011699991134,003,9,silver,1,0,0,south,0,0,1,0,0,0,quiet,-0.8968928197377071,-0.1158415965599632,15.654465094811119,0
,10,[103],18.9223454847811,93.01973002319389,mobile,1,0,0,稳定 产品 交付 用户 反馈,0,0.0,0.0,0.0,0.37161931283827765,0.0,0.54115490341344,0.37161931283827765,0.0,0.0,0.0,0.0,0.0,0.0,0.54115490341344,0.37161931283827765,31.422896295252887,003,10,silver,1,0,0,south,0,0,1,0,0,0,quiet,-0.055723913687788826,-1.7084264602312151,31.3192370773196,0
,11,[104],,104.19203786530939,web,2,0,0,稳定 服务 区域 产品 反馈,0,0.0,0.0,0.5273316095198977,0.3846395486696206,0.5273316095198977,0.0,0.3846395486696206,0.0,0.0,0.0,0.0,0.0,0.0,0.0,0.3846395486696206,28.170393856606953,003,11,silver,1,0,0,south,0,0,1,0,0,0,quiet,-1.0520847115908791,-0.5848034102523767,89.87223985567995,0
,12,[105],18.408996922682526,107.88864421182754,api,0,0,0,稳定 产品 交付 用户 反馈,0,0.0,0.0,0.0,0.37161931283827765,0.0,0.54115490341344,0.37161931283827765,0.0,0.0,0.0,0.0,0.0,0.0,0.54115490341344,0.37161931283827765,26.053358486844942,003,12,gold,2,0,0,south,0,0,1,0,0,0,quiet,-1.3277600535836696,0.42450379546692796,7.394901453278051,0
,13,[106],19.427182722171366,101.0791066497218,web,2,0,0,稳定 产品 交付 用户 反馈,0,0.0,0.0,0.0,0.37161931283827765,0.0,0.54115490341344,0.37161931283827765,0.0,0.0,0.0,0.0,0.0,0.0,0.54115490341344,0.37161931283827765,33.50878469131377,003,13,silver,1,0,0,south,0,0,1,0,0,0,quiet,0.2825737368407331,-2.3889940103502085,30.02454016583213,0
,14,[107],18.64078632374408,100.24360224747845,web,2,0,0,reliable product delivery customer feedback,0,0.49623056257431153,0.49623056257431153,0.0,0.0,0.0,0.0,0.0,0.36143165764881946,0.36143165764881946,0.0,0.49623056257431153,0.0,0.0,0.0,0.0,28.32735821916614,003,14,bronze,0,0,0,south,0,0,1,0,0,0,quiet,-0.4796303047902832,-0.10805489085713411,7.102562801133137,0
,15,[108],18.925992292151403,110.19903035964097,web,2,0,0,stable service regional product feedback,0,0.0,0.0,0.0,0.0,0.0,0.0,0.0,0.3498721264495162,0.3498721264495162,0.5017233601190293,0.0,0.5017233601190293,0.5017233601190293,0.0,0.0,31.44898166077845,003,15,gold,2,0,0,south,0,0,1,0,0,0,quiet,1.6142300110438157,0.5330434105339583,26.421094622620252,0
,16,[109],18.591448705436537,109.17060972240915,mobile,1,0,0,reliable product delivery customer feedback,0,0.49623056257431153,0.49623056257431153,0.0,0.0,0.0,0.0,0.0,0.36143165764881946,0.36143165764881946,0.0,0.49623056257431153,0.0,0.0,0.0,0.0,28.52645778374373,003,16,silver,1,0,0,south,0,0,1,0,0,0,quiet,-0.16381352348734177,0.25495506350727554,7.213859042595468,0
,17,[110],18.833946904951723,104.6929349350608,api,0,0,0,stable service regional product feedback,0,0.0,0.0,0.0,0.0,0.0,0.0,0.0,0.3498721264495162,0.3498721264495162,0.5017233601190293,0.0,0.5017233601190293,0.5017233601190293,0.0,0.0,29.460522530103955,003,17,silver,1,0,0,south,0,0,1,0,0,0,quiet,0.7783556558125748,0.9739822084475327,15.424127810266343,0
,18,[111],19.201722462015987,98.7455135912766,api,0,0,0,稳定 服务 区域 产品 反馈,0,0.0,0.0,0.5273316095198977,0.3846395486696206,0.5273316095198977,0.0,0.3846395486696206,0.0,0.0,0.0,0.0,0.0,0.0,0.0,0.3846395486696206,29.150567924267726,003,18,gold,2,0,0,south,0,0,1,0,0,0,quiet,0.04240341647018957,0.12693971694327327,18.330269545291088,0
"[""correlated_metric""]",19,[112],19.280029187380414,99.19220422443387,web,2,0,0,稳定 服务 区域 产品 反馈,0,0.0,0.0,0.5273316095198977,0.3846395486696206,0.5273316095198977,0.0,0.3846395486696206,0.0,0.0,0.0,0.0,0.0,0.0,0.0,0.3846395486696206,27.88874974938312,003,19,silver,1,0,0,south,0,0,1,0,0,0,quiet,-0.6930931554114129,0.488587959937925,7.84868451470185,0
"[""capacity""]",20,[113],19.45074039052408,103.49632821858374,web,2,0,0,stable service regional product feedback,0,0.0,0.0,0.0,0.0,0.0,0.0,0.0,0.3498721264495162,0.3498721264495162,0.5017233601190293,0.0,0.5017233601190293,0.5017233601190293,0.0,0.0,31.55850736807124,003,20,gold,2,0,0,south,0,0,1,0,0,0,quiet,0.32905331191421244,-1.0821243976319974,19.518593296836563,0
,21,[114],18.612520412975073,99.29295962913976,api,0,0,0,stable service regional product feedback,0,0.0,0.0,0.0,0.0,0.0,0.0,0.0,0.3498721264495162,0.3498721264495162,0.5017233601190293,0.0,0.5017233601190293,0.5017233601190293,0.0,0.0,26.53696773141117,003,21,silver,1,0,0,south,0,0,1,0,0,0,quiet,-0.9991411713818827,0.46533295472230607,13.94325608822114,0
"[""correlated_metric""]",23,[115],18.402270278629903,103.28132678404367,web,2,0,0,稳定 服务 区域 产品 反馈,0,0.0,0.0,0.5273316095198977,0.3846395486696206,0.5273316095198977,0.0,0.3846395486696206,0.0,0.0,0.0,0.0,0.0,0.0,0.0,0.3846395486696206,28.541100805160664,003,23,silver,1,0,0,south,0,0,1,0,0,0,quiet,-0.05739602664660657,0.16765129646108048,52.68197980019599,0
"[""capacity"", ""spend""]",24,[116],19.094592020011884,103.49632821858374,web,2,0,0,稳定 服务 区域 产品 反馈,0,0.0,0.0,0.5273316095198977,0.3846395486696206,0.5273316095198977,0.0,0.3846395486696206,0.0,0.0,0.0,0.0,0.0,0.0,0.0,0.3846395486696206,23.980225969138306,003,24,silver,1,0,0,south,0,0,1,0,0,0,quiet,-1.0228361848550673,2.1412131092031585,17.174455960226723,0
"[""correlated_metric""]",25,[117],19.63965628062786,104.81290222172413,web,2,0,0,reliable product delivery customer feedback,0,0.49623056257431153,0.49623056257431153,0.0,0.0,0.0,0.0,0.0,0.36143165764881946,0.36143165764881946,0.0,0.49623056257431153,0.0,0.0,0.0,0.0,28.099177156181945,003,25,bronze,0,0,0,south,0,0,1,0,0,0,quiet,,-0.1115034144970691,24.726001349180596,0
"[""capacity""]",26,[118],19.093417447080927,103.49632821858374,mobile,1,0,0,reliable product delivery customer feedback,0,0.49623056257431153,0.49623056257431153,0.0,0.0,0.0,0.0,0.0,0.36143165764881946,0.36143165764881946,0.0,0.49623056257431153,0.0,0.0,0.0,0.0,29.88629082671989,003,26,bronze,0,0,0,south,0,0,1,0,0,0,quiet,-0.19488130153169297,-0.5839448133652438,60.019096719145516,0
,27,[119],18.790959318436595,104.90906888853621,mobile,1,0,0,reliable product delivery customer feedback,0,0.49623056257431153,0.49623056257431153,0.0,0.0,0.0,0.0,0.0,0.36143165764881946,0.36143165764881946,0.0,0.49623056257431153,0.0,0.0,0.0,0.0,29.968185312488824,003,27,silver,1,0,0,south,0,0,1,0,0,0,quiet,-0.22721068829806762,-0.5285067228667524,60.582156928187814,0
,28,[120],19.246900320521345,112.2210358651513,web,2,0,0,stable service regional product feedback,0,0.0,0.0,0.0,0.0,0.0,0.0,0.0,0.3498721264495162,0.3498721264495162,0.5017233601190293,0.0,0.5017233601190293,0.5017233601190293,0.0,0.0,32.07912661088931,003,28,gold,2,0,0,south,0,0,1,0,0,0,quiet,1.438442476396474,0.10111852081506853,55.283258030143955,0
,29,[121],18.535390740073968,106.79842189931745,mobile,1,0,0,稳定 服务 区域 产品 反馈,0,0.0,0.0,0.5273316095198977,0.3846395486696206,0.5273316095198977,0.0,0.3846395486696206,0.0,0.0,0.0,0.0,0.0,0.0,0.0,0.3846395486696206,33.76827712706923,003,29,silver,1,0,0,south,0,0,1,0,0,0,quiet,1.2984825246742981,-1.1594333368334868,23.63868300705904,0
,30,[122],18.189000877844922,105.9510612859173,mobile,1,0,0,stable service regional product feedback,0,0.0,0.0,0.0,0.0,0.0,0.0,0.0,0.3498721264495162,0.3498721264495162,0.5017233601190293,0.0,0.5017233601190293,0.5017233601190293,0.0,0.0,23.62124204960337,003,30,gold,2,0,0,south,0,0,1,0,0,0,quiet,-2.0748640318023117,1.080029574913326,100.4586648212109,0
,31,[123],18.703654916290297,96.73103421218414,api,0,0,0,reliable product delivery customer feedback,0,0.49623056257431153,0.49623056257431153,0.0,0.0,0.0,0.0,0.0,0.36143165764881946,0.36143165764881946,0.0,0.49623056257431153,0.0,0.0,0.0,0.0,33.88843391075619,003,31,silver,1,0,0,south,0,0,1,0,0,0,quiet,1.5221647142151884,-1.0335475868158264,10.623089702446162,0
"[""capacity""]",32,[124],18.577024410414158,103.49632821858374,api,0,0,0,reliable product delivery customer feedback,0,0.49623056257431153,0.49623056257431153,0.0,0.0,0.0,0.0,0.0,0.36143165764881946,0.36143165764881946,0.0,0.49623056257431153,0.0,0.0,0.0,0.0,32.9799114712572,003,32,bronze,0,0,0,south,0,0,1,0,0,0,quiet,1.6567372340386928,-0.22802141294279063,16.83867369315388,0
"[""spend""]",34,[125],19.211706766616313,97.22301283808906,api,0,0,0,稳定 服务 区域 产品 反馈,0,0.0,0.0,0.5273316095198977,0.3846395486696206,0.5273316095198977,0.0,0.3846395486696206,0.0,0.0,0.0,0.0,0.0,0.0,0.0,0.3846395486696206,30.98106316744919,003,34,gold,2,0,0,south,0,0,1,0,0,0,quiet,0.5625031673935827,-0.3773189930933529,17.174455960226723,0
,35,[126],18.70753068531054,101.4946787431831,web,2,0,0,稳定 服务 区域 产品 反馈,0,0.0,0.0,0.5273316095198977,0.3846395486696206,0.5273316095198977,0.0,0.3846395486696206,0.0,0.0,0.0,0.0,0.0,0.0,0.0,0.3846395486696206,29.29645641842985,003,35,gold,2,0,0,south,0,0,1,0,0,0,quiet,0.49401952907700264,0.5375115770514328,29.877244543885535,0
,36,[127],,103.32565532643319,web,2,0,0,reliable product delivery customer feedback,0,0.49623056257431153,0.49623056257431153,0.0,0.0,0.0,0.0,0.0,0.36143165764881946,0.36143165764881946,0.0,0.49623056257431153,0.0,0.0,0.0,0.0,33.325539766668726,003,36,gold,2,0,0,south,0,0,1,0,0,0,quiet,1.4082027020516352,-0.7055144341755718,92.31631793426006,0
,37,[128],,91.73834510732205,web,2,0,0,reliable product delivery customer feedback,0,0.49623056257431153,0.49623056257431153,0.0,0.0,0.0,0.0,0.0,0.36143165764881946,0.36143165764881946,0.0,0.49623056257431153,0.0,0.0,0.0,0.0,29.862933006639167,003,37,gold,2,0,0,south,0,0,1,0,0,0,quiet,0.2026806140198958,-0.15317686692343735,45.13951577205241,0
,38,[129],18.836506730113726,96.29756157923079,mobile,1,0,0,stable service regional product feedback,0,0.0,0.0,0.0,0.0,0.0,0.0,0.0,0.3498721264495162,0.3498721264495162,0.5017233601190293,0.0,0.5017233601190293,0.5017233601190293,0.0,0.0,25.939336948156136,003,38,bronze,0,0,0,south,0,0,1,0,0,0,quiet,-0.3770722064321588,1.7286945667707354,8.166071197234778,0
,39,[130],19.22398147498161,101.9290482589208,api,0,0,0,稳定 服务 区域 产品 反馈 量子 推荐 hyperpersonalised,0,0.0,0.0,0.5273316095198977,0.3846395486696206,0.5273316095198977,0.0,0.3846395486696206,0.0,0.0,0.0,0.0,0.0,0.0,0.0,0.3846395486696206,32.444534039387875,003,39,bronze,0,0,0,south,0,0,1,0,0,0,quiet,0.9729886060698638,-0.8570305039335427,47.19264223584512,0
,40,[131],18.59779871689372,100.85700946951064,web,2,0,0,稳定 产品 交付 用户 反馈,0,0.0,0.0,0.0,0.37161931283827765,0.0,0.54115490341344,0.37161931283827765,0.0,0.0,0.0,0.0,0.0,0.0,0.54115490341344,0.37161931283827765,30.875811003889446,003,40,bronze,0,0,0,new_region,0,0,0,0,0,1,quiet,1.8215528740066125,1.5690086397075584,12.356297691498005,0
"[""correlated_metric""]",41,[132],18.08060320584436,95.68940775033356,api,0,0,0,reliable product delivery customer feedback,0,0.49623056257431153,0.49623056257431153,0.0,0.0,0.0,0.0,0.0,0.36143165764881946,0.36143165764881946,0.0,0.49623056257431153,0.0,0.0,0.0,0.0,27.699749974625593,003,41,silver,1,0,0,south,0,0,1,0,0,0,quiet,-0.07426222444673408,1.8728642397784439,14.474654965274322,0
"[""capacity""]",42,[133],18.907380374332217,103.49632821858374,mobile,1,0,0,稳定 服务 区域 产品 反馈,0,0.0,0.0,0.5273316095198977,0.3846395486696206,0.5273316095198977,0.0,0.3846395486696206,0.0,0.0,0.0,0.0,0.0,0.0,0.0,0.3846395486696206,27.979685662274505,003,42,silver,1,0,0,south,0,0,1,0,0,0,quiet,-0.3023184624799859,0.6262551637086595,15.6879243600851,0
"[""correlated_metric""]",43,[134],19.43211647153503,103.47834260628035,api,0,0,0,稳定 服务 区域 产品 反馈,0,0.0,0.0,0.5273316095198977,0.3846395486696206,0.5273316095198977,0.0,0.3846395486696206,0.0,0.0,0.0,0.0,0.0,0.0,0.0,0.3846395486696206,32.02564610465555,003,43,bronze,0,0,0,south,0,0,1,0,0,0,quiet,1.3698752538703944,-1.5754059693346785,10.729223376283459,0
"[""capacity""]",44,[135],18.843827959141144,103.49632821858374,web,2,0,0,stable service regional product feedback,0,0.0,0.0,0.0,0.0,0.0,0.0,0.0,0.3498721264495162,0.3498721264495162,0.5017233601190293,0.0,0.5017233601190293,0.5017233601190293,0.0,0.0,32.988124029720595,003,44,silver,1,0,0,south,0,0,1,0,0,0,quiet,1.1367044183281045,-0.8702389977052486,10.795523641354764,0
"[""spend""]",45,[136],19.186682648355315,104.89267038128865,mobile,1,0,0,稳定 服务 区域 产品 反馈,0,0.0,0.0,0.5273316095198977,0.3846395486696206,0.5273316095198977,0.0,0.3846395486696206,0.0,0.0,0.0,0.0,0.0,0.0,0.0,0.3846395486696206,32.44249694905109,003,45,gold,2,0,0,south,0,0,1,0,0,0,quiet,1.4805763485639853,-0.27033777051805535,17.174455960226723,0
,46,[137],19.158219890004315,96.82049715687835,mobile,1,0,0,稳定 服务 区域 产品 反馈,0,0.0,0.0,0.5273316095198977,0.3846395486696206,0.5273316095198977,0.0,0.3846395486696206,0.0,0.0,0.0,0.0,0.0,0.0,0.0,0.3846395486696206,29.6587064011242,003,46,bronze,0,0,0,south,0,0,1,0,0,0,quiet,0.35097274104984527,0.2353546603168835,42.33919581623823,0
,47,[138],18.581252946288313,99.80749958546568,api,0,0,0,stable service regional product feedback,0,0.0,0.0,0.0,0.0,0.0,0.0,0.0,0.3498721264495162,0.3498721264495162,0.5017233601190293,0.0,0.5017233601190293,0.5017233601190293,0.0,0.0,31.316658678606235,003,47,bronze,0,0,0,south,0,0,1,0,0,0,quiet,-0.02846928884586304,-1.214887642296097,38.26851757137587,0
,48,[139],19.26621666921156,102.67718300099236,api,0,0,0,reliable product delivery customer feedback,0,0.49623056257431153,0.49623056257431153,0.0,0.0,0.0,0.0,0.0,0.36143165764881946,0.36143165764881946,0.0,0.49623056257431153,0.0,0.0,0.0,0.0,26.68902437975494,003,48,gold,2,0,0,south,0,0,1,0,0,0,quiet,-1.780197613092701,-0.39396477814993647,10.915787170278028,0
,1,[140],20.002096847034025,95.3150814805612,api,0,0,0,稳定 服务 区域 产品 反馈,0,0.0,0.0,0.5273316095198977,0.3846395486696206,0.5273316095198977,0.0,0.3846395486696206,0.0,0.0,0.0,0.0,0.0,0.0,0.0,0.3846395486696206,31.3997318838309,004,1,bronze,0,0,0,west,0,0,0,1,0,0,quiet,0.9361662497376902,0.0011305265600167424,4.3857291776275655,0
,2,[141],19.870549528311646,101.94246257095278,mobile,1,0,0,稳定 产品 交付 用户 反馈,0,0.0,0.0,0.0,0.37161931283827765,0.0,0.54115490341344,0.37161931283827765,0.0,0.0,0.0,0.0,0.0,0.0,0.54115490341344,0.37161931283827765,26.788364088974248,004,2,bronze,0,0,0,west,0,0,0,1,0,0,quiet,-0.4227861582386106,1.35753891617317,42.94872355264274,0
,3,[142],19.534679252293547,97.75489986981178,web,2,0,0,stable service regional product feedback,0,0.0,0.0,0.0,0.0,0.0,0.0,0.0,0.3498721264495162,0.3498721264495162,0.5017233601190293,0.0,0.5017233601190293,0.5017233601190293,0.0,0.0,26.881959011132242,004,3,silver,1,0,0,west,0,0,0,1,0,0,quiet,-1.368873468912283,0.11247450790987173,36.7838115186671,0
,4,[143],20.541796919909064,90.25773515287693,web,2,0,0,stable service regional product feedback,0,0.0,0.0,0.0,0.0,0.0,0.0,0.0,0.3498721264495162,0.3498721264495162,0.5017233601190293,0.0,0.5017233601190293,0.5017233601190293,0.0,0.0,28.221898313753695,004,4,bronze,0,0,0,west,0,0,0,1,0,0,quiet,-1.1486080904365203,-0.14164372672281725,7.204002754693992,0
"[""capacity""]",5,[144],,95.94494336542087,web,2,0,0,reliable product delivery customer feedback,0,0.49623056257431153,0.49623056257431153,0.0,0.0,0.0,0.0,0.0,0.36143165764881946,0.36143165764881946,0.0,0.49623056257431153,0.0,0.0,0.0,0.0,32.9288350985697,004,5,bronze,0,0,0,west,0,0,0,1,0,0,quiet,1.2625251768637082,-0.2576810699025437,7.812312594015216,0
,6,[145],19.25714313627452,95.51613876619757,api,0,0,0,reliable product delivery customer feedback,0,0.49623056257431153,0.49623056257431153,0.0,0.0,0.0,0.0,0.0,0.36143165764881946,0.36143165764881946,0.0,0.49623056257431153,0.0,0.0,0.0,0.0,30.417290290714533,004,6,gold,2,0,0,west,0,0,0,1,0,0,quiet,0.17049061380578986,-0.005656390572828261,18.730460705730103,0
,7,[146],20.34602150217785,93.68390532444906,api,0,0,0,稳定 服务 区域 产品 反馈,0,0.0,0.0,0.5273316095198977,0.3846395486696206,0.5273316095198977,0.0,0.3846395486696206,0.0,0.0,0.0,0.0,0.0,0.0,0.0,0.3846395486696206,30.082322508457963,004,7,silver,1,0,0,west,0,0,0,1,0,0,quiet,0.5803376448817876,0.6181511539381485,35.88000591838714,0
"[""correlated_metric""]",8,[147],20.00859189087844,99.73572020685378,api,0,0,0,stable service regional product feedback,0,0.0,0.0,0.0,0.0,0.0,0.0,0.0,0.3498721264495162,0.3498721264495162,0.5017233601190293,0.0,0.5017233601190293,0.5017233601190293,0.0,0.0,29.77698797707014,004,8,bronze,0,0,0,west,0,0,0,1,0,0,quiet,-0.06837914765705753,-0.20793209831318485,123.85222776177034,0
,10,[148],19.657034563050832,94.57653121263651,api,0,0,0,稳定 服务 区域 产品 反馈,0,0.0,0.0,0.5273316095198977,0.3846395486696206,0.5273316095198977,0.0,0.3846395486696206,0.0,0.0,0.0,0.0,0.0,0.0,0.0,0.3846395486696206,27.812570387771807,004,10,bronze,0,0,0,west,0,0,0,1,0,0,quiet,-1.2039539552459917,-0.21578084644545273,29.433226792323424,0
,11,[149],19.49044725947448,92.84884153456713,api,0,0,0,reliable product delivery customer feedback,0,0.49623056257431153,0.49623056257431153,0.0,0.0,0.0,0.0,0.0,0.36143165764881946,0.36143165764881946,0.0,0.49623056257431153,0.0,0.0,0.0,0.0,32.142545097890704,004,11,silver,1,0,0,west,0,0,0,1,0,0,quiet,-0.19433991923018984,-1.8738116607184843,11.043527366698564,0
,12,[150],20.234516712994523,97.95115450558914,mobile,1,0,0,reliable product delivery customer feedback,0,0.49623056257431153,0.49623056257431153,0.0,0.0,0.0,0.0,0.0,0.36143165764881946,0.36143165764881946,0.0,0.49623056257431153,0.0,0.0,0.0,0.0,29.400329854093187,004,12,silver,1,0,0,west,0,0,0,1,0,0,quiet,-0.5178530605869235,-0.15656078236125243,19.20132354846254,0
,13,[151],19.47245980157635,98.44866048443396,mobile,1,0,0,稳定 产品 交付 用户 反馈,0,0.0,0.0,0.0,0.37161931283827765,0.0,0.54115490341344,0.37161931283827765,0.0,0.0,0.0,0.0,0.0,0.0,0.54115490341344,0.37161931283827765,26.913674347415764,004,13,gold,2,0,0,west,0,0,0,1,0,0,quiet,-2.0230942676399954,-0.6899562709636965,3.2804397916362187,0
,14,[152],,96.78232038483,mobile,1,0,0,reliable product delivery customer feedback,0,0.49623056257431153,0.49623056257431153,0.0,0.0,0.0,0.0,0.0,0.36143165764881946,0.36143165764881946,0.0,0.49623056257431153,0.0,0.0,0.0,0.0,31.49442300758839,004,14,silver,1,0,0,west,0,0,0,1,0,0,quiet,1.0179248821460403,0.2863549103739858,12.001816213976245,0
,15,[153],19.994615688356575,94.56357765215722,mobile,1,0,0,稳定 产品 交付 用户 反馈,0,0.0,0.0,0.0,0.37161931283827765,0.0,0.54115490341344,0.37161931283827765,0.0,0.0,0.0,0.0,0.0,0.0,0.54115490341344,0.37161931283827765,29.057382573798094,004,15,gold,2,0,0,west,0,0,0,1,0,0,quiet,-0.8301666972699587,-0.5866165876825695,22.447153167817614,0
,16,[154],19.783819151606707,93.85217796997512,web,2,0,0,稳定 服务 区域 产品 反馈,0,0.0,0.0,0.5273316095198977,0.3846395486696206,0.5273316095198977,0.0,0.3846395486696206,0.0,0.0,0.0,0.0,0.0,0.0,0.0,0.3846395486696206,23.630372298144835,004,16,silver,1,0,0,west,0,0,0,1,0,0,quiet,-3.6361126726888005,-0.4735175733311382,29.934796424214625,0
,17,[155],20.07478101611181,102.160299623783,api,0,0,0,reliable product delivery customer feedback,0,0.49623056257431153,0.49623056257431153,0.0,0.0,0.0,0.0,0.0,0.36143165764881946,0.36143165764881946,0.0,0.49623056257431153,0.0,0.0,0.0,0.0,33.048024511286265,004,17,bronze,0,0,0,west,0,0,0,1,0,0,quiet,0.6611977880196362,-1.1170319124449024,6.232495063583029,0
,18,[156],20.216966729360127,99.94931117049363,api,0,0,0,reliable product delivery customer feedback,0,0.49623056257431153,0.49623056257431153,0.0,0.0,0.0,0.0,0.0,0.36143165764881946,0.36143165764881946,0.0,0.49623056257431153,0.0,0.0,0.0,0.0,34.012690383631536,004,18,silver,1,0,0,west,0,0,0,1,0,0,quiet,1.1223374903634802,-1.0099541048688612,39.279151648589675,0
,19,[157],20.54239305986027,90.675125435226,mobile,1,0,0,稳定 产品 交付 用户 反馈,0,0.0,0.0,0.0,0.37161931283827765,0.0,0.54115490341344,0.37161931283827765,0.0,0.0,0.0,0.0,0.0,0.0,0.54115490341344,0.37161931283827765,30.22108044834158,004,19,bronze,0,0,0,west,0,0,0,1,0,0,quiet,-0.15966931003722912,-0.36237463588989227,5.43670711234595,0
,20,[158],19.928363937637688,95.46578441250955,mobile,1,0,0,stable service regional product feedback,0,0.0,0.0,0.0,0.0,0.0,0.0,0.0,0.3498721264495162,0.3498721264495162,0.5017233601190293,0.0,0.5017233601190293,0.5017233601190293,0.0,0.0,32.8079352018731,004,20,silver,1,0,0,west,0,0,0,1,0,0,quiet,1.9587691264799794,0.6100419523292311,189.05072379644326,0
,21,[159],,88.34612170321138,mobile,1,0,0,稳定 服务 区域 产品 反馈,0,0.0,0.0,0.5273316095198977,0.3846395486696206,0.5273316095198977,0.0,0.3846395486696206,0.0,0.0,0.0,0.0,0.0,0.0,0.0,0.3846395486696206,28.256850362215353,004,21,silver,1,0,0,west,0,0,0,1,0,0,quiet,-0.8752088251289221,-0.18812992535148046,95.32816137959993,0
,22,[160],20.939036160518377,100.60542730096839,api,0,0,0,reliable product delivery customer feedback,0,0.49623056257431153,0.49623056257431153,0.0,0.0,0.0,0.0,0.0,0.36143165764881946,0.36143165764881946,0.0,0.49623056257431153,0.0,0.0,0.0,0.0,34.45085899736305,004,22,silver,1,0,0,west,0,0,0,1,0,0,quiet,1.5029281639942185,-1.092748097253017,10.009269346065667,0
"[""correlated_metric""]",23,[161],19.830524016202528,102.57589402370792,mobile,1,0,0,稳定 服务 区域 产品 反馈,0,0.0,0.0,0.5273316095198977,0.3846395486696206,0.5273316095198977,0.0,0.3846395486696206,0.0,0.0,0.0,0.0,0.0,0.0,0.0,0.3846395486696206,28.5578029400468,004,23,bronze,0,0,0,west,0,0,0,1,0,0,quiet,-0.6583770941042583,0.11910529771775562,3.8623359827799124,0
,24,[162],19.83595110861632,103.22815738091448,web,2,0,0,稳定 产品 交付 用户 反馈,0,0.0,0.0,0.0,0.37161931283827765,0.0,0.54115490341344,0.37161931283827765,0.0,0.0,0.0,0.0,0.0,0.0,0.54115490341344,0.37161931283827765,31.03707304783917,004,24,bronze,0,0,0,west,0,0,0,1,0,0,quiet,-0.3643893157619126,-1.3180977480955245,23.9192582307375,0
,25,[163],20.43404391362715,97.20282792257785,mobile,1,0,0,稳定 产品 交付 用户 反馈,0,0.0,0.0,0.0,0.37161931283827765,0.0,0.54115490341344,0.37161931283827765,0.0,0.0,0.0,0.0,0.0,0.0,0.54115490341344,0.37161931283827765,28.08710216330083,004,25,silver,1,0,0,west,0,0,0,1,0,0,quiet,-0.5654033271822799,0.5500343039422058,3.668345517358965,0
"[""capacity""]",27,[164],20.46277558720307,95.94494336542087,mobile,1,0,0,reliable product delivery customer feedback,0,0.49623056257431153,0.49623056257431153,0.0,0.0,0.0,0.0,0.0,0.36143165764881946,0.36143165764881946,0.0,0.49623056257431153,0.0,0.0,0.0,0.0,30.77818012569404,004,27,silver,1,0,0,west,0,0,0,1,0,0,quiet,0.6051603630344415,0.43675701110244386,14.320352462563404,0
,28,[165],19.59317794796371,96.29690864794857,web,2,0,0,reliable product delivery customer feedback,0,0.49623056257431153,0.49623056257431153,0.0,0.0,0.0,0.0,0.0,0.36143165764881946,0.36143165764881946,0.0,0.49623056257431153,0.0,0.0,0.0,0.0,31.609688562049115,004,28,silver,1,0,0,west,0,0,0,1,0,0,quiet,-0.5549482900096715,-1.7760637156966828,3.1442493412103216,0
"[""correlated_metric""]",29,[166],20.21561879931948,93.9332071790908,mobile,1,0,0,稳定 产品 交付 用户 反馈,0,0.0,0.0,0.0,0.37161931283827765,0.0,0.54115490341344,0.37161931283827765,0.0,0.0,0.0,0.0,0.0,0.0,0.54115490341344,0.37161931283827765,30.480015381825908,004,29,bronze,0,0,0,west,0,0,0,1,0,0,quiet,-0.11602719080008095,0.31524036985700593,12.449149656858317,0
,30,[167],19.684886845017317,100.28720296332996,web,2,0,0,stable service regional product feedback,0,0.0,0.0,0.0,0.0,0.0,0.0,0.0,0.3498721264495162,0.3498721264495162,0.5017233601190293,0.0,0.5017233601190293,0.5017233601190293,0.0,0.0,28.851131945625806,004,30,bronze,0,0,0,west,0,0,0,1,0,0,quiet,-0.7658006113067628,-0.37889688522276793,30.14106863265906,0
,31,[168],20.527016525589758,93.90502326019067,mobile,1,0,0,稳定 产品 交付 用户 反馈,0,0.0,0.0,0.0,0.37161931283827765,0.0,0.54115490341344,0.37161931283827765,0.0,0.0,0.0,0.0,0.0,0.0,0.54115490341344,0.37161931283827765,31.477187938490577,004,31,bronze,0,0,0,west,0,0,0,1,0,0,quiet,1.1997401693595102,0.7102813880105768,31.72178682131332,0
,32,[169],20.55818385760588,87.39926141949431,api,0,0,0,reliable product delivery customer feedback,0,0.49623056257431153,0.49623056257431153,0.0,0.0,0.0,0.0,0.0,0.36143165764881946,0.36143165764881946,0.0,0.49623056257431153,0.0,0.0,0.0,0.0,31.46003277322681,004,32,bronze,0,0,0,west,0,0,0,1,0,0,quiet,-0.2667886913875215,-1.3579446159919353,22.51969557678582,0
,33,[170],19.807382771631943,95.39109161091334,mobile,1,0,0,reliable product delivery customer feedback,0,0.49623056257431153,0.49623056257431153,0.0,0.0,0.0,0.0,0.0,0.36143165764881946,0.36143165764881946,0.0,0.49623056257431153,0.0,0.0,0.0,0.0,34.69376935680022,004,33,bronze,0,0,0,west,0,0,0,1,0,0,quiet,1.0831285633784562,,12.673081751393157,0
,34,[171],19.983554120447483,95.87517463931061,api,0,0,0,稳定 服务 区域 产品 反馈,0,0.0,0.0,0.5273316095198977,0.3846395486696206,0.5273316095198977,0.0,0.3846395486696206,0.0,0.0,0.0,0.0,0.0,0.0,0.0,0.3846395486696206,29.969669199784878,004,34,bronze,0,0,0,west,0,0,0,1,0,0,quiet,-0.8123885619017055,-1.1154091400800805,38.2542088258105,0
"[""capacity""]",35,[172],20.00193460434676,95.94494336542087,web,2,0,0,reliable product delivery customer feedback,0,0.49623056257431153,0.49623056257431153,0.0,0.0,0.0,0.0,0.0,0.36143165764881946,0.36143165764881946,0.0,0.49623056257431153,0.0,0.0,0.0,0.0,32.41103841233416,004,35,gold,2,0,0,west,0,0,0,1,0,0,quiet,0.5046528301333616,-0.6734777922749332,10.263037543098845,0
,36,[173],19.54727747827085,92.52043127170037,web,2,0,0,稳定 产品 交付 用户 反馈,0,0.0,0.0,0.0,0.37161931283827765,0.0,0.54115490341344,0.37161931283827765,0.0,0.0,0.0,0.0,0.0,0.0,0.54115490341344,0.37161931283827765,30.606680687590888,004,36,gold,2,0,0,west,0,0,0,1,0,0,quiet,0.10706624980965082,-0.4064731428897395,19.616548735496774,0
"[""spend""]",37,[174],20.32792923830787,87.89297404933706,mobile,1,0,0,稳定 服务 区域 产品 反馈,0,0.0,0.0,0.5273316095198977,0.3846395486696206,0.5273316095198977,0.0,0.3846395486696206,0.0,0.0,0.0,0.0,0.0,0.0,0.0,0.3846395486696206,29.99161983334927,004,37,gold,2,0,0,west,0,0,0,1,0,0,quiet,0.5955407433872232,0.8476888718224469,19.20132354846254,0
"[""spend""]",38,[175],19.709902971783922,91.94990206983802,api,0,0,0,稳定 服务 区域 产品 反馈,0,0.0,0.0,0.5273316095198977,0.3846395486696206,0.5273316095198977,0.0,0.3846395486696206,0.0,0.0,0.0,0.0,0.0,0.0,0.0,0.3846395486696206,26.40158393459075,004,38,silver,1,0,0,west,0,0,0,1,0,0,quiet,-2.0797833699975734,-0.48985228521232693,19.20132354846254,0
"[""spend""]",39,[176],19.726991050838738,100.26430667100405,web,2,0,0,reliable product delivery customer feedback,0,0.49623056257431153,0.49623056257431153,0.0,0.0,0.0,0.0,0.0,0.36143165764881946,0.36143165764881946,0.0,0.49623056257431153,0.0,0.0,0.0,0.0,32.562993092577756,004,39,gold,2,0,0,west,0,0,0,1,0,0,quiet,0.525935173955134,-0.8408776875305364,19.20132354846254,0
,40,[177],19.815573220244513,90.44286916877681,mobile,1,0,0,稳定 产品 交付 用户 反馈 量子 推荐 hyperpersonalised,0,0.0,0.0,0.0,0.37161931283827765,0.0,0.54115490341344,0.37161931283827765,0.0,0.0,0.0,0.0,0.0,0.0,0.54115490341344,0.37161931283827765,29.312425484234833,004,40,silver,1,0,0,west,0,0,0,1,0,0,quiet,-0.24584627214061824,0.07831232036117346,5.716628686025631,0
,41,[178],19.621952899117584,97.82738884721536,mobile,1,0,0,stable service regional product feedback 量子 推荐 hyperpersonalised,0,0.0,0.0,0.0,0.0,0.0,0.0,0.0,0.3498721264495162,0.3498721264495162,0.5017233601190293,0.0,0.5017233601190293,0.5017233601190293,0.0,0.0,31.241243053788367,004,41,bronze,0,0,0,west,0,0,0,1,0,0,quiet,0.8525522379075139,0.43997448647814824,20.046141115852592,0
"[""capacity""]",42,[179],19.89701193699255,95.94494336542087,mobile,1,0,0,reliable product delivery customer feedback,0,0.49623056257431153,0.49623056257431153,0.0,0.0,0.0,0.0,0.0,0.36143165764881946,0.36143165764881946,0.0,0.49623056257431153,0.0,0.0,0.0,0.0,30.53904089795972,004,42,gold,2,0,0,west,0,0,0,1,0,0,quiet,0.9817244677471064,0.7858715297530942,4.283302492627872,0
,43,[180],20.604144654507408,93.91948936716929,mobile,1,0,0,稳定 产品 交付 用户 反馈,0,0.0,0.0,0.0,0.37161931283827765,0.0,0.54115490341344,0.37161931283827765,0.0,0.0,0.0,0.0,0.0,0.0,0.54115490341344,0.37161931283827765,29.857269497720466,004,43,gold,2,0,0,new_region,0,0,0,0,0,1,quiet,-0.2713352055184667,-0.16064033759335702,11.905695263715836,0
,44,[181],20.366802002457124,97.51645892842325,mobile,1,0,0,稳定 产品 交付 用户 反馈,0,0.0,0.0,0.0,0.37161931283827765,0.0,0.54115490341344,0.37161931283827765,0.0,0.0,0.0,0.0,0.0,0.0,0.54115490341344,0.37161931283827765,28.691398812049044,004,44,gold,2,0,0,west,0,0,0,1,0,0,quiet,-0.8608507259965985,-0.3130761569982775,27.71265428271615,0
,45,[182],19.550182357929003,92.40175543038447,mobile,1,0,0,stable service regional product feedback,0,0.0,0.0,0.0,0.0,0.0,0.0,0.0,0.3498721264495162,0.3498721264495162,0.5017233601190293,0.0,0.5017233601190293,0.5017233601190293,0.0,0.0,32.91417596308835,004,45,bronze,0,0,0,new_region,0,0,0,0,0,1,quiet,-0.1284718467507903,-2.072303517826732,28.228038093602997,0
,46,[183],20.464391010348333,93.96694548113872,mobile,1,0,0,稳定 产品 交付 用户 反馈,0,0.0,0.0,0.0,0.37161931283827765,0.0,0.54115490341344,0.37161931283827765,0.0,0.0,0.0,0.0,0.0,0.0,0.54115490341344,0.37161931283827765,30.21822914670932,004,46,gold,2,0,0,west,0,0,0,1,0,0,quiet,-0.5686329808083419,-0.9140960909892805,162.36146922682875,0
,47,[184],19.970475474636732,93.32273958250167,api,0,0,0,stable service regional product feedback,0,0.0,0.0,0.0,0.0,0.0,0.0,0.0,0.3498721264495162,0.3498721264495162,0.5017233601190293,0.0,0.5017233601190293,0.5017233601190293,0.0,0.0,24.525017563403715,004,47,gold,2,0,0,west,0,0,0,1,0,0,quiet,-1.953910630230727,0.8114813891723752,6.0365656594538715,0
,48,[185],20.779990877261866,90.74225754898173,api,0,0,0,stable service regional product feedback,0,0.0,0.0,0.0,0.0,0.0,0.0,0.0,0.3498721264495162,0.3498721264495162,0.5017233601190293,0.0,0.5017233601190293,0.5017233601190293,0.0,0.0,29.711952527573654,004,48,silver,1,0,0,west,0,0,0,1,0,0,quiet,0.2268235888650494,0.6071139356907548,6.579023216408698,0
,1,[186],20.690946890161904,110.43756590873944,web,2,0,0,稳定 产品 交付 用户 反馈,0,0.0,0.0,0.0,0.37161931283827765,0.0,0.54115490341344,0.37161931283827765,0.0,0.0,0.0,0.0,0.0,0.0,0.54115490341344,0.37161931283827765,29.658706377183577,005,1,gold,2,0,0,north,0,1,0,0,0,0,jump_up,0.9348431566322806,0.09283140135572705,12.944132101956624,0
,2,[187],19.73486411014204,114.90795910108918,api,0,0,0,stable service regional product feedback,0,0.0,0.0,0.0,0.0,0.0,0.0,0.0,0.3498721264495162,0.3498721264495162,0.5017233601190293,0.0,0.5017233601190293,0.5017233601190293,0.0,0.0,32.62159064814101,005,2,gold,2,0,0,north,0,1,0,0,0,0,jump_up,0.7789574508898689,-2.0567659995784275,29.96822905538059,0
"[""capacity"", ""spend""]",3,[188],19.675794041386443,109.65927016822225,mobile,1,0,0,稳定 服务 区域 产品 反馈,0,0.0,0.0,0.5273316095198977,0.3846395486696206,0.5273316095198977,0.0,0.3846395486696206,0.0,0.0,0.0,0.0,0.0,0.0,0.0,0.3846395486696206,26.90965914905525,005,3,bronze,0,0,0,north,0,1,0,0,0,0,jump_up,0.027006861749317417,0.8099132628108956,14.034131019714804,0
,4,[189],19.780424906027072,107.01464380126825,api,0,0,0,稳定 产品 交付 用户 反馈,0,0.0,0.0,0.0,0.37161931283827765,0.0,0.54115490341344,0.37161931283827765,0.0,0.0,0.0,0.0,0.0,0.0,0.54115490341344,0.37161931283827765,27.38364540678851,005,4,gold,2,0,0,north,0,1,0,0,0,0,jump_up,-0.9849331526588418,-0.8391546708778226,56.528903746732254,0
"[""capacity""]",5,[190],,109.65927016822225,mobile,1,0,0,reliable product delivery customer feedback,0,0.49623056257431153,0.49623056257431153,0.0,0.0,0.0,0.0,0.0,0.36143165764881946,0.36143165764881946,0.0,0.49623056257431153,0.0,0.0,0.0,0.0,25.314290439891227,005,5,silver,1,0,0,north,0,1,0,0,0,0,jump_up,-0.7631425228454729,0.8178854819762331,9.442774143574137,0
,6,[191],19.947105207040845,102.45749024744026,api,0,0,0,稳定 产品 交付 用户 反馈,0,0.0,0.0,0.0,0.37161931283827765,0.0,0.54115490341344,0.37161931283827765,0.0,0.0,0.0,0.0,0.0,0.0,0.54115490341344,0.37161931283827765,25.17639494726036,005,6,bronze,0,0,0,north,0,1,0,0,0,0,jump_up,-1.8072359984096444,-0.5875511841995137,8.796408568109769,0
,7,[192],19.639152575444342,115.97530186067092,api,0,0,0,稳定 服务 区域 产品 反馈,0,0.0,0.0,0.5273316095198977,0.3846395486696206,0.5273316095198977,0.0,0.3846395486696206,0.0,0.0,0.0,0.0,0.0,0.0,0.0,0.3846395486696206,28.994381441100245,005,7,bronze,0,0,0,north,0,1,0,0,0,0,jump_up,-0.03906576811906141,-0.5141226220521182,7.595430420616168,0
"[""spend""]",8,[193],20.06450365352069,104.1379761097292,mobile,1,0,0,reliable product delivery customer feedback,0,0.49623056257431153,0.49623056257431153,0.0,0.0,0.0,0.0,0.0,0.36143165764881946,0.36143165764881946,0.0,0.49623056257431153,0.0,0.0,0.0,0.0,28.494942554089675,005,8,silver,1,0,0,north,0,1,0,0,0,0,jump_up,-0.33795765439296965,-0.663426326919096,14.034131019714804,0
,9,[194],20.380704065439343,115.05641516281423,mobile,1,0,0,reliable product delivery customer feedback,0,0.49623056257431153,0.49623056257431153,0.0,0.0,0.0,0.0,0.0,0.36143165764881946,0.36143165764881946,0.0,0.49623056257431153,0.0,0.0,0.0,0.0,28.915671667984274,005,9,gold,2,0,0,north,0,1,0,0,0,0,jump_up,0.04241718827356926,-0.44642707351201016,19.014755011115273,0
,10,[195],19.672307428952593,110.92422088964912,mobile,1,0,0,reliable product delivery customer feedback,0,0.49623056257431153,0.49623056257431153,0.0,0.0,0.0,0.0,0.0,0.36143165764881946,0.36143165764881946,0.0,0.49623056257431153,0.0,0.0,0.0,0.0,25.80923011033472,005,10,bronze,0,0,0,north,0,1,0,0,0,0,jump_up,-1.2180596016176106,0.13239511315286842,16.130494245854567,0
"[""capacity""]",11,[196],20.319529281768453,109.65927016822225,mobile,1,0,0,stable service regional product feedback,0,0.0,0.0,0.0,0.0,0.0,0.0,0.0,0.3498721264495162,0.3498721264495162,0.5017233601190293,0.0,0.5017233601190293,0.5017233601190293,0.0,0.0,27.84572923098626,005,11,bronze,0,0,0,north,0,1,0,0,0,0,jump_up,0.5113873463984289,0.7894345258512776,4.874260026428197,0
"[""capacity""]",12,[197],20.947779003517716,109.65927016822225,web,2,0,0,稳定 服务 区域 产品 反馈,0,0.0,0.0,0.5273316095198977,0.3846395486696206,0.5273316095198977,0.0,0.3846395486696206,0.0,0.0,0.0,0.0,0.0,0.0,0.0,0.3846395486696206,28.989374344044958,005,12,bronze,0,0,0,north,0,1,0,0,0,0,jump_up,0.9183118159041708,0.4506712600257723,30.009718057177217,0
,13,[198],20.597469124374097,112.85899700104014,mobile,1,0,0,reliable product delivery customer feedback,0,0.49623056257431153,0.49623056257431153,0.0,0.0,0.0,0.0,0.0,0.36143165764881946,0.36143165764881946,0.0,0.49623056257431153,0.0,0.0,0.0,0.0,31.211439724178717,005,13,silver,1,0,0,north,0,1,0,0,0,0,jump_up,0.5884227632241175,-1.447283779078366,15.124129937472985,0
,14,[199],19.820185061942976,110.70133130314949,mobile,1,0,0,稳定 服务 区域 产品 反馈,0,0.0,0.0,0.5273316095198977,0.3846395486696206,0.5273316095198977,0.0,0.3846395486696206,0.0,0.0,0.0,0.0,0.0,0.0,0.0,0.3846395486696206,29.051779008039848,005,14,gold,2,0,0,north,0,1,0,0,0,0,jump_up,1.4503060761459101,1.294596330343806,9.70751845357537,0
,15,[200],19.85855945016878,103.08533969522567,mobile,1,0,0,stable service regional product feedback,0,0.0,0.0,0.0,0.0,0.0,0.0,0.0,0.3498721264495162,0.3498721264495162,0.5017233601190293,0.0,0.5017233601190293,0.5017233601190293,0.0,0.0,27.059643374072525,005,15,gold,2,0,0,north,0,1,0,0,0,0,jump_up,-0.16627232118722174,0.4315179312198739,9.970899500112475,0
,16,[201],19.709654500485417,108.35400093785108,mobile,1,0,0,reliable product delivery customer feedback,0,0.49623056257431153,0.49623056257431153,0.0,0.0,0.0,0.0,0.0,0.36143165764881946,0.36143165764881946,0.0,0.49623056257431153,0.0,0.0,0.0,0.0,26.572086249435614,005,16,bronze,0,0,0,north,0,1,0,0,0,0,jump_up,-1.426156505231612,-0.9839694892094435,70.18174603264882,0
,17,[202],,112.19541153713172,mobile,1,0,0,stable service regional product feedback,0,0.0,0.0,0.0,0.0,0.0,0.0,0.0,0.3498721264495162,0.3498721264495162,0.5017233601190293,0.0,0.5017233601190293,0.5017233601190293,0.0,0.0,28.619071440266566,005,17,bronze,0,0,0,north,0,1,0,0,0,0,jump_up,-0.13194373087793917,-0.3988625378005684,73.13285956535593,0
"[""correlated_metric""]",18,[203],20.649359289322742,109.9464272904258,api,0,0,0,稳定 产品 交付 用户 反馈,0,0.0,0.0,0.0,0.37161931283827765,0.0,0.54115490341344,0.37161931283827765,0.0,0.0,0.0,0.0,0.0,0.0,0.54115490341344,0.37161931283827765,29.276697422579204,005,18,silver,1,0,0,north,0,1,0,0,0,0,jump_up,0.8862136867042215,-0.03251801348845488,31.757448203682983,0
,19,[204],20.486789333333007,116.35659378503014,mobile,1,0,0,稳定 服务 区域 产品 反馈,0,0.0,0.0,0.5273316095198977,0.3846395486696206,0.5273316095198977,0.0,0.3846395486696206,0.0,0.0,0.0,0.0,0.0,0.0,0.0,0.3846395486696206,27.946712227612313,005,19,gold,2,0,0,north,0,1,0,0,0,0,jump_up,-0.14505975280249125,-0.14027816356318265,55.08093422094355,0
,20,[205],20.31639166252823,115.25131534718437,api,0,0,0,稳定 服务 区域 产品 反馈,0,0.0,0.0,0.5273316095198977,0.3846395486696206,0.5273316095198977,0.0,0.3846395486696206,0.0,0.0,0.0,0.0,0.0,0.0,0.0,0.3846395486696206,24.67553607501376,005,20,bronze,0,0,0,north,0,1,0,0,0,0,jump_up,-1.669296420116133,0.10205497232622923,46.33973815399455,0
,21,[206],20.305906546257432,106.61462972544778,mobile,1,0,0,stable service regional product feedback,0,0.0,0.0,0.0,0.0,0.0,0.0,0.0,0.3498721264495162,0.3498721264495162,0.5017233601190293,0.0,0.5017233601190293,0.5017233601190293,0.0,0.0,23.47811563026063,005,21,gold,2,0,0,north,0,1,0,0,0,0,jump_up,-1.352628066997563,0.9895890670522918,30.831221877425225,0
,22,[207],20.28565205164336,110.97758881425207,api,0,0,0,稳定 服务 区域 产品 反馈,0,0.0,0.0,0.5273316095198977,0.3846395486696206,0.5273316095198977,0.0,0.3846395486696206,0.0,0.0,0.0,0.0,0.0,0.0,0.0,0.3846395486696206,31.27768283980918,005,22,gold,2,0,0,north,0,1,0,0,0,0,jump_up,1.0122042344324926,-0.7919771268154739,3.3978572962812725,0
,23,[208],20.111254215647726,109.64455749588706,web,2,0,0,稳定 服务 区域 产品 反馈,0,0.0,0.0,0.5273316095198977,0.3846395486696206,0.5273316095198977,0.0,0.3846395486696206,0.0,0.0,0.0,0.0,0.0,0.0,0.0,0.3846395486696206,28.71042638601352,005,23,bronze,0,0,0,north,0,1,0,0,0,0,jump_up,0.22888856195997823,-0.19973381761510964,12.164283952261972,0
"[""capacity""]",24,[209],20.38629007237686,109.65927016822225,api,0,0,0,stable service regional product feedback,0,0.0,0.0,0.0,0.0,0.0,0.0,0.0,0.3498721264495162,0.3498721264495162,0.5017233601190293,0.0,0.5017233601190293,0.5017233601190293,0.0,0.0,26.128765542978538,005,24,silver,1,0,0,north,0,1,0,0,0,0,jump_up,-0.4768459154955206,0.6599647137476626,119.82483177212137,0
,25,[210],27.70374411571255,107.64686124349254,web,2,0,0,稳定 产品 交付 用户 反馈,0,0.0,0.0,0.0,0.37161931283827765,0.0,0.54115490341344,0.37161931283827765,0.0,0.0,0.0,0.0,0.0,0.0,0.54115490341344,0.37161931283827765,30.546429747437134,005,25,silver,1,0,0,north,0,1,0,0,0,0,jump_up,-0.9605481741683229,-3.0925177058947106,5.054396227106275,1
,26,[211],27.591242599982415,103.01736344660117,web,2,0,0,稳定 服务 区域 产品 反馈,0,0.0,0.0,0.5273316095198977,0.3846395486696206,0.5273316095198977,0.0,0.3846395486696206,0.0,0.0,0.0,0.0,0.0,0.0,0.0,0.3846395486696206,29.73177188090743,005,26,silver,1,0,0,north,0,1,0,0,0,0,jump_up,0.9364974209738565,0.035513518395468166,14.60005592656788,1
"[""spend""]",27,[212],27.73988608385162,108.73163430427695,api,0,0,0,稳定 服务 区域 产品 反馈,0,0.0,0.0,0.5273316095198977,0.3846395486696206,0.5273316095198977,0.0,0.3846395486696206,0.0,0.0,0.0,0.0,0.0,0.0,0.0,0.3846395486696206,26.374030150279637,005,27,silver,1,0,0,north,0,1,0,0,0,0,jump_up,-1.8202205392780177,-1.498609547441365,14.034131019714804,1
,28,[213],27.90556250851843,108.21065067725469,mobile,1,0,0,stable service regional product feedback,0,0.0,0.0,0.0,0.0,0.0,0.0,0.0,0.3498721264495162,0.3498721264495162,0.5017233601190293,0.0,0.5017233601190293,0.5017233601190293,0.0,0.0,25.656085829070022,005,28,bronze,0,0,0,north,0,1,0,0,0,0,jump_up,0.05743764645837558,1.8696722272349708,14.100211087844869,1
,29,[214],28.184369368731705,108.48731829915522,mobile,1,0,0,reliable product delivery customer feedback,0,0.49623056257431153,0.49623056257431153,0.0,0.0,0.0,0.0,0.0,0.36143165764881946,0.36143165764881946,0.0,0.49623056257431153,0.0,0.0,0.0,0.0,25.68095204581427,005,29,silver,1,0,0,north,0,1,0,0,0,0,jump_up,-0.26591805831210596,1.1581206523853596,24.95211283820751,1
,31,[215],27.978120822812873,117.02606869074901,web,2,0,0,稳定 服务 区域 产品 反馈,0,0.0,0.0,0.5273316095198977,0.3846395486696206,0.5273316095198977,0.0,0.3846395486696206,0.0,0.0,0.0,0.0,0.0,0.0,0.0,0.3846395486696206,28.13443033940636,005,31,silver,1,0,0,north,0,1,0,0,0,0,jump_up,-0.30026139599371565,-0.6722183057792054,17.95884892728627,1
,32,[216],,113.0753084654376,mobile,1,0,0,reliable product delivery customer feedback,0,0.49623056257431153,0.49623056257431153,0.0,0.0,0.0,0.0,0.0,0.36143165764881946,0.36143165764881946,0.0,0.49623056257431153,0.0,0.0,0.0,0.0,27.453092481969314,005,32,gold,2,0,0,north,0,1,0,0,0,0,jump_up,-0.3154125961185755,-0.29210896854879287,22.577422105069417,1
,33,[217],,104.40932348859577,mobile,1,0,0,稳定 服务 区域 产品 反馈,0,0.0,0.0,0.5273316095198977,0.3846395486696206,0.5273316095198977,0.0,0.3846395486696206,0.0,0.0,0.0,0.0,0.0,0.0,0.0,0.3846395486696206,25.150490217601053,005,33,silver,1,0,0,north,0,1,0,0,0,0,jump_up,-0.9190758174470363,0.8387547664704054,51.11535930382783,1
"[""correlated_metric""]",34,[218],28.172098450183977,110.07084996038985,mobile,1,0,0,稳定 服务 区域 产品 反馈,0,0.0,0.0,0.5273316095198977,0.3846395486696206,0.5273316095198977,0.0,0.3846395486696206,0.0,0.0,0.0,0.0,0.0,0.0,0.0,0.3846395486696206,26.20067864948102,005,34,gold,2,0,0,north,0,1,0,0,0,0,jump_up,-0.685848593243135,,5.579143695201144,1
"[""spend""]",35,[219],28.084664240593316,119.22742467194513,api,0,0,0,稳定 产品 交付 用户 反馈,0,0.0,0.0,0.0,0.37161931283827765,0.0,0.54115490341344,0.37161931283827765,0.0,0.0,0.0,0.0,0.0,0.0,0.54115490341344,0.37161931283827765,24.841920590392835,005,35,silver,1,0,0,north,0,1,0,0,0,0,jump_up,-1.287814840876906,0.47521008856801206,14.034131019714804,1
,36,[220],28.615461920119166,109.85024130084383,mobile,1,0,0,stable service regional product feedback,0,0.0,0.0,0.0,0.0,0.0,0.0,0.0,0.3498721264495162,0.3498721264495162,0.5017233601190293,0.0,0.5017233601190293,0.5017233601190293,0.0,0.0,26.93940562181186,005,36,gold,2,0,0,north,0,1,0,0,0,0,jump_up,-0.20336673481927245,0.4677783368125513,9.981574772738275,1
"[""correlated_metric""]",38,[221],28.07105670339391,114.45836838048292,api,0,0,0,reliable product delivery customer feedback,0,0.49623056257431153,0.49623056257431153,0.0,0.0,0.0,0.0,0.0,0.36143165764881946,0.36143165764881946,0.0,0.49623056257431153,0.0,0.0,0.0,0.0,26.360876240037662,005,38,silver,1,0,0,new_region,0,0,0,0,0,1,jump_up,-0.7869021412505255,1.3963862679202412,14.482431896030464,1
,39,[222],27.06924427035758,115.37863210113977,web,2,0,0,稳定 服务 区域 产品 反馈,0,0.0,0.0,0.5273316095198977,0.3846395486696206,0.5273316095198977,0.0,0.3846395486696206,0.0,0.0,0.0,0.0,0.0,0.0,0.0,0.3846395486696206,22.209764088143533,005,39,silver,1,0,0,north,0,1,0,0,0,0,jump_up,-2.960235200368859,-0.19969244153740873,54.18675865684734,1
,40,[223],27.838826412111555,110.42588052867686,mobile,1,0,0,稳定 产品 交付 用户 反馈,0,0.0,0.0,0.0,0.37161931283827765,0.0,0.54115490341344,0.37161931283827765,0.0,0.0,0.0,0.0,0.0,0.0,0.54115490341344,0.37161931283827765,30.055363421337525,005,40,bronze,0,0,0,north,0,1,0,0,0,0,jump_up,0.22882406676935707,-0.9729120180344268,15.980322366491599,1
,41,[224],28.21582859522935,106.4102908828496,web,2,0,0,稳定 产品 交付 用户 反馈 量子 推荐 hyperpersonalised,0,0.0,0.0,0.0,0.37161931283827765,0.0,0.54115490341344,0.37161931283827765,0.0,0.0,0.0,0.0,0.0,0.0,0.54115490341344,0.37161931283827765,26.939860335690934,005,41,silver,1,0,0,north,0,1,0,0,0,0,jump_up,-0.13916075430434102,0.39029943794768074,23.43081332307576,1
,42,[225],27.799036419503174,102.08054548437636,api,0,0,0,reliable product delivery customer feedback,0,0.49623056257431153,0.49623056257431153,0.0,0.0,0.0,0.0,0.0,0.36143165764881946,0.36143165764881946,0.0,0.49623056257431153,0.0,0.0,0.0,0.0,29.31414289494046,005,42,silver,1,0,0,new_region,0,0,0,0,0,1,jump_up,0.03435310197067303,-0.9094657357742817,20.939967451165614,1
,43,[226],27.75957371002102,111.81719341667481,api,0,0,0,稳定 产品 交付 用户 反馈 量子 推荐 hyperpersonalised,0,0.0,0.0,0.0,0.37161931283827765,0.0,0.54115490341344,0.37161931283827765,0.0,0.0,0.0,0.0,0.0,0.0,0.54115490341344,0.37161931283827765,30.533293818522495,005,43,gold,2,0,0,new_region,0,0,0,0,0,1,jump_up,0.7775420029702911,-0.7473119680513737,36.11075597626938,1
"[""correlated_metric""]",44,[227],27.821804268120246,114.86023626031594,web,2,0,0,稳定 服务 区域 产品 反馈,0,0.0,0.0,0.5273316095198977,0.3846395486696206,0.5273316095198977,0.0,0.3846395486696206,0.0,0.0,0.0,0.0,0.0,0.0,0.0,0.3846395486696206,29.12241870068101,005,44,bronze,0,0,0,north,0,1,0,0,0,0,jump_up,-0.036141700627542565,-1.2137818955454656,20.089183647948975,1
,45,[228],28.42936667648468,110.29622424633706,web,2,0,0,稳定 产品 交付 用户 反馈,0,0.0,0.0,0.0,0.37161931283827765,0.0,0.54115490341344,0.37161931283827765,0.0,0.0,0.0,0.0,0.0,0.0,0.54115490341344,0.37161931283827765,27.53456109153199,005,45,gold,2,0,0,north,0,1,0,0,0,0,jump_up,0.6868797151017624,1.0409766986435223,5.693868113266574,1
,46,[229],28.325027990896952,103.21264883241744,web,2,0,0,稳定 产品 交付 用户 反馈,0,0.0,0.0,0.0,0.37161931283827765,0.0,0.54115490341344,0.37161931283827765,0.0,0.0,0.0,0.0,0.0,0.0,0.54115490341344,0.37161931283827765,30.778934133559613,005,46,gold,2,0,0,north,0,1,0,0,0,0,jump_up,0.7551532150888374,-1.1134086589317709,38.7045510233659,1
,47,[230],28.090308031092885,113.76256451727735,web,2,0,0,stable service regional product feedback,0,0.0,0.0,0.0,0.0,0.0,0.0,0.0,0.3498721264495162,0.3498721264495162,0.5017233601190293,0.0,0.5017233601190293,0.5017233601190293,0.0,0.0,28.920047156771776,005,47,bronze,0,0,0,north,0,1,0,0,0,0,jump_up,,-0.5840671809716413,21.827176727081216,1
,48,[231],28.65453217643248,108.73105204089192,api,0,0,0,稳定 服务 区域 产品 反馈,0,0.0,0.0,0.5273316095198977,0.3846395486696206,0.5273316095198977,0.0,0.3846395486696206,0.0,0.0,0.0,0.0,0.0,0.0,0.0,0.3846395486696206,31.482771369321444,005,48,gold,2,0,0,north,0,1,0,0,0,0,jump_up,0.5082067741600592,-1.5014701886724209,76.5616838958252,1
,1,[232],19.499041507870245,92.33525956185024,mobile,1,0,0,stable service regional product feedback,0,0.0,0.0,0.0,0.0,0.0,0.0,0.0,0.3498721264495162,0.3498721264495162,0.5017233601190293,0.0,0.5017233601190293,0.5017233601190293,0.0,0.0,19.966114657864594,006,1,silver,1,0,0,east,1,0,0,0,0,0,jump_up,-2.140721520275539,0.7976156319579111,5.750377649785783,0
,2,[233],19.33046019623885,89.95898959294585,api,0,0,0,稳定 产品 交付 用户 反馈,0,0.0,0.0,0.0,0.37161931283827765,0.0,0.54115490341344,0.37161931283827765,0.0,0.0,0.0,0.0,0.0,0.0,0.54115490341344,0.37161931283827765,25.83203125433945,006,2,bronze,0,0,0,east,1,0,0,0,0,0,jump_up,0.02485389053030214,-0.28583413234091337,34.59426057248137,0
,3,[234],19.895681999963553,87.5527468210788,mobile,1,0,0,reliable product delivery customer feedback,0,0.49623056257431153,0.49623056257431153,0.0,0.0,0.0,0.0,0.0,0.36143165764881946,0.36143165764881946,0.0,0.49623056257431153,0.0,0.0,0.0,0.0,23.51573552516389,006,3,gold,2,0,0,east,1,0,0,0,0,0,jump_up,-0.06463405723907754,1.1187962295222427,22.58849160300379,0
,4,[235],19.857657500975627,81.10012444685567,mobile,1,0,0,稳定 产品 交付 用户 反馈,0,0.0,0.0,0.0,0.37161931283827765,0.0,0.54115490341344,0.37161931283827765,0.0,0.0,0.0,0.0,0.0,0.0,0.54115490341344,0.37161931283827765,27.425958301462767,006,4,silver,1,0,0,east,1,0,0,0,0,0,jump_up,0.13457662511391266,-1.1419444406978045,31.443555409161323,0
,6,[236],19.51236708664583,90.50003560981547,api,0,0,0,reliable product delivery customer feedback,0,0.49623056257431153,0.49623056257431153,0.0,0.0,0.0,0.0,0.0,0.36143165764881946,0.36143165764881946,0.0,0.49623056257431153,0.0,0.0,0.0,0.0,24.163889396154353,006,6,silver,1,0,0,east,1,0,0,0,0,0,jump_up,-0.657192523522587,0.16052122887991704,18.43701323007912,0
"[""correlated_metric""]",7,[237],19.85226231516682,84.66300625046864,web,2,0,0,稳定 服务 区域 产品 反馈,0,0.0,0.0,0.5273316095198977,0.3846395486696206,0.5273316095198977,0.0,0.3846395486696206,0.0,0.0,0.0,0.0,0.0,0.0,0.0,0.3846395486696206,25.8412343388497,006,7,bronze,0,0,0,east,1,0,0,0,0,0,jump_up,0.4433447740102649,0.34870342764849827,11.827211483468108,0
,8,[238],19.950638490452818,76.86498691856913,web,2,0,0,稳定 产品 交付 用户 反馈,0,0.0,0.0,0.0,0.37161931283827765,0.0,0.54115490341344,0.37161931283827765,0.0,0.0,0.0,0.0,0.0,0.0,0.54115490341344,0.37161931283827765,26.789778971847113,006,8,bronze,0,0,0,east,1,0,0,0,0,0,jump_up,0.8072702594419918,0.22649473578134754,30.531215546258093,0
,9,[239],19.431732936707792,91.32129992014713,mobile,1,0,0,stable service regional product feedback,0,0.0,0.0,0.0,0.0,0.0,0.0,0.0,0.3498721264495162,0.3498721264495162,0.5017233601190293,0.0,0.5017233601190293,0.5017233601190293,0.0,0.0,24.126291701117218,006,9,silver,1,0,0,east,1,0,0,0,0,0,jump_up,-0.8507812822222728,-0.4444866835804173,40.04303883848553,0
"[""capacity""]",10,[240],19.00749609891226,85.94691298629249,mobile,1,0,0,稳定 服务 区域 产品 反馈,0,0.0,0.0,0.5273316095198977,0.3846395486696206,0.5273316095198977,0.0,0.3846395486696206,0.0,0.0,0.0,0.0,0.0,0.0,0.0,0.3846395486696206,25.21725897464867,006,10,gold,2,0,0,east,1,0,0,0,0,0,jump_up,-0.7841130634886462,-0.8829280681227486,46.80600100024125,0
,11,[241],19.219868282079858,88.4291304787411,mobile,1,0,0,stable service regional product feedback,0,0.0,0.0,0.0,0.0,0.0,0.0,0.0,0.3498721264495162,0.3498721264495162,0.5017233601190293,0.0,0.5017233601190293,0.5017233601190293,0.0,0.0,23.084446105627826,006,11,bronze,0,0,0,east,1,0,0,0,0,0,jump_up,-0.5972340401499012,0.8389899237988688,13.740658325966335,0
,12,[242],19.6807466642743,77.05208885291691,api,0,0,0,稳定 服务 区域 产品 反馈,0,0.0,0.0,0.5273316095198977,0.3846395486696206,0.5273316095198977,0.0,0.3846395486696206,0.0,0.0,0.0,0.0,0.0,0.0,0.0,0.3846395486696206,25.508354210397084,006,12,silver,1,0,0,east,1,0,0,0,0,0,jump_up,-0.703809197579422,-0.8868485570076218,19.388911048437357,0
,13,[243],19.32383620646761,90.65652597047345,api,0,0,0,稳定 服务 区域 产品 反馈,0,0.0,0.0,0.5273316095198977,0.3846395486696206,0.5273316095198977,0.0,0.3846395486696206,0.0,0.0,0.0,0.0,0.0,0.0,0.0,0.3846395486696206,26.999712876391843,006,13,bronze,0,0,0,east,1,0,0,0,0,0,jump_up,1.4787630965041367,0.6044330162298983,17.31381571781686,0
,14,[244],19.9083792322836,79.76557501558676,api,0,0,0,稳定 产品 交付 用户 反馈,0,0.0,0.0,0.0,0.37161931283827765,0.0,0.54115490341344,0.37161931283827765,0.0,0.0,0.0,0.0,0.0,0.0,0.54115490341344,0.37161931283827765,30.069064451297407,006,14,gold,2,0,0,east,1,0,0,0,0,0,jump_up,2.548685518284256,-0.04380129319798645,16.68098357147462,0
,15,[245],19.414123334972736,90.00664645895428,mobile,1,0,0,稳定 产品 交付 用户 反馈,0,0.0,0.0,0.0,0.37161931283827765,0.0,0.54115490341344,0.37161931283827765,0.0,0.0,0.0,0.0,0.0,0.0,0.54115490341344,0.37161931283827765,21.58384037016852,006,15,gold,2,0,0,east,1,0,0,0,0,0,jump_up,-0.8063520699704779,1.6310137683271495,12.066860777840978,0
,16,[246],19.216635844594972,83.05036590969148,web,2,0,0,稳定 服务 区域 产品 反馈,0,0.0,0.0,0.5273316095198977,0.3846395486696206,0.5273316095198977,0.0,0.3846395486696206,0.0,0.0,0.0,0.0,0.0,0.0,0.0,0.3846395486696206,24.021561301071483,006,16,gold,2,0,0,east,1,0,0,0,0,0,jump_up,-0.5013674187420218,0.2898881392651082,7.559732817728753,0
"[""spend""]",17,[247],19.87826478929815,80.67637830516806,api,0,0,0,reliable product delivery customer feedback,0,0.49623056257431153,0.49623056257431153,0.0,0.0,0.0,0.0,0.0,0.36143165764881946,0.36143165764881946,0.0,0.49623056257431153,0.0,0.0,0.0,0.0,23.63773454069201,006,17,gold,2,0,0,east,1,0,0,0,0,0,jump_up,0.4127984464562621,1.6466145596337167,18.43701323007912,0
,18,[248],19.390827108161933,86.14132612372346,web,2,0,0,稳定 服务 区域 产品 反馈,0,0.0,0.0,0.5273316095198977,0.3846395486696206,0.5273316095198977,0.0,0.3846395486696206,0.0,0.0,0.0,0.0,0.0,0.0,0.0,0.3846395486696206,22.995796517855347,006,18,silver,1,0,0,east,1,0,0,0,0,0,jump_up,-1.2044307356336295,-0.18911189363629546,19.188653697048736,0
,19,[249],,86.78283931112995,mobile,1,0,0,稳定 产品 交付 用户 反馈,0,0.0,0.0,0.0,0.37161931283827765,0.0,0.54115490341344,0.37161931283827765,0.0,0.0,0.0,0.0,0.0,0.0,0.54115490341344,0.37161931283827765,25.905723093924767,006,19,bronze,0,0,0,east,1,0,0,0,0,0,jump_up,-0.25988605810172344,-0.7364971132875726,10.062515669371633,0
,20,[250],20.008913564931966,84.57880201760454,api,0,0,0,stable service regional product feedback,0,0.0,0.0,0.0,0.0,0.0,0.0,0.0,0.3498721264495162,0.3498721264495162,0.5017233601190293,0.0,0.5017233601190293,0.5017233601190293,0.0,0.0,25.54682579648617,006,20,bronze,0,0,0,east,1,0,0,0,0,0,jump_up,0.6557277199450507,0.7243918637851229,18.07055471011363,0
"[""spend""]",21,[251],19.8338973762984,93.07956295846012,api,0,0,0,稳定 产品 交付 用户 反馈,0,0.0,0.0,0.0,0.37161931283827765,0.0,0.54115490341344,0.37161931283827765,0.0,0.0,0.0,0.0,0.0,0.0,0.54115490341344,0.37161931283827765,23.069532412429844,006,21,bronze,0,0,0,east,1,0,0,0,0,0,jump_up,-1.4769049332948117,-0.49747179858236223,18.43701323007912,0
,23,[252],19.74916247876625,85.60361111702615,web,2,0,0,稳定 产品 交付 用户 反馈,0,0.0,0.0,0.0,0.37161931283827765,0.0,0.54115490341344,0.37161931283827765,0.0,0.0,0.0,0.0,0.0,0.0,0.54115490341344,0.37161931283827765,27.65212009214473,006,23,gold,2,0,0,east,1,0,0,0,0,0,jump_up,1.3348536695156796,0.1316805493354939,10.329433595082243,0
,24,[253],19.817017619412844,82.94453759325397,api,0,0,0,稳定 服务 区域 产品 反馈,0,0.0,0.0,0.5273316095198977,0.3846395486696206,0.5273316095198977,0.0,0.3846395486696206,0.0,0.0,0.0,0.0,0.0,0.0,0.0,0.3846395486696206,25.381211088701978,006,24,gold,2,0,0,east,1,0,0,0,0,0,jump_up,0.2675133248798226,0.25339489626827555,14.161016525962877,0
,25,[254],27.809496697758927,85.57798429721895,api,0,0,0,稳定 服务 区域 产品 反馈,0,0.0,0.0,0.5273316095198977,0.3846395486696206,0.5273316095198977,0.0,0.3846395486696206,0.0,0.0,0.0,0.0,0.0,0.0,0.0,0.3846395486696206,18.911335267913135,006,25,gold,2,0,0,east,1,0,0,0,0,0,jump_up,-0.9560159903987325,3.010176126404908,23.297331533320875,1
"[""correlated_metric""]",26,[255],27.918713814279975,85.00973951160067,api,0,0,0,reliable product delivery customer feedback,0,0.49623056257431153,0.49623056257431153,0.0,0.0,0.0,0.0,0.0,0.36143165764881946,0.36143165764881946,0.0,0.49623056257431153,0.0,0.0,0.0,0.0,24.72218248900542,006,26,gold,2,0,0,east,1,0,0,0,0,0,jump_up,-0.6823560471932463,-0.5019032498897906,24.094399603965865,1
,27,[256],27.25846752026962,84.97522224546039,mobile,1,0,0,stable service regional product feedback,0,0.0,0.0,0.0,0.0,0.0,0.0,0.0,0.3498721264495162,0.3498721264495162,0.5017233601190293,0.0,0.5017233601190293,0.5017233601190293,0.0,0.0,25.547316854022057,006,27,silver,1,0,0,east,1,0,0,0,0,0,jump_up,0.4024811562461271,0.3408299072871535,8.248583813613005,1
,28,[257],27.2092589533746,88.35147762677708,api,0,0,0,stable service regional product feedback,0,0.0,0.0,0.0,0.0,0.0,0.0,0.0,0.3498721264495162,0.3498721264495162,0.5017233601190293,0.0,0.5017233601190293,0.5017233601190293,0.0,0.0,20.479901364798714,006,28,bronze,0,0,0,east,1,0,0,0,0,0,jump_up,-1.7520551415064034,0.858211714997548,9.393399640927816,1
,29,[258],26.480230777670144,80.48934286887652,web,2,0,0,reliable product delivery customer feedback,0,0.49623056257431153,0.49623056257431153,0.0,0.0,0.0,0.0,0.0,0.36143165764881946,0.36143165764881946,0.0,0.49623056257431153,0.0,0.0,0.0,0.0,27.94628267276324,006,29,bronze,0,0,0,east,1,0,0,0,0,0,jump_up,0.5375714230038566,-0.7229043473945674,16.90720488256126,1
,30,[259],,82.8129391331719,api,0,0,0,稳定 产品 交付 用户 反馈,0,0.0,0.0,0.0,0.37161931283827765,0.0,0.54115490341344,0.37161931283827765,0.0,0.0,0.0,0.0,0.0,0.0,0.54115490341344,0.37161931283827765,23.97933319015203,006,30,bronze,0,0,0,east,1,0,0,0,0,0,jump_up,0.1911795561093491,1.2594039295777508,12.55423575647187,1
"[""correlated_metric""]",31,[260],27.259453681089884,84.10420207640843,web,2,0,0,reliable product delivery customer feedback,0,0.49623056257431153,0.49623056257431153,0.0,0.0,0.0,0.0,0.0,0.36143165764881946,0.36143165764881946,0.0,0.49623056257431153,0.0,0.0,0.0,0.0,23.813448210730776,006,31,silver,1,0,0,east,1,0,0,0,0,0,jump_up,-0.5199904999654076,0.6042062647082107,3.9033729634251593,1
,32,[261],27.152027179368872,81.39607730889942,mobile,1,0,0,stable service regional product feedback,0,0.0,0.0,0.0,0.0,0.0,0.0,0.0,0.3498721264495162,0.3498721264495162,0.5017233601190293,0.0,0.5017233601190293,0.5017233601190293,0.0,0.0,23.51186229725893,006,32,gold,2,0,0,east,1,0,0,0,0,0,jump_up,-1.8299432862229874,-1.0193708689837575,21.148929378457495,1
,33,[262],26.88654108107965,88.71901560439983,api,0,0,0,reliable product delivery customer feedback,0,0.49623056257431153,0.49623056257431153,0.0,0.0,0.0,0.0,0.0,0.36143165764881946,0.36143165764881946,0.0,0.49623056257431153,0.0,0.0,0.0,0.0,23.420422258744555,006,33,gold,2,0,0,east,1,0,0,0,0,0,jump_up,-0.606033157323958,0.4548056618008538,5.387253083687827,1
"[""correlated_metric""]",34,[263],,91.28286637391332,api,0,0,0,稳定 服务 区域 产品 反馈,0,0.0,0.0,0.5273316095198977,0.3846395486696206,0.5273316095198977,0.0,0.3846395486696206,0.0,0.0,0.0,0.0,0.0,0.0,0.0,0.3846395486696206,22.05351665026754,006,34,bronze,0,0,0,east,1,0,0,0,0,0,jump_up,-1.5608960324354746,1.164417262217249,5.4870119336020196,1
"[""spend""]",35,[264],27.715601808159526,85.21510902403024,web,2,0,0,reliable product delivery customer feedback,0,0.49623056257431153,0.49623056257431153,0.0,0.0,0.0,0.0,0.0,0.36143165764881946,0.36143165764881946,0.0,0.49623056257431153,0.0,0.0,0.0,0.0,25.791224197606038,006,35,silver,1,0,0,new_region,0,0,0,0,0,1,jump_up,-0.7853855980187375,-1.443048279529221,18.43701323007912,1
"[""correlated_metric""]",36,[265],27.345409966464583,83.9128988306193,web,2,0,0,stable service regional product feedback,0,0.0,0.0,0.0,0.0,0.0,0.0,0.0,0.3498721264495162,0.3498721264495162,0.5017233601190293,0.0,0.5017233601190293,0.5017233601190293,0.0,0.0,22.25936448686764,006,36,gold,2,0,0,east,1,0,0,0,0,0,jump_up,-1.263382955192716,1.267029557556626,4.615397624688924,1
"[""capacity""]",37,[266],27.095954980166415,85.94691298629249,api,0,0,0,稳定 产品 交付 用户 反馈,0,0.0,0.0,0.0,0.37161931283827765,0.0,0.54115490341344,0.37161931283827765,0.0,0.0,0.0,0.0,0.0,0.0,0.54115490341344,0.37161931283827765,26.50246628610467,006,37,bronze,0,0,0,east,1,0,0,0,0,0,jump_up,0.2173227261994164,-0.370666637430471,7.485417216853096,1
"[""spend""]",38,[267],27.416651967172648,91.39425687651352,api,0,0,0,stable service regional product feedback,0,0.0,0.0,0.0,0.0,0.0,0.0,0.0,0.3498721264495162,0.3498721264495162,0.5017233601190293,0.0,0.5017233601190293,0.5017233601190293,0.0,0.0,23.662232373948008,006,38,bronze,0,0,0,east,1,0,0,0,0,0,jump_up,0.012724736775869406,1.078707910001439,18.43701323007912,1
,39,[268],27.17988148882815,88.16583863535148,mobile,1,0,0,稳定 产品 交付 用户 反馈,0,0.0,0.0,0.0,0.37161931283827765,0.0,0.54115490341344,0.37161931283827765,0.0,0.0,0.0,0.0,0.0,0.0,0.54115490341344,0.37161931283827765,23.611858116396217,006,39,silver,1,0,0,new_region,0,0,0,0,0,1,jump_up,-0.09258697844895065,1.2362364550920875,12.38718162014905,1
,40,[269],27.3106102574093,84.25355787464419,web,2,0,0,reliable product delivery customer feedback,0,0.49623056257431153,0.49623056257431153,0.0,0.0,0.0,0.0,0.0,0.36143165764881946,0.36143165764881946,0.0,0.49623056257431153,0.0,0.0,0.0,0.0,25.050070940076814,006,40,gold,2,0,0,east,1,0,0,0,0,0,jump_up,0.9114208523693256,1.5139449667104958,6.021581823032087,1
,41,[270],26.779541547508035,89.6321849346368,web,2,0,0,稳定 服务 区域 产品 反馈,0,0.0,0.0,0.5273316095198977,0.3846395486696206,0.5273316095198977,0.0,0.3846395486696206,0.0,0.0,0.0,0.0,0.0,0.0,0.0,0.3846395486696206,24.243320848942414,006,41,bronze,0,0,0,east,1,0,0,0,0,0,jump_up,0.1954961877751475,1.1534438952846304,35.39785112664852,1
"[""capacity""]",42,[271],26.98622739540532,85.94691298629249,mobile,1,0,0,稳定 服务 区域 产品 反馈,0,0.0,0.0,0.5273316095198977,0.3846395486696206,0.5273316095198977,0.0,0.3846395486696206,0.0,0.0,0.0,0.0,0.0,0.0,0.0,0.3846395486696206,27.505735750231413,006,42,silver,1,0,0,east,1,0,0,0,0,0,jump_up,-0.7259406333974845,-2.4302979306538446,1.4077367651378372,1
"[""correlated_metric""]",43,[272],27.89798467578947,86.19649956042426,mobile,1,0,0,stable service regional product feedback,0,0.0,0.0,0.0,0.0,0.0,0.0,0.0,0.3498721264495162,0.3498721264495162,0.5017233601190293,0.0,0.5017233601190293,0.5017233601190293,0.0,0.0,25.380469078072263,006,43,silver,1,0,0,east,1,0,0,0,0,0,jump_up,-1.0256051137846027,-0.92895237956306,70.00402389733311,1
,44,[273],27.761898132847755,87.93808127554979,web,2,0,0,稳定 产品 交付 用户 反馈,0,0.0,0.0,0.0,0.37161931283827765,0.0,0.54115490341344,0.37161931283827765,0.0,0.0,0.0,0.0,0.0,0.0,0.54115490341344,0.37161931283827765,28.956365286896148,006,44,bronze,0,0,0,east,1,0,0,0,0,0,jump_up,1.628388672043083,-0.07072683442420329,24.213730909501766,1
"[""capacity""]",45,[274],27.206675385836405,85.94691298629249,api,0,0,0,稳定 产品 交付 用户 反馈,0,0.0,0.0,0.0,0.37161931283827765,0.0,0.54115490341344,0.37161931283827765,0.0,0.0,0.0,0.0,0.0,0.0,0.54115490341344,0.37161931283827765,28.4253822236567,006,45,bronze,0,0,0,east,1,0,0,0,0,0,jump_up,1.5824210016801004,-0.060976019869363934,17.173223242565186,1
,46,[275],27.299508168472155,83.22938362318231,mobile,1,0,0,stable service regional product feedback,0,0.0,0.0,0.0,0.0,0.0,0.0,0.0,0.3498721264495162,0.3498721264495162,0.5017233601190293,0.0,0.5017233601190293,0.5017233601190293,0.0,0.0,25.915947625025048,006,46,bronze,0,0,0,east,1,0,0,0,0,0,jump_up,0.37200485611505746,0.18530784332450362,43.48727075051143,1
"[""correlated_metric""]",47,[276],27.4521662276308,82.93133689492556,web,2,0,0,稳定 产品 交付 用户 反馈,0,0.0,0.0,0.0,0.37161931283827765,0.0,0.54115490341344,0.37161931283827765,0.0,0.0,0.0,0.0,0.0,0.0,0.54115490341344,0.37161931283827765,23.125750009869968,006,47,silver,1,0,0,east,1,0,0,0,0,0,jump_up,-0.9485976479444298,0.7301786379740557,42.141172351312385,1
,48,[277],27.30092928925502,88.4470853009187,web,2,0,0,stable service regional product feedback,0,0.0,0.0,0.0,0.0,0.0,0.0,0.0,0.3498721264495162,0.3498721264495162,0.5017233601190293,0.0,0.5017233601190293,0.5017233601190293,0.0,0.0,23.7551823032155,006,48,silver,1,0,0,east,1,0,0,0,0,0,jump_up,-0.8335798208569773,0.16088019150254074,12.048552655961988,1
"[""correlated_metric""]",1,[278],20.089987424707243,107.67223480465233,mobile,1,0,0,stable service regional product feedback,0,0.0,0.0,0.0,0.0,0.0,0.0,0.0,0.3498721264495162,0.3498721264495162,0.5017233601190293,0.0,0.5017233601190293,0.5017233601190293,0.0,0.0,27.06748855433045,007,1,gold,2,0,0,south,0,0,1,0,0,0,jump_up,-1.2153301148188782,-1.1080544783159645,39.067505871917845,0
,2,[279],19.907713980353897,103.66945428778129,web,2,0,0,reliable product delivery customer feedback,0,0.49623056257431153,0.49623056257431153,0.0,0.0,0.0,0.0,0.0,0.36143165764881946,0.36143165764881946,0.0,0.49623056257431153,0.0,0.0,0.0,0.0,26.352052342222034,007,2,silver,1,0,0,south,0,0,1,0,0,0,jump_up,-1.0624179245002088,-0.20985226176925692,8.55799756962071,0
,3,[280],20.23608090005147,110.81577565837996,api,0,0,0,reliable product delivery customer feedback,0,0.49623056257431153,0.49623056257431153,0.0,0.0,0.0,0.0,0.0,0.36143165764881946,0.36143165764881946,0.0,0.49623056257431153,0.0,0.0,0.0,0.0,26.300803204541253,007,3,gold,2,0,0,south,0,0,1,0,0,0,jump_up,-0.6112672055390934,0.26642097938977755,3.4940746755094896,0
,4,[281],20.196001069820568,112.68292023699361,api,0,0,0,稳定 服务 区域 产品 反馈,0,0.0,0.0,0.5273316095198977,0.3846395486696206,0.5273316095198977,0.0,0.3846395486696206,0.0,0.0,0.0,0.0,0.0,0.0,0.0,0.3846395486696206,30.435210180436666,007,4,gold,2,0,0,south,0,0,1,0,0,0,jump_up,0.28649004616165685,-1.0581864936349823,32.251887133891564,0
,5,[282],20.55953597716102,103.27414103057231,api,0,0,0,稳定 服务 区域 产品 反馈,0,0.0,0.0,0.5273316095198977,0.3846395486696206,0.5273316095198977,0.0,0.3846395486696206,0.0,0.0,0.0,0.0,0.0,0.0,0.0,0.3846395486696206,29.96935305817247,007,5,silver,1,0,0,south,0,0,1,0,0,0,jump_up,-0.09144666715100906,-1.3479910790242828,12.009170632656218,0
,6,[283],20.69230958840042,108.93408132434476,mobile,1,0,0,稳定 服务 区域 产品 反馈,0,0.0,0.0,0.5273316095198977,0.3846395486696206,0.5273316095198977,0.0,0.3846395486696206,0.0,0.0,0.0,0.0,0.0,0.0,0.0,0.3846395486696206,24.966723107866645,007,6,gold,2,0,0,south,0,0,1,0,0,0,jump_up,-0.14698923881844148,1.7005853768837194,30.476545009832655,0
"[""capacity""]",7,[284],20.70965837549716,107.75776469719591,mobile,1,0,0,reliable product delivery customer feedback,0,0.49623056257431153,0.49623056257431153,0.0,0.0,0.0,0.0,0.0,0.36143165764881946,0.36143165764881946,0.0,0.49623056257431153,0.0,0.0,0.0,0.0,29.508412750386174,007,7,bronze,0,0,0,south,0,0,1,0,0,0,jump_up,0.46049268037108343,-0.5686619383056374,12.310182252862223,0
"[""correlated_metric""]",8,[285],19.96765823947073,108.90451198658984,web,2,0,0,stable service regional product feedback,0,0.0,0.0,0.0,0.0,0.0,0.0,0.0,0.3498721264495162,0.3498721264495162,0.5017233601190293,0.0,0.5017233601190293,0.5017233601190293,0.0,0.0,26.47675586736237,007,8,gold,2,0,0,south,0,0,1,0,0,0,jump_up,-2.351604039651868,-0.1363169869632505,19.59971499009904,0
,9,[286],,112.47307415951367,web,2,0,0,稳定 产品 交付 用户 反馈,0,0.0,0.0,0.0,0.37161931283827765,0.0,0.54115490341344,0.37161931283827765,0.0,0.0,0.0,0.0,0.0,0.0,0.54115490341344,0.37161931283827765,26.078755744230044,007,9,gold,2,0,0,south,0,0,1,0,0,0,jump_up,-1.0277074027446933,-0.21801804905769054,8.123556963219444,0
"[""capacity""]",10,[287],19.90521542698121,107.75776469719591,web,2,0,0,稳定 服务 区域 产品 反馈,0,0.0,0.0,0.5273316095198977,0.3846395486696206,0.5273316095198977,0.0,0.3846395486696206,0.0,0.0,0.0,0.0,0.0,0.0,0.0,0.3846395486696206,26.16336897083478,007,10,silver,1,0,0,south,0,0,1,0,0,0,jump_up,-1.1270844103513615,-0.32821758534388257,111.040464793105,0
,11,[288],20.677366482197332,107.56107830613963,api,0,0,0,reliable product delivery customer feedback,0,0.49623056257431153,0.49623056257431153,0.0,0.0,0.0,0.0,0.0,0.36143165764881946,0.36143165764881946,0.0,0.49623056257431153,0.0,0.0,0.0,0.0,25.149157918150333,007,11,bronze,0,0,0,south,0,0,1,0,0,0,jump_up,-0.37827048086742165,1.3870503407524786,5.382968251986958,0
,12,[289],20.189009870455592,109.9130855303924,web,2,0,0,稳定 产品 交付 用户 反馈,0,0.0,0.0,0.0,0.37161931283827765,0.0,0.54115490341344,0.37161931283827765,0.0,0.0,0.0,0.0,0.0,0.0,0.54115490341344,0.37161931283827765,27.679447416682954,007,12,gold,2,0,0,south,0,0,1,0,0,0,jump_up,-0.8363213399205702,-0.8656628513715527,30.184719516090045,0
,13,[290],20.192773071885135,106.7562143212734,mobile,1,0,0,稳定 服务 区域 产品 反馈,0,0.0,0.0,0.5273316095198977,0.3846395486696206,0.5273316095198977,0.0,0.3846395486696206,0.0,0.0,0.0,0.0,0.0,0.0,0.0,0.3846395486696206,30.75217871123153,007,13,gold,2,0,0,south,0,0,1,0,0,0,jump_up,0.034534193897802504,-1.8391097400703371,22.21567850572276,0
,14,[291],20.145339506559242,107.67503017747477,mobile,1,0,0,stable service regional product feedback,0,0.0,0.0,0.0,0.0,0.0,0.0,0.0,0.3498721264495162,0.3498721264495162,0.5017233601190293,0.0,0.5017233601190293,0.5017233601190293,0.0,0.0,26.30362613133648,007,14,silver,1,0,0,south,0,0,1,0,0,0,jump_up,-0.32448728643357905,0.7501344957411785,84.5369430047272,0
,15,[292],20.62835608614994,104.32791341823632,api,0,0,0,stable service regional product feedback,0,0.0,0.0,0.0,0.0,0.0,0.0,0.0,0.3498721264495162,0.3498721264495162,0.5017233601190293,0.0,0.5017233601190293,0.5017233601190293,0.0,0.0,30.49613124673538,007,15,gold,2,0,0,south,0,0,1,0,0,0,jump_up,0.5298778061918648,-0.9690520070805234,29.547547149960472,0
,16,[293],19.923872792314366,103.9491905183985,api,0,0,0,稳定 服务 区域 产品 反馈,0,0.0,0.0,0.5273316095198977,0.3846395486696206,0.5273316095198977,0.0,0.3846395486696206,0.0,0.0,0.0,0.0,0.0,0.0,0.0,0.3846395486696206,29.623550087093584,007,16,silver,1,0,0,south,0,0,1,0,0,0,jump_up,-0.5040389639071741,-1.9618063197135394,21.235034048375585,0
"[""spend""]",17,[294],,105.28094174570715,api,0,0,0,稳定 产品 交付 用户 反馈,0,0.0,0.0,0.0,0.37161931283827765,0.0,0.54115490341344,0.37161931283827765,0.0,0.0,0.0,0.0,0.0,0.0,0.54115490341344,0.37161931283827765,32.2129433123206,007,17,bronze,0,0,0,south,0,0,1,0,0,0,jump_up,1.7602638739299017,-0.43076148485942883,21.725356277049173,0
"[""spend""]",18,[295],19.868499321442464,103.17427088700033,mobile,1,0,0,reliable product delivery customer feedback,0,0.49623056257431153,0.49623056257431153,0.0,0.0,0.0,0.0,0.0,0.36143165764881946,0.36143165764881946,0.0,0.49623056257431153,0.0,0.0,0.0,0.0,29.252853873434614,007,18,gold,2,0,0,south,0,0,1,0,0,0,jump_up,0.4038444899145974,-0.4802923432161507,21.725356277049173,0
,19,[296],,102.63409916958868,mobile,1,0,0,稳定 产品 交付 用户 反馈,0,0.0,0.0,0.0,0.37161931283827765,0.0,0.54115490341344,0.37161931283827765,0.0,0.0,0.0,0.0,0.0,0.0,0.54115490341344,0.37161931283827765,29.502861015495785,007,19,silver,1,0,0,south,0,0,1,0,0,0,jump_up,1.2302420782805226,0.7202522786289639,160.849365935233,0
,20,[297],19.52875166637513,111.91949261408992,web,2,0,0,reliable product delivery customer feedback,0,0.49623056257431153,0.49623056257431153,0.0,0.0,0.0,0.0,0.0,0.36143165764881946,0.36143165764881946,0.0,0.49623056257431153,0.0,0.0,0.0,0.0,26.448534516834304,007,20,gold,2,0,0,south,0,0,1,0,0,0,jump_up,-1.310967417956007,-1.0059744698523443,20.85240700653162,0
,21,[298],20.124729178018367,107.79499260588564,web,2,0,0,reliable product delivery customer feedback,0,0.49623056257431153,0.49623056257431153,0.0,0.0,0.0,0.0,0.0,0.36143165764881946,0.36143165764881946,0.0,0.49623056257431153,0.0,0.0,0.0,0.0,26.143542411223628,007,21,bronze,0,0,0,south,0,0,1,0,0,0,jump_up,-0.3449348938558988,0.7647042316947349,3.4402548795427106,0
,22,[299],,101.6017569771848,api,0,0,0,reliable product delivery customer feedback,0,0.49623056257431153,0.49623056257431153,0.0,0.0,0.0,0.0,0.0,0.36143165764881946,0.36143165764881946,0.0,0.49623056257431153,0.0,0.0,0.0,0.0,27.84223417645697,007,22,gold,2,0,0,south,0,0,1,0,0,0,jump_up,0.5395206009623719,0.9476460159608443,29.6327570434813,0
,23,[300],19.436315236911195,110.21134034985751,web,2,0,0,stable service regional product feedback,0,0.0,0.0,0.0,0.0,0.0,0.0,0.0,0.3498721264495162,0.3498721264495162,0.5017233601190293,0.0,0.5017233601190293,0.5017233601190293,0.0,0.0,27.748220754291793,007,23,gold,2,0,0,south,0,0,1,0,0,0,jump_up,0.3134910208413671,0.6984713152798202,38.319847267057455,0
,24,[301],19.94235709506631,104.65213864275341,api,0,0,0,reliable product delivery customer feedback,0,0.49623056257431153,0.49623056257431153,0.0,0.0,0.0,0.0,0.0,0.36143165764881946,0.36143165764881946,0.0,0.49623056257431153,0.0,0.0,0.0,0.0,29.609880278487218,007,24,bronze,0,0,0,south,0,0,1,0,0,0,jump_up,-0.11639575174237839,-1.2456084498538198,25.507368736428166,0
,25,[302],28.294036633834136,110.99486840526548,web,2,0,0,稳定 服务 区域 产品 反馈,0,0.0,0.0,0.5273316095198977,0.3846395486696206,0.5273316095198977,0.0,0.3846395486696206,0.0,0.0,0.0,0.0,0.0,0.0,0.0,0.3846395486696206,31.669345869922523,007,25,gold,2,0,0,south,0,0,1,0,0,0,jump_up,1.4530550045740922,-0.6215091391306496,27.67821358677674,1
"[""correlated_metric""]",26,[303],28.637187200778243,101.7204642627118,web,2,0,0,stable service regional product feedback,0,0.0,0.0,0.0,0.0,0.0,0.0,0.0,0.3498721264495162,0.3498721264495162,0.5017233601190293,0.0,0.5017233601190293,0.5017233601190293,0.0,0.0,26.122153557095277,007,26,gold,2,0,0,south,0,0,1,0,0,0,jump_up,0.7407633712928533,1.9711712197558164,29.64648778871446,1
,27,[304],28.078141302080677,106.28772066174302,api,0,0,0,稳定 服务 区域 产品 反馈,0,0.0,0.0,0.5273316095198977,0.3846395486696206,0.5273316095198977,0.0,0.3846395486696206,0.0,0.0,0.0,0.0,0.0,0.0,0.0,0.3846395486696206,24.375188632118952,007,27,silver,1,0,0,south,0,0,1,0,0,0,jump_up,-0.15815643021561213,2.158758811289009,33.852001237005105,1
,28,[305],28.492171166322443,110.92587325067159,mobile,1,0,0,reliable product delivery customer feedback,0,0.49623056257431153,0.49623056257431153,0.0,0.0,0.0,0.0,0.0,0.36143165764881946,0.36143165764881946,0.0,0.49623056257431153,0.0,0.0,0.0,0.0,24.754379746782295,007,28,bronze,0,0,0,south,0,0,1,0,0,0,jump_up,-0.9606833071826955,0.7839946701656444,9.100737166100625,1
,29,[306],27.277665696129425,115.97643137204696,web,2,0,0,稳定 产品 交付 用户 反馈,0,0.0,0.0,0.0,0.37161931283827765,0.0,0.54115490341344,0.37161931283827765,0.0,0.0,0.0,0.0,0.0,0.0,0.54115490341344,0.37161931283827765,28.82174936094878,007,29,silver,1,0,0,south,0,0,1,0,0,0,jump_up,0.9796444426558679,0.5731848403728164,20.294797413120886,1
"[""capacity""]",30,[307],28.490865877502642,107.75776469719591,api,0,0,0,稳定 服务 区域 产品 反馈,0,0.0,0.0,0.5273316095198977,0.3846395486696206,0.5273316095198977,0.0,0.3846395486696206,0.0,0.0,0.0,0.0,0.0,0.0,0.0,0.3846395486696206,26.267789613786174,007,30,silver,1,0,0,south,0,0,1,0,0,0,jump_up,-0.6726462997226414,0.40598865423539193,24.960003565915216,1
,31,[308],28.575402974499262,109.95619027666385,web,2,0,0,stable service regional product feedback,0,0.0,0.0,0.0,0.0,0.0,0.0,0.0,0.3498721264495162,0.3498721264495162,0.5017233601190293,0.0,0.5017233601190293,0.5017233601190293,0.0,0.0,30.330576267253175,007,31,silver,1,0,0,south,0,0,1,0,0,0,jump_up,0.6338870810656626,-0.6643663787317802,20.022865621934358,1
"[""correlated_metric""]",32,[309],28.499427273691303,104.60341472798181,mobile,1,0,0,stable service regional product feedback,0,0.0,0.0,0.0,0.0,0.0,0.0,0.0,0.3498721264495162,0.3498721264495162,0.5017233601190293,0.0,0.5017233601190293,0.5017233601190293,0.0,0.0,27.351760449996224,007,32,gold,2,0,0,south,0,0,1,0,0,0,jump_up,-0.48050918154257777,-0.6660018252011344,7.956859722577025,1
,33,[310],27.833588490511072,109.64087006861155,web,2,0,0,stable service regional product feedback,0,0.0,0.0,0.0,0.0,0.0,0.0,0.0,0.3498721264495162,0.3498721264495162,0.5017233601190293,0.0,0.5017233601190293,0.5017233601190293,0.0,0.0,28.33727864803031,007,33,silver,1,0,0,south,0,0,1,0,0,0,jump_up,0.16209965407139212,-0.08656264327979556,6.708308701505238,1
,34,[311],28.464226016600293,108.29520445205507,mobile,1,0,0,reliable product delivery customer feedback,0,0.49623056257431153,0.49623056257431153,0.0,0.0,0.0,0.0,0.0,0.36143165764881946,0.36143165764881946,0.0,0.49623056257431153,0.0,0.0,0.0,0.0,29.44725578371595,007,34,silver,1,0,0,south,0,0,1,0,0,0,jump_up,0.5025418424056932,-0.41164351908897157,18.72288104812396,1
,35,[312],28.264932363918703,109.45629100235496,mobile,1,0,0,stable service regional product feedback,0,0.0,0.0,0.0,0.0,0.0,0.0,0.0,0.3498721264495162,0.3498721264495162,0.5017233601190293,0.0,0.5017233601190293,0.5017233601190293,0.0,0.0,26.571565610228458,007,35,gold,2,0,0,south,0,0,1,0,0,0,jump_up,-1.4374787877047204,-0.947185223927281,16.36412816822532,1
,36,[313],27.977470386687465,107.15511484173864,api,0,0,0,stable service regional product feedback,0,0.0,0.0,0.0,0.0,0.0,0.0,0.0,0.3498721264495162,0.3498721264495162,0.5017233601190293,0.0,0.5017233601190293,0.5017233601190293,0.0,0.0,30.26857859135121,007,36,gold,2,0,0,south,0,0,1,0,0,0,jump_up,0.6828635583543029,-0.4782192949719309,10.421790932032142,1
,37,[314],27.75720688547373,99.93321112104391,mobile,1,0,0,stable service regional product feedback,0,0.0,0.0,0.0,0.0,0.0,0.0,0.0,0.3498721264495162,0.3498721264495162,0.5017233601190293,0.0,0.5017233601190293,0.5017233601190293,0.0,0.0,27.210173876189938,007,37,gold,2,0,0,south,0,0,1,0,0,0,jump_up,0.1690636491505919,0.7212957287493179,11.344182679854423,1
,38,[315],27.904763689725787,111.85946710450716,mobile,1,0,0,stable service regional product feedback,0,0.0,0.0,0.0,0.0,0.0,0.0,0.0,0.3498721264495162,0.3498721264495162,0.5017233601190293,0.0,0.5017233601190293,0.5017233601190293,0.0,0.0,27.51285723019657,007,38,bronze,0,0,0,south,0,0,1,0,0,0,jump_up,0.30828397523637113,0.9448877784997234,10.921591556060472,1
"[""correlated_metric""]",39,[316],28.314298925462616,105.38016599065558,web,2,0,0,stable service regional product feedback,0,0.0,0.0,0.0,0.0,0.0,0.0,0.0,0.3498721264495162,0.3498721264495162,0.5017233601190293,0.0,0.5017233601190293,0.5017233601190293,0.0,0.0,29.502073169776455,007,39,bronze,0,0,0,new_region,0,0,0,0,0,1,jump_up,1.6101919341117208,0.07129532856170316,29.775994858360637,1
,40,[317],27.92963652762274,112.12963245602165,web,2,0,0,稳定 产品 交付 用户 反馈,0,0.0,0.0,0.0,0.37161931283827765,0.0,0.54115490341344,0.37161931283827765,0.0,0.0,0.0,0.0,0.0,0.0,0.54115490341344,0.37161931283827765,28.717031025689117,007,40,silver,1,0,0,south,0,0,1,0,0,0,jump_up,0.44886138387710056,0.13627103699092952,52.68871467225934,1
,41,[318],28.330488142699007,107.62348886927072,mobile,1,0,0,stable service regional product feedback,0,0.0,0.0,0.0,0.0,0.0,0.0,0.0,0.3498721264495162,0.3498721264495162,0.5017233601190293,0.0,0.5017233601190293,0.5017233601190293,0.0,0.0,27.78308146661627,007,41,gold,2,0,0,south,0,0,1,0,0,0,jump_up,-0.6115009888302821,-0.9485885387836074,10.819694539286997,1
,42,[319],28.421761757359082,114.1095081181548,api,0,0,0,稳定 产品 交付 用户 反馈,0,0.0,0.0,0.0,0.37161931283827765,0.0,0.54115490341344,0.37161931283827765,0.0,0.0,0.0,0.0,0.0,0.0,0.54115490341344,0.37161931283827765,28.33312831356715,007,42,silver,1,0,0,south,0,0,1,0,0,0,jump_up,-0.39671543564721,-0.5675826054584422,4.423057447476022,1
,43,[320],27.87243629705661,117.29612404273936,mobile,1,0,0,reliable product delivery customer feedback,0,0.49623056257431153,0.49623056257431153,0.0,0.0,0.0,0.0,0.0,0.36143165764881946,0.36143165764881946,0.0,0.49623056257431153,0.0,0.0,0.0,0.0,29.483249214602587,007,43,silver,1,0,0,south,0,0,1,0,0,0,jump_up,1.0623777850766785,0.37783087260784837,17.543441185932718,1
,44,[321],28.069040952979282,107.71579646752822,api,0,0,0,稳定 产品 交付 用户 反馈,0,0.0,0.0,0.0,0.37161931283827765,0.0,0.54115490341344,0.37161931283827765,0.0,0.0,0.0,0.0,0.0,0.0,0.54115490341344,0.37161931283827765,28.49218031918588,007,44,gold,2,0,0,south,0,0,1,0,0,0,jump_up,0.9350233833771674,0.8655092727250888,18.78102791791143,1
,45,[322],27.72521623836061,113.18544478828461,mobile,1,0,0,reliable product delivery customer feedback 量子 推荐 hyperpersonalised,0,0.49623056257431153,0.49623056257431153,0.0,0.0,0.0,0.0,0.0,0.36143165764881946,0.36143165764881946,0.0,0.49623056257431153,0.0,0.0,0.0,0.0,29.355463076699813,007,45,bronze,0,0,0,south,0,0,1,0,0,0,jump_up,0.47126270067311304,,12.376827253412742,1
,46,[323],28.10915390606039,116.00568176823495,api,0,0,0,稳定 服务 区域 产品 反馈,0,0.0,0.0,0.5273316095198977,0.3846395486696206,0.5273316095198977,0.0,0.3846395486696206,0.0,0.0,0.0,0.0,0.0,0.0,0.0,0.3846395486696206,24.18582267102965,007,46,gold,2,0,0,south,0,0,1,0,0,0,jump_up,-0.7358956025514952,1.4409883905097804,16.107757708575537,1
"[""spend""]",47,[324],27.41847675839027,107.2386082601016,api,0,0,0,稳定 服务 区域 产品 反馈,0,0.0,0.0,0.5273316095198977,0.3846395486696206,0.5273316095198977,0.0,0.3846395486696206,0.0,0.0,0.0,0.0,0.0,0.0,0.0,0.3846395486696206,25.691011637201036,007,47,silver,1,0,0,south,0,0,1,0,0,0,jump_up,-1.0115404488310429,0.07069252217586568,21.725356277049173,1
,48,[325],28.370529708798887,102.8265003027474,api,0,0,0,reliable product delivery customer feedback,0,0.49623056257431153,0.49623056257431153,0.0,0.0,0.0,0.0,0.0,0.36143165764881946,0.36143165764881946,0.0,0.49623056257431153,0.0,0.0,0.0,0.0,23.44334026387658,007,48,bronze,0,0,0,south,0,0,1,0,0,0,jump_up,,,12.184442226838414,1
,1,[326],20.4680031418024,104.63365749392234,mobile,1,0,0,reliable product delivery customer feedback,0,0.49623056257431153,0.49623056257431153,0.0,0.0,0.0,0.0,0.0,0.36143165764881946,0.36143165764881946,0.0,0.49623056257431153,0.0,0.0,0.0,0.0,26.428307601293376,008,1,silver,1,0,0,west,0,0,0,1,0,0,jump_up,0.25425818641737524,0.1802181886102488,12.456438620473946,0
,2,[327],20.804730924535185,112.44348695785011,api,0,0,0,稳定 服务 区域 产品 反馈,0,0.0,0.0,0.5273316095198977,0.3846395486696206,0.5273316095198977,0.0,0.3846395486696206,0.0,0.0,0.0,0.0,0.0,0.0,0.0,0.3846395486696206,25.488595330521722,008,2,gold,2,0,0,west,0,0,0,1,0,0,jump_up,0.6144517156715419,1.0982916927886064,4.401228920509949,0
,3,[328],20.68827711848505,105.87868768837079,api,0,0,0,稳定 服务 区域 产品 反馈,0,0.0,0.0,0.5273316095198977,0.3846395486696206,0.5273316095198977,0.0,0.3846395486696206,0.0,0.0,0.0,0.0,0.0,0.0,0.0,0.3846395486696206,23.433886425157134,008,3,gold,2,0,0,west,0,0,0,1,0,0,jump_up,-0.39407059554809437,1.272002465058628,31.623816216949518,0
,4,[329],20.741421930299865,108.12361954464178,web,2,0,0,stable service regional product feedback,0,0.0,0.0,0.0,0.0,0.0,0.0,0.0,0.3498721264495162,0.3498721264495162,0.5017233601190293,0.0,0.5017233601190293,0.5017233601190293,0.0,0.0,28.280293723070702,008,4,bronze,0,0,0,west,0,0,0,1,0,0,jump_up,0.5803067866390818,-0.5437827198744158,5.184911951600684,0
,5,[330],20.483987460399295,106.17505181959878,mobile,1,0,0,stable service regional product feedback,0,0.0,0.0,0.0,0.0,0.0,0.0,0.0,0.3498721264495162,0.3498721264495162,0.5017233601190293,0.0,0.5017233601190293,0.5017233601190293,0.0,0.0,24.89782564508691,008,5,bronze,0,0,0,west,0,0,0,1,0,0,jump_up,-0.9107990274638978,-0.28023420696900664,8.349738095372068,0
,6,[331],20.8550885855004,109.0695609185548,mobile,1,0,0,stable service regional product feedback,0,0.0,0.0,0.0,0.0,0.0,0.0,0.0,0.3498721264495162,0.3498721264495162,0.5017233601190293,0.0,0.5017233601190293,0.5017233601190293,0.0,0.0,25.214267482860322,008,6,silver,1,0,0,west,0,0,0,1,0,0,jump_up,-0.8602386649354359,-0.5485233588729759,14.256963903361433,0
,7,[332],20.35274313944914,105.04817863947909,api,0,0,0,reliable product delivery customer feedback,0,0.49623056257431153,0.49623056257431153,0.0,0.0,0.0,0.0,0.0,0.36143165764881946,0.36143165764881946,0.0,0.49623056257431153,0.0,0.0,0.0,0.0,24.503566908704986,008,7,gold,2,0,0,west,0,0,0,1,0,0,jump_up,-0.7774088621079085,0.27099456319991194,59.73659034585333,0
,8,[333],21.023176414058806,103.47081288516875,api,0,0,0,stable service regional product feedback,0,0.0,0.0,0.0,0.0,0.0,0.0,0.0,0.3498721264495162,0.3498721264495162,0.5017233601190293,0.0,0.5017233601190293,0.5017233601190293,0.0,0.0,30.322853294737836,008,8,gold,2,0,0,west,0,0,0,1,0,0,jump_up,1.897897479909338,0.0813097750860712,34.92622399743913,0
,9,[334],21.48672000328125,105.06992759355228,web,2,0,0,reliable product delivery customer feedback,0,0.49623056257431153,0.49623056257431153,0.0,0.0,0.0,0.0,0.0,0.36143165764881946,0.36143165764881946,0.0,0.49623056257431153,0.0,0.0,0.0,0.0,23.59494138247129,008,9,bronze,0,0,0,west,0,0,0,1,0,0,jump_up,-1.170116561373835,0.4296072321559932,13.472644586559325,0
"[""correlated_metric""]",10,[335],20.370262520691245,104.7145739316255,mobile,1,0,0,稳定 服务 区域 产品 反馈,0,0.0,0.0,0.5273316095198977,0.3846395486696206,0.5273316095198977,0.0,0.3846395486696206,0.0,0.0,0.0,0.0,0.0,0.0,0.0,0.3846395486696206,25.104971660720267,008,10,bronze,0,0,0,west,0,0,0,1,0,0,jump_up,0.32426698996717174,1.205018500741934,22.18325181150259,0
,11,[336],21.104295950453647,106.62387461030605,web,2,0,0,stable service regional product feedback,0,0.0,0.0,0.0,0.0,0.0,0.0,0.0,0.3498721264495162,0.3498721264495162,0.5017233601190293,0.0,0.5017233601190293,0.5017233601190293,0.0,0.0,25.263588986600592,008,11,bronze,0,0,0,west,0,0,0,1,0,0,jump_up,-0.31284271633342814,0.08514713677049066,24.80354083226171,0
"[""capacity""]",12,[337],20.322854853498583,105.4733320629377,mobile,1,0,0,稳定 服务 区域 产品 反馈,0,0.0,0.0,0.5273316095198977,0.3846395486696206,0.5273316095198977,0.0,0.3846395486696206,0.0,0.0,0.0,0.0,0.0,0.0,0.0,0.3846395486696206,26.66680024904493,008,12,silver,1,0,0,west,0,0,0,1,0,0,jump_up,0.8689959082408144,0.7777818093969007,21.515407630019975,0
"[""correlated_metric""]",13,[338],21.37881615151785,99.18497625910882,mobile,1,0,0,稳定 产品 交付 用户 反馈,0,0.0,0.0,0.0,0.37161931283827765,0.0,0.54115490341344,0.37161931283827765,0.0,0.0,0.0,0.0,0.0,0.0,0.54115490341344,0.37161931283827765,26.365123611462717,008,13,bronze,0,0,0,west,0,0,0,1,0,0,jump_up,0.2540404431113342,0.3886868904068195,38.94605615055585,0
,14,[339],21.081492320762397,103.2498795101828,api,0,0,0,稳定 产品 交付 用户 反馈,0,0.0,0.0,0.0,0.37161931283827765,0.0,0.54115490341344,0.37161931283827765,0.0,0.0,0.0,0.0,0.0,0.0,0.54115490341344,0.37161931283827765,27.37310171114224,008,14,silver,1,0,0,west,0,0,0,1,0,0,jump_up,0.5716561720265072,0.05101348928737221,60.03177346054503,0
,15,[340],20.242310812418665,105.02376169016924,web,2,0,0,stable service regional product feedback,0,0.0,0.0,0.0,0.0,0.0,0.0,0.0,0.3498721264495162,0.3498721264495162,0.5017233601190293,0.0,0.5017233601190293,0.5017233601190293,0.0,0.0,27.238783272798916,008,15,silver,1,0,0,west,0,0,0,1,0,0,jump_up,0.08881997809794909,-0.49779803437039727,21.87499225125432,0
"[""spend""]",16,[341],21.086091091418545,103.38993140153438,api,0,0,0,稳定 产品 交付 用户 反馈,0,0.0,0.0,0.0,0.37161931283827765,0.0,0.54115490341344,0.37161931283827765,0.0,0.0,0.0,0.0,0.0,0.0,0.54115490341344,0.37161931283827765,22.361305764580035,008,16,gold,2,0,0,west,0,0,0,1,0,0,jump_up,-1.057389798550813,1.4572727530655991,21.87499225125432,0
,17,[342],21.627132262937906,99.9318408785548,mobile,1,0,0,stable service regional product feedback,0,0.0,0.0,0.0,0.0,0.0,0.0,0.0,0.3498721264495162,0.3498721264495162,0.5017233601190293,0.0,0.5017233601190293,0.5017233601190293,0.0,0.0,24.244484610074796,008,17,gold,2,0,0,west,0,0,0,1,0,0,jump_up,0.5700235864884861,2.2199251533184783,19.269248296347698,0
,18,[343],21.37984109727385,108.19393173451992,mobile,1,0,0,stable service regional product feedback,0,0.0,0.0,0.0,0.0,0.0,0.0,0.0,0.3498721264495162,0.3498721264495162,0.5017233601190293,0.0,0.5017233601190293,0.5017233601190293,0.0,0.0,27.388354420775304,008,18,bronze,0,0,0,west,0,0,0,1,0,0,jump_up,-0.2424382058903236,-1.0566067134427333,13.096840100964949,0
"[""spend""]",19,[344],20.235093007845755,109.73023241670978,api,0,0,0,稳定 产品 交付 用户 反馈,0,0.0,0.0,0.0,0.37161931283827765,0.0,0.54115490341344,0.37161931283827765,0.0,0.0,0.0,0.0,0.0,0.0,0.54115490341344,0.37161931283827765,29.35666113553086,008,19,gold,2,0,0,west,0,0,0,1,0,0,jump_up,1.574642763220646,0.3778237730639769,21.87499225125432,0
,20,[345],20.96360003686131,105.71602657971012,web,2,0,0,稳定 服务 区域 产品 反馈,0,0.0,0.0,0.5273316095198977,0.3846395486696206,0.5273316095198977,0.0,0.3846395486696206,0.0,0.0,0.0,0.0,0.0,0.0,0.0,0.3846395486696206,23.061377364986633,008,20,silver,1,0,0,west,0,0,0,1,0,0,jump_up,-1.4616813674609324,0.1102719294315,20.09229596109531,0
,21,[346],21.283767025855074,110.76130239232785,web,2,0,0,稳定 产品 交付 用户 反馈,0,0.0,0.0,0.0,0.37161931283827765,0.0,0.54115490341344,0.37161931283827765,0.0,0.0,0.0,0.0,0.0,0.0,0.54115490341344,0.37161931283827765,26.834386969910266,008,21,gold,2,0,0,west,0,0,0,1,0,0,jump_up,0.0742296936690005,-0.30954860449783506,64.94094464181063,0
,22,[347],20.471508842279935,106.09944642284695,mobile,1,0,0,reliable product delivery customer feedback,0,0.49623056257431153,0.49623056257431153,0.0,0.0,0.0,0.0,0.0,0.36143165764881946,0.36143165764881946,0.0,0.49623056257431153,0.0,0.0,0.0,0.0,25.90513006408313,008,22,bronze,0,0,0,west,0,0,0,1,0,0,jump_up,-0.5002052779389048,-0.5492802546992475,10.074911157618448,0
,23,[348],20.138609220122465,110.5145584031836,api,0,0,0,reliable product delivery customer feedback,0,0.49623056257431153,0.49623056257431153,0.0,0.0,0.0,0.0,0.0,0.36143165764881946,0.36143165764881946,0.0,0.49623056257431153,0.0,0.0,0.0,0.0,25.891701586959016,008,23,bronze,0,0,0,west,0,0,0,1,0,0,jump_up,0.5487116318813907,0.9687363762842114,51.80365595623516,0
"[""correlated_metric""]",24,[349],21.12300622536112,97.23004149342313,mobile,1,0,0,stable service regional product feedback,0,0.0,0.0,0.0,0.0,0.0,0.0,0.0,0.3498721264495162,0.3498721264495162,0.5017233601190293,0.0,0.5017233601190293,0.5017233601190293,0.0,0.0,26.61685187707257,008,24,bronze,0,0,0,west,0,0,0,1,0,0,jump_up,,-1.2121604338397531,11.315927199372059,0
"[""spend""]",25,[350],28.95386638101007,96.67045432438186,mobile,1,0,0,reliable product delivery customer feedback,0,0.49623056257431153,0.49623056257431153,0.0,0.0,0.0,0.0,0.0,0.36143165764881946,0.36143165764881946,0.0,0.49623056257431153,0.0,0.0,0.0,0.0,26.68894700955778,008,25,bronze,0,0,0,west,0,0,0,1,0,0,jump_up,0.15443121723561243,-0.22964472178141848,21.87499225125432,1
,26,[351],28.588007715229974,103.93273659493893,mobile,1,0,0,reliable product delivery customer feedback,0,0.49623056257431153,0.49623056257431153,0.0,0.0,0.0,0.0,0.0,0.36143165764881946,0.36143165764881946,0.0,0.49623056257431153,0.0,0.0,0.0,0.0,27.27911304054451,008,26,bronze,0,0,0,west,0,0,0,1,0,0,jump_up,-0.2005365899741184,,12.063531771443731,1
"[""correlated_metric""]",27,[352],29.0081747781441,111.8962242079802,mobile,1,0,0,稳定 产品 交付 用户 反馈,0,0.0,0.0,0.0,0.37161931283827765,0.0,0.54115490341344,0.37161931283827765,0.0,0.0,0.0,0.0,0.0,0.0,0.54115490341344,0.37161931283827765,24.57510613073814,008,27,gold,2,0,0,west,0,0,0,1,0,0,jump_up,-1.0342203204744584,0.09149527857088759,56.153863111537476,1
,28,[353],28.9940334523756,110.5416812938525,api,0,0,0,稳定 服务 区域 产品 反馈,0,0.0,0.0,0.5273316095198977,0.3846395486696206,0.5273316095198977,0.0,0.3846395486696206,0.0,0.0,0.0,0.0,0.0,0.0,0.0,0.3846395486696206,27.097857568081533,008,28,silver,1,0,0,west,0,0,0,1,0,0,jump_up,0.3132931270767792,0.05096542913141241,11.276173521747966,1
,29,[354],28.157135582206116,107.39888518923301,web,2,0,0,reliable product delivery customer feedback,0,0.49623056257431153,0.49623056257431153,0.0,0.0,0.0,0.0,0.0,0.36143165764881946,0.36143165764881946,0.0,0.49623056257431153,0.0,0.0,0.0,0.0,26.30445324381578,008,29,bronze,0,0,0,west,0,0,0,1,0,0,jump_up,0.8478770397996347,1.1919463859930157,13.596759195868152,1
,30,[355],28.519511665406085,102.60767326854932,web,2,0,0,稳定 服务 区域 产品 反馈,0,0.0,0.0,0.5273316095198977,0.3846395486696206,0.5273316095198977,0.0,0.3846395486696206,0.0,0.0,0.0,0.0,0.0,0.0,0.0,0.3846395486696206,29.313891118763127,008,30,gold,2,0,0,west,0,0,0,1,0,0,jump_up,0.11685957554856378,-1.838603888193305,11.480999515250398,1
,31,[356],28.949727781206047,108.66665007971815,mobile,1,0,0,reliable product delivery customer feedback,0,0.49623056257431153,0.49623056257431153,0.0,0.0,0.0,0.0,0.0,0.36143165764881946,0.36143165764881946,0.0,0.49623056257431153,0.0,0.0,0.0,0.0,28.912922554884982,008,31,bronze,0,0,0,west,0,0,0,1,0,0,jump_up,2.0098918892263047,1.012813779376363,145.97826727446744,1
,32,[357],28.91081329514811,103.4988506941281,web,2,0,0,稳定 产品 交付 用户 反馈,0,0.0,0.0,0.0,0.37161931283827765,0.0,0.54115490341344,0.37161931283827765,0.0,0.0,0.0,0.0,0.0,0.0,0.54115490341344,0.37161931283827765,22.755140762290917,008,32,gold,2,0,0,west,0,0,0,1,0,0,jump_up,-1.095978209952337,1.0581213200902733,106.73463446820217,1
"[""spend""]",33,[358],28.890077144800934,105.60723663021282,api,0,0,0,稳定 服务 区域 产品 反馈,0,0.0,0.0,0.5273316095198977,0.3846395486696206,0.5273316095198977,0.0,0.3846395486696206,0.0,0.0,0.0,0.0,0.0,0.0,0.0,0.3846395486696206,25.604245708695885,008,33,bronze,0,0,0,west,0,0,0,1,0,0,jump_up,0.35626478611603285,1.1251156316920483,21.87499225125432,1
,35,[359],28.594861343241234,110.20140466623202,web,2,0,0,reliable product delivery customer feedback,0,0.49623056257431153,0.49623056257431153,0.0,0.0,0.0,0.0,0.0,0.36143165764881946,0.36143165764881946,0.0,0.49623056257431153,0.0,0.0,0.0,0.0,27.6101547317171,008,35,silver,1,0,0,west,0,0,0,1,0,0,jump_up,0.2687659946826382,-0.5409513934245043,108.86704450684918,1
"[""correlated_metric""]",36,[360],29.130888719611338,111.48694387991773,web,2,0,0,reliable product delivery customer feedback 量子 推荐 hyperpersonalised,0,0.49623056257431153,0.49623056257431153,0.0,0.0,0.0,0.0,0.0,0.36143165764881946,0.36143165764881946,0.0,0.49623056257431153,0.0,0.0,0.0,0.0,27.338615707521186,008,36,silver,1,0,0,west,0,0,0,1,0,0,jump_up,0.3044900851269436,-0.6705987948418509,29.213723044028495,1
"[""correlated_metric""]",37,[361],28.77145212841477,105.53567327740623,web,2,0,0,稳定 服务 区域 产品 反馈,0,0.0,0.0,0.5273316095198977,0.3846395486696206,0.5273316095198977,0.0,0.3846395486696206,0.0,0.0,0.0,0.0,0.0,0.0,0.0,0.3846395486696206,27.801170729214782,008,37,silver,1,0,0,west,0,0,0,1,0,0,jump_up,1.1092063437828652,0.11303726467804884,4.60397127112845,1
,38,[362],29.00602123063496,101.08766778180056,web,2,0,0,稳定 服务 区域 产品 反馈,0,0.0,0.0,0.5273316095198977,0.3846395486696206,0.5273316095198977,0.0,0.3846395486696206,0.0,0.0,0.0,0.0,0.0,0.0,0.0,0.3846395486696206,26.847201331548717,008,38,bronze,0,0,0,west,0,0,0,1,0,0,jump_up,-0.6281561805937643,-1.0189733477334992,20.21475322649039,1
"[""spend""]",39,[363],28.333668380027476,114.81073851925375,mobile,1,0,0,稳定 产品 交付 用户 反馈,0,0.0,0.0,0.0,0.37161931283827765,0.0,0.54115490341344,0.37161931283827765,0.0,0.0,0.0,0.0,0.0,0.0,0.54115490341344,0.37161931283827765,29.440507866408552,008,39,bronze,0,0,0,new_region,0,0,0,0,0,1,jump_up,0.391149502552214,-1.831824863802583,21.87499225125432,1
,40,[364],28.32961499813363,96.83460126073757,web,2,0,0,stable service regional product feedback,0,0.0,0.0,0.0,0.0,0.0,0.0,0.0,0.3498721264495162,0.3498721264495162,0.5017233601190293,0.0,0.5017233601190293,0.5017233601190293,0.0,0.0,28.030344646860527,008,40,silver,1,0,0,west,0,0,0,1,0,0,jump_up,0.6742471880132788,-0.4266112733265549,8.720748584184644,1
,41,[365],28.807675577065282,106.08414429145927,api,0,0,0,稳定 服务 区域 产品 反馈,0,0.0,0.0,0.5273316095198977,0.3846395486696206,0.5273316095198977,0.0,0.3846395486696206,0.0,0.0,0.0,0.0,0.0,0.0,0.0,0.3846395486696206,23.923198034691584,008,41,bronze,0,0,0,west,0,0,0,1,0,0,jump_up,-0.6809266370683107,0.6699702867726306,5.310794255605607,1
,42,[366],,105.10247958958357,mobile,1,0,0,稳定 服务 区域 产品 反馈,0,0.0,0.0,0.5273316095198977,0.3846395486696206,0.5273316095198977,0.0,0.3846395486696206,0.0,0.0,0.0,0.0,0.0,0.0,0.0,0.3846395486696206,26.799047727868025,008,42,silver,1,0,0,new_region,0,0,0,0,0,1,jump_up,0.6335334404728803,0.6124694409667377,32.03936580963239,1
,43,[367],28.962181669578126,102.6088861789663,web,2,0,0,稳定 产品 交付 用户 反馈,0,0.0,0.0,0.0,0.37161931283827765,0.0,0.54115490341344,0.37161931283827765,0.0,0.0,0.0,0.0,0.0,0.0,0.54115490341344,0.37161931283827765,29.157738505541968,008,43,gold,2,0,0,west,0,0,0,1,0,0,jump_up,1.6452642364840995,0.3955782038662127,18.97625303519113,1
,44,[368],27.93378665033961,105.88201915957798,web,2,0,0,稳定 产品 交付 用户 反馈,0,0.0,0.0,0.0,0.37161931283827765,0.0,0.54115490341344,0.37161931283827765,0.0,0.0,0.0,0.0,0.0,0.0,0.54115490341344,0.37161931283827765,26.50597026215711,008,44,silver,1,0,0,west,0,0,0,1,0,0,jump_up,0.8825433737216928,1.3749950512840206,21.179822205883358,1
,45,[369],29.31287469258917,97.252522073759,api,0,0,0,稳定 产品 交付 用户 反馈 量子 推荐 hyperpersonalised,0,0.0,0.0,0.0,0.37161931283827765,0.0,0.54115490341344,0.37161931283827765,0.0,0.0,0.0,0.0,0.0,0.0,0.54115490341344,0.37161931283827765,24.69762031229695,008,45,silver,1,0,0,west,0,0,0,1,0,0,jump_up,-1.385968211741116,-0.5669825848406,57.306044217251504,1
"[""capacity"", ""spend""]",46,[370],28.96146092634541,105.4733320629377,web,2,0,0,稳定 服务 区域 产品 反馈,0,0.0,0.0,0.5273316095198977,0.3846395486696206,0.5273316095198977,0.0,0.3846395486696206,0.0,0.0,0.0,0.0,0.0,0.0,0.0,0.3846395486696206,28.958136234604204,008,46,gold,2,0,0,west,0,0,0,1,0,0,jump_up,1.6709985394661868,0.7118757509500225,21.87499225125432,1
,47,[371],28.779420047713256,108.46635291656501,web,2,0,0,稳定 产品 交付 用户 反馈,0,0.0,0.0,0.0,0.37161931283827765,0.0,0.54115490341344,0.37161931283827765,0.0,0.0,0.0,0.0,0.0,0.0,0.54115490341344,0.37161931283827765,22.41650668993151,008,47,bronze,0,0,0,west,0,0,0,1,0,0,jump_up,-1.9923906086537675,0.08366967011510754,17.384833541019844,1
"[""correlated_metric""]",48,[372],28.72326652923522,110.45959018744084,web,2,0,0,稳定 产品 交付 用户 反馈,0,0.0,0.0,0.0,0.37161931283827765,0.0,0.54115490341344,0.37161931283827765,0.0,0.0,0.0,0.0,0.0,0.0,0.54115490341344,0.37161931283827765,23.62936272833314,008,48,silver,1,0,0,west,0,0,0,1,0,0,jump_up,-1.3186268260859295,0.9255907636897693,16.45851105680791,1
,1,[373],17.956746155016322,102.23472199079504,mobile,1,0,0,稳定 服务 区域 产品 反馈,0,0.0,0.0,0.5273316095198977,0.3846395486696206,0.5273316095198977,0.0,0.3846395486696206,0.0,0.0,0.0,0.0,0.0,0.0,0.0,0.3846395486696206,28.553561723576124,009,1,bronze,0,0,0,north,0,1,0,0,0,0,jump_down,0.5015939233659643,-0.029288653050113626,5.571038395270231,0
,2,[374],17.993966355464604,106.66016344680345,web,2,0,0,stable service regional product feedback,0,0.0,0.0,0.0,0.0,0.0,0.0,0.0,0.3498721264495162,0.3498721264495162,0.5017233601190293,0.0,0.5017233601190293,0.5017233601190293,0.0,0.0,26.046600937520832,009,2,silver,1,0,0,north,0,1,0,0,0,0,jump_down,-0.587754308820441,0.5621203339849283,17.994173475368644,0
,3,[375],17.832202963689255,107.94760010273261,mobile,1,0,0,stable service regional product feedback,0,0.0,0.0,0.0,0.0,0.0,0.0,0.0,0.3498721264495162,0.3498721264495162,0.5017233601190293,0.0,0.5017233601190293,0.5017233601190293,0.0,0.0,25.75679809732519,009,3,gold,2,0,0,north,0,1,0,0,0,0,jump_down,-1.366163236681778,-0.5530269127046892,7.5120941687211085,0
,4,[376],18.34339656727161,100.79025998066282,mobile,1,0,0,稳定 服务 区域 产品 反馈,0,0.0,0.0,0.5273316095198977,0.3846395486696206,0.5273316095198977,0.0,0.3846395486696206,0.0,0.0,0.0,0.0,0.0,0.0,0.0,0.3846395486696206,29.26214650770849,009,4,gold,2,0,0,north,0,1,0,0,0,0,jump_down,1.218482710175637,0.5404407912266438,9.218192864632705,0
,5,[377],18.64335733978522,108.33251980992276,web,2,0,0,稳定 产品 交付 用户 反馈,0,0.0,0.0,0.0,0.37161931283827765,0.0,0.54115490341344,0.37161931283827765,0.0,0.0,0.0,0.0,0.0,0.0,0.54115490341344,0.37161931283827765,25.329793809716456,009,5,bronze,0,0,0,north,0,1,0,0,0,0,jump_down,-0.8330332169258992,0.3349918204582499,12.027744517588484,0
,6,[378],18.305369291146178,115.570041964373,api,0,0,0,稳定 服务 区域 产品 反馈,0,0.0,0.0,0.5273316095198977,0.3846395486696206,0.5273316095198977,0.0,0.3846395486696206,0.0,0.0,0.0,0.0,0.0,0.0,0.0,0.3846395486696206,26.476548271891268,009,6,gold,2,0,0,north,0,1,0,0,0,0,jump_down,-0.5903065277250296,0.14784701883115242,17.71189593770816,0
"[""capacity""]",7,[379],18.805073809991764,106.66364017725434,web,2,0,0,stable service regional product feedback,0,0.0,0.0,0.0,0.0,0.0,0.0,0.0,0.3498721264495162,0.3498721264495162,0.5017233601190293,0.0,0.5017233601190293,0.5017233601190293,0.0,0.0,29.148472015576893,009,7,gold,2,0,0,north,0,1,0,0,0,0,jump_down,1.0546974674642329,0.5135293398936059,15.728197665800904,0
,8,[380],18.362234055803736,107.29698446703519,mobile,1,0,0,稳定 服务 区域 产品 反馈,0,0.0,0.0,0.5273316095198977,0.3846395486696206,0.5273316095198977,0.0,0.3846395486696206,0.0,0.0,0.0,0.0,0.0,0.0,0.0,0.3846395486696206,32.882583502432844,009,8,bronze,0,0,0,north,0,1,0,0,0,0,jump_down,1.9510547441694317,-0.6977802176115981,31.919174634707918,0
,9,[381],,108.70003868562178,mobile,1,0,0,稳定 产品 交付 用户 反馈,0,0.0,0.0,0.0,0.37161931283827765,0.0,0.54115490341344,0.37161931283827765,0.0,0.0,0.0,0.0,0.0,0.0,0.54115490341344,0.37161931283827765,26.660826391642154,009,9,silver,1,0,0,north,0,1,0,0,0,0,jump_down,-1.6117170358844677,-1.5722232737839776,28.51945408060856,0
"[""capacity""]",10,[382],18.520661229967796,106.66364017725434,web,2,0,0,稳定 服务 区域 产品 反馈,0,0.0,0.0,0.5273316095198977,0.3846395486696206,0.5273316095198977,0.0,0.3846395486696206,0.0,0.0,0.0,0.0,0.0,0.0,0.0,0.3846395486696206,28.584874357278984,009,10,bronze,0,0,0,north,0,1,0,0,0,0,jump_down,-0.31791677572474947,-1.0242247040702972,25.995628745610976,0
,11,[383],18.723148637616738,107.5221848834012,mobile,1,0,0,稳定 产品 交付 用户 反馈,0,0.0,0.0,0.0,0.37161931283827765,0.0,0.54115490341344,0.37161931283827765,0.0,0.0,0.0,0.0,0.0,0.0,0.54115490341344,0.37161931283827765,28.2814590461017,009,11,bronze,0,0,0,north,0,1,0,0,0,0,jump_down,0.06038273795406569,-0.35522155222245183,24.870622317183702,0
"[""capacity"", ""spend""]",12,[384],18.375769785965932,106.66364017725434,api,0,0,0,稳定 服务 区域 产品 反馈,0,0.0,0.0,0.5273316095198977,0.3846395486696206,0.5273316095198977,0.0,0.3846395486696206,0.0,0.0,0.0,0.0,0.0,0.0,0.0,0.3846395486696206,29.27934385736747,009,12,bronze,0,0,0,north,0,1,0,0,0,0,jump_down,0.349036294554157,-0.4714510316533239,17.71189593770816,0
"[""correlated_metric""]",13,[385],18.48814721836035,98.9613187140692,api,0,0,0,stable service regional product feedback,0,0.0,0.0,0.0,0.0,0.0,0.0,0.0,0.3498721264495162,0.3498721264495162,0.5017233601190293,0.0,0.5017233601190293,0.5017233601190293,0.0,0.0,25.826176792856547,009,13,gold,2,0,0,north,0,1,0,0,0,0,jump_down,-1.1814602633793614,1.094474774409127,21.384534228530384,0
,14,[386],18.34577108808101,105.47533223147427,api,0,0,0,稳定 服务 区域 产品 反馈,0,0.0,0.0,0.5273316095198977,0.3846395486696206,0.5273316095198977,0.0,0.3846395486696206,0.0,0.0,0.0,0.0,0.0,0.0,0.0,0.3846395486696206,25.64360808503278,009,14,gold,2,0,0,north,0,1,0,0,0,0,jump_down,-0.3544886090912192,0.9221984348772482,9.711434674765163,0
,15,[387],17.93717393685673,110.47251585016072,api,0,0,0,reliable product delivery customer feedback,0,0.49623056257431153,0.49623056257431153,0.0,0.0,0.0,0.0,0.0,0.36143165764881946,0.36143165764881946,0.0,0.49623056257431153,0.0,0.0,0.0,0.0,27.15199211953728,009,15,gold,2,0,0,north,0,1,0,0,0,0,jump_down,,-0.47348269742031956,11.9324709398131,0
"[""capacity""]",16,[388],18.36444353068202,106.66364017725434,web,2,0,0,稳定 产品 交付 用户 反馈,0,0.0,0.0,0.0,0.37161931283827765,0.0,0.54115490341344,0.37161931283827765,0.0,0.0,0.0,0.0,0.0,0.0,0.54115490341344,0.37161931283827765,30.126507665824015,009,16,bronze,0,0,0,north,0,1,0,0,0,0,jump_down,0.13320869867788687,-1.325056362950534,29.857395582632495,0
"[""spend""]",17,[389],18.028655024469053,102.4124182891431,web,2,0,0,reliable product delivery customer feedback,0,0.49623056257431153,0.49623056257431153,0.0,0.0,0.0,0.0,0.0,0.36143165764881946,0.36143165764881946,0.0,0.49623056257431153,0.0,0.0,0.0,0.0,26.39565507902783,009,17,bronze,0,0,0,north,0,1,0,0,0,0,jump_down,-0.46456545513024106,0.12363326412725686,17.71189593770816,0
,18,[390],18.58912512594136,105.30734194314243,mobile,1,0,0,稳定 服务 区域 产品 反馈,0,0.0,0.0,0.5273316095198977,0.3846395486696206,0.5273316095198977,0.0,0.3846395486696206,0.0,0.0,0.0,0.0,0.0,0.0,0.0,0.3846395486696206,32.51346355665462,009,18,gold,2,0,0,north,0,1,0,0,0,0,jump_down,2.3153605975648337,-0.21610788772014372,11.548743983499188,0
"[""capacity""]",19,[391],18.22494486453561,106.66364017725434,mobile,1,0,0,稳定 服务 区域 产品 反馈,0,0.0,0.0,0.5273316095198977,0.3846395486696206,0.5273316095198977,0.0,0.3846395486696206,0.0,0.0,0.0,0.0,0.0,0.0,0.0,0.3846395486696206,28.001639015223827,009,19,gold,2,0,0,north,0,1,0,0,0,0,jump_down,-0.3374661821603651,-0.7193923948566818,23.2404517548245,0
"[""capacity""]",20,[392],18.59261623741097,106.66364017725434,web,2,0,0,reliable product delivery customer feedback,0,0.49623056257431153,0.49623056257431153,0.0,0.0,0.0,0.0,0.0,0.36143165764881946,0.36143165764881946,0.0,0.49623056257431153,0.0,0.0,0.0,0.0,28.767555014633615,009,20,bronze,0,0,0,north,0,1,0,0,0,0,jump_down,0.6036222791534187,0.24653786712412126,28.930192140706318,0
,21,[393],17.670952685587334,101.22939387065331,api,0,0,0,stable service regional product feedback,0,0.0,0.0,0.0,0.0,0.0,0.0,0.0,0.3498721264495162,0.3498721264495162,0.5017233601190293,0.0,0.5017233601190293,0.5017233601190293,0.0,0.0,27.692082502484965,009,21,gold,2,0,0,north,0,1,0,0,0,0,jump_down,-1.307840994810555,-1.380040043995011,1.8074759317962261,0
,22,[394],18.617307802054953,106.13794932706281,api,0,0,0,stable service regional product feedback,0,0.0,0.0,0.0,0.0,0.0,0.0,0.0,0.3498721264495162,0.3498721264495162,0.5017233601190293,0.0,0.5017233601190293,0.5017233601190293,0.0,0.0,28.6368781802338,009,22,silver,1,0,0,north,0,1,0,0,0,0,jump_down,-0.427830828513175,-0.9839746907216745,16.56415754382657,0
,23,[395],,107.71819241296619,web,2,0,0,稳定 服务 区域 产品 反馈,0,0.0,0.0,0.5273316095198977,0.3846395486696206,0.5273316095198977,0.0,0.3846395486696206,0.0,0.0,0.0,0.0,0.0,0.0,0.0,0.3846395486696206,25.831442212949288,009,23,silver,1,0,0,north,0,1,0,0,0,0,jump_down,-1.6595954080323407,-0.7223427364401664,35.347062241538445,0
,24,[396],18.271274515501617,107.90292572855351,web,2,0,0,稳定 服务 区域 产品 反馈,0,0.0,0.0,0.5273316095198977,0.3846395486696206,0.5273316095198977,0.0,0.3846395486696206,0.0,0.0,0.0,0.0,0.0,0.0,0.0,0.3846395486696206,28.495716992482897,009,24,silver,1,0,0,north,0,1,0,0,0,0,jump_down,-0.01305342859436415,-0.49683890883147475,7.418189440920007,0
"[""spend""]",25,[397],11.755356915871667,105.7963015405069,web,2,0,0,稳定 产品 交付 用户 反馈,0,0.0,0.0,0.0,0.37161931283827765,0.0,0.54115490341344,0.37161931283827765,0.0,0.0,0.0,0.0,0.0,0.0,0.54115490341344,0.37161931283827765,26.2981399788835,009,25,gold,2,0,0,north,0,1,0,0,0,0,jump_down,-0.7938554751791917,-0.1057072074088704,17.71189593770816,1
,26,[398],11.040939550636569,105.84143008122827,mobile,1,0,0,稳定 产品 交付 用户 反馈,0,0.0,0.0,0.0,0.37161931283827765,0.0,0.54115490341344,0.37161931283827765,0.0,0.0,0.0,0.0,0.0,0.0,0.54115490341344,0.37161931283827765,31.956483655769407,009,26,bronze,0,0,0,north,0,1,0,0,0,0,jump_down,1.9128161223299458,-0.43086542948751366,39.44062848283096,1
,27,[399],11.944895160418822,107.99396563424762,web,2,0,0,reliable product delivery customer feedback,0,0.49623056257431153,0.49623056257431153,0.0,0.0,0.0,0.0,0.0,0.36143165764881946,0.36143165764881946,0.0,0.49623056257431153,0.0,0.0,0.0,0.0,28.796376631357813,009,27,gold,2,0,0,north,0,1,0,0,0,0,jump_down,0.3805559809158751,-0.10160590224389801,29.090323318545945,1
,28,[400],11.445075726066209,103.0568850277664,api,0,0,0,stable service regional product feedback,0,0.0,0.0,0.0,0.0,0.0,0.0,0.0,0.3498721264495162,0.3498721264495162,0.5017233601190293,0.0,0.5017233601190293,0.5017233601190293,0.0,0.0,31.605551803576045,009,28,gold,2,0,0,north,0,1,0,0,0,0,jump_down,1.7316145194987045,-0.2712675344213797,50.99596833055669,1
,29,[401],11.650223635512297,106.44602702448965,web,2,0,0,stable service regional product feedback,0,0.0,0.0,0.0,0.0,0.0,0.0,0.0,0.3498721264495162,0.3498721264495162,0.5017233601190293,0.0,0.5017233601190293,0.5017233601190293,0.0,0.0,26.08215816126673,009,29,silver,1,0,0,north,0,1,0,0,0,0,jump_down,-0.4242689287382817,0.345147561800219,22.120994077745113,1
,30,[402],11.190652179785173,101.24169879050953,mobile,1,0,0,reliable product delivery customer feedback,0,0.49623056257431153,0.49623056257431153,0.0,0.0,0.0,0.0,0.0,0.36143165764881946,0.36143165764881946,0.0,0.49623056257431153,0.0,0.0,0.0,0.0,31.05330544547193,009,30,gold,2,0,0,north,0,1,0,0,0,0,jump_down,0.029012388218664573,-2.04467623890338,21.917840986543073,1
,31,[403],11.016201562936784,105.01209117446813,web,2,0,0,稳定 服务 区域 产品 反馈,0,0.0,0.0,0.5273316095198977,0.3846395486696206,0.5273316095198977,0.0,0.3846395486696206,0.0,0.0,0.0,0.0,0.0,0.0,0.0,0.3846395486696206,32.816359373495864,009,31,gold,2,0,0,north,0,1,0,0,0,0,jump_down,1.001033820294499,-1.850780701126274,10.202962317317867,1
,32,[404],11.203357492678057,105.01243464993247,web,2,0,0,稳定 服务 区域 产品 反馈,0,0.0,0.0,0.5273316095198977,0.3846395486696206,0.5273316095198977,0.0,0.3846395486696206,0.0,0.0,0.0,0.0,0.0,0.0,0.0,0.3846395486696206,26.70558439506228,009,32,bronze,0,0,0,north,0,1,0,0,0,0,jump_down,-0.3521040600086073,0.364524093478735,21.57706455048977,1
"[""capacity""]",33,[405],11.498918690870827,106.66364017725434,mobile,1,0,0,稳定 产品 交付 用户 反馈,0,0.0,0.0,0.0,0.37161931283827765,0.0,0.54115490341344,0.37161931283827765,0.0,0.0,0.0,0.0,0.0,0.0,0.54115490341344,0.37161931283827765,30.545566056184256,009,33,silver,1,0,0,north,0,1,0,0,0,0,jump_down,-0.3828119779158793,-2.4219493264676766,6.320359424593893,1
,35,[406],11.41701025083457,108.0624171642878,mobile,1,0,0,reliable product delivery customer feedback,0,0.49623056257431153,0.49623056257431153,0.0,0.0,0.0,0.0,0.0,0.36143165764881946,0.36143165764881946,0.0,0.49623056257431153,0.0,0.0,0.0,0.0,28.111390034896026,009,35,silver,1,0,0,north,0,1,0,0,0,0,jump_down,0.24484846581412617,0.08142242599762142,14.151091847886383,1
"[""spend""]",36,[407],10.926649255523282,104.98021349993375,mobile,1,0,0,stable service regional product feedback,0,0.0,0.0,0.0,0.0,0.0,0.0,0.0,0.3498721264495162,0.3498721264495162,0.5017233601190293,0.0,0.5017233601190293,0.5017233601190293,0.0,0.0,25.547140460842993,009,36,gold,2,0,0,north,0,1,0,0,0,0,jump_down,0.7545374731891249,2.1592676037183582,17.71189593770816,1
"[""spend""]",37,[408],10.750779247635544,99.89059420594408,mobile,1,0,0,reliable product delivery customer feedback,0,0.49623056257431153,0.49623056257431153,0.0,0.0,0.0,0.0,0.0,0.36143165764881946,0.36143165764881946,0.0,0.49623056257431153,0.0,0.0,0.0,0.0,27.588084540551712,009,37,gold,2,0,0,north,0,1,0,0,0,0,jump_down,-0.5279050575663254,-0.824601383812267,17.71189593770816,1
"[""correlated_metric""]",39,[409],11.073009033328129,104.67767896388023,api,0,0,0,稳定 服务 区域 产品 反馈,0,0.0,0.0,0.5273316095198977,0.3846395486696206,0.5273316095198977,0.0,0.3846395486696206,0.0,0.0,0.0,0.0,0.0,0.0,0.0,0.3846395486696206,28.61158695625303,009,39,bronze,0,0,0,north,0,1,0,0,0,0,jump_down,-0.4471525218008789,-0.8708369880003675,21.280352943584337,1
"[""spend"", ""correlated_metric""]",40,[410],11.958466165757313,101.00222253044517,web,2,0,0,稳定 产品 交付 用户 反馈,0,0.0,0.0,0.0,0.37161931283827765,0.0,0.54115490341344,0.37161931283827765,0.0,0.0,0.0,0.0,0.0,0.0,0.54115490341344,0.37161931283827765,28.172607539019875,009,40,gold,2,0,0,north,0,1,0,0,0,0,jump_down,0.8258194794099553,0.9563298407963146,17.71189593770816,1
,41,[411],,101.65965024073023,mobile,1,0,0,reliable product delivery customer feedback,0,0.49623056257431153,0.49623056257431153,0.0,0.0,0.0,0.0,0.0,0.36143165764881946,0.36143165764881946,0.0,0.49623056257431153,0.0,0.0,0.0,0.0,27.147938347863747,009,41,silver,1,0,0,north,0,1,0,0,0,0,jump_down,,1.524229839013733,158.42471223170386,1
"[""correlated_metric""]",42,[412],,105.1205540764283,api,0,0,0,reliable product delivery customer feedback,0,0.49623056257431153,0.49623056257431153,0.0,0.0,0.0,0.0,0.0,0.36143165764881946,0.36143165764881946,0.0,0.49623056257431153,0.0,0.0,0.0,0.0,29.7407580857289,009,42,gold,2,0,0,new_region,0,0,0,0,0,1,jump_down,1.2989655824346313,-0.8828807637501908,22.540969603017157,1
,43,[413],11.507049782322529,104.51724791140532,web,2,0,0,稳定 产品 交付 用户 反馈,0,0.0,0.0,0.0,0.37161931283827765,0.0,0.54115490341344,0.37161931283827765,0.0,0.0,0.0,0.0,0.0,0.0,0.54115490341344,0.37161931283827765,26.03552438407829,009,43,gold,2,0,0,north,0,1,0,0,0,0,jump_down,-0.015310508125746776,1.0802977387431467,45.78953540958749,1
,44,[414],11.71080528779405,99.38633493800829,api,0,0,0,reliable product delivery customer feedback,0,0.49623056257431153,0.49623056257431153,0.0,0.0,0.0,0.0,0.0,0.36143165764881946,0.36143165764881946,0.0,0.49623056257431153,0.0,0.0,0.0,0.0,25.128143887417608,009,44,bronze,0,0,0,north,0,1,0,0,0,0,jump_down,-1.2940388223867416,-0.037278661778252425,28.164718730106305,1
,45,[415],11.633785906073316,102.31685537517838,api,0,0,0,reliable product delivery customer feedback,0,0.49623056257431153,0.49623056257431153,0.0,0.0,0.0,0.0,0.0,0.36143165764881946,0.36143165764881946,0.0,0.49623056257431153,0.0,0.0,0.0,0.0,26.042552878221603,009,45,silver,1,0,0,north,0,1,0,0,0,0,jump_down,0.0345663471153929,1.0388452531433023,161.25832142834187,1
,46,[416],12.044517047922376,108.62357377096757,mobile,1,0,0,稳定 服务 区域 产品 反馈,0,0.0,0.0,0.5273316095198977,0.3846395486696206,0.5273316095198977,0.0,0.3846395486696206,0.0,0.0,0.0,0.0,0.0,0.0,0.0,0.3846395486696206,28.089443263855724,009,46,gold,2,0,0,north,0,1,0,0,0,0,jump_down,0.26612793138879026,0.11545079984532378,9.355295659891343,1
,47,[417],10.824855995094573,104.07115063097302,web,2,0,0,稳定 产品 交付 用户 反馈,0,0.0,0.0,0.0,0.37161931283827765,0.0,0.54115490341344,0.37161931283827765,0.0,0.0,0.0,0.0,0.0,0.0,0.54115490341344,0.37161931283827765,31.814975081102006,009,47,gold,2,0,0,north,0,1,0,0,0,0,jump_down,2.379962729948536,0.48756787564797177,24.946127289566068,1
"[""spend""]",48,[418],11.486605389465494,99.11402098520122,web,2,0,0,reliable product delivery customer feedback,0,0.49623056257431153,0.49623056257431153,0.0,0.0,0.0,0.0,0.0,0.36143165764881946,0.36143165764881946,0.0,0.49623056257431153,0.0,0.0,0.0,0.0,21.212427403621103,009,48,gold,2,0,0,north,0,1,0,0,0,0,jump_down,-2.840427363796445,0.3658477903313239,17.71189593770816,1
,1,[419],20.2365449268535,109.84109319087658,web,2,0,0,reliable product delivery customer feedback,0,0.49623056257431153,0.49623056257431153,0.0,0.0,0.0,0.0,0.0,0.36143165764881946,0.36143165764881946,0.0,0.49623056257431153,0.0,0.0,0.0,0.0,32.09985594938911,010,1,gold,2,0,0,east,1,0,0,0,0,0,jump_down,-0.9257319769347123,0.3692251699985695,63.62148698415979,0
,2,[420],21.041288385449718,110.5916665190826,mobile,1,0,0,stable service regional product feedback,0,0.0,0.0,0.0,0.0,0.0,0.0,0.0,0.3498721264495162,0.3498721264495162,0.5017233601190293,0.0,0.5017233601190293,0.5017233601190293,0.0,0.0,36.75924419258708,010,2,bronze,0,0,0,east,1,0,0,0,0,0,jump_down,1.5945938109658246,0.4703572994305975,11.33205588877304,0
,4,[421],20.027258509601346,112.57068656368267,web,2,0,0,stable service regional product feedback,0,0.0,0.0,0.0,0.0,0.0,0.0,0.0,0.3498721264495162,0.3498721264495162,0.5017233601190293,0.0,0.5017233601190293,0.5017233601190293,0.0,0.0,33.717680520982206,010,4,silver,1,0,0,east,1,0,0,0,0,0,jump_down,-0.38060473144077617,-0.5090005683196298,44.78435900302874,0
"[""spend""]",5,[422],20.8576105596976,111.00952566687383,web,2,0,0,reliable product delivery customer feedback,0,0.49623056257431153,0.49623056257431153,0.0,0.0,0.0,0.0,0.0,0.36143165764881946,0.36143165764881946,0.0,0.49623056257431153,0.0,0.0,0.0,0.0,36.97131680909771,010,5,gold,2,0,0,east,1,0,0,0,0,0,jump_down,0.938654523797296,-0.34411296061607893,20.05660934716665,0
,6,[423],20.650490234786325,109.25059141992088,api,0,0,0,reliable product delivery customer feedback,0,0.49623056257431153,0.49623056257431153,0.0,0.0,0.0,0.0,0.0,0.36143165764881946,0.36143165764881946,0.0,0.49623056257431153,0.0,0.0,0.0,0.0,33.675452974749454,010,6,silver,1,0,0,east,1,0,0,0,0,0,jump_down,-0.007113147913058905,0.3359460657549136,44.02032154790371,0
,7,[424],20.626217370628126,105.25620428041196,mobile,1,0,0,stable service regional product feedback,0,0.0,0.0,0.0,0.0,0.0,0.0,0.0,0.3498721264495162,0.3498721264495162,0.5017233601190293,0.0,0.5017233601190293,0.5017233601190293,0.0,0.0,31.59823349681388,010,7,bronze,0,0,0,east,1,0,0,0,0,0,jump_down,-0.7369020115426448,0.7697774920887747,47.15655247373849,0
,8,[425],20.959394673904885,120.76646372434293,web,2,0,0,稳定 产品 交付 用户 反馈,0,0.0,0.0,0.0,0.37161931283827765,0.0,0.54115490341344,0.37161931283827765,0.0,0.0,0.0,0.0,0.0,0.0,0.54115490341344,0.37161931283827765,38.327938665469325,010,8,bronze,0,0,0,east,1,0,0,0,0,0,jump_down,1.982350706824381,0.015499632400636145,7.732322938413991,0
,9,[426],20.226483090629092,117.29702809362098,web,2,0,0,稳定 产品 交付 用户 反馈,0,0.0,0.0,0.0,0.37161931283827765,0.0,0.54115490341344,0.37161931283827765,0.0,0.0,0.0,0.0,0.0,0.0,0.54115490341344,0.37161931283827765,35.91098607343849,010,9,gold,2,0,0,east,1,0,0,0,0,0,jump_down,0.6676948728133729,-0.40562331024649534,16.16717832975353,0
,10,[427],21.214675990312806,112.31963836656817,api,0,0,0,稳定 产品 交付 用户 反馈,0,0.0,0.0,0.0,0.37161931283827765,0.0,0.54115490341344,0.37161931283827765,0.0,0.0,0.0,0.0,0.0,0.0,0.54115490341344,0.37161931283827765,34.741957957294915,010,10,silver,1,0,0,east,1,0,0,0,0,0,jump_down,,-0.3825103628604762,14.49197262030308,0
,11,[428],19.857775674146776,110.2335014840324,mobile,1,0,0,stable service regional product feedback,0,0.0,0.0,0.0,0.0,0.0,0.0,0.0,0.3498721264495162,0.3498721264495162,0.5017233601190293,0.0,0.5017233601190293,0.5017233601190293,0.0,0.0,35.94673422630084,010,11,silver,1,0,0,east,1,0,0,0,0,0,jump_down,0.5838180150469956,-0.5142899761179549,17.70434243453931,0
,12,[429],20.19352399938564,107.00458292177126,mobile,1,0,0,稳定 产品 交付 用户 反馈,0,0.0,0.0,0.0,0.37161931283827765,0.0,0.54115490341344,0.37161931283827765,0.0,0.0,0.0,0.0,0.0,0.0,0.54115490341344,0.37161931283827765,33.19087793225637,010,12,gold,2,0,0,east,1,0,0,0,0,0,jump_down,-1.1220120919948786,-0.9522457383921359,22.408876259793992,0
,13,[430],19.952997516388802,114.8753818453981,web,2,0,0,稳定 服务 区域 产品 反馈,0,0.0,0.0,0.5273316095198977,0.3846395486696206,0.5273316095198977,0.0,0.3846395486696206,0.0,0.0,0.0,0.0,0.0,0.0,0.0,0.3846395486696206,33.97033664445032,010,13,silver,1,0,0,east,1,0,0,0,0,0,jump_down,-0.33834459843828907,-0.2830655319868207,5.915113096229596,0
,14,[431],20.16229309943978,112.32101051769223,mobile,1,0,0,stable service regional product feedback,0,0.0,0.0,0.0,0.0,0.0,0.0,0.0,0.3498721264495162,0.3498721264495162,0.5017233601190293,0.0,0.5017233601190293,0.5017233601190293,0.0,0.0,38.65020430722306,010,14,bronze,0,0,0,east,1,0,0,0,0,0,jump_down,1.8566858185929302,-0.4412733665017092,39.378446269012116,0
,15,[432],20.978555737950238,110.01586969009168,api,0,0,0,stable service regional product feedback,0,0.0,0.0,0.0,0.0,0.0,0.0,0.0,0.3498721264495162,0.3498721264495162,0.5017233601190293,0.0,0.5017233601190293,0.5017233601190293,0.0,0.0,34.65978399289735,010,15,gold,2,0,0,east,1,0,0,0,0,0,jump_down,-0.0033225463801553304,-0.41958954785090097,54.150667642926884,0
,16,[433],19.70841283780194,115.30186302022712,api,0,0,0,reliable product delivery customer feedback,0,0.49623056257431153,0.49623056257431153,0.0,0.0,0.0,0.0,0.0,0.36143165764881946,0.36143165764881946,0.0,0.49623056257431153,0.0,0.0,0.0,0.0,34.08320968863845,010,16,silver,1,0,0,east,1,0,0,0,0,0,jump_down,-0.45981712051761514,-0.5532484590337503,5.805113312970482,0
,17,[434],20.000851545497316,112.47873009114564,mobile,1,0,0,reliable product delivery customer feedback,0,0.49623056257431153,0.49623056257431153,0.0,0.0,0.0,0.0,0.0,0.36143165764881946,0.36143165764881946,0.0,0.49623056257431153,0.0,0.0,0.0,0.0,32.564915793549304,010,17,gold,2,0,0,east,1,0,0,0,0,0,jump_down,0.0910255340459735,1.009065668927609,3.753226412882017,0
,18,[435],20.06652094750959,111.96730087026108,mobile,1,0,0,稳定 产品 交付 用户 反馈,0,0.0,0.0,0.0,0.37161931283827765,0.0,0.54115490341344,0.37161931283827765,0.0,0.0,0.0,0.0,0.0,0.0,0.54115490341344,0.37161931283827765,37.22317905201867,010,18,silver,1,0,0,east,1,0,0,0,0,0,jump_down,1.1969623483714547,-0.5052940013020472,26.09543111115138,0
,19,[436],20.287429802719533,112.81267471338779,mobile,1,0,0,stable service regional product feedback,0,0.0,0.0,0.0,0.0,0.0,0.0,0.0,0.3498721264495162,0.3498721264495162,0.5017233601190293,0.0,0.5017233601190293,0.5017233601190293,0.0,0.0,31.205429655428457,010,19,bronze,0,0,0,east,1,0,0,0,0,0,jump_down,-0.952414369593599,0.8767469843273843,69.93863971205383,0
,20,[437],21.076187587883048,113.92283721680586,mobile,1,0,0,稳定 服务 区域 产品 反馈,0,0.0,0.0,0.5273316095198977,0.3846395486696206,0.5273316095198977,0.0,0.3846395486696206,0.0,0.0,0.0,0.0,0.0,0.0,0.0,0.3846395486696206,27.003339962386843,010,20,silver,1,0,0,east,1,0,0,0,0,0,jump_down,-2.8438353575762596,1.0713391663480831,18.507971132380014,0
,21,[438],20.013930336695136,112.74036443795394,api,0,0,0,stable service regional product feedback,0,0.0,0.0,0.0,0.0,0.0,0.0,0.0,0.3498721264495162,0.3498721264495162,0.5017233601190293,0.0,0.5017233601190293,0.5017233601190293,0.0,0.0,31.729310912671487,010,21,gold,2,0,0,east,1,0,0,0,0,0,jump_down,-1.4256938147387994,-0.39597937890595414,18.92604922719233,0
"[""correlated_metric""]",22,[439],20.68832529769823,110.74013326160049,mobile,1,0,0,稳定 服务 区域 产品 反馈,0,0.0,0.0,0.5273316095198977,0.3846395486696206,0.5273316095198977,0.0,0.3846395486696206,0.0,0.0,0.0,0.0,0.0,0.0,0.0,0.3846395486696206,33.84709900193038,010,22,silver,1,0,0,east,1,0,0,0,0,0,jump_down,-0.5307187699533442,-0.8533589822927149,14.30559585147702,0
,23,[440],20.889826596195146,105.18932245206109,web,2,0,0,稳定 产品 交付 用户 反馈,0,0.0,0.0,0.0,0.37161931283827765,0.0,0.54115490341344,0.37161931283827765,0.0,0.0,0.0,0.0,0.0,0.0,0.54115490341344,0.37161931283827765,34.07345527418366,010,23,silver,1,0,0,east,1,0,0,0,0,0,jump_down,-0.7376212458300679,-1.0322453781382965,10.821931542124254,0
,24,[441],20.341324551173546,112.05541682724707,api,0,0,0,稳定 产品 交付 用户 反馈,0,0.0,0.0,0.0,0.37161931283827765,0.0,0.54115490341344,0.37161931283827765,0.0,0.0,0.0,0.0,0.0,0.0,0.54115490341344,0.37161931283827765,35.831288237643086,010,24,gold,2,0,0,east,1,0,0,0,0,0,jump_down,-0.15740342168095103,-1.3204834127197955,13.747720231329179,0
,25,[442],13.001104236575015,114.22152893917634,mobile,1,0,0,稳定 服务 区域 产品 反馈,0,0.0,0.0,0.5273316095198977,0.3846395486696206,0.5273316095198977,0.0,0.3846395486696206,0.0,0.0,0.0,0.0,0.0,0.0,0.0,0.3846395486696206,33.79448736871326,010,25,bronze,0,0,0,east,1,0,0,0,0,0,jump_down,-0.624674990078599,-0.43607706324055356,98.70526569610817,1
"[""correlated_metric""]",26,[443],13.383992733259,111.83359503111849,api,0,0,0,stable service regional product feedback,0,0.0,0.0,0.0,0.0,0.0,0.0,0.0,0.3498721264495162,0.3498721264495162,0.5017233601190293,0.0,0.5017233601190293,0.5017233601190293,0.0,0.0,34.151607297567054,010,26,bronze,0,0,0,east,1,0,0,0,0,0,jump_down,-0.977244743278742,-1.7267811553360588,17.674858414441626,1
,27,[444],14.122100705041783,116.19319277474156,web,2,0,0,reliable product delivery customer feedback,0,0.49623056257431153,0.49623056257431153,0.0,0.0,0.0,0.0,0.0,0.36143165764881946,0.36143165764881946,0.0,0.49623056257431153,0.0,0.0,0.0,0.0,32.93093904626616,010,27,silver,1,0,0,east,1,0,0,0,0,0,jump_down,-0.09657769155296622,0.8657448160588181,28.833243124678006,1
,28,[445],13.19343926077674,114.39138110612758,api,0,0,0,稳定 产品 交付 用户 反馈,0,0.0,0.0,0.0,0.37161931283827765,0.0,0.54115490341344,0.37161931283827765,0.0,0.0,0.0,0.0,0.0,0.0,0.54115490341344,0.37161931283827765,32.01801308979692,010,28,bronze,0,0,0,east,1,0,0,0,0,0,jump_down,-0.5791353042145071,0.4763123055214556,205.3889238742952,1
,29,[446],13.409919446158236,111.28196580556181,api,0,0,0,reliable product delivery customer feedback,0,0.49623056257431153,0.49623056257431153,0.0,0.0,0.0,0.0,0.0,0.36143165764881946,0.36143165764881946,0.0,0.49623056257431153,0.0,0.0,0.0,0.0,27.710217801726575,010,29,gold,2,0,0,east,1,0,0,0,0,0,jump_down,-1.9982173379163288,1.347764411944301,4.085103088717742,1
"[""spend""]",30,[447],13.05743681189702,105.4716477624925,api,0,0,0,稳定 服务 区域 产品 反馈,0,0.0,0.0,0.5273316095198977,0.3846395486696206,0.5273316095198977,0.0,0.3846395486696206,0.0,0.0,0.0,0.0,0.0,0.0,0.0,0.3846395486696206,38.29313739594826,010,30,gold,2,0,0,east,1,0,0,0,0,0,jump_down,1.0124812476405096,-1.3580704943694,20.05660934716665,1
"[""capacity""]",31,[448],13.06494783363085,111.91034048697288,mobile,1,0,0,stable service regional product feedback,0,0.0,0.0,0.0,0.0,0.0,0.0,0.0,0.3498721264495162,0.3498721264495162,0.5017233601190293,0.0,0.5017233601190293,0.5017233601190293,0.0,0.0,40.04017816781635,010,31,bronze,0,0,0,east,1,0,0,0,0,0,jump_down,1.2215747199695959,-2.271914733198405,32.25866736499707,1
,32,[449],12.86048607505396,111.15821651255887,api,0,0,0,稳定 服务 区域 产品 反馈,0,0.0,0.0,0.5273316095198977,0.3846395486696206,0.5273316095198977,0.0,0.3846395486696206,0.0,0.0,0.0,0.0,0.0,0.0,0.0,0.3846395486696206,35.211247004546216,010,32,gold,2,0,0,east,1,0,0,0,0,0,jump_down,0.45795234464306994,0.028929764936544082,8.65210648627869,1
"[""capacity""]",33,[450],14.099846251328747,111.91034048697288,mobile,1,0,0,稳定 服务 区域 产品 反馈,0,0.0,0.0,0.5273316095198977,0.3846395486696206,0.5273316095198977,0.0,0.3846395486696206,0.0,0.0,0.0,0.0,0.0,0.0,0.0,0.3846395486696206,33.12397639450579,010,33,gold,2,0,0,east,1,0,0,0,0,0,jump_down,-0.421141614269635,0.08898485820061554,8.358745893279016,1
,34,[451],12.872859513645395,111.57209789364471,mobile,1,0,0,稳定 产品 交付 用户 反馈,0,0.0,0.0,0.0,0.37161931283827765,0.0,0.54115490341344,0.37161931283827765,0.0,0.0,0.0,0.0,0.0,0.0,0.54115490341344,0.37161931283827765,29.935689576971683,010,34,silver,1,0,0,east,1,0,0,0,0,0,jump_down,-2.054013165910189,0.05194660736965913,56.32163130421396,1
"[""capacity""]",35,[452],13.760750430974637,111.91034048697288,mobile,1,0,0,稳定 服务 区域 产品 反馈,0,0.0,0.0,0.5273316095198977,0.3846395486696206,0.5273316095198977,0.0,0.3846395486696206,0.0,0.0,0.0,0.0,0.0,0.0,0.0,0.3846395486696206,30.316663997587394,010,35,bronze,0,0,0,east,1,0,0,0,0,0,jump_down,-0.5188232297998291,1.9913419487061368,10.467737046934818,1
,36,[453],13.197915276967025,103.74486753726693,web,2,0,0,稳定 产品 交付 用户 反馈,0,0.0,0.0,0.0,0.37161931283827765,0.0,0.54115490341344,0.37161931283827765,0.0,0.0,0.0,0.0,0.0,0.0,0.54115490341344,0.37161931283827765,37.17140396189593,010,36,gold,2,0,0,east,1,0,0,0,0,0,jump_down,0.9818745386620277,-0.9196129305661438,9.25963263704524,1
,37,[454],13.69303093477918,110.42173730954474,web,2,0,0,stable service regional product feedback,0,0.0,0.0,0.0,0.0,0.0,0.0,0.0,0.3498721264495162,0.3498721264495162,0.5017233601190293,0.0,0.5017233601190293,0.5017233601190293,0.0,0.0,33.21170099923122,010,37,bronze,0,0,0,east,1,0,0,0,0,0,jump_down,-0.8056251247064572,-0.5446713760077266,2.0628880616314147,1
"[""correlated_metric""]",38,[455],13.206646877634672,119.29913670683986,web,2,0,0,reliable product delivery customer feedback,0,0.49623056257431153,0.49623056257431153,0.0,0.0,0.0,0.0,0.0,0.36143165764881946,0.36143165764881946,0.0,0.49623056257431153,0.0,0.0,0.0,0.0,34.269080277149655,010,38,bronze,0,0,0,east,1,0,0,0,0,0,jump_down,0.016923431665082644,-1.1047809916435307,52.408606132830975,1
"[""correlated_metric""]",39,[456],13.700929347572181,111.1961722181413,web,2,0,0,稳定 服务 区域 产品 反馈,0,0.0,0.0,0.5273316095198977,0.3846395486696206,0.5273316095198977,0.0,0.3846395486696206,0.0,0.0,0.0,0.0,0.0,0.0,0.0,0.3846395486696206,34.46875208426623,010,39,silver,1,0,0,east,1,0,0,0,0,0,jump_down,-0.04175640444817106,-0.02565351280711269,20.12581230743486,1
,40,[457],13.654847340164135,108.24946113225893,web,2,0,0,稳定 服务 区域 产品 反馈,0,0.0,0.0,0.5273316095198977,0.3846395486696206,0.5273316095198977,0.0,0.3846395486696206,0.0,0.0,0.0,0.0,0.0,0.0,0.0,0.3846395486696206,34.938494346249726,010,40,gold,2,0,0,east,1,0,0,0,0,0,jump_down,0.34159401209218476,-0.09168351016679284,11.49469618767786,1
,41,[458],13.541267423544404,107.79156673064989,api,0,0,0,stable service regional product feedback,0,0.0,0.0,0.0,0.0,0.0,0.0,0.0,0.3498721264495162,0.3498721264495162,0.5017233601190293,0.0,0.5017233601190293,0.5017233601190293,0.0,0.0,34.86046907172195,010,41,gold,2,0,0,east,1,0,0,0,0,0,jump_down,0.503411077028355,-0.05704166322489956,69.03676628967082,1
,42,[459],13.665155801059854,113.53345958251073,web,2,0,0,stable service regional product feedback,0,0.0,0.0,0.0,0.0,0.0,0.0,0.0,0.3498721264495162,0.3498721264495162,0.5017233601190293,0.0,0.5017233601190293,0.5017233601190293,0.0,0.0,34.821523186226415,010,42,gold,2,0,0,east,1,0,0,0,0,0,jump_down,1.0148647200460232,0.8467582523625297,26.3257403643555,1
,43,[460],12.907757824907758,105.31142485890075,web,2,0,0,稳定 产品 交付 用户 反馈,0,0.0,0.0,0.0,0.37161931283827765,0.0,0.54115490341344,0.37161931283827765,0.0,0.0,0.0,0.0,0.0,0.0,0.54115490341344,0.37161931283827765,33.568208829503085,010,43,silver,1,0,0,east,1,0,0,0,0,0,jump_down,0.1547356326687967,0.5441073551676472,60.94901464353796,1
,44,[461],13.671463564215887,117.21847193820558,api,0,0,0,稳定 产品 交付 用户 反馈,0,0.0,0.0,0.0,0.37161931283827765,0.0,0.54115490341344,0.37161931283827765,0.0,0.0,0.0,0.0,0.0,0.0,0.54115490341344,0.37161931283827765,32.6605811016114,010,44,bronze,0,0,0,east,1,0,0,0,0,0,jump_down,-0.36901429591130713,0.7107799666740514,60.3642619312424,1
"[""capacity""]",45,[462],13.722135273260564,111.91034048697288,web,2,0,0,stable service regional product feedback,0,0.0,0.0,0.0,0.0,0.0,0.0,0.0,0.3498721264495162,0.3498721264495162,0.5017233601190293,0.0,0.5017233601190293,0.5017233601190293,0.0,0.0,33.66860969917457,010,45,gold,2,0,0,new_region,0,0,0,0,0,1,jump_down,-0.917519853719527,-0.9125183909859461,257.87753152854054,1
,46,[463],13.693518516832258,111.33845530756618,mobile,1,0,0,stable service regional product feedback,0,0.0,0.0,0.0,0.0,0.0,0.0,0.0,0.3498721264495162,0.3498721264495162,0.5017233601190293,0.0,0.5017233601190293,0.5017233601190293,0.0,0.0,35.319124114163266,010,46,silver,1,0,0,east,1,0,0,0,0,0,jump_down,-0.2582249169031901,-0.8653368216399876,8.89381699898831,1
"[""spend""]",47,[464],13.168933961540887,112.97750688894185,api,0,0,0,稳定 服务 区域 产品 反馈,0,0.0,0.0,0.5273316095198977,0.3846395486696206,0.5273316095198977,0.0,0.3846395486696206,0.0,0.0,0.0,0.0,0.0,0.0,0.0,0.3846395486696206,29.84760438767321,010,47,silver,1,0,0,east,1,0,0,0,0,0,jump_down,-1.582792808986155,0.6455979823145012,20.05660934716665,1
,48,[465],13.44284451625851,115.91846001044806,mobile,1,0,0,stable service regional product feedback,0,0.0,0.0,0.0,0.0,0.0,0.0,0.0,0.3498721264495162,0.3498721264495162,0.5017233601190293,0.0,0.5017233601190293,0.5017233601190293,0.0,0.0,29.732446392620428,010,48,silver,1,0,0,east,1,0,0,0,0,0,jump_down,-1.1420209515642912,1.417067756132206,29.384928671692553,1
,1,[466],16.85813831859887,87.4554039028069,web,2,0,0,reliable product delivery customer feedback,0,0.49623056257431153,0.49623056257431153,0.0,0.0,0.0,0.0,0.0,0.36143165764881946,0.36143165764881946,0.0,0.49623056257431153,0.0,0.0,0.0,0.0,33.47254624002739,011,1,bronze,0,0,0,south,0,0,1,0,0,0,jump_down,2.16250362576915,0.1421970987780132,29.877799713531285,0
"[""spend""]",2,[467],17.191949732184984,78.79285444897313,web,2,0,0,稳定 产品 交付 用户 反馈,0,0.0,0.0,0.0,0.37161931283827765,0.0,0.54115490341344,0.37161931283827765,0.0,0.0,0.0,0.0,0.0,0.0,0.54115490341344,0.37161931283827765,31.351605607582435,011,2,silver,1,0,0,south,0,0,1,0,0,0,jump_down,1.8241390541214866,1.1713927153845853,23.12184071229461,0
,3,[468],17.75035259793914,81.95023068422972,api,0,0,0,稳定 产品 交付 用户 反馈,0,0.0,0.0,0.0,0.37161931283827765,0.0,0.54115490341344,0.37161931283827765,0.0,0.0,0.0,0.0,0.0,0.0,0.54115490341344,0.37161931283827765,27.380761671666995,011,3,gold,2,0,0,south,0,0,1,0,0,0,jump_down,-0.720107969862116,0.5444495224464507,4.919501478350806,0
,4,[469],17.67414219996901,85.7816338517808,web,2,0,0,reliable product delivery customer feedback,0,0.49623056257431153,0.49623056257431153,0.0,0.0,0.0,0.0,0.0,0.36143165764881946,0.36143165764881946,0.0,0.49623056257431153,0.0,0.0,0.0,0.0,30.74594057671798,011,4,silver,1,0,0,south,0,0,1,0,0,0,jump_down,-0.6778933470384548,-1.6834987282464504,16.365881711057934,0
,5,[470],17.209219159625682,86.4762026211492,mobile,1,0,0,稳定 服务 区域 产品 反馈,0,0.0,0.0,0.5273316095198977,0.3846395486696206,0.5273316095198977,0.0,0.3846395486696206,0.0,0.0,0.0,0.0,0.0,0.0,0.0,0.3846395486696206,30.393519120642264,011,5,gold,2,0,0,south,0,0,1,0,0,0,jump_down,0.33340663061555625,-0.23509680040481173,52.189183610203486,0
"[""capacity"", ""correlated_metric""]",6,[471],16.758634582370085,87.10366886781577,mobile,1,0,0,reliable product delivery customer feedback,0,0.49623056257431153,0.49623056257431153,0.0,0.0,0.0,0.0,0.0,0.36143165764881946,0.36143165764881946,0.0,0.49623056257431153,0.0,0.0,0.0,0.0,32.14279898963099,011,6,gold,2,0,0,south,0,0,1,0,0,0,jump_down,1.24886971867058,-1.7237101771984091,10.063463132200148,0
,7,[472],17.13354360983285,90.70523530986397,mobile,1,0,0,stable service regional product feedback,0,0.0,0.0,0.0,0.0,0.0,0.0,0.0,0.3498721264495162,0.3498721264495162,0.5017233601190293,0.0,0.5017233601190293,0.5017233601190293,0.0,0.0,25.59031366900895,011,7,bronze,0,0,0,south,0,0,1,0,0,0,jump_down,-1.7819177922180915,0.1447400311172047,60.56655832664636,0
,8,[473],,81.86570898189233,mobile,1,0,0,稳定 服务 区域 产品 反馈,0,0.0,0.0,0.5273316095198977,0.3846395486696206,0.5273316095198977,0.0,0.3846395486696206,0.0,0.0,0.0,0.0,0.0,0.0,0.0,0.3846395486696206,29.492908028159665,011,8,gold,2,0,0,south,0,0,1,0,0,0,jump_down,-0.17208949937453172,-0.21589852405835647,15.318776645272292,0
,9,[474],17.354739050271707,92.03368160544228,mobile,1,0,0,stable service regional product feedback,0,0.0,0.0,0.0,0.0,0.0,0.0,0.0,0.3498721264495162,0.3498721264495162,0.5017233601190293,0.0,0.5017233601190293,0.5017233601190293,0.0,0.0,31.070609129299207,011,9,gold,2,0,0,south,0,0,1,0,0,0,jump_down,0.9894110192813331,0.40784358597693826,9.613146647454649,0
"[""spend""]",10,[475],16.707100074917353,90.4383261432993,web,2,0,0,reliable product delivery customer feedback,0,0.49623056257431153,0.49623056257431153,0.0,0.0,0.0,0.0,0.0,0.36143165764881946,0.36143165764881946,0.0,0.49623056257431153,0.0,0.0,0.0,0.0,33.047783374903815,011,10,bronze,0,0,0,south,0,0,1,0,0,0,jump_down,1.3287101107350998,-0.5447395771630689,23.12184071229461,0
"[""correlated_metric""]",11,[476],17.65734635166813,83.33565657975362,mobile,1,0,0,stable service regional product feedback,0,0.0,0.0,0.0,0.0,0.0,0.0,0.0,0.3498721264495162,0.3498721264495162,0.5017233601190293,0.0,0.5017233601190293,0.5017233601190293,0.0,0.0,27.110206806616258,011,11,silver,1,0,0,south,0,0,1,0,0,0,jump_down,-0.8167239913827417,1.3582719004046713,36.997645116280886,0
,12,[477],17.70836979202904,90.40587923239406,api,0,0,0,稳定 服务 区域 产品 反馈,0,0.0,0.0,0.5273316095198977,0.3846395486696206,0.5273316095198977,0.0,0.3846395486696206,0.0,0.0,0.0,0.0,0.0,0.0,0.0,0.3846395486696206,31.567626630305583,011,12,gold,2,0,0,south,0,0,1,0,0,0,jump_down,0.3483580294626547,-1.14175685509988,38.671328102694915,0
,13,[478],16.881549916946977,88.99300778303036,web,2,0,0,稳定 产品 交付 用户 反馈,0,0.0,0.0,0.0,0.37161931283827765,0.0,0.54115490341344,0.37161931283827765,0.0,0.0,0.0,0.0,0.0,0.0,0.54115490341344,0.37161931283827765,31.13025179505723,011,13,bronze,0,0,0,south,0,0,1,0,0,0,jump_down,0.7439934041046824,0.09757669041258167,34.689956126722336,0
,14,[479],17.239394756642447,88.6336746364315,api,0,0,0,稳定 产品 交付 用户 反馈,0,0.0,0.0,0.0,0.37161931283827765,0.0,0.54115490341344,0.37161931283827765,0.0,0.0,0.0,0.0,0.0,0.0,0.54115490341344,0.37161931283827765,27.236193830889192,011,14,bronze,0,0,0,south,0,0,1,0,0,0,jump_down,-0.06428069158689204,1.4953681125151856,35.51692582560484,0
,15,[480],18.002736042476624,91.37796513884292,mobile,1,0,0,稳定 服务 区域 产品 反馈,0,0.0,0.0,0.5273316095198977,0.3846395486696206,0.5273316095198977,0.0,0.3846395486696206,0.0,0.0,0.0,0.0,0.0,0.0,0.0,0.3846395486696206,26.18086725811077,011,15,silver,1,0,0,south,0,0,1,0,0,0,jump_down,-1.1838226937769438,0.3986574979285548,15.389136058248264,0
,16,[481],17.369896480088272,88.30957209734655,mobile,1,0,0,稳定 服务 区域 产品 反馈,0,0.0,0.0,0.5273316095198977,0.3846395486696206,0.5273316095198977,0.0,0.3846395486696206,0.0,0.0,0.0,0.0,0.0,0.0,0.0,0.3846395486696206,33.03166736035939,011,16,silver,1,0,0,south,0,0,1,0,0,0,jump_down,0.7637410787572259,-1.402627789461552,7.98479520361473,0
,17,[482],17.621031189922316,85.95851001081479,mobile,1,0,0,stable service regional product feedback,0,0.0,0.0,0.0,0.0,0.0,0.0,0.0,0.3498721264495162,0.3498721264495162,0.5017233601190293,0.0,0.5017233601190293,0.5017233601190293,0.0,0.0,28.52200833035824,011,17,silver,1,0,0,south,0,0,1,0,0,0,jump_down,-1.1439353790574551,-0.7901260165056528,7.480138691087219,0
,18,[483],,88.35832881652297,mobile,1,0,0,reliable product delivery customer feedback,0,0.49623056257431153,0.49623056257431153,0.0,0.0,0.0,0.0,0.0,0.36143165764881946,0.36143165764881946,0.0,0.49623056257431153,0.0,0.0,0.0,0.0,30.03073905240502,011,18,gold,2,0,0,south,0,0,1,0,0,0,jump_down,0.20266886669037928,-0.28750128267302877,122.89134352621707,0
,20,[484],17.616146831520062,83.54546166443349,api,0,0,0,稳定 服务 区域 产品 反馈,0,0.0,0.0,0.5273316095198977,0.3846395486696206,0.5273316095198977,0.0,0.3846395486696206,0.0,0.0,0.0,0.0,0.0,0.0,0.0,0.3846395486696206,30.887497948502762,011,20,gold,2,0,0,south,0,0,1,0,0,0,jump_down,0.15572563831773614,-0.683321995735068,34.62864950307511,0
,21,[485],,86.81231158557556,web,2,0,0,stable service regional product feedback,0,0.0,0.0,0.0,0.0,0.0,0.0,0.0,0.3498721264495162,0.3498721264495162,0.5017233601190293,0.0,0.5017233601190293,0.5017233601190293,0.0,0.0,32.23899537864878,011,21,bronze,0,0,0,south,0,0,1,0,0,0,jump_down,2.3940139025099203,1.3817436123498372,4.610006275656297,0
,22,[486],17.202229273427054,85.76155856171118,api,0,0,0,稳定 产品 交付 用户 反馈,0,0.0,0.0,0.0,0.37161931283827765,0.0,0.54115490341344,0.37161931283827765,0.0,0.0,0.0,0.0,0.0,0.0,0.54115490341344,0.37161931283827765,28.6305446171329,011,22,bronze,0,0,0,south,0,0,1,0,0,0,jump_down,-0.01923113725862341,0.6254929080463213,78.7572558340054,0
,23,[487],18.001925366579027,90.63089426829978,mobile,1,0,0,稳定 服务 区域 产品 反馈,0,0.0,0.0,0.5273316095198977,0.3846395486696206,0.5273316095198977,0.0,0.3846395486696206,0.0,0.0,0.0,0.0,0.0,0.0,0.0,0.3846395486696206,28.238844711454792,011,23,gold,2,0,0,south,0,0,1,0,0,0,jump_down,-0.2942599672424308,0.34080953989717283,11.467691149824406,0
,24,[488],18.154015114153992,92.57012106435656,api,0,0,0,stable service regional product feedback,0,0.0,0.0,0.0,0.0,0.0,0.0,0.0,0.3498721264495162,0.3498721264495162,0.5017233601190293,0.0,0.5017233601190293,0.5017233601190293,0.0,0.0,23.99077443380613,011,24,bronze,0,0,0,south,0,0,1,0,0,0,jump_down,-1.6331853808443175,1.277480292586608,14.174034363103747,0
,25,[489],9.539210212748767,82.73041471417413,mobile,1,0,0,稳定 服务 区域 产品 反馈,0,0.0,0.0,0.5273316095198977,0.3846395486696206,0.5273316095198977,0.0,0.3846395486696206,0.0,0.0,0.0,0.0,0.0,0.0,0.0,0.3846395486696206,26.171152681311632,011,25,silver,1,0,0,south,0,0,1,0,0,0,jump_down,-1.756361799401628,0.0919741324109976,19.87266196608654,1
,26,[490],10.19880686786441,95.98818102415117,web,2,0,0,stable service regional product feedback,0,0.0,0.0,0.0,0.0,0.0,0.0,0.0,0.3498721264495162,0.3498721264495162,0.5017233601190293,0.0,0.5017233601190293,0.5017233601190293,0.0,0.0,26.495817761963643,011,26,gold,2,0,0,south,0,0,1,0,0,0,jump_down,-1.840622695329242,-0.40752208465361217,25.538600127860793,1
"[""correlated_metric""]",28,[491],9.841996407177371,82.89656450742514,api,0,0,0,稳定 服务 区域 产品 反馈,0,0.0,0.0,0.5273316095198977,0.3846395486696206,0.5273316095198977,0.0,0.3846395486696206,0.0,0.0,0.0,0.0,0.0,0.0,0.0,0.3846395486696206,26.728016604447614,011,28,gold,2,0,0,south,0,0,1,0,0,0,jump_down,-1.2462876137210799,,12.216819698077868,1
"[""capacity""]",29,[492],10.646913680135585,87.10366886781577,api,0,0,0,稳定 产品 交付 用户 反馈,0,0.0,0.0,0.0,0.37161931283827765,0.0,0.54115490341344,0.37161931283827765,0.0,0.0,0.0,0.0,0.0,0.0,0.54115490341344,0.37161931283827765,23.22616270278552,011,29,gold,2,0,0,south,0,0,1,0,0,0,jump_down,-2.126052163276795,1.2690708622655937,14.599161870219612,1
"[""spend""]",30,[493],10.987102645174133,89.92677312071045,mobile,1,0,0,稳定 服务 区域 产品 反馈,0,0.0,0.0,0.5273316095198977,0.3846395486696206,0.5273316095198977,0.0,0.3846395486696206,0.0,0.0,0.0,0.0,0.0,0.0,0.0,0.3846395486696206,30.19830827717891,011,30,silver,1,0,0,south,0,0,1,0,0,0,jump_down,1.4088924230783642,1.3858470138227343,23.12184071229461,1
,31,[494],10.355731621933622,87.62542336500766,web,2,0,0,reliable product delivery customer feedback,0,0.49623056257431153,0.49623056257431153,0.0,0.0,0.0,0.0,0.0,0.36143165764881946,0.36143165764881946,0.0,0.49623056257431153,0.0,0.0,0.0,0.0,32.19582928731024,011,31,silver,1,0,0,south,0,0,1,0,0,0,jump_down,1.5940203579433738,0.31619915886802125,33.31052583237437,1
,32,[495],9.714590214133857,85.83180281495974,web,2,0,0,reliable product delivery customer feedback,0,0.49623056257431153,0.49623056257431153,0.0,0.0,0.0,0.0,0.0,0.36143165764881946,0.36143165764881946,0.0,0.49623056257431153,0.0,0.0,0.0,0.0,27.06569738733823,011,32,gold,2,0,0,south,0,0,1,0,0,0,jump_down,-1.1687834450316759,0.21952214322973918,4.422416402443147,1
"[""correlated_metric""]",33,[496],10.554992958324492,94.46913805353022,web,2,0,0,稳定 产品 交付 用户 反馈,0,0.0,0.0,0.0,0.37161931283827765,0.0,0.54115490341344,0.37161931283827765,0.0,0.0,0.0,0.0,0.0,0.0,0.54115490341344,0.37161931283827765,31.41619489361775,011,33,silver,1,0,0,south,0,0,1,0,0,0,jump_down,0.192056703217391,-1.811959198887135,17.292784869996193,1
"[""capacity""]",35,[497],10.207216209472874,87.10366886781577,web,2,0,0,stable service regional product feedback 量子 推荐 hyperpersonalised,0,0.0,0.0,0.0,0.0,0.0,0.0,0.0,0.3498721264495162,0.3498721264495162,0.5017233601190293,0.0,0.5017233601190293,0.5017233601190293,0.0,0.0,26.036511863952846,011,35,gold,2,0,0,south,0,0,1,0,0,0,jump_down,0.006295036651282331,2.203921710978702,34.19888323862656,1
,36,[498],9.978751510432206,82.83426259322883,api,0,0,0,stable service regional product feedback,0,0.0,0.0,0.0,0.0,0.0,0.0,0.0,0.3498721264495162,0.3498721264495162,0.5017233601190293,0.0,0.5017233601190293,0.5017233601190293,0.0,0.0,31.120287795950688,011,36,bronze,0,0,0,south,0,0,1,0,0,0,jump_down,0.3878491690762039,-0.4738461104879288,4.603684582357757,1
,37,[499],10.874502358057441,84.53347566112531,mobile,1,0,0,稳定 产品 交付 用户 反馈,0,0.0,0.0,0.0,0.37161931283827765,0.0,0.54115490341344,0.37161931283827765,0.0,0.0,0.0,0.0,0.0,0.0,0.54115490341344,0.37161931283827765,30.003008573557054,011,37,gold,2,0,0,south,0,0,1,0,0,0,jump_down,-1.16553746562489,-2.0293980182288314,15.467501775849733,1
,38,[500],10.437765275855066,86.72793922933168,api,0,0,0,稳定 产品 交付 用户 反馈,0,0.0,0.0,0.0,0.37161931283827765,0.0,0.54115490341344,0.37161931283827765,0.0,0.0,0.0,0.0,0.0,0.0,0.54115490341344,0.37161931283827765,31.465452922785744,011,38,bronze,0,0,0,south,0,0,1,0,0,0,jump_down,0.7785181618494691,-0.4990236222561042,8.21529662944626,1
"[""correlated_metric""]",39,[501],10.765070888818842,84.49070076407054,api,0,0,0,reliable product delivery customer feedback,0,0.49623056257431153,0.49623056257431153,0.0,0.0,0.0,0.0,0.0,0.36143165764881946,0.36143165764881946,0.0,0.49623056257431153,0.0,0.0,0.0,0.0,26.746283619383195,011,39,silver,1,0,0,south,0,0,1,0,0,0,jump_down,-1.867411217213205,0.866881684234203,41.814589742496295,1
,40,[502],9.869062250365563,81.93493622144139,mobile,1,0,0,stable service regional product feedback,0,0.0,0.0,0.0,0.0,0.0,0.0,0.0,0.3498721264495162,0.3498721264495162,0.5017233601190293,0.0,0.5017233601190293,0.5017233601190293,0.0,0.0,28.26770537010319,011,40,bronze,0,0,0,south,0,0,1,0,0,0,jump_down,-0.1921368971190061,0.6393051142867128,13.793880264928902,1
,41,[503],10.882424481135683,86.2011137776447,api,0,0,0,稳定 产品 交付 用户 反馈,0,0.0,0.0,0.0,0.37161931283827765,0.0,0.54115490341344,0.37161931283827765,0.0,0.0,0.0,0.0,0.0,0.0,0.54115490341344,0.37161931283827765,31.832200600538503,011,41,silver,1,0,0,south,0,0,1,0,0,0,jump_down,-0.03894712936451006,-1.1593038159560916,15.777782815088408,1
,42,[504],10.639155293805052,82.49360135058161,api,0,0,0,稳定 服务 区域 产品 反馈,0,0.0,0.0,0.5273316095198977,0.3846395486696206,0.5273316095198977,0.0,0.3846395486696206,0.0,0.0,0.0,0.0,0.0,0.0,0.0,0.3846395486696206,30.61665516534,011,42,silver,1,0,0,south,0,0,1,0,0,0,jump_down,0.6856858482613077,0.04794432490651765,36.31829577192617,1
,43,[505],9.954485380832269,85.26786728080309,mobile,1,0,0,稳定 产品 交付 用户 反馈 量子 推荐 hyperpersonalised,0,0.0,0.0,0.0,0.37161931283827765,0.0,0.54115490341344,0.37161931283827765,0.0,0.0,0.0,0.0,0.0,0.0,0.54115490341344,0.37161931283827765,28.070230128997764,011,43,gold,2,0,0,south,0,0,1,0,0,0,jump_down,-1.0755516219120094,-0.26320458551055165,14.322718491375154,1
"[""spend""]",44,[506],10.477525152186297,83.64984483492468,web,2,0,0,稳定 产品 交付 用户 反馈,0,0.0,0.0,0.0,0.37161931283827765,0.0,0.54115490341344,0.37161931283827765,0.0,0.0,0.0,0.0,0.0,0.0,0.54115490341344,0.37161931283827765,29.775771509892053,011,44,gold,2,0,0,south,0,0,1,0,0,0,jump_down,-0.6833693446140574,-0.9450124524585816,23.12184071229461,1
,45,[507],11.052725387276361,92.2979197282202,web,2,0,0,reliable product delivery customer feedback,0,0.49623056257431153,0.49623056257431153,0.0,0.0,0.0,0.0,0.0,0.36143165764881946,0.36143165764881946,0.0,0.49623056257431153,0.0,0.0,0.0,0.0,30.357909314309833,011,45,gold,2,0,0,south,0,0,1,0,0,0,jump_down,0.7958218408247915,0.6087814593295555,51.44732566913858,1
,46,[508],10.488838449763923,91.74344269388762,mobile,1,0,0,稳定 服务 区域 产品 反馈,0,0.0,0.0,0.5273316095198977,0.3846395486696206,0.5273316095198977,0.0,0.3846395486696206,0.0,0.0,0.0,0.0,0.0,0.0,0.0,0.3846395486696206,32.016303606860355,011,46,gold,2,0,0,south,0,0,1,0,0,0,jump_down,0.20329042696757282,-1.3762965599380799,3.281253754444705,1
,47,[509],10.380292469875322,83.26046931332985,api,0,0,0,reliable product delivery customer feedback 量子 推荐 hyperpersonalised,0,0.49623056257431153,0.49623056257431153,0.0,0.0,0.0,0.0,0.0,0.36143165764881946,0.36143165764881946,0.0,0.49623056257431153,0.0,0.0,0.0,0.0,29.95356899780059,011,47,bronze,0,0,0,new_region,0,0,0,0,0,1,jump_down,0.2536396367164679,-0.35314762974068203,7.07001424666432,1
,48,[510],10.145947317123312,86.08272319588748,mobile,1,0,0,稳定 产品 交付 用户 反馈,0,0.0,0.0,0.0,0.37161931283827765,0.0,0.54115490341344,0.37161931283827765,0.0,0.0,0.0,0.0,0.0,0.0,0.54115490341344,0.37161931283827765,25.115674806186167,011,48,gold,2,0,0,south,0,0,1,0,0,0,jump_down,-1.7172636516766635,0.6371704670083594,38.16303719337584,1
,1,[511],20.289662661814646,94.32787375629641,web,2,0,0,reliable product delivery customer feedback,0,0.49623056257431153,0.49623056257431153,0.0,0.0,0.0,0.0,0.0,0.36143165764881946,0.36143165764881946,0.0,0.49623056257431153,0.0,0.0,0.0,0.0,24.906759360531886,012,1,silver,1,0,0,west,0,0,0,1,0,0,jump_down,0.23722021080763397,0.6163162008810091,30.89225891155106,0
,2,[512],20.497418130793623,92.80164303492761,mobile,1,0,0,稳定 产品 交付 用户 反馈,0,0.0,0.0,0.0,0.37161931283827765,0.0,0.54115490341344,0.37161931283827765,0.0,0.0,0.0,0.0,0.0,0.0,0.54115490341344,0.37161931283827765,28.100322894999202,012,2,gold,2,0,0,west,0,0,0,1,0,0,jump_down,0.9374710697412132,-0.43838037818202436,47.62251229505783,0
,3,[513],21.117070081513564,94.17629528223961,web,2,0,0,stable service regional product feedback,0,0.0,0.0,0.0,0.0,0.0,0.0,0.0,0.3498721264495162,0.3498721264495162,0.5017233601190293,0.0,0.5017233601190293,0.5017233601190293,0.0,0.0,25.384706720119283,012,3,silver,1,0,0,west,0,0,0,1,0,0,jump_down,-0.29553973970208364,-0.42783127739565835,21.018908305006914,0
,4,[514],20.251349650016127,85.25025679955071,mobile,1,0,0,reliable product delivery customer feedback,0,0.49623056257431153,0.49623056257431153,0.0,0.0,0.0,0.0,0.0,0.36143165764881946,0.36143165764881946,0.0,0.49623056257431153,0.0,0.0,0.0,0.0,22.325595772024766,012,4,bronze,0,0,0,west,0,0,0,1,0,0,jump_down,-0.05233903884586298,1.9936832360001961,10.999953745887183,0
,5,[515],20.137724465420348,96.02143880236619,api,0,0,0,stable service regional product feedback,0,0.0,0.0,0.0,0.0,0.0,0.0,0.0,0.3498721264495162,0.3498721264495162,0.5017233601190293,0.0,0.5017233601190293,0.5017233601190293,0.0,0.0,25.27551208059174,012,5,silver,1,0,0,west,0,0,0,1,0,0,jump_down,-0.21774710480142026,-0.18537271827159577,22.34235992442775,0
"[""spend""]",7,[516],20.634985319485498,93.08032896952977,web,2,0,0,稳定 服务 区域 产品 反馈,0,0.0,0.0,0.5273316095198977,0.3846395486696206,0.5273316095198977,0.0,0.3846395486696206,0.0,0.0,0.0,0.0,0.0,0.0,0.0,0.3846395486696206,22.82081891270469,012,7,gold,2,0,0,west,0,0,0,1,0,0,jump_down,-1.1190476047121933,0.0717717358670442,22.34235992442775,0
,8,[517],19.374191473694232,94.30091253147752,api,0,0,0,reliable product delivery customer feedback,0,0.49623056257431153,0.49623056257431153,0.0,0.0,0.0,0.0,0.0,0.36143165764881946,0.36143165764881946,0.0,0.49623056257431153,0.0,0.0,0.0,0.0,26.846532611493682,012,8,gold,2,0,0,west,0,0,0,1,0,0,jump_down,1.0008091782492103,0.46775685138586987,39.66552350498318,0
,9,[518],20.749720445749073,88.67141923390608,web,2,0,0,稳定 服务 区域 产品 反馈,0,0.0,0.0,0.5273316095198977,0.3846395486696206,0.5273316095198977,0.0,0.3846395486696206,0.0,0.0,0.0,0.0,0.0,0.0,0.0,0.3846395486696206,23.275070650040366,012,9,silver,1,0,0,west,0,0,0,1,0,0,jump_down,-0.582312773744918,0.5406435821789506,10.817920294663562,0
,10,[519],20.26174247162752,93.12818895477174,mobile,1,0,0,稳定 服务 区域 产品 反馈,0,0.0,0.0,0.5273316095198977,0.3846395486696206,0.5273316095198977,0.0,0.3846395486696206,0.0,0.0,0.0,0.0,0.0,0.0,0.0,0.3846395486696206,22.8865234972196,012,10,bronze,0,0,0,west,0,0,0,1,0,0,jump_down,-0.09864506447026242,1.4613547975425105,11.786096055861984,0
,11,[520],20.769831905380272,89.4320964127105,api,0,0,0,稳定 产品 交付 用户 反馈,0,0.0,0.0,0.0,0.37161931283827765,0.0,0.54115490341344,0.37161931283827765,0.0,0.0,0.0,0.0,0.0,0.0,0.54115490341344,0.37161931283827765,28.090045546424903,012,11,silver,1,0,0,west,0,0,0,1,0,0,jump_down,-0.19056268650550856,-1.8842247528821792,8.180795874924115,0
,12,[521],19.96101587608531,90.12730870149446,mobile,1,0,0,稳定 产品 交付 用户 反馈,0,0.0,0.0,0.0,0.37161931283827765,0.0,0.54115490341344,0.37161931283827765,0.0,0.0,0.0,0.0,0.0,0.0,0.54115490341344,0.37161931283827765,21.817330398915377,012,12,silver,1,0,0,west,0,0,0,1,0,0,jump_down,-2.2155647579746596,-0.6694401003676693,32.899739718798074,0
"[""spend""]",13,[522],19.35610413267065,90.67082424781412,api,0,0,0,稳定 产品 交付 用户 反馈,0,0.0,0.0,0.0,0.37161931283827765,0.0,0.54115490341344,0.37161931283827765,0.0,0.0,0.0,0.0,0.0,0.0,0.54115490341344,0.37161931283827765,28.483112983967054,012,13,silver,1,0,0,west,0,0,0,1,0,0,jump_down,1.4675445361010782,0.016505980739097214,22.34235992442775,0
,14,[523],19.98605477477115,96.74253854014376,web,2,0,0,稳定 服务 区域 产品 反馈,0,0.0,0.0,0.5273316095198977,0.3846395486696206,0.5273316095198977,0.0,0.3846395486696206,0.0,0.0,0.0,0.0,0.0,0.0,0.0,0.3846395486696206,25.695831818088394,012,14,silver,1,0,0,west,0,0,0,1,0,0,jump_down,-1.191729418782094,-1.7517998484009285,26.909027373213867,0
"[""capacity""]",15,[524],19.577096834802166,91.88237857265717,mobile,1,0,0,稳定 服务 区域 产品 反馈,0,0.0,0.0,0.5273316095198977,0.3846395486696206,0.5273316095198977,0.0,0.3846395486696206,0.0,0.0,0.0,0.0,0.0,0.0,0.0,0.3846395486696206,25.907136385213022,012,15,silver,1,0,0,west,0,0,0,1,0,0,jump_down,0.5722254636205034,0.5692402309238028,19.18032516072173,0
"[""correlated_metric""]",16,[525],,87.62217474997195,api,0,0,0,reliable product delivery customer feedback,0,0.49623056257431153,0.49623056257431153,0.0,0.0,0.0,0.0,0.0,0.36143165764881946,0.36143165764881946,0.0,0.49623056257431153,0.0,0.0,0.0,0.0,26.650827355275656,012,16,silver,1,0,0,west,0,0,0,1,0,0,jump_down,0.6166758962006753,0.1406041106730215,32.44731677154948,0
,17,[526],21.130128733656804,95.79179280787052,mobile,1,0,0,stable service regional product feedback,0,0.0,0.0,0.0,0.0,0.0,0.0,0.0,0.3498721264495162,0.3498721264495162,0.5017233601190293,0.0,0.5017233601190293,0.5017233601190293,0.0,0.0,29.34277628527545,012,17,silver,1,0,0,west,0,0,0,1,0,0,jump_down,1.1535096640881006,-1.1592506326266507,20.466113263930442,0
,18,[527],20.956684319165362,93.36290371887529,api,0,0,0,稳定 服务 区域 产品 反馈,0,0.0,0.0,0.5273316095198977,0.3846395486696206,0.5273316095198977,0.0,0.3846395486696206,0.0,0.0,0.0,0.0,0.0,0.0,0.0,0.3846395486696206,25.162246737309953,012,18,gold,2,0,0,west,0,0,0,1,0,0,jump_down,-0.036738065815025686,0.46208377138142964,118.23369355374189,0
,19,[528],20.337257104227675,92.64207915883809,mobile,1,0,0,稳定 服务 区域 产品 反馈,0,0.0,0.0,0.5273316095198977,0.3846395486696206,0.5273316095198977,0.0,0.3846395486696206,0.0,0.0,0.0,0.0,0.0,0.0,0.0,0.3846395486696206,23.578856227013052,012,19,bronze,0,0,0,west,0,0,0,1,0,0,jump_down,-0.9182086179654579,-0.1700621712706688,101.60509695072288,0
"[""capacity""]",20,[529],19.905122122942366,91.88237857265717,api,0,0,0,稳定 产品 交付 用户 反馈,0,0.0,0.0,0.0,0.37161931283827765,0.0,0.54115490341344,0.37161931283827765,0.0,0.0,0.0,0.0,0.0,0.0,0.54115490341344,0.37161931283827765,26.698922948710965,012,20,gold,2,0,0,west,0,0,0,1,0,0,jump_down,0.7429993439392776,0.3333502888434989,34.67212845847996,0
,21,[530],19.79760541280662,95.25083158221338,api,0,0,0,稳定 服务 区域 产品 反馈,0,0.0,0.0,0.5273316095198977,0.3846395486696206,0.5273316095198977,0.0,0.3846395486696206,0.0,0.0,0.0,0.0,0.0,0.0,0.0,0.3846395486696206,23.878243908932753,012,21,gold,2,0,0,west,0,0,0,1,0,0,jump_down,-0.7824117321149819,-0.07424723022523112,7.01830218343829,0
,22,[531],20.35261605675048,87.6693626211681,mobile,1,0,0,稳定 产品 交付 用户 反馈,0,0.0,0.0,0.0,0.37161931283827765,0.0,0.54115490341344,0.37161931283827765,0.0,0.0,0.0,0.0,0.0,0.0,0.54115490341344,0.37161931283827765,27.068844812178913,012,22,bronze,0,0,0,west,0,0,0,1,0,0,jump_down,0.6917621291562145,-0.1091847485920034,40.68010467299902,0
,23,[532],20.100693201757476,94.52632826098008,mobile,1,0,0,stable service regional product feedback,0,0.0,0.0,0.0,0.0,0.0,0.0,0.0,0.3498721264495162,0.3498721264495162,0.5017233601190293,0.0,0.5017233601190293,0.5017233601190293,0.0,0.0,22.899564250434466,012,23,silver,1,0,0,west,0,0,0,1,0,0,jump_down,-1.6352376022912891,-0.35799988831332424,24.373669702057242,0
,24,[533],20.41839822127115,97.78517871646199,mobile,1,0,0,stable service regional product feedback,0,0.0,0.0,0.0,0.0,0.0,0.0,0.0,0.3498721264495162,0.3498721264495162,0.5017233601190293,0.0,0.5017233601190293,0.5017233601190293,0.0,0.0,24.690766854721453,012,24,bronze,0,0,0,west,0,0,0,1,0,0,jump_down,-0.43352194813053074,0.15942517789653987,34.62670533052013,0
"[""spend""]",25,[534],,99.84418460920472,web,2,0,0,reliable product delivery customer feedback,0,0.49623056257431153,0.49623056257431153,0.0,0.0,0.0,0.0,0.0,0.36143165764881946,0.36143165764881946,0.0,0.49623056257431153,0.0,0.0,0.0,0.0,27.913451478907128,012,25,silver,1,0,0,west,0,0,0,1,0,0,jump_down,1.04686416621862,-0.14072800520599188,22.34235992442775,1
,26,[535],12.947769453427721,92.53096972719061,api,0,0,0,stable service regional product feedback,0,0.0,0.0,0.0,0.0,0.0,0.0,0.0,0.3498721264495162,0.3498721264495162,0.5017233601190293,0.0,0.5017233601190293,0.5017233601190293,0.0,0.0,26.129568464345894,012,26,silver,1,0,0,west,0,0,0,1,0,0,jump_down,-0.417271759971752,-1.0367033197129054,40.82767312044601,1
,27,[536],13.225666326167481,95.80716594172257,api,0,0,0,stable service regional product feedback,0,0.0,0.0,0.0,0.0,0.0,0.0,0.0,0.3498721264495162,0.3498721264495162,0.5017233601190293,0.0,0.5017233601190293,0.5017233601190293,0.0,0.0,23.43032859906142,012,27,gold,2,0,0,west,0,0,0,1,0,0,jump_down,-0.7432458050244017,0.3285040120550694,17.839255068499256,1
"[""correlated_metric""]",28,[537],13.214393307097343,92.71169565024067,mobile,1,0,0,stable service regional product feedback,0,0.0,0.0,0.0,0.0,0.0,0.0,0.0,0.3498721264495162,0.3498721264495162,0.5017233601190293,0.0,0.5017233601190293,0.5017233601190293,0.0,0.0,25.28633349569127,012,28,bronze,0,0,0,west,0,0,0,1,0,0,jump_down,0.501962897408419,0.771732895078282,84.71433300903037,1
,29,[538],13.506376341549338,96.7694507547214,web,2,0,0,stable service regional product feedback,0,0.0,0.0,0.0,0.0,0.0,0.0,0.0,0.3498721264495162,0.3498721264495162,0.5017233601190293,0.0,0.5017233601190293,0.5017233601190293,0.0,0.0,26.950197879886034,012,29,gold,2,0,0,west,0,0,0,1,0,0,jump_down,0.8736980752713932,-0.0059733341013550505,5.358791818236188,1
,30,[539],13.707434524837796,88.43149666553796,web,2,0,0,stable service regional product feedback,0,0.0,0.0,0.0,0.0,0.0,0.0,0.0,0.3498721264495162,0.3498721264495162,0.5017233601190293,0.0,0.5017233601190293,0.5017233601190293,0.0,0.0,24.070003034242117,012,30,gold,2,0,0,west,0,0,0,1,0,0,jump_down,-0.8202661022959814,-0.2316016544467257,7.109679672570871,1
,31,[540],,95.86861934287737,web,2,0,0,stable service regional product feedback,0,0.0,0.0,0.0,0.0,0.0,0.0,0.0,0.3498721264495162,0.3498721264495162,0.5017233601190293,0.0,0.5017233601190293,0.5017233601190293,0.0,0.0,23.587673352047325,012,31,silver,1,0,0,west,0,0,0,1,0,0,jump_down,-1.2953581591191405,-0.4205101316844931,6.962518202828865,1
,32,[541],13.716080987219868,89.617735128402,api,0,0,0,stable service regional product feedback,0,0.0,0.0,0.0,0.0,0.0,0.0,0.0,0.3498721264495162,0.3498721264495162,0.5017233601190293,0.0,0.5017233601190293,0.5017233601190293,0.0,0.0,25.459181688756388,012,32,gold,2,0,0,west,0,0,0,1,0,0,jump_down,0.6398350524020177,0.7634764291162414,30.623445282477675,1
,33,[542],13.222722997427216,90.28874856957057,mobile,1,0,0,stable service regional product feedback,0,0.0,0.0,0.0,0.0,0.0,0.0,0.0,0.3498721264495162,0.3498721264495162,0.5017233601190293,0.0,0.5017233601190293,0.5017233601190293,0.0,0.0,26.805617056677004,012,33,bronze,0,0,0,west,0,0,0,1,0,0,jump_down,2.067226502256266,1.7998201497860113,42.677187354577775,1
,34,[543],12.842475215397807,90.82140814832246,web,2,0,0,稳定 服务 区域 产品 反馈,0,0.0,0.0,0.5273316095198977,0.3846395486696206,0.5273316095198977,0.0,0.3846395486696206,0.0,0.0,0.0,0.0,0.0,0.0,0.0,0.3846395486696206,23.103328285096243,012,34,silver,1,0,0,west,0,0,0,1,0,0,jump_down,-0.6229318589714505,0.6852774146813221,12.397670859606688,1
,35,[544],,92.92002400191974,api,0,0,0,稳定 产品 交付 用户 反馈,0,0.0,0.0,0.0,0.37161931283827765,0.0,0.54115490341344,0.37161931283827765,0.0,0.0,0.0,0.0,0.0,0.0,0.54115490341344,0.37161931283827765,27.14244152132755,012,35,silver,1,0,0,west,0,0,0,1,0,0,jump_down,0.14564749069082508,-0.8218143307499988,4.682598640421048,1
,36,[545],12.68961668734109,92.04446339571814,mobile,1,0,0,stable service regional product feedback,0,0.0,0.0,0.0,0.0,0.0,0.0,0.0,0.3498721264495162,0.3498721264495162,0.5017233601190293,0.0,0.5017233601190293,0.5017233601190293,0.0,0.0,28.672280417103416,012,36,bronze,0,0,0,west,0,0,0,1,0,0,jump_down,1.2770736513173535,-0.4651457829201385,11.136655756003062,1
,37,[546],,91.3940166074639,mobile,1,0,0,稳定 产品 交付 用户 反馈,0,0.0,0.0,0.0,0.37161931283827765,0.0,0.54115490341344,0.37161931283827765,0.0,0.0,0.0,0.0,0.0,0.0,0.54115490341344,0.37161931283827765,20.55248766776188,012,37,gold,2,0,0,west,0,0,0,1,0,0,jump_down,-1.79469681077485,1.0062741725019122,16.312442496948947,1
,38,[547],13.25586470353639,94.88730523458183,mobile,1,0,0,稳定 服务 区域 产品 反馈 量子 推荐 hyperpersonalised,0,0.0,0.0,0.5273316095198977,0.3846395486696206,0.5273316095198977,0.0,0.3846395486696206,0.0,0.0,0.0,0.0,0.0,0.0,0.0,0.3846395486696206,28.086610636822133,012,38,bronze,0,0,0,west,0,0,0,1,0,0,jump_down,0.5032039503620567,-1.098236624917576,23.843512729302624,1
,39,[548],13.335645223321945,98.46148912614595,api,0,0,0,reliable product delivery customer feedback,0,0.49623056257431153,0.49623056257431153,0.0,0.0,0.0,0.0,0.0,0.36143165764881946,0.36143165764881946,0.0,0.49623056257431153,0.0,0.0,0.0,0.0,28.180771635699095,012,39,gold,2,0,0,new_region,0,0,0,0,0,1,jump_down,-0.18135601379273014,-2.2284767646336197,49.11576218326124,1
,40,[549],13.113982937128972,97.69978424143754,web,2,0,0,稳定 产品 交付 用户 反馈,0,0.0,0.0,0.0,0.37161931283827765,0.0,0.54115490341344,0.37161931283827765,0.0,0.0,0.0,0.0,0.0,0.0,0.54115490341344,0.37161931283827765,28.38402518107029,012,40,gold,2,0,0,new_region,0,0,0,0,0,1,jump_down,1.5341017558434578,0.07758037403592905,25.746200779230996,1
,41,[550],13.473504033854722,98.2229047026229,web,2,0,0,stable service regional product feedback,0,0.0,0.0,0.0,0.0,0.0,0.0,0.0,0.3498721264495162,0.3498721264495162,0.5017233601190293,0.0,0.5017233601190293,0.5017233601190293,0.0,0.0,22.096802354926485,012,41,gold,2,0,0,west,0,0,0,1,0,0,jump_down,-1.5133114732384807,0.12482519805978493,11.330244396383499,1
,42,[551],,95.80769622314463,web,2,0,0,稳定 服务 区域 产品 反馈,0,0.0,0.0,0.5273316095198977,0.3846395486696206,0.5273316095198977,0.0,0.3846395486696206,0.0,0.0,0.0,0.0,0.0,0.0,0.0,0.3846395486696206,28.82926989949718,012,42,gold,2,0,0,west,0,0,0,1,0,0,jump_down,1.2019193269065063,-0.663720104259322,120.64727165691906,1
"[""spend""]",43,[552],13.301196942257139,95.59803945996214,web,2,0,0,稳定 产品 交付 用户 反馈,0,0.0,0.0,0.0,0.37161931283827765,0.0,0.54115490341344,0.37161931283827765,0.0,0.0,0.0,0.0,0.0,0.0,0.54115490341344,0.37161931283827765,24.17362361144671,012,43,gold,2,0,0,new_region,0,0,0,0,0,1,jump_down,-0.3852825957649038,0.12620629015986734,22.34235992442775,1
,44,[553],13.404627318737571,94.35964989144766,api,0,0,0,稳定 服务 区域 产品 反馈,0,0.0,0.0,0.5273316095198977,0.3846395486696206,0.5273316095198977,0.0,0.3846395486696206,0.0,0.0,0.0,0.0,0.0,0.0,0.0,0.3846395486696206,28.355156328149324,012,44,silver,1,0,0,new_region,0,0,0,0,0,1,jump_down,1.372324048151363,-0.10727205614825783,14.228402728025147,1
,45,[554],12.738269405978468,98.01222142072918,web,2,0,0,稳定 服务 区域 产品 反馈,0,0.0,0.0,0.5273316095198977,0.3846395486696206,0.5273316095198977,0.0,0.3846395486696206,0.0,0.0,0.0,0.0,0.0,0.0,0.0,0.3846395486696206,29.57189425659452,012,45,silver,1,0,0,west,0,0,0,1,0,0,jump_down,1.6104291748981059,-0.6942324604614162,20.59878661654267,1
,46,[555],13.528479926598676,90.74288267019391,mobile,1,0,0,稳定 产品 交付 用户 反馈,0,0.0,0.0,0.0,0.37161931283827765,0.0,0.54115490341344,0.37161931283827765,0.0,0.0,0.0,0.0,0.0,0.0,0.54115490341344,0.37161931283827765,26.08630401300524,012,46,gold,2,0,0,west,0,0,0,1,0,0,jump_down,0.22885339460383797,,32.29591680917863,1
,47,[556],13.517002935806111,95.22731491852731,web,2,0,0,stable service regional product feedback,0,0.0,0.0,0.0,0.0,0.0,0.0,0.0,0.3498721264495162,0.3498721264495162,0.5017233601190293,0.0,0.5017233601190293,0.5017233601190293,0.0,0.0,25.957069067416523,012,47,gold,2,0,0,new_region,0,0,0,0,0,1,jump_down,-0.5287682281982423,-1.0624117221260243,43.90671693395471,1
,48,[557],13.448654486953398,92.82423973859555,api,0,0,0,稳定 产品 交付 用户 反馈,0,0.0,0.0,0.0,0.37161931283827765,0.0,0.54115490341344,0.37161931283827765,0.0,0.0,0.0,0.0,0.0,0.0,0.54115490341344,0.37161931283827765,23.948971833342366,012,48,bronze,0,0,0,west,0,0,0,1,0,0,jump_down,-0.4642147823461405,0.09660200150861424,38.85695497828128,1
,1,[558],26.45871630353514,103.86649354898405,web,2,0,0,stable service regional product feedback,0,0.0,0.0,0.0,0.0,0.0,0.0,0.0,0.3498721264495162,0.3498721264495162,0.5017233601190293,0.0,0.5017233601190293,0.5017233601190293,0.0,0.0,31.200358260567064,013,1,bronze,0,0,0,north,0,1,0,0,0,0,noisy_jump,-0.5501404809219245,-0.9173747711430407,10.74997672181236,0
,2,[559],20.636474895645215,109.5147350058659,mobile,1,0,0,stable service regional product feedback,0,0.0,0.0,0.0,0.0,0.0,0.0,0.0,0.3498721264495162,0.3498721264495162,0.5017233601190293,0.0,0.5017233601190293,0.5017233601190293,0.0,0.0,33.48178118746177,013,2,silver,1,0,0,north,0,1,0,0,0,0,noisy_jump,1.2636210555276874,0.20734802883201686,25.639689342756956,0
,3,[560],20.83467715696021,97.87414701118082,mobile,1,0,0,稳定 服务 区域 产品 反馈,0,0.0,0.0,0.5273316095198977,0.3846395486696206,0.5273316095198977,0.0,0.3846395486696206,0.0,0.0,0.0,0.0,0.0,0.0,0.0,0.3846395486696206,33.63641212116216,013,3,gold,2,0,0,north,0,1,0,0,0,0,noisy_jump,0.46610251858722845,-0.7948737890254125,120.39374546409194,0
,4,[561],22.680445491421327,102.11795317841614,mobile,1,0,0,reliable product delivery customer feedback,0,0.49623056257431153,0.49623056257431153,0.0,0.0,0.0,0.0,0.0,0.36143165764881946,0.36143165764881946,0.0,0.49623056257431153,0.0,0.0,0.0,0.0,27.982191054040168,013,4,silver,1,0,0,north,0,1,0,0,0,0,noisy_jump,-2.0192887602924294,-0.5356153475529685,12.4962652561994,0
,5,[562],20.189567359115436,107.40381287594158,api,0,0,0,稳定 服务 区域 产品 反馈,0,0.0,0.0,0.5273316095198977,0.3846395486696206,0.5273316095198977,0.0,0.3846395486696206,0.0,0.0,0.0,0.0,0.0,0.0,0.0,0.3846395486696206,31.911562884263958,013,5,gold,2,0,0,north,0,1,0,0,0,0,noisy_jump,1.0119815897748137,0.9074538079558696,39.1209794388051,0
,6,[563],24.132661413896628,105.03611263898337,api,0,0,0,稳定 服务 区域 产品 反馈,0,0.0,0.0,0.5273316095198977,0.3846395486696206,0.5273316095198977,0.0,0.3846395486696206,0.0,0.0,0.0,0.0,0.0,0.0,0.0,0.3846395486696206,30.92263747384248,013,6,bronze,0,0,0,north,0,1,0,0,0,0,noisy_jump,0.18955075356259463,0.3408810393433144,44.890603024463275,0
"[""spend""]",7,[564],20.796211497882304,101.83531470394664,api,0,0,0,稳定 产品 交付 用户 反馈,0,0.0,0.0,0.0,0.37161931283827765,0.0,0.54115490341344,0.37161931283827765,0.0,0.0,0.0,0.0,0.0,0.0,0.54115490341344,0.37161931283827765,33.307879632598926,013,7,silver,1,0,0,north,0,1,0,0,0,0,noisy_jump,-0.18039308830921114,-1.4906311145799553,24.751187705392997,0
"[""capacity""]",8,[565],22.458598896899186,104.33432635014663,web,2,0,0,stable service regional product feedback,0,0.0,0.0,0.0,0.0,0.0,0.0,0.0,0.3498721264495162,0.3498721264495162,0.5017233601190293,0.0,0.5017233601190293,0.5017233601190293,0.0,0.0,31.156568530626508,013,8,bronze,0,0,0,north,0,1,0,0,0,0,noisy_jump,-0.23210776868311828,-0.6412982221964315,9.71659602246483,0
,9,[566],15.569995008457305,100.69667091748263,api,0,0,0,reliable product delivery customer feedback,0,0.49623056257431153,0.49623056257431153,0.0,0.0,0.0,0.0,0.0,0.36143165764881946,0.36143165764881946,0.0,0.49623056257431153,0.0,0.0,0.0,0.0,32.80385893881622,013,9,bronze,0,0,0,north,0,1,0,0,0,0,noisy_jump,-0.46457789807305255,-1.6565235829559397,15.702447684326085,0
,10,[567],19.522590596410026,98.78932999517119,api,0,0,0,reliable product delivery customer feedback,0,0.49623056257431153,0.49623056257431153,0.0,0.0,0.0,0.0,0.0,0.36143165764881946,0.36143165764881946,0.0,0.49623056257431153,0.0,0.0,0.0,0.0,34.63933520401314,013,10,bronze,0,0,0,north,0,1,0,0,0,0,noisy_jump,1.5260833749723748,-0.11793438724048676,7.79029742741029,0
,11,[568],19.903414729271585,106.23942098274503,mobile,1,0,0,稳定 服务 区域 产品 反馈,0,0.0,0.0,0.5273316095198977,0.3846395486696206,0.5273316095198977,0.0,0.3846395486696206,0.0,0.0,0.0,0.0,0.0,0.0,0.0,0.3846395486696206,25.2730833680887,013,11,bronze,0,0,0,north,0,1,0,0,0,0,noisy_jump,-1.0252432002155745,2.3743245045675816,79.16293282398904,0
,12,[569],22.120901495913767,101.71153095340772,mobile,1,0,0,reliable product delivery customer feedback,0,0.49623056257431153,0.49623056257431153,0.0,0.0,0.0,0.0,0.0,0.36143165764881946,0.36143165764881946,0.0,0.49623056257431153,0.0,0.0,0.0,0.0,32.989537433516865,013,12,silver,1,0,0,north,0,1,0,0,0,0,noisy_jump,1.4113555900932255,0.5001719882321728,7.581255494198434,0
,13,[570],18.157470535467287,108.53580068464021,api,0,0,0,reliable product delivery customer feedback,0,0.49623056257431153,0.49623056257431153,0.0,0.0,0.0,0.0,0.0,0.36143165764881946,0.36143165764881946,0.0,0.49623056257431153,0.0,0.0,0.0,0.0,31.288915156977193,013,13,bronze,0,0,0,north,0,1,0,0,0,0,noisy_jump,-0.6827741927107253,-1.1454074111054797,12.348686169468019,0
,14,[571],18.342135149405962,110.15005813153702,api,0,0,0,稳定 服务 区域 产品 反馈,0,0.0,0.0,0.5273316095198977,0.3846395486696206,0.5273316095198977,0.0,0.3846395486696206,0.0,0.0,0.0,0.0,0.0,0.0,0.0,0.3846395486696206,30.757571633533875,013,14,bronze,0,0,0,north,0,1,0,0,0,0,noisy_jump,0.06348162681116487,0.5107384941800599,70.05078134848208,0
,15,[572],22.21360812332706,111.95644313016354,web,2,0,0,稳定 服务 区域 产品 反馈,0,0.0,0.0,0.5273316095198977,0.3846395486696206,0.5273316095198977,0.0,0.3846395486696206,0.0,0.0,0.0,0.0,0.0,0.0,0.0,0.3846395486696206,33.05751273766411,013,15,gold,2,0,0,north,0,1,0,0,0,0,noisy_jump,0.5493070937721389,-0.5038294472735014,24.751187705392997,0
,16,[573],23.575663562210977,99.28707149373358,mobile,1,0,0,稳定 服务 区域 产品 反馈,0,0.0,0.0,0.5273316095198977,0.3846395486696206,0.5273316095198977,0.0,0.3846395486696206,0.0,0.0,0.0,0.0,0.0,0.0,0.0,0.3846395486696206,33.410024253412814,013,16,bronze,0,0,0,north,0,1,0,0,0,0,noisy_jump,1.4072915449591215,0.1364847722230594,45.769868921390376,0
,18,[574],21.80704554830214,111.75773820664062,mobile,1,0,0,reliable product delivery customer feedback,0,0.49623056257431153,0.49623056257431153,0.0,0.0,0.0,0.0,0.0,0.36143165764881946,0.36143165764881946,0.0,0.49623056257431153,0.0,0.0,0.0,0.0,26.979980359258114,013,18,silver,1,0,0,north,0,1,0,0,0,0,noisy_jump,-0.9883070595558628,1.5879653346433784,21.561809638064897,0
"[""spend""]",19,[575],19.592029331127396,104.91019883139278,api,0,0,0,stable service regional product feedback,0,0.0,0.0,0.0,0.0,0.0,0.0,0.0,0.3498721264495162,0.3498721264495162,0.5017233601190293,0.0,0.5017233601190293,0.5017233601190293,0.0,0.0,31.53986411766166,013,19,silver,1,0,0,north,0,1,0,0,0,0,noisy_jump,-0.06987191025849004,-0.31559908606169434,24.751187705392997,0
"[""spend""]",20,[576],21.732491247709703,107.99664830334115,web,2,0,0,稳定 产品 交付 用户 反馈,0,0.0,0.0,0.0,0.37161931283827765,0.0,0.54115490341344,0.37161931283827765,0.0,0.0,0.0,0.0,0.0,0.0,0.54115490341344,0.37161931283827765,29.689695896608807,013,20,silver,1,0,0,north,0,1,0,0,0,0,noisy_jump,-1.572871362767237,-0.9589316091030274,24.751187705392997,0
"[""spend""]",21,[577],,97.54323513318498,api,0,0,0,稳定 产品 交付 用户 反馈,0,0.0,0.0,0.0,0.37161931283827765,0.0,0.54115490341344,0.37161931283827765,0.0,0.0,0.0,0.0,0.0,0.0,0.54115490341344,0.37161931283827765,29.664361199417993,013,21,bronze,0,0,0,north,0,1,0,0,0,0,noisy_jump,-0.5721319604269673,0.3887085906178885,24.751187705392997,0
,22,[578],22.538356726153708,95.76310221093463,api,0,0,0,稳定 产品 交付 用户 反馈,0,0.0,0.0,0.0,0.37161931283827765,0.0,0.54115490341344,0.37161931283827765,0.0,0.0,0.0,0.0,0.0,0.0,0.54115490341344,0.37161931283827765,28.504535532709735,013,22,bronze,0,0,0,north,0,1,0,0,0,0,noisy_jump,-1.208409124538865,0.21198867826252432,15.93068989599459,0
,23,[579],,104.19177170938467,api,0,0,0,stable service regional product feedback,0,0.0,0.0,0.0,0.0,0.0,0.0,0.0,0.3498721264495162,0.3498721264495162,0.5017233601190293,0.0,0.5017233601190293,0.5017233601190293,0.0,0.0,33.18591038456999,013,23,gold,2,0,0,north,0,1,0,0,0,0,noisy_jump,-0.31092179430804945,-1.6024242274269647,20.163779973016283,0
"[""spend""]",24,[580],16.461168099116822,105.97763666701685,api,0,0,0,稳定 产品 交付 用户 反馈,0,0.0,0.0,0.0,0.37161931283827765,0.0,0.54115490341344,0.37161931283827765,0.0,0.0,0.0,0.0,0.0,0.0,0.54115490341344,0.37161931283827765,28.724773610618957,013,24,silver,1,0,0,north,0,1,0,0,0,0,noisy_jump,-0.5782002489172792,0.8401336553952866,24.751187705392997,0
"[""capacity""]",25,[581],24.888370843734812,104.33432635014663,web,2,0,0,稳定 产品 交付 用户 反馈,0,0.0,0.0,0.0,0.37161931283827765,0.0,0.54115490341344,0.37161931283827765,0.0,0.0,0.0,0.0,0.0,0.0,0.54115490341344,0.37161931283827765,35.36325978424401,013,25,silver,1,0,0,north,0,1,0,0,0,0,noisy_jump,1.2743702580795078,-1.064968957049806,44.44650446393704,1
,26,[582],,106.75686639172204,web,2,0,0,reliable product delivery customer feedback,0,0.49623056257431153,0.49623056257431153,0.0,0.0,0.0,0.0,0.0,0.36143165764881946,0.36143165764881946,0.0,0.49623056257431153,0.0,0.0,0.0,0.0,33.191978764363185,013,26,silver,1,0,0,north,0,1,0,0,0,0,noisy_jump,0.20719792536923407,-1.0509678554842483,55.11500806727658,1
"[""spend""]",27,[583],26.856926458354895,106.38286495893766,web,2,0,0,reliable product delivery customer feedback,0,0.49623056257431153,0.49623056257431153,0.0,0.0,0.0,0.0,0.0,0.36143165764881946,0.36143165764881946,0.0,0.49623056257431153,0.0,0.0,0.0,0.0,28.42798208257423,013,27,bronze,0,0,0,north,0,1,0,0,0,0,noisy_jump,-0.763870118877966,0.8471803516416808,24.751187705392997,1
"[""capacity"", ""correlated_metric""]",28,[584],31.27416771744981,104.33432635014663,mobile,1,0,0,稳定 产品 交付 用户 反馈,0,0.0,0.0,0.0,0.37161931283827765,0.0,0.54115490341344,0.37161931283827765,0.0,0.0,0.0,0.0,0.0,0.0,0.54115490341344,0.37161931283827765,32.37016879614685,013,28,silver,1,0,0,north,0,1,0,0,0,0,noisy_jump,0.3373879637889069,-0.37483315574062287,7.460174550082728,1
"[""spend"", ""correlated_metric""]",29,[585],23.7335947298094,100.88198732225212,mobile,1,0,0,reliable product delivery customer feedback,0,0.49623056257431153,0.49623056257431153,0.0,0.0,0.0,0.0,0.0,0.36143165764881946,0.36143165764881946,0.0,0.49623056257431153,0.0,0.0,0.0,0.0,31.69208695217767,013,29,silver,1,0,0,north,0,1,0,0,0,0,noisy_jump,-0.43658586571150104,-0.43496560646457255,24.751187705392997,1
,30,[586],26.69679976005837,101.0477271641447,web,2,0,0,stable service regional product feedback,0,0.0,0.0,0.0,0.0,0.0,0.0,0.0,0.3498721264495162,0.3498721264495162,0.5017233601190293,0.0,0.5017233601190293,0.5017233601190293,0.0,0.0,30.667570720220485,013,30,silver,1,0,0,north,0,1,0,0,0,0,noisy_jump,-0.12906010779284538,0.2576952061214472,10.53775098951509,1
,31,[587],26.517863785989626,105.33288445195606,mobile,1,0,0,reliable product delivery customer feedback,0,0.49623056257431153,0.49623056257431153,0.0,0.0,0.0,0.0,0.0,0.36143165764881946,0.36143165764881946,0.0,0.49623056257431153,0.0,0.0,0.0,0.0,28.827300614387752,013,31,bronze,0,0,0,north,0,1,0,0,0,0,noisy_jump,-1.1502954226281092,-0.024618577663013376,78.2438368484824,1
,32,[588],22.761069252353302,104.39229684961578,mobile,1,0,0,reliable product delivery customer feedback,0,0.49623056257431153,0.49623056257431153,0.0,0.0,0.0,0.0,0.0,0.36143165764881946,0.36143165764881946,0.0,0.49623056257431153,0.0,0.0,0.0,0.0,31.429366783697912,013,32,gold,2,0,0,north,0,1,0,0,0,0,noisy_jump,-0.033475258553827617,-0.3898172199476473,12.806071793238466,1
,33,[589],30.351423119725077,105.41076739239378,web,2,0,0,stable service regional product feedback,0,0.0,0.0,0.0,0.0,0.0,0.0,0.0,0.3498721264495162,0.3498721264495162,0.5017233601190293,0.0,0.5017233601190293,0.5017233601190293,0.0,0.0,26.269617801644607,013,33,bronze,0,0,0,north,0,1,0,0,0,0,noisy_jump,-1.5127772052257316,1.2678655022659029,52.959862894519226,1
"[""spend""]",34,[590],30.612763602112803,102.54283448105795,web,2,0,0,reliable product delivery customer feedback,0,0.49623056257431153,0.49623056257431153,0.0,0.0,0.0,0.0,0.0,0.36143165764881946,0.36143165764881946,0.0,0.49623056257431153,0.0,0.0,0.0,0.0,33.21443590265908,013,34,gold,2,0,0,north,0,1,0,0,0,0,noisy_jump,0.9110604953108066,-0.20353796740303684,24.751187705392997,1
,35,[591],28.292294422345876,104.78181174303538,mobile,1,0,0,稳定 产品 交付 用户 反馈 量子 推荐 hyperpersonalised,0,0.0,0.0,0.0,0.37161931283827765,0.0,0.54115490341344,0.37161931283827765,0.0,0.0,0.0,0.0,0.0,0.0,0.54115490341344,0.37161931283827765,30.296719793678143,013,35,gold,2,0,0,north,0,1,0,0,0,0,noisy_jump,-1.6206830693628897,-1.4065847901663495,14.083730768173105,1
,36,[592],29.24181613818715,101.78806285423873,web,2,0,0,稳定 产品 交付 用户 反馈,0,0.0,0.0,0.0,0.37161931283827765,0.0,0.54115490341344,0.37161931283827765,0.0,0.0,0.0,0.0,0.0,0.0,0.54115490341344,0.37161931283827765,31.168905463302732,013,36,silver,1,0,0,north,0,1,0,0,0,0,noisy_jump,0.06617807209182514,0.06977979838658896,21.403156877202633,1
,37,[593],32.362173055590446,111.51604409811874,web,2,0,0,stable service regional product feedback,0,0.0,0.0,0.0,0.0,0.0,0.0,0.0,0.3498721264495162,0.3498721264495162,0.5017233601190293,0.0,0.5017233601190293,0.5017233601190293,0.0,0.0,34.66086736507799,013,37,gold,2,0,0,north,0,1,0,0,0,0,noisy_jump,-0.3551036811819809,-2.674859141691349,3.7851473254191013,1
,38,[594],31.25405173288894,111.60671126338062,web,2,0,0,reliable product delivery customer feedback,0,0.49623056257431153,0.49623056257431153,0.0,0.0,0.0,0.0,0.0,0.36143165764881946,0.36143165764881946,0.0,0.49623056257431153,0.0,0.0,0.0,0.0,31.510243862937415,013,38,gold,2,0,0,north,0,1,0,0,0,0,noisy_jump,0.7412242624333762,0.6083832066360352,17.86613424910926,1
,39,[595],28.164906834471363,100.52849262536279,api,0,0,0,reliable product delivery customer feedback,0,0.49623056257431153,0.49623056257431153,0.0,0.0,0.0,0.0,0.0,0.36143165764881946,0.36143165764881946,0.0,0.49623056257431153,0.0,0.0,0.0,0.0,29.88629946301836,013,39,bronze,0,0,0,north,0,1,0,0,0,0,noisy_jump,-1.0836995535447271,-0.4725218137602088,72.1151133047697,1
,40,[596],30.171944327041476,110.28121618184583,mobile,1,0,0,stable service regional product feedback,0,0.0,0.0,0.0,0.0,0.0,0.0,0.0,0.3498721264495162,0.3498721264495162,0.5017233601190293,0.0,0.5017233601190293,0.5017233601190293,0.0,0.0,32.07629324469555,013,40,gold,2,0,0,north,0,1,0,0,0,0,noisy_jump,0.3987820646230343,-0.14442730489262742,10.998002569086538,1
"[""capacity"", ""spend""]",41,[597],,104.33432635014663,mobile,1,0,0,reliable product delivery customer feedback,0,0.49623056257431153,0.49623056257431153,0.0,0.0,0.0,0.0,0.0,0.36143165764881946,0.36143165764881946,0.0,0.49623056257431153,0.0,0.0,0.0,0.0,32.36006834973914,013,41,bronze,0,0,0,north,0,1,0,0,0,0,noisy_jump,-0.32876446343235627,-1.3434475244274768,24.751187705392997,1
,42,[598],24.969312893562655,105.18176134850039,web,2,0,0,稳定 服务 区域 产品 反馈,0,0.0,0.0,0.5273316095198977,0.3846395486696206,0.5273316095198977,0.0,0.3846395486696206,0.0,0.0,0.0,0.0,0.0,0.0,0.0,0.3846395486696206,29.616317707907296,013,42,gold,2,0,0,north,0,1,0,0,0,0,noisy_jump,-0.9308359512049891,-0.25242771921948587,31.315231106566635,1
,43,[599],32.166319888425264,107.54218783751362,mobile,1,0,0,reliable product delivery customer feedback,0,0.49623056257431153,0.49623056257431153,0.0,0.0,0.0,0.0,0.0,0.36143165764881946,0.36143165764881946,0.0,0.49623056257431153,0.0,0.0,0.0,0.0,32.808625704057064,013,43,silver,1,0,0,north,0,1,0,0,0,0,noisy_jump,0.7324940014539705,0.03353239474334205,18.246158351455666,1
"[""capacity"", ""correlated_metric""]",44,[600],31.729525079517195,104.33432635014663,mobile,1,0,0,稳定 产品 交付 用户 反馈 量子 推荐 hyperpersonalised,0,0.0,0.0,0.0,0.37161931283827765,0.0,0.54115490341344,0.37161931283827765,0.0,0.0,0.0,0.0,0.0,0.0,0.54115490341344,0.37161931283827765,31.050423120914015,013,44,bronze,0,0,0,north,0,1,0,0,0,0,noisy_jump,-0.07444811813878095,0.5217446465104397,32.88993371028627,1
"[""spend"", ""correlated_metric""]",45,[601],23.294018057846706,110.93770474863629,web,2,0,0,稳定 服务 区域 产品 反馈,0,0.0,0.0,0.5273316095198977,0.3846395486696206,0.5273316095198977,0.0,0.3846395486696206,0.0,0.0,0.0,0.0,0.0,0.0,0.0,0.3846395486696206,33.331832263300626,013,45,gold,2,0,0,north,0,1,0,0,0,0,noisy_jump,1.3662883586367087,0.3316330182693232,24.751187705392997,1
,46,[602],21.873851732061542,106.26319695454379,web,2,0,0,稳定 产品 交付 用户 反馈,0,0.0,0.0,0.0,0.37161931283827765,0.0,0.54115490341344,0.37161931283827765,0.0,0.0,0.0,0.0,0.0,0.0,0.54115490341344,0.37161931283827765,33.64551077526678,013,46,bronze,0,0,0,north,0,1,0,0,0,0,noisy_jump,,-1.324047606719893,20.35065478239311,1
,47,[603],,106.70335680947355,mobile,1,0,0,reliable product delivery customer feedback,0,0.49623056257431153,0.49623056257431153,0.0,0.0,0.0,0.0,0.0,0.36143165764881946,0.36143165764881946,0.0,0.49623056257431153,0.0,0.0,0.0,0.0,32.07845855757492,013,47,silver,1,0,0,north,0,1,0,0,0,0,noisy_jump,-0.5029116839722801,-1.4577644069782674,9.942936643523959,1
,48,[604],27.47761012710068,109.66381723715075,mobile,1,0,0,reliable product delivery customer feedback 量子 推荐 hyperpersonalised,0,0.49623056257431153,0.49623056257431153,0.0,0.0,0.0,0.0,0.0,0.36143165764881946,0.36143165764881946,0.0,0.49623056257431153,0.0,0.0,0.0,0.0,28.517678218887045,013,48,bronze,0,0,0,north,0,1,0,0,0,0,noisy_jump,-0.8286935000028545,0.7117874601587713,19.998323405061097,1
,1,[605],21.795195353479084,83.7625887102105,web,2,0,0,stable service regional product feedback,0,0.0,0.0,0.0,0.0,0.0,0.0,0.0,0.3498721264495162,0.3498721264495162,0.5017233601190293,0.0,0.5017233601190293,0.5017233601190293,0.0,0.0,29.84918353180647,014,1,silver,1,0,0,east,1,0,0,0,0,0,noisy_jump,0.08687761239736788,-0.4116777596265247,54.926102532708356,0
,2,[606],17.686361016035747,71.01542237465182,web,2,0,0,stable service regional product feedback,0,0.0,0.0,0.0,0.0,0.0,0.0,0.0,0.3498721264495162,0.3498721264495162,0.5017233601190293,0.0,0.5017233601190293,0.5017233601190293,0.0,0.0,27.88209219953898,014,2,silver,1,0,0,east,1,0,0,0,0,0,noisy_jump,-0.8034441286747653,-0.5619562547662168,52.808645225475956,0
,3,[607],19.1662303286516,74.77769247087842,api,0,0,0,stable service regional product feedback,0,0.0,0.0,0.0,0.0,0.0,0.0,0.0,0.3498721264495162,0.3498721264495162,0.5017233601190293,0.0,0.5017233601190293,0.5017233601190293,0.0,0.0,28.329115449865043,014,3,bronze,0,0,0,east,1,0,0,0,0,0,noisy_jump,-0.4821328020848682,-0.2550116469528656,37.950805748743484,0
"[""capacity""]",4,[608],16.588096926651353,77.6487939680241,web,2,0,0,reliable product delivery customer feedback,0,0.49623056257431153,0.49623056257431153,0.0,0.0,0.0,0.0,0.0,0.36143165764881946,0.36143165764881946,0.0,0.49623056257431153,0.0,0.0,0.0,0.0,31.013183541594604,014,4,silver,1,0,0,east,1,0,0,0,0,0,noisy_jump,0.8227835632063456,-0.41360268076372836,8.038038812831331,0
,5,[609],22.15952761889384,77.32325063468019,web,2,0,0,reliable product delivery customer feedback,0,0.49623056257431153,0.49623056257431153,0.0,0.0,0.0,0.0,0.0,0.36143165764881946,0.36143165764881946,0.0,0.49623056257431153,0.0,0.0,0.0,0.0,28.991149932704957,014,5,gold,2,0,0,east,1,0,0,0,0,0,noisy_jump,0.31410162633263683,0.36236477191174254,7.896343774921498,0
,6,[610],,78.70679876240311,web,2,0,0,reliable product delivery customer feedback,0,0.49623056257431153,0.49623056257431153,0.0,0.0,0.0,0.0,0.0,0.36143165764881946,0.36143165764881946,0.0,0.49623056257431153,0.0,0.0,0.0,0.0,29.660494643860773,014,6,silver,1,0,0,east,1,0,0,0,0,0,noisy_jump,-0.15645932250079359,-0.8072375609167378,21.62491235829421,0
,7,[611],22.812729623817972,87.7748225020008,web,2,0,0,stable service regional product feedback,0,0.0,0.0,0.0,0.0,0.0,0.0,0.0,0.3498721264495162,0.3498721264495162,0.5017233601190293,0.0,0.5017233601190293,0.5017233601190293,0.0,0.0,32.24587569949681,014,7,silver,1,0,0,east,1,0,0,0,0,0,noisy_jump,0.7462350548524282,-1.2238027738529127,14.348521913688888,0
,8,[612],18.50460302797375,70.55493987345928,api,0,0,0,stable service regional product feedback,0,0.0,0.0,0.0,0.0,0.0,0.0,0.0,0.3498721264495162,0.3498721264495162,0.5017233601190293,0.0,0.5017233601190293,0.5017233601190293,0.0,0.0,28.200936712971465,014,8,silver,1,0,0,east,1,0,0,0,0,0,noisy_jump,,0.39723732828109054,9.22113829847425,0
,9,[613],20.605107810317776,75.40377172122747,api,0,0,0,稳定 服务 区域 产品 反馈,0,0.0,0.0,0.5273316095198977,0.3846395486696206,0.5273316095198977,0.0,0.3846395486696206,0.0,0.0,0.0,0.0,0.0,0.0,0.0,0.3846395486696206,27.31227966996662,014,9,gold,2,0,0,east,1,0,0,0,0,0,noisy_jump,-0.2273826077394497,0.8991792307367695,11.313557401140045,0
,10,[614],21.70964779221485,78.68549266574435,mobile,1,0,0,stable service regional product feedback,0,0.0,0.0,0.0,0.0,0.0,0.0,0.0,0.3498721264495162,0.3498721264495162,0.5017233601190293,0.0,0.5017233601190293,0.5017233601190293,0.0,0.0,30.088455339310432,014,10,silver,1,0,0,east,1,0,0,0,0,0,noisy_jump,0.4572839864669399,-0.14416688742427625,20.1778264160842,0
,11,[615],18.03338484623493,78.09173653671866,api,0,0,0,稳定 服务 区域 产品 反馈,0,0.0,0.0,0.5273316095198977,0.3846395486696206,0.5273316095198977,0.0,0.3846395486696206,0.0,0.0,0.0,0.0,0.0,0.0,0.0,0.3846395486696206,27.028004368315308,014,11,silver,1,0,0,east,1,0,0,0,0,0,noisy_jump,-0.7840902623755178,,75.8221652924569,0
,12,[616],22.394636871268,75.58036731698044,web,2,0,0,reliable product delivery customer feedback,0,0.49623056257431153,0.49623056257431153,0.0,0.0,0.0,0.0,0.0,0.36143165764881946,0.36143165764881946,0.0,0.49623056257431153,0.0,0.0,0.0,0.0,28.25987959787036,014,12,silver,1,0,0,east,1,0,0,0,0,0,noisy_jump,-0.2772666845604817,0.014238862590150787,11.918896185745906,0
,13,[617],22.341472468523705,79.14566163371276,web,2,0,0,稳定 服务 区域 产品 反馈,0,0.0,0.0,0.5273316095198977,0.3846395486696206,0.5273316095198977,0.0,0.3846395486696206,0.0,0.0,0.0,0.0,0.0,0.0,0.0,0.3846395486696206,29.938659424006765,014,13,silver,1,0,0,east,1,0,0,0,0,0,noisy_jump,-0.6815457018291425,-1.329019934069007,370.4438566130261,0
"[""correlated_metric""]",14,[618],,77.99380421659603,web,2,0,0,reliable product delivery customer feedback,0,0.49623056257431153,0.49623056257431153,0.0,0.0,0.0,0.0,0.0,0.36143165764881946,0.36143165764881946,0.0,0.49623056257431153,0.0,0.0,0.0,0.0,28.266901227409544,014,14,bronze,0,0,0,east,1,0,0,0,0,0,noisy_jump,-1.8324072421131246,-0.5396467901776697,10.885513824992515,0
,15,[619],17.782320126166116,82.0049965377095,web,2,0,0,reliable product delivery customer feedback,0,0.49623056257431153,0.49623056257431153,0.0,0.0,0.0,0.0,0.0,0.36143165764881946,0.36143165764881946,0.0,0.49623056257431153,0.0,0.0,0.0,0.0,28.551871245662277,014,15,gold,2,0,0,east,1,0,0,0,0,0,noisy_jump,0.5967283331325561,1.103671215505795,34.4848404305422,0
,16,[620],18.877851847768497,73.91056356338817,web,2,0,0,稳定 服务 区域 产品 反馈,0,0.0,0.0,0.5273316095198977,0.3846395486696206,0.5273316095198977,0.0,0.3846395486696206,0.0,0.0,0.0,0.0,0.0,0.0,0.0,0.3846395486696206,26.413744392365214,014,16,bronze,0,0,0,east,1,0,0,0,0,0,noisy_jump,-0.5788809017434859,0.9671945577248751,2.176775399739725,0
,17,[621],24.65997977701563,74.97999614080892,mobile,1,0,0,reliable product delivery customer feedback,0,0.49623056257431153,0.49623056257431153,0.0,0.0,0.0,0.0,0.0,0.36143165764881946,0.36143165764881946,0.0,0.49623056257431153,0.0,0.0,0.0,0.0,26.802664834104814,014,17,bronze,0,0,0,east,1,0,0,0,0,0,noisy_jump,-0.690227872349047,0.42089564271664176,36.46626977049977,0
"[""correlated_metric""]",18,[622],18.169078643946566,74.31250702254916,mobile,1,0,0,稳定 服务 区域 产品 反馈,0,0.0,0.0,0.5273316095198977,0.3846395486696206,0.5273316095198977,0.0,0.3846395486696206,0.0,0.0,0.0,0.0,0.0,0.0,0.0,0.3846395486696206,27.24377766233876,014,18,bronze,0,0,0,east,1,0,0,0,0,0,noisy_jump,-0.7270954636762108,0.6079341387492286,8.634047901149115,0
,19,[623],21.398155252612074,77.52589371052284,mobile,1,0,0,reliable product delivery customer feedback,0,0.49623056257431153,0.49623056257431153,0.0,0.0,0.0,0.0,0.0,0.36143165764881946,0.36143165764881946,0.0,0.49623056257431153,0.0,0.0,0.0,0.0,29.985163072819734,014,19,silver,1,0,0,east,1,0,0,0,0,0,noisy_jump,-0.6612188874277163,-1.7172678954582687,61.581923010115375,0
,20,[624],16.355690645812423,79.00494320739195,api,0,0,0,stable service regional product feedback,0,0.0,0.0,0.0,0.0,0.0,0.0,0.0,0.3498721264495162,0.3498721264495162,0.5017233601190293,0.0,0.5017233601190293,0.5017233601190293,0.0,0.0,28.003017608483734,014,20,gold,2,0,0,east,1,0,0,0,0,0,noisy_jump,-0.34410117408025925,0.23012188442774786,6.817637261517245,0
"[""correlated_metric""]",21,[625],15.665312253891159,82.57257581983852,mobile,1,0,0,reliable product delivery customer feedback,0,0.49623056257431153,0.49623056257431153,0.0,0.0,0.0,0.0,0.0,0.36143165764881946,0.36143165764881946,0.0,0.49623056257431153,0.0,0.0,0.0,0.0,30.7332846555788,014,21,silver,1,0,0,east,1,0,0,0,0,0,noisy_jump,,-0.41436885496658915,55.64202239661981,0
,22,[626],21.36369211133967,81.06013521090905,api,0,0,0,stable service regional product feedback,0,0.0,0.0,0.0,0.0,0.0,0.0,0.0,0.3498721264495162,0.3498721264495162,0.5017233601190293,0.0,0.5017233601190293,0.5017233601190293,0.0,0.0,24.650756663577017,014,22,silver,1,0,0,east,1,0,0,0,0,0,noisy_jump,-2.3859187857342303,-0.3718748037278468,14.504003909973774,0
,23,[627],21.457242318768913,71.71155182875125,mobile,1,0,0,stable service regional product feedback,0,0.0,0.0,0.0,0.0,0.0,0.0,0.0,0.3498721264495162,0.3498721264495162,0.5017233601190293,0.0,0.5017233601190293,0.5017233601190293,0.0,0.0,30.789491567253787,014,23,silver,1,0,0,east,1,0,0,0,0,0,noisy_jump,0.04745623923508941,-1.278711446476056,44.426897223312956,0
,24,[628],21.451785399627486,78.54489057315253,web,2,0,0,稳定 产品 交付 用户 反馈,0,0.0,0.0,0.0,0.37161931283827765,0.0,0.54115490341344,0.37161931283827765,0.0,0.0,0.0,0.0,0.0,0.0,0.54115490341344,0.37161931283827765,28.937119951224577,014,24,silver,1,0,0,east,1,0,0,0,0,0,noisy_jump,-0.0631973536265358,-0.23743658352966687,15.60798124822577,0
,25,[629],29.04623948292679,81.3571701171474,web,2,0,0,stable service regional product feedback,0,0.0,0.0,0.0,0.0,0.0,0.0,0.0,0.3498721264495162,0.3498721264495162,0.5017233601190293,0.0,0.5017233601190293,0.5017233601190293,0.0,0.0,26.60645922643832,014,25,bronze,0,0,0,east,1,0,0,0,0,0,noisy_jump,-1.6582241605587853,-0.6796678223901567,23.778322720589625,1
,26,[630],29.52718975359202,88.55621959921645,mobile,1,0,0,稳定 服务 区域 产品 反馈,0,0.0,0.0,0.5273316095198977,0.3846395486696206,0.5273316095198977,0.0,0.3846395486696206,0.0,0.0,0.0,0.0,0.0,0.0,0.0,0.3846395486696206,29.30937679208629,014,26,gold,2,0,0,east,1,0,0,0,0,0,noisy_jump,-0.025736320961178286,-0.10506736860147467,6.023273104320985,1
,27,[631],25.63451646038405,78.38724143311393,api,0,0,0,stable service regional product feedback,0,0.0,0.0,0.0,0.0,0.0,0.0,0.0,0.3498721264495162,0.3498721264495162,0.5017233601190293,0.0,0.5017233601190293,0.5017233601190293,0.0,0.0,28.604359904659496,014,27,silver,1,0,0,east,1,0,0,0,0,0,noisy_jump,0.047742922009113835,0.19679689354441954,12.857759113692731,1
,28,[632],23.846338843835472,74.84080587235111,api,0,0,0,reliable product delivery customer feedback,0,0.49623056257431153,0.49623056257431153,0.0,0.0,0.0,0.0,0.0,0.36143165764881946,0.36143165764881946,0.0,0.49623056257431153,0.0,0.0,0.0,0.0,28.467577047358095,014,28,bronze,0,0,0,east,1,0,0,0,0,0,noisy_jump,0.5866464418590684,0.8383316100424635,68.75732592350401,1
"[""spend""]",30,[633],24.747710634273183,74.41737491561304,web,2,0,0,reliable product delivery customer feedback,0,0.49623056257431153,0.49623056257431153,0.0,0.0,0.0,0.0,0.0,0.36143165764881946,0.36143165764881946,0.0,0.49623056257431153,0.0,0.0,0.0,0.0,26.647531760900108,014,30,gold,2,0,0,east,1,0,0,0,0,0,noisy_jump,-1.0254359710924963,-0.2274994082049561,17.263174164886543,1
,31,[634],25.414521297710042,81.36731025644653,api,0,0,0,稳定 服务 区域 产品 反馈,0,0.0,0.0,0.5273316095198977,0.3846395486696206,0.5273316095198977,0.0,0.3846395486696206,0.0,0.0,0.0,0.0,0.0,0.0,0.0,0.3846395486696206,29.475804622390903,014,31,gold,2,0,0,east,1,0,0,0,0,0,noisy_jump,0.05465767889883569,-0.3854546929332704,27.27842405504482,1
,32,[635],21.96277255718283,71.88057026057479,mobile,1,0,0,稳定 服务 区域 产品 反馈,0,0.0,0.0,0.5273316095198977,0.3846395486696206,0.5273316095198977,0.0,0.3846395486696206,0.0,0.0,0.0,0.0,0.0,0.0,0.0,0.3846395486696206,36.47056734831414,014,32,silver,1,0,0,east,1,0,0,0,0,0,noisy_jump,2.1907260448046633,-2.1183677328893005,13.020070175482408,1
,33,[636],26.834180547787863,80.85238156837694,mobile,1,0,0,稳定 产品 交付 用户 反馈,0,0.0,0.0,0.0,0.37161931283827765,0.0,0.54115490341344,0.37161931283827765,0.0,0.0,0.0,0.0,0.0,0.0,0.54115490341344,0.37161931283827765,25.60499716899514,014,33,gold,2,0,0,east,1,0,0,0,0,0,noisy_jump,-0.9783477519039138,1.091170932708284,20.277831387751363,1
"[""capacity""]",34,[637],27.924200703478913,77.6487939680241,api,0,0,0,稳定 产品 交付 用户 反馈,0,0.0,0.0,0.0,0.37161931283827765,0.0,0.54115490341344,0.37161931283827765,0.0,0.0,0.0,0.0,0.0,0.0,0.54115490341344,0.37161931283827765,26.185213651391997,014,34,bronze,0,0,0,east,1,0,0,0,0,0,noisy_jump,-0.38965869953077137,1.3358469382099043,13.158878917120777,1
,35,[638],23.390441591398552,74.22521050560736,mobile,1,0,0,stable service regional product feedback,0,0.0,0.0,0.0,0.0,0.0,0.0,0.0,0.3498721264495162,0.3498721264495162,0.5017233601190293,0.0,0.5017233601190293,0.5017233601190293,0.0,0.0,29.693118096793405,014,35,silver,1,0,0,east,1,0,0,0,0,0,noisy_jump,-0.30250976070706886,-0.922206649000164,10.142365782435972,1
"[""spend""]",36,[639],26.369722898436773,76.26492395938041,mobile,1,0,0,stable service regional product feedback,0,0.0,0.0,0.0,0.0,0.0,0.0,0.0,0.3498721264495162,0.3498721264495162,0.5017233601190293,0.0,0.5017233601190293,0.5017233601190293,0.0,0.0,28.798543224266403,014,36,gold,2,0,0,east,1,0,0,0,0,0,noisy_jump,0.27191120153573706,0.3666170706329599,17.263174164886543,1
"[""correlated_metric""]",37,[640],24.052655039753326,70.48282006431437,web,2,0,0,reliable product delivery customer feedback,0,0.49623056257431153,0.49623056257431153,0.0,0.0,0.0,0.0,0.0,0.36143165764881946,0.36143165764881946,0.0,0.49623056257431153,0.0,0.0,0.0,0.0,27.750419292868617,014,37,gold,2,0,0,new_region,0,0,0,0,0,1,noisy_jump,0.5381248241012075,2.132178998358063,24.506525429177003,1
,38,[641],25.28983465789206,75.84929065197696,api,0,0,0,稳定 产品 交付 用户 反馈,0,0.0,0.0,0.0,0.37161931283827765,0.0,0.54115490341344,0.37161931283827765,0.0,0.0,0.0,0.0,0.0,0.0,0.54115490341344,0.37161931283827765,26.711446692078635,014,38,bronze,0,0,0,east,1,0,0,0,0,0,noisy_jump,-0.13066222582460238,1.2776333325461786,73.39444889421277,1
"[""spend""]",39,[642],27.600150095459107,77.79806395154179,web,2,0,0,reliable product delivery customer feedback,0,0.49623056257431153,0.49623056257431153,0.0,0.0,0.0,0.0,0.0,0.36143165764881946,0.36143165764881946,0.0,0.49623056257431153,0.0,0.0,0.0,0.0,30.65553570219203,014,39,gold,2,0,0,east,1,0,0,0,0,0,noisy_jump,-0.3919385840040368,-1.6540771914099162,17.263174164886543,1
,40,[643],20.35881892779565,77.96299256886454,mobile,1,0,0,stable service regional product feedback 量子 推荐 hyperpersonalised,0,0.0,0.0,0.0,0.0,0.0,0.0,0.0,0.3498721264495162,0.3498721264495162,0.5017233601190293,0.0,0.5017233601190293,0.5017233601190293,0.0,0.0,27.595716634685942,014,40,gold,2,0,0,east,1,0,0,0,0,0,noisy_jump,-0.564041172421648,-0.001197772199278026,8.510869387145016,1
,41,[644],,81.44053933295578,api,0,0,0,reliable product delivery customer feedback,0,0.49623056257431153,0.49623056257431153,0.0,0.0,0.0,0.0,0.0,0.36143165764881946,0.36143165764881946,0.0,0.49623056257431153,0.0,0.0,0.0,0.0,27.32475580611627,014,41,gold,2,0,0,east,1,0,0,0,0,0,noisy_jump,-1.4744358789112264,-0.8112408234095179,100.604303065037,1
"[""spend""]",42,[645],25.660265467063706,74.81227302660233,web,2,0,0,稳定 产品 交付 用户 反馈,0,0.0,0.0,0.0,0.37161931283827765,0.0,0.54115490341344,0.37161931283827765,0.0,0.0,0.0,0.0,0.0,0.0,0.54115490341344,0.37161931283827765,29.14111439710011,014,42,silver,1,0,0,east,1,0,0,0,0,0,noisy_jump,0.9078548033753051,0.9519192945852438,17.263174164886543,1
,43,[646],26.25504258891498,80.3137678137113,api,0,0,0,stable service regional product feedback,0,0.0,0.0,0.0,0.0,0.0,0.0,0.0,0.3498721264495162,0.3498721264495162,0.5017233601190293,0.0,0.5017233601190293,0.5017233601190293,0.0,0.0,28.280240685757025,014,43,bronze,0,0,0,east,1,0,0,0,0,0,noisy_jump,-0.2741651592950493,-0.2650871607710944,88.08985970317144,1
,44,[647],25.480054512088948,77.48535832608039,api,0,0,0,stable service regional product feedback,0,0.0,0.0,0.0,0.0,0.0,0.0,0.0,0.3498721264495162,0.3498721264495162,0.5017233601190293,0.0,0.5017233601190293,0.5017233601190293,0.0,0.0,27.254542177867396,014,44,bronze,0,0,0,new_region,0,0,0,0,0,1,noisy_jump,-0.5720806128164693,0.1563452299572044,11.08653759851027,1
,45,[648],26.549199401497884,81.27868128884008,api,0,0,0,stable service regional product feedback,0,0.0,0.0,0.0,0.0,0.0,0.0,0.0,0.3498721264495162,0.3498721264495162,0.5017233601190293,0.0,0.5017233601190293,0.5017233601190293,0.0,0.0,25.72035503416307,014,45,bronze,0,0,0,east,1,0,0,0,0,0,noisy_jump,0.04633049293354474,2.084832215867546,14.861668498698059,1
"[""spend""]",46,[649],25.37028951132722,80.76748126486515,web,2,0,0,稳定 服务 区域 产品 反馈,0,0.0,0.0,0.5273316095198977,0.3846395486696206,0.5273316095198977,0.0,0.3846395486696206,0.0,0.0,0.0,0.0,0.0,0.0,0.0,0.3846395486696206,25.97587941445044,014,46,silver,1,0,0,new_region,0,0,0,0,0,1,noisy_jump,-1.9274733903848897,-0.7589987072503441,17.263174164886543,1
,47,[650],21.01799096776039,87.30756728448033,api,0,0,0,稳定 服务 区域 产品 反馈,0,0.0,0.0,0.5273316095198977,0.3846395486696206,0.5273316095198977,0.0,0.3846395486696206,0.0,0.0,0.0,0.0,0.0,0.0,0.0,0.3846395486696206,27.451609039760196,014,47,bronze,0,0,0,east,1,0,0,0,0,0,noisy_jump,-1.4067330994274583,-1.080816935447239,3.3647430807214675,1
,48,[651],27.191275259337075,78.81762520580921,api,0,0,0,stable service regional product feedback,0,0.0,0.0,0.0,0.0,0.0,0.0,0.0,0.3498721264495162,0.3498721264495162,0.5017233601190293,0.0,0.5017233601190293,0.5017233601190293,0.0,0.0,28.870622566057502,014,48,bronze,0,0,0,east,1,0,0,0,0,0,noisy_jump,-0.15865843075730426,-0.20471833169347664,48.52092613349076,1
"[""capacity""]",1,[652],18.741954508888316,106.82544263008914,mobile,1,0,0,稳定 产品 交付 用户 反馈,0,0.0,0.0,0.0,0.37161931283827765,0.0,0.54115490341344,0.37161931283827765,0.0,0.0,0.0,0.0,0.0,0.0,0.54115490341344,0.37161931283827765,29.221805462867618,015,1,gold,2,0,0,south,0,0,1,0,0,0,noisy_jump,-0.11957227867858657,-1.1764473938398232,21.445632872950583,0
,2,[653],20.45117266160879,108.84298124691277,api,0,0,0,reliable product delivery customer feedback,0,0.49623056257431153,0.49623056257431153,0.0,0.0,0.0,0.0,0.0,0.36143165764881946,0.36143165764881946,0.0,0.49623056257431153,0.0,0.0,0.0,0.0,30.087599753347305,015,2,gold,2,0,0,south,0,0,1,0,0,0,noisy_jump,1.2883829308147685,0.34677683940716947,36.54289460681928,0
,3,[654],,108.52873599501703,mobile,1,0,0,stable service regional product feedback,0,0.0,0.0,0.0,0.0,0.0,0.0,0.0,0.3498721264495162,0.3498721264495162,0.5017233601190293,0.0,0.5017233601190293,0.5017233601190293,0.0,0.0,29.606811527955212,015,3,silver,1,0,0,south,0,0,1,0,0,0,noisy_jump,0.5313987393058149,-0.40821596008297184,10.776000108575724,0
,4,[655],19.92294026363913,109.80309797738815,mobile,1,0,0,稳定 服务 区域 产品 反馈,0,0.0,0.0,0.5273316095198977,0.3846395486696206,0.5273316095198977,0.0,0.3846395486696206,0.0,0.0,0.0,0.0,0.0,0.0,0.0,0.3846395486696206,28.895781453944803,015,4,bronze,0,0,0,south,0,0,1,0,0,0,noisy_jump,-0.08461179273082298,-0.965751152948689,13.5457768129809,0
"[""spend""]",5,[656],20.366468946858216,106.70551771964021,mobile,1,0,0,稳定 服务 区域 产品 反馈,0,0.0,0.0,0.5273316095198977,0.3846395486696206,0.5273316095198977,0.0,0.3846395486696206,0.0,0.0,0.0,0.0,0.0,0.0,0.0,0.3846395486696206,26.258643455085735,015,5,bronze,0,0,0,south,0,0,1,0,0,0,noisy_jump,0.02433694341781615,1.2007689309078302,26.919920297663325,0
,6,[657],19.980661727376706,108.95833814794243,web,2,0,0,stable service regional product feedback,0,0.0,0.0,0.0,0.0,0.0,0.0,0.0,0.3498721264495162,0.3498721264495162,0.5017233601190293,0.0,0.5017233601190293,0.5017233601190293,0.0,0.0,29.546227881343505,015,6,bronze,0,0,0,south,0,0,1,0,0,0,noisy_jump,-0.5415605805217311,-1.7401315819650918,56.640864421673555,0
,7,[658],23.222262462153488,102.19382312179947,mobile,1,0,0,reliable product delivery customer feedback,0,0.49623056257431153,0.49623056257431153,0.0,0.0,0.0,0.0,0.0,0.36143165764881946,0.36143165764881946,0.0,0.49623056257431153,0.0,0.0,0.0,0.0,28.660580086921875,015,7,bronze,0,0,0,south,0,0,1,0,0,0,noisy_jump,0.9246727936967913,0.753637094014881,36.62277614139786,0
,8,[659],19.388833583777,106.57663721735945,api,0,0,0,稳定 服务 区域 产品 反馈,0,0.0,0.0,0.5273316095198977,0.3846395486696206,0.5273316095198977,0.0,0.3846395486696206,0.0,0.0,0.0,0.0,0.0,0.0,0.0,0.3846395486696206,26.54561395347694,015,8,gold,2,0,0,south,0,0,1,0,0,0,noisy_jump,-1.023753433998737,-0.49732904870242556,34.24857075834285,0
"[""correlated_metric""]",9,[660],25.96406941668989,109.71027092995136,web,2,0,0,稳定 产品 交付 用户 反馈,0,0.0,0.0,0.0,0.37161931283827765,0.0,0.54115490341344,0.37161931283827765,0.0,0.0,0.0,0.0,0.0,0.0,0.54115490341344,0.37161931283827765,29.12287015364228,015,9,gold,2,0,0,south,0,0,1,0,0,0,noisy_jump,0.08801213436180617,-0.826673638799315,20.379370392731218,0
,10,[661],20.786954511124762,103.38195697946247,api,0,0,0,stable service regional product feedback,0,0.0,0.0,0.0,0.0,0.0,0.0,0.0,0.3498721264495162,0.3498721264495162,0.5017233601190293,0.0,0.5017233601190293,0.5017233601190293,0.0,0.0,29.68848282851199,015,10,bronze,0,0,0,south,0,0,1,0,0,0,noisy_jump,0.36424429140210396,-0.8678829952166113,27.1231893151611,0
,11,[662],14.780401402029748,111.43202430578287,api,0,0,0,stable service regional product feedback,0,0.0,0.0,0.0,0.0,0.0,0.0,0.0,0.3498721264495162,0.3498721264495162,0.5017233601190293,0.0,0.5017233601190293,0.5017233601190293,0.0,0.0,26.770276021283493,015,11,bronze,0,0,0,south,0,0,1,0,0,0,noisy_jump,-0.3014885907146829,0.14980904064599382,4.410045495960901,0
"[""capacity""]",12,[663],17.539656498423014,106.82544263008914,api,0,0,0,reliable product delivery customer feedback,0,0.49623056257431153,0.49623056257431153,0.0,0.0,0.0,0.0,0.0,0.36143165764881946,0.36143165764881946,0.0,0.49623056257431153,0.0,0.0,0.0,0.0,23.788653977911068,015,12,gold,2,0,0,south,0,0,1,0,0,0,noisy_jump,-0.5551455668286895,1.8944974384655202,7.391683842556821,0
"[""capacity""]",13,[664],25.336823956490182,106.82544263008914,api,0,0,0,stable service regional product feedback,0,0.0,0.0,0.0,0.0,0.0,0.0,0.0,0.3498721264495162,0.3498721264495162,0.5017233601190293,0.0,0.5017233601190293,0.5017233601190293,0.0,0.0,31.115719486459433,015,13,bronze,0,0,0,south,0,0,1,0,0,0,noisy_jump,1.6836912742174035,-0.05403612111943679,27.677741551269772,0
,14,[665],17.67939114797869,100.85724136706149,mobile,1,0,0,稳定 服务 区域 产品 反馈,0,0.0,0.0,0.5273316095198977,0.3846395486696206,0.5273316095198977,0.0,0.3846395486696206,0.0,0.0,0.0,0.0,0.0,0.0,0.0,0.3846395486696206,30.423752600823747,015,14,bronze,0,0,0,south,0,0,1,0,0,0,noisy_jump,1.3907540852059532,0.20997919733367054,43.60325115302763,0
,15,[666],17.645697700144037,104.97942573790489,mobile,1,0,0,reliable product delivery customer feedback,0,0.49623056257431153,0.49623056257431153,0.0,0.0,0.0,0.0,0.0,0.36143165764881946,0.36143165764881946,0.0,0.49623056257431153,0.0,0.0,0.0,0.0,19.629759127739533,015,15,gold,2,0,0,south,0,0,1,0,0,0,noisy_jump,-2.989962626487332,1.377720257717585,10.692747271655954,0
,16,[667],18.355753835663283,106.76070344493621,mobile,1,0,0,stable service regional product feedback,0,0.0,0.0,0.0,0.0,0.0,0.0,0.0,0.3498721264495162,0.3498721264495162,0.5017233601190293,0.0,0.5017233601190293,0.5017233601190293,0.0,0.0,26.695674075245414,015,16,gold,2,0,0,south,0,0,1,0,0,0,noisy_jump,-1.114341144205841,-0.8401518303276385,26.919920297663325,0
"[""spend""]",17,[668],21.514805069757703,112.30794691543677,api,0,0,0,stable service regional product feedback,0,0.0,0.0,0.0,0.0,0.0,0.0,0.0,0.3498721264495162,0.3498721264495162,0.5017233601190293,0.0,0.5017233601190293,0.5017233601190293,0.0,0.0,25.297949038984335,015,17,gold,2,0,0,south,0,0,1,0,0,0,noisy_jump,-0.22558241107147145,1.389688095298163,26.919920297663325,0
"[""capacity""]",18,[669],20.013056215604397,106.82544263008914,web,2,0,0,稳定 产品 交付 用户 反馈,0,0.0,0.0,0.0,0.37161931283827765,0.0,0.54115490341344,0.37161931283827765,0.0,0.0,0.0,0.0,0.0,0.0,0.54115490341344,0.37161931283827765,23.813239770313096,015,18,silver,1,0,0,south,0,0,1,0,0,0,noisy_jump,,0.07871964794187046,11.060666164303202,0
,19,[670],21.057205686599833,102.74745053805285,web,2,0,0,稳定 服务 区域 产品 反馈,0,0.0,0.0,0.5273316095198977,0.3846395486696206,0.5273316095198977,0.0,0.3846395486696206,0.0,0.0,0.0,0.0,0.0,0.0,0.0,0.3846395486696206,29.47897747376009,015,19,silver,1,0,0,south,0,0,1,0,0,0,noisy_jump,0.43608259338519356,-0.22465670615832367,18.287790304809104,0
,20,[671],15.428901220000554,107.38364913288791,mobile,1,0,0,稳定 服务 区域 产品 反馈,0,0.0,0.0,0.5273316095198977,0.3846395486696206,0.5273316095198977,0.0,0.3846395486696206,0.0,0.0,0.0,0.0,0.0,0.0,0.0,0.3846395486696206,27.626678304987994,015,20,bronze,0,0,0,south,0,0,1,0,0,0,noisy_jump,0.44409453738039983,0.8859510517190199,31.668712093984766,0
,21,[672],16.04579794446987,111.20945413173932,mobile,1,0,0,reliable product delivery customer feedback,0,0.49623056257431153,0.49623056257431153,0.0,0.0,0.0,0.0,0.0,0.36143165764881946,0.36143165764881946,0.0,0.49623056257431153,0.0,0.0,0.0,0.0,25.969571092282305,015,21,gold,2,0,0,south,0,0,1,0,0,0,noisy_jump,-0.9106590926176379,0.09521596302979364,11.175922878170706,0
,22,[673],16.701480478941814,107.61586227285974,mobile,1,0,0,reliable product delivery customer feedback,0,0.49623056257431153,0.49623056257431153,0.0,0.0,0.0,0.0,0.0,0.36143165764881946,0.36143165764881946,0.0,0.49623056257431153,0.0,0.0,0.0,0.0,25.92481539039884,015,22,gold,2,0,0,south,0,0,1,0,0,0,noisy_jump,-0.5753421800222578,0.44194908560816937,14.06971649749799,0
,23,[674],17.316912589690915,104.78536811727662,api,0,0,0,稳定 产品 交付 用户 反馈,0,0.0,0.0,0.0,0.37161931283827765,0.0,0.54115490341344,0.37161931283827765,0.0,0.0,0.0,0.0,0.0,0.0,0.54115490341344,0.37161931283827765,26.403894656490966,015,23,bronze,0,0,0,south,0,0,1,0,0,0,noisy_jump,-0.7353824644455711,-0.1013712566962812,13.48185220524898,0
,24,[675],15.277583008076483,106.82350478406961,api,0,0,0,稳定 产品 交付 用户 反馈,0,0.0,0.0,0.0,0.37161931283827765,0.0,0.54115490341344,0.37161931283827765,0.0,0.0,0.0,0.0,0.0,0.0,0.54115490341344,0.37161931283827765,25.17517994132799,015,24,silver,1,0,0,south,0,0,1,0,0,0,noisy_jump,-1.3874131293504481,-0.15554557754816584,143.9842580984195,0
,25,[676],22.928962226834347,106.68189671785944,mobile,1,0,0,稳定 服务 区域 产品 反馈,0,0.0,0.0,0.5273316095198977,0.3846395486696206,0.5273316095198977,0.0,0.3846395486696206,0.0,0.0,0.0,0.0,0.0,0.0,0.0,0.3846395486696206,29.974396425902544,015,25,gold,2,0,0,south,0,0,1,0,0,0,noisy_jump,-0.016881587590507542,-1.495821005680935,32.638858609463114,1
,26,[677],27.273205472985072,104.92253233588531,web,2,0,0,reliable product delivery customer feedback,0,0.49623056257431153,0.49623056257431153,0.0,0.0,0.0,0.0,0.0,0.36143165764881946,0.36143165764881946,0.0,0.49623056257431153,0.0,0.0,0.0,0.0,26.371286793419138,015,26,gold,2,0,0,south,0,0,1,0,0,0,noisy_jump,-0.5925205040483758,-0.032960227437696596,34.963427002730185,1
,27,[678],17.600196394665996,113.50361151038217,mobile,1,0,0,稳定 服务 区域 产品 反馈,0,0.0,0.0,0.5273316095198977,0.3846395486696206,0.5273316095198977,0.0,0.3846395486696206,0.0,0.0,0.0,0.0,0.0,0.0,0.0,0.3846395486696206,27.691496802702797,015,27,silver,1,0,0,south,0,0,1,0,0,0,noisy_jump,-1.5156393720649752,-2.1758626448011267,20.479778419610078,1
"[""capacity""]",28,[679],19.314792716424037,106.82544263008914,api,0,0,0,stable service regional product feedback,0,0.0,0.0,0.0,0.0,0.0,0.0,0.0,0.3498721264495162,0.3498721264495162,0.5017233601190293,0.0,0.5017233601190293,0.5017233601190293,0.0,0.0,24.978153894359963,015,28,bronze,0,0,0,south,0,0,1,0,0,0,noisy_jump,-0.6388689962326719,1.1122640571839901,12.509324684561895,1
,29,[680],27.19222347993747,106.84184661552133,api,0,0,0,reliable product delivery customer feedback,0,0.49623056257431153,0.49623056257431153,0.0,0.0,0.0,0.0,0.0,0.36143165764881946,0.36143165764881946,0.0,0.49623056257431153,0.0,0.0,0.0,0.0,27.479602879674633,015,29,bronze,0,0,0,south,0,0,1,0,0,0,noisy_jump,0.39725209075454987,0.8241285842616067,23.55428337323938,1
"[""correlated_metric""]",30,[681],23.600499936928028,108.35664317870916,mobile,1,0,0,稳定 服务 区域 产品 反馈,0,0.0,0.0,0.5273316095198977,0.3846395486696206,0.5273316095198977,0.0,0.3846395486696206,0.0,0.0,0.0,0.0,0.0,0.0,0.0,0.3846395486696206,29.27585011793623,015,30,bronze,0,0,0,south,0,0,1,0,0,0,noisy_jump,0.43266330810980624,-0.6654630520629093,14.503166081085732,1
,31,[682],24.252838763011948,104.1716149771214,api,0,0,0,稳定 产品 交付 用户 反馈,0,0.0,0.0,0.0,0.37161931283827765,0.0,0.54115490341344,0.37161931283827765,0.0,0.0,0.0,0.0,0.0,0.0,0.54115490341344,0.37161931283827765,28.42240200426467,015,31,silver,1,0,0,south,0,0,1,0,0,0,noisy_jump,0.6159409672926277,0.3958760939831784,6.36790488201253,1
,32,[683],29.99362465062038,111.56024394279012,mobile,1,0,0,稳定 服务 区域 产品 反馈,0,0.0,0.0,0.5273316095198977,0.3846395486696206,0.5273316095198977,0.0,0.3846395486696206,0.0,0.0,0.0,0.0,0.0,0.0,0.0,0.3846395486696206,27.939650128763844,015,32,bronze,0,0,0,south,0,0,1,0,0,0,noisy_jump,0.3977578741907904,0.5928984115898072,23.51884473604475,1
"[""correlated_metric""]",33,[684],25.085437563373933,103.88939797536264,api,0,0,0,reliable product delivery customer feedback,0,0.49623056257431153,0.49623056257431153,0.0,0.0,0.0,0.0,0.0,0.36143165764881946,0.36143165764881946,0.0,0.49623056257431153,0.0,0.0,0.0,0.0,28.453537212965095,015,33,bronze,0,0,0,south,0,0,1,0,0,0,noisy_jump,-0.4883997196682335,-1.1280068330498838,12.78289266976184,1
,34,[685],,111.50404618753839,web,2,0,0,稳定 产品 交付 用户 反馈,0,0.0,0.0,0.0,0.37161931283827765,0.0,0.54115490341344,0.37161931283827765,0.0,0.0,0.0,0.0,0.0,0.0,0.54115490341344,0.37161931283827765,28.858320594043764,015,34,bronze,0,0,0,south,0,0,1,0,0,0,noisy_jump,0.5088602320735228,0.043671892135660584,32.38474185937112,1
,35,[686],24.816659797909235,101.88511467722093,api,0,0,0,reliable product delivery customer feedback,0,0.49623056257431153,0.49623056257431153,0.0,0.0,0.0,0.0,0.0,0.36143165764881946,0.36143165764881946,0.0,0.49623056257431153,0.0,0.0,0.0,0.0,26.89397167729362,015,35,gold,2,0,0,south,0,0,1,0,0,0,noisy_jump,-0.18062819628120516,0.5427788468280262,19.557510903269396,1
,36,[687],22.172612052067826,105.4089561795755,mobile,1,0,0,稳定 产品 交付 用户 反馈 量子 推荐 hyperpersonalised,0,0.0,0.0,0.0,0.37161931283827765,0.0,0.54115490341344,0.37161931283827765,0.0,0.0,0.0,0.0,0.0,0.0,0.54115490341344,0.37161931283827765,27.81667282499779,015,36,silver,1,0,0,south,0,0,1,0,0,0,noisy_jump,0.3252039255319848,0.5269423081520658,13.17850768595995,1
,37,[688],24.420408598962368,104.6563568533342,api,0,0,0,稳定 产品 交付 用户 反馈,0,0.0,0.0,0.0,0.37161931283827765,0.0,0.54115490341344,0.37161931283827765,0.0,0.0,0.0,0.0,0.0,0.0,0.54115490341344,0.37161931283827765,30.048408591473823,015,37,bronze,0,0,0,south,0,0,1,0,0,0,noisy_jump,1.2220536614487374,0.2724046411216676,17.889623538128593,1
,38,[689],24.39168006745499,107.87909933715285,mobile,1,0,0,stable service regional product feedback,0,0.0,0.0,0.0,0.0,0.0,0.0,0.0,0.3498721264495162,0.3498721264495162,0.5017233601190293,0.0,0.5017233601190293,0.5017233601190293,0.0,0.0,29.096556335388478,015,38,silver,1,0,0,south,0,0,1,0,0,0,noisy_jump,0.8798758716570108,-0.005165331638844079,8.637067177539247,1
"[""spend"", ""correlated_metric""]",39,[690],19.799866440947053,107.02381769330431,api,0,0,0,reliable product delivery customer feedback,0,0.49623056257431153,0.49623056257431153,0.0,0.0,0.0,0.0,0.0,0.36143165764881946,0.36143165764881946,0.0,0.49623056257431153,0.0,0.0,0.0,0.0,28.157917500561272,015,39,gold,2,0,0,south,0,0,1,0,0,0,noisy_jump,0.2206113226397799,0.18156826402486687,26.919920297663325,1
"[""spend""]",40,[691],22.82820983759928,105.60950483139958,api,0,0,0,reliable product delivery customer feedback,0,0.49623056257431153,0.49623056257431153,0.0,0.0,0.0,0.0,0.0,0.36143165764881946,0.36143165764881946,0.0,0.49623056257431153,0.0,0.0,0.0,0.0,26.712074254620568,015,40,bronze,0,0,0,new_region,0,0,0,0,0,1,noisy_jump,-0.8297887928789927,-0.20083419601119062,26.919920297663325,1
,41,[692],23.066674970595216,105.87162979997134,web,2,0,0,stable service regional product feedback,0,0.0,0.0,0.0,0.0,0.0,0.0,0.0,0.3498721264495162,0.3498721264495162,0.5017233601190293,0.0,0.5017233601190293,0.5017233601190293,0.0,0.0,26.820620601838538,015,41,gold,2,0,0,south,0,0,1,0,0,0,noisy_jump,0.5654805746690994,1.4340791224137148,19.446968202558338,1
,42,[693],19.99626648975095,107.45040405657453,web,2,0,0,reliable product delivery customer feedback,0,0.49623056257431153,0.49623056257431153,0.0,0.0,0.0,0.0,0.0,0.36143165764881946,0.36143165764881946,0.0,0.49623056257431153,0.0,0.0,0.0,0.0,28.101724123073065,015,42,gold,2,0,0,south,0,0,1,0,0,0,noisy_jump,-0.4975686359110996,-0.9964320175996306,24.17232847893201,1
,43,[694],20.926215610427228,108.50429518262233,mobile,1,0,0,稳定 服务 区域 产品 反馈,0,0.0,0.0,0.5273316095198977,0.3846395486696206,0.5273316095198977,0.0,0.3846395486696206,0.0,0.0,0.0,0.0,0.0,0.0,0.0,0.3846395486696206,30.40231898420329,015,43,silver,1,0,0,south,0,0,1,0,0,0,noisy_jump,1.5730685900980759,0.658038759891771,61.40369849571739,1
,44,[695],26.706224429763946,110.06788682903662,web,2,0,0,稳定 产品 交付 用户 反馈,0,0.0,0.0,0.0,0.37161931283827765,0.0,0.54115490341344,0.37161931283827765,0.0,0.0,0.0,0.0,0.0,0.0,0.54115490341344,0.37161931283827765,27.53102368171644,015,44,gold,2,0,0,south,0,0,1,0,0,0,noisy_jump,-0.03257817206882349,0.2792795377319809,17.38721411925516,1
,45,[696],22.9021169138974,109.26008586654775,api,0,0,0,稳定 产品 交付 用户 反馈,0,0.0,0.0,0.0,0.37161931283827765,0.0,0.54115490341344,0.37161931283827765,0.0,0.0,0.0,0.0,0.0,0.0,0.54115490341344,0.37161931283827765,29.84750893851072,015,45,bronze,0,0,0,south,0,0,1,0,0,0,noisy_jump,-0.46892108310167824,,6.390001712780987,1
,46,[697],23.782338636329207,108.30150584823112,mobile,1,0,0,稳定 产品 交付 用户 反馈,0,0.0,0.0,0.0,0.37161931283827765,0.0,0.54115490341344,0.37161931283827765,0.0,0.0,0.0,0.0,0.0,0.0,0.54115490341344,0.37161931283827765,35.57358725106256,015,46,bronze,0,0,0,south,0,0,1,0,0,0,noisy_jump,2.110110899114301,-2.2015467769545145,36.442721124657446,1
"[""spend""]",47,[698],19.96739495820062,102.24496768595148,mobile,1,0,0,reliable product delivery customer feedback,0,0.49623056257431153,0.49623056257431153,0.0,0.0,0.0,0.0,0.0,0.36143165764881946,0.36143165764881946,0.0,0.49623056257431153,0.0,0.0,0.0,0.0,30.322707587778922,015,47,gold,2,0,0,south,0,0,1,0,0,0,noisy_jump,1.1642355568055853,-0.35782034716275046,26.919920297663325,1
,48,[699],19.981945284810713,107.17212944070916,mobile,1,0,0,稳定 服务 区域 产品 反馈 量子 推荐 hyperpersonalised,0,0.0,0.0,0.5273316095198977,0.3846395486696206,0.5273316095198977,0.0,0.3846395486696206,0.0,0.0,0.0,0.0,0.0,0.0,0.0,0.3846395486696206,31.130776420104116,015,48,bronze,0,0,0,south,0,0,1,0,0,0,noisy_jump,1.078835177428516,-0.7241781645016343,33.69494525612689,1
,1,[700],22.48447962565349,109.39940750966768,web,2,0,0,reliable product delivery customer feedback,0,0.49623056257431153,0.49623056257431153,0.0,0.0,0.0,0.0,0.0,0.36143165764881946,0.36143165764881946,0.0,0.49623056257431153,0.0,0.0,0.0,0.0,23.51763507445209,016,1,gold,2,0,0,west,0,0,0,1,0,0,noisy_jump,1.245357910080266,0.7664449883538831,8.169896891081587,0
"[""correlated_metric""]",2,[701],17.397393108666268,109.8434626322643,api,0,0,0,稳定 产品 交付 用户 反馈,0,0.0,0.0,0.0,0.37161931283827765,0.0,0.54115490341344,0.37161931283827765,0.0,0.0,0.0,0.0,0.0,0.0,0.54115490341344,0.37161931283827765,23.364573387131347,016,2,silver,1,0,0,west,0,0,0,1,0,0,noisy_jump,-1.0814955624646767,-2.0577714391153514,87.3724976173372,0
"[""capacity"", ""correlated_metric""]",3,[702],,107.36748860112824,api,0,0,0,reliable product delivery customer feedback,0,0.49623056257431153,0.49623056257431153,0.0,0.0,0.0,0.0,0.0,0.36143165764881946,0.36143165764881946,0.0,0.49623056257431153,0.0,0.0,0.0,0.0,22.061122886283304,016,3,silver,1,0,0,west,0,0,0,1,0,0,noisy_jump,-0.04011900986296567,0.39888207581702595,60.87042789163689,0
"[""capacity"", ""correlated_metric""]",4,[703],22.29063434375082,107.36748860112824,mobile,1,0,0,stable service regional product feedback,0,0.0,0.0,0.0,0.0,0.0,0.0,0.0,0.3498721264495162,0.3498721264495162,0.5017233601190293,0.0,0.5017233601190293,0.5017233601190293,0.0,0.0,23.703611632875155,016,4,bronze,0,0,0,west,0,0,0,1,0,0,noisy_jump,1.5470061416734828,0.5186167392897166,22.914026933863855,0
"[""spend""]",5,[704],20.356060782489113,106.62266328727772,api,0,0,0,reliable product delivery customer feedback,0,0.49623056257431153,0.49623056257431153,0.0,0.0,0.0,0.0,0.0,0.36143165764881946,0.36143165764881946,0.0,0.49623056257431153,0.0,0.0,0.0,0.0,20.0837029072148,016,5,bronze,0,0,0,west,0,0,0,1,0,0,noisy_jump,-0.5082683950424101,1.0102159042477104,28.41293081622443,0
,6,[705],26.228016890265973,107.46401880327204,api,0,0,0,稳定 产品 交付 用户 反馈,0,0.0,0.0,0.0,0.37161931283827765,0.0,0.54115490341344,0.37161931283827765,0.0,0.0,0.0,0.0,0.0,0.0,0.54115490341344,0.37161931283827765,23.2762614388811,016,6,silver,1,0,0,west,0,0,0,1,0,0,noisy_jump,-0.3224055925147782,-1.084448730952427,39.717411685636065,0
,7,[706],19.401880204011867,107.41838463190999,mobile,1,0,0,reliable product delivery customer feedback,0,0.49623056257431153,0.49623056257431153,0.0,0.0,0.0,0.0,0.0,0.36143165764881946,0.36143165764881946,0.0,0.49623056257431153,0.0,0.0,0.0,0.0,22.7103748229991,016,7,bronze,0,0,0,west,0,0,0,1,0,0,noisy_jump,0.3501899726130628,0.42556337082305745,10.351698146489705,0
,8,[707],19.48797869546687,105.93722922174997,mobile,1,0,0,稳定 产品 交付 用户 反馈,0,0.0,0.0,0.0,0.37161931283827765,0.0,0.54115490341344,0.37161931283827765,0.0,0.0,0.0,0.0,0.0,0.0,0.54115490341344,0.37161931283827765,21.849660187870537,016,8,bronze,0,0,0,west,0,0,0,1,0,0,noisy_jump,-0.08158230099570979,0.5272876907314116,57.340000931408326,0
"[""capacity""]",9,[708],21.52303927516977,107.36748860112824,api,0,0,0,稳定 服务 区域 产品 反馈,0,0.0,0.0,0.5273316095198977,0.3846395486696206,0.5273316095198977,0.0,0.3846395486696206,0.0,0.0,0.0,0.0,0.0,0.0,0.0,0.3846395486696206,20.39931250047768,016,9,silver,1,0,0,west,0,0,0,1,0,0,noisy_jump,0.19960991743948936,1.6118465080369864,12.723906983783634,0
,10,[709],,107.58292690264855,api,0,0,0,稳定 服务 区域 产品 反馈,0,0.0,0.0,0.5273316095198977,0.3846395486696206,0.5273316095198977,0.0,0.3846395486696206,0.0,0.0,0.0,0.0,0.0,0.0,0.0,0.3846395486696206,22.387127900905107,016,10,silver,1,0,0,west,0,0,0,1,0,0,noisy_jump,-0.38628849937846593,-0.07494078271301405,27.709225150338064,0
,11,[710],22.002740120660675,108.66449921069926,api,0,0,0,稳定 服务 区域 产品 反馈,0,0.0,0.0,0.5273316095198977,0.3846395486696206,0.5273316095198977,0.0,0.3846395486696206,0.0,0.0,0.0,0.0,0.0,0.0,0.0,0.3846395486696206,25.37524119792383,016,11,bronze,0,0,0,west,0,0,0,1,0,0,noisy_jump,0.7855510076721739,-0.8911961841131262,69.96414150216563,0
"[""spend""]",12,[711],20.794651806435425,100.43909766813937,api,0,0,0,reliable product delivery customer feedback,0,0.49623056257431153,0.49623056257431153,0.0,0.0,0.0,0.0,0.0,0.36143165764881946,0.36143165764881946,0.0,0.49623056257431153,0.0,0.0,0.0,0.0,23.281092682742653,016,12,silver,1,0,0,west,0,0,0,1,0,0,noisy_jump,-0.529624607033273,-1.255081057837811,28.41293081622443,0
,13,[712],20.307785731314183,103.239408624316,api,0,0,0,稳定 服务 区域 产品 反馈,0,0.0,0.0,0.5273316095198977,0.3846395486696206,0.5273316095198977,0.0,0.3846395486696206,0.0,0.0,0.0,0.0,0.0,0.0,0.0,0.3846395486696206,23.851571636135372,016,13,silver,1,0,0,west,0,0,0,1,0,0,noisy_jump,0.6119675917870244,0.14425935805518475,14.823346513908037,0
,14,[713],20.03308101268774,104.46716815865543,mobile,1,0,0,reliable product delivery customer feedback,0,0.49623056257431153,0.49623056257431153,0.0,0.0,0.0,0.0,0.0,0.36143165764881946,0.36143165764881946,0.0,0.49623056257431153,0.0,0.0,0.0,0.0,27.150481058862532,016,14,bronze,0,0,0,west,0,0,0,1,0,0,noisy_jump,1.6110819724895202,-1.0661102432960416,47.4757531455134,0
,15,[714],21.92565321329646,112.24531070081706,web,2,0,0,稳定 服务 区域 产品 反馈,0,0.0,0.0,0.5273316095198977,0.3846395486696206,0.5273316095198977,0.0,0.3846395486696206,0.0,0.0,0.0,0.0,0.0,0.0,0.0,0.3846395486696206,23.199668934528,016,15,bronze,0,0,0,west,0,0,0,1,0,0,noisy_jump,-0.6357229933034007,-1.1988958780633077,11.317702725077636,0
,16,[715],21.50628898599445,112.4537744632498,api,0,0,0,稳定 产品 交付 用户 反馈,0,0.0,0.0,0.0,0.37161931283827765,0.0,0.54115490341344,0.37161931283827765,0.0,0.0,0.0,0.0,0.0,0.0,0.54115490341344,0.37161931283827765,22.255543823018467,016,16,silver,1,0,0,west,0,0,0,1,0,0,noisy_jump,0.741799997789869,1.0362334523383507,29.116636482110803,0
,17,[716],19.244066254862275,120.38842541890945,api,0,0,0,reliable product delivery customer feedback,0,0.49623056257431153,0.49623056257431153,0.0,0.0,0.0,0.0,0.0,0.36143165764881946,0.36143165764881946,0.0,0.49623056257431153,0.0,0.0,0.0,0.0,21.37967759272388,016,17,silver,1,0,0,west,0,0,0,1,0,0,noisy_jump,-0.704572850641682,-0.13200940523488033,5.895240385438285,0
"[""capacity""]",18,[717],,107.36748860112824,mobile,1,0,0,stable service regional product feedback,0,0.0,0.0,0.0,0.0,0.0,0.0,0.0,0.3498721264495162,0.3498721264495162,0.5017233601190293,0.0,0.5017233601190293,0.5017233601190293,0.0,0.0,19.637445121253528,016,18,bronze,0,0,0,west,0,0,0,1,0,0,noisy_jump,-0.7492005341741343,1.0317094932520017,37.69878408928576,0
"[""capacity""]",19,[718],20.266162379956615,107.36748860112824,web,2,0,0,stable service regional product feedback,0,0.0,0.0,0.0,0.0,0.0,0.0,0.0,0.3498721264495162,0.3498721264495162,0.5017233601190293,0.0,0.5017233601190293,0.5017233601190293,0.0,0.0,19.26755449547927,016,19,silver,1,0,0,west,0,0,0,1,0,0,noisy_jump,-0.9964156801970003,0.9960644593804603,7.776378371665096,0
,20,[719],16.949886546592154,108.47292557623179,mobile,1,0,0,稳定 服务 区域 产品 反馈,0,0.0,0.0,0.5273316095198977,0.3846395486696206,0.5273316095198977,0.0,0.3846395486696206,0.0,0.0,0.0,0.0,0.0,0.0,0.0,0.3846395486696206,23.366856678514697,016,20,gold,2,0,0,west,0,0,0,1,0,0,noisy_jump,-0.19189805683432348,-0.7741900694229266,18.28332623600817,0
,21,[720],21.951968026112223,111.8884958018038,web,2,0,0,稳定 产品 交付 用户 反馈,0,0.0,0.0,0.0,0.37161931283827765,0.0,0.54115490341344,0.37161931283827765,0.0,0.0,0.0,0.0,0.0,0.0,0.54115490341344,0.37161931283827765,24.032012019674735,016,21,bronze,0,0,0,west,0,0,0,1,0,0,noisy_jump,0.5341000033537173,-0.15498505745326194,39.71905518628753,0
,22,[721],23.06873824970946,108.97990815680012,api,0,0,0,reliable product delivery customer feedback,0,0.49623056257431153,0.49623056257431153,0.0,0.0,0.0,0.0,0.0,0.36143165764881946,0.36143165764881946,0.0,0.49623056257431153,0.0,0.0,0.0,0.0,15.361294051654802,016,22,gold,2,0,0,west,0,0,0,1,0,0,noisy_jump,-1.1348013120807665,3.173388601992082,6.475238214226881,0
"[""correlated_metric""]",23,[722],28.966756855545768,111.81888787261961,mobile,1,0,0,stable service regional product feedback,0,0.0,0.0,0.0,0.0,0.0,0.0,0.0,0.3498721264495162,0.3498721264495162,0.5017233601190293,0.0,0.5017233601190293,0.5017233601190293,0.0,0.0,23.4552126522405,016,23,bronze,0,0,0,west,0,0,0,1,0,0,noisy_jump,-0.210331153013686,-2.2198334218022344,2.844627273510654,0
"[""capacity""]",24,[723],19.992430171490874,107.36748860112824,web,2,0,0,stable service regional product feedback,0,0.0,0.0,0.0,0.0,0.0,0.0,0.0,0.3498721264495162,0.3498721264495162,0.5017233601190293,0.0,0.5017233601190293,0.5017233601190293,0.0,0.0,19.31344895297739,016,24,silver,1,0,0,west,0,0,0,1,0,0,noisy_jump,-1.3812643429431346,0.3045431414527071,27.753454537951175,0
,25,[724],25.349833419956223,113.16026948899442,mobile,1,0,0,reliable product delivery customer feedback,0,0.49623056257431153,0.49623056257431153,0.0,0.0,0.0,0.0,0.0,0.36143165764881946,0.36143165764881946,0.0,0.49623056257431153,0.0,0.0,0.0,0.0,24.806954373552333,016,25,silver,1,0,0,west,0,0,0,1,0,0,noisy_jump,-0.27885178303122976,-1.849230894554719,10.417632018019553,1
,27,[725],30.98382147173372,109.78817767778858,web,2,0,0,reliable product delivery customer feedback,0,0.49623056257431153,0.49623056257431153,0.0,0.0,0.0,0.0,0.0,0.36143165764881946,0.36143165764881946,0.0,0.49623056257431153,0.0,0.0,0.0,0.0,24.609256889778848,016,27,gold,2,0,0,west,0,0,0,1,0,0,noisy_jump,1.4813391445807729,0.8327927066096266,12.753000597669734,1
,28,[726],26.30164618015148,108.48972501000964,web,2,0,0,stable service regional product feedback,0,0.0,0.0,0.0,0.0,0.0,0.0,0.0,0.3498721264495162,0.3498721264495162,0.5017233601190293,0.0,0.5017233601190293,0.5017233601190293,0.0,0.0,21.666975188828903,016,28,silver,1,0,0,west,0,0,0,1,0,0,noisy_jump,-0.05144789833234694,0.3635093683786355,29.957807821644675,1
,29,[727],28.230549265209575,103.5159738196092,api,0,0,0,reliable product delivery customer feedback,0,0.49623056257431153,0.49623056257431153,0.0,0.0,0.0,0.0,0.0,0.36143165764881946,0.36143165764881946,0.0,0.49623056257431153,0.0,0.0,0.0,0.0,25.10810901153777,016,29,bronze,0,0,0,west,0,0,0,1,0,0,noisy_jump,1.008789705544113,-0.5887992762234444,8.930413278022328,1
,30,[728],27.77240306545213,103.70364308262991,web,2,0,0,reliable product delivery customer feedback,0,0.49623056257431153,0.49623056257431153,0.0,0.0,0.0,0.0,0.0,0.36143165764881946,0.36143165764881946,0.0,0.49623056257431153,0.0,0.0,0.0,0.0,25.087867992903853,016,30,bronze,0,0,0,west,0,0,0,1,0,0,noisy_jump,0.9622747736441517,-0.4095043322009649,8.29387109339737,1
"[""spend""]",31,[729],25.869698228697114,108.59592049272307,mobile,1,0,0,reliable product delivery customer feedback,0,0.49623056257431153,0.49623056257431153,0.0,0.0,0.0,0.0,0.0,0.36143165764881946,0.36143165764881946,0.0,0.49623056257431153,0.0,0.0,0.0,0.0,18.51840608606864,016,31,bronze,0,0,0,west,0,0,0,1,0,0,noisy_jump,-0.42558414277938256,2.0949463918531235,28.41293081622443,1
"[""correlated_metric""]",32,[730],28.384713427531757,108.8913301304199,web,2,0,0,稳定 产品 交付 用户 反馈,0,0.0,0.0,0.0,0.37161931283827765,0.0,0.54115490341344,0.37161931283827765,0.0,0.0,0.0,0.0,0.0,0.0,0.54115490341344,0.37161931283827765,21.35067891730613,016,32,silver,1,0,0,west,0,0,0,1,0,0,noisy_jump,-1.0257301328612813,0.6104270244579014,79.43190361796914,1
,33,[731],28.242280471803024,107.7842200309983,mobile,1,0,0,stable service regional product feedback,0,0.0,0.0,0.0,0.0,0.0,0.0,0.0,0.3498721264495162,0.3498721264495162,0.5017233601190293,0.0,0.5017233601190293,0.5017233601190293,0.0,0.0,20.117500118932576,016,33,bronze,0,0,0,west,0,0,0,1,0,0,noisy_jump,-0.902563740221014,0.5781479937950736,4.377944388073977,1
"[""correlated_metric""]",34,[732],25.078862267332383,113.60359078657629,api,0,0,0,稳定 服务 区域 产品 反馈,0,0.0,0.0,0.5273316095198977,0.3846395486696206,0.5273316095198977,0.0,0.3846395486696206,0.0,0.0,0.0,0.0,0.0,0.0,0.0,0.3846395486696206,21.199119747436562,016,34,gold,2,0,0,west,0,0,0,1,0,0,noisy_jump,-1.052715985711744,1.154855034015372,3.1195671273945287,1
"[""correlated_metric""]",35,[733],,107.30386132856447,api,0,0,0,稳定 服务 区域 产品 反馈,0,0.0,0.0,0.5273316095198977,0.3846395486696206,0.5273316095198977,0.0,0.3846395486696206,0.0,0.0,0.0,0.0,0.0,0.0,0.0,0.3846395486696206,22.654471526725033,016,35,silver,1,0,0,west,0,0,0,1,0,0,noisy_jump,-0.11630019648857018,-0.15581147518728836,10.351414959138795,1
"[""capacity""]",36,[734],28.298673434998133,107.36748860112824,api,0,0,0,稳定 服务 区域 产品 反馈 量子 推荐 hyperpersonalised,0,0.0,0.0,0.5273316095198977,0.3846395486696206,0.5273316095198977,0.0,0.3846395486696206,0.0,0.0,0.0,0.0,0.0,0.0,0.0,0.3846395486696206,28.042747380317692,016,36,gold,2,0,0,west,0,0,0,1,0,0,noisy_jump,1.0150983857535465,,11.910166304738825,1
"[""capacity""]",37,[735],,107.36748860112824,mobile,1,0,0,reliable product delivery customer feedback,0,0.49623056257431153,0.49623056257431153,0.0,0.0,0.0,0.0,0.0,0.36143165764881946,0.36143165764881946,0.0,0.49623056257431153,0.0,0.0,0.0,0.0,25.781870515617054,016,37,gold,2,0,0,west,0,0,0,1,0,0,noisy_jump,1.6144448295534777,0.11917901497306997,28.370180580075576,1
,38,[736],30.84411633582718,115.7359955912824,mobile,1,0,0,stable service regional product feedback,0,0.0,0.0,0.0,0.0,0.0,0.0,0.0,0.3498721264495162,0.3498721264495162,0.5017233601190293,0.0,0.5017233601190293,0.5017233601190293,0.0,0.0,27.802080112788772,016,38,bronze,0,0,0,new_region,0,0,0,0,0,1,noisy_jump,1.6587979252369103,-1.2398272609462861,3.06461312471252,1
,39,[737],27.36719179281168,107.57036263134086,web,2,0,0,reliable product delivery customer feedback,0,0.49623056257431153,0.49623056257431153,0.0,0.0,0.0,0.0,0.0,0.36143165764881946,0.36143165764881946,0.0,0.49623056257431153,0.0,0.0,0.0,0.0,23.48740870357308,016,39,silver,1,0,0,west,0,0,0,1,0,0,noisy_jump,0.09585468879904614,-0.4679799913284189,41.179040735850144,1
,40,[738],27.90074877619885,105.78607773340615,api,0,0,0,stable service regional product feedback,0,0.0,0.0,0.0,0.0,0.0,0.0,0.0,0.3498721264495162,0.3498721264495162,0.5017233601190293,0.0,0.5017233601190293,0.5017233601190293,0.0,0.0,23.606472959023115,016,40,silver,1,0,0,west,0,0,0,1,0,0,noisy_jump,0.43450733068062863,-0.22847841837928112,5.79289255570422,1
,41,[739],22.39181383069196,113.59084010326804,api,0,0,0,stable service regional product feedback,0,0.0,0.0,0.0,0.0,0.0,0.0,0.0,0.3498721264495162,0.3498721264495162,0.5017233601190293,0.0,0.5017233601190293,0.5017233601190293,0.0,0.0,24.340736920687476,016,41,bronze,0,0,0,new_region,0,0,0,0,0,1,noisy_jump,1.264191047888361,0.5295002998199516,37.13518180639896,1
,42,[740],25.25784681856967,110.77399467339423,web,2,0,0,稳定 产品 交付 用户 反馈,0,0.0,0.0,0.0,0.37161931283827765,0.0,0.54115490341344,0.37161931283827765,0.0,0.0,0.0,0.0,0.0,0.0,0.54115490341344,0.37161931283827765,21.99393474523657,016,42,gold,2,0,0,west,0,0,0,1,0,0,noisy_jump,0.6616259861032109,1.2649983757118282,51.556301083868775,1
,43,[741],23.5362169725378,110.14885492832711,web,2,0,0,reliable product delivery customer feedback,0,0.49623056257431153,0.49623056257431153,0.0,0.0,0.0,0.0,0.0,0.36143165764881946,0.36143165764881946,0.0,0.49623056257431153,0.0,0.0,0.0,0.0,21.59510411132388,016,43,silver,1,0,0,west,0,0,0,1,0,0,noisy_jump,-0.5389324038591919,0.07108322192146362,33.158190956894536,1
"[""spend""]",44,[742],22.648760181572282,101.32843822667577,api,0,0,0,稳定 产品 交付 用户 反馈,0,0.0,0.0,0.0,0.37161931283827765,0.0,0.54115490341344,0.37161931283827765,0.0,0.0,0.0,0.0,0.0,0.0,0.54115490341344,0.37161931283827765,23.099460528140014,016,44,silver,1,0,0,west,0,0,0,1,0,0,noisy_jump,0.778623347413381,0.8692348269569969,28.41293081622443,1
,45,[743],25.089124328729255,103.74973475141371,mobile,1,0,0,reliable product delivery customer feedback 量子 推荐 hyperpersonalised,0,0.49623056257431153,0.49623056257431153,0.0,0.0,0.0,0.0,0.0,0.36143165764881946,0.36143165764881946,0.0,0.49623056257431153,0.0,0.0,0.0,0.0,23.794557064058154,016,45,bronze,0,0,0,west,0,0,0,1,0,0,noisy_jump,-0.05429473673743763,-1.1119858992689533,35.4947059708691,1
,46,[744],23.77083344007449,103.22617919968584,web,2,0,0,reliable product delivery customer feedback,0,0.49623056257431153,0.49623056257431153,0.0,0.0,0.0,0.0,0.0,0.36143165764881946,0.36143165764881946,0.0,0.49623056257431153,0.0,0.0,0.0,0.0,25.865185936410644,016,46,gold,2,0,0,west,0,0,0,1,0,0,noisy_jump,0.5947353433043019,-1.2289514646283468,11.066202832312722,1
,47,[745],27.9318948110683,103.91275369097623,mobile,1,0,0,稳定 产品 交付 用户 反馈,0,0.0,0.0,0.0,0.37161931283827765,0.0,0.54115490341344,0.37161931283827765,0.0,0.0,0.0,0.0,0.0,0.0,0.54115490341344,0.37161931283827765,21.610612634242322,016,47,bronze,0,0,0,west,0,0,0,1,0,0,noisy_jump,-1.369959097932018,-1.2393090053149338,41.68546368243972,1
,48,[746],23.392165081522034,111.52727613056379,mobile,1,0,0,稳定 服务 区域 产品 反馈,0,0.0,0.0,0.5273316095198977,0.3846395486696206,0.5273316095198977,0.0,0.3846395486696206,0.0,0.0,0.0,0.0,0.0,0.0,0.0,0.3846395486696206,23.91615561574902,016,48,gold,2,0,0,west,0,0,0,1,0,0,noisy_jump,0.07766980457121013,-0.6192290412103517,69.0488608327492,1
"[""spend"", ""correlated_metric""]",2,[747],22.63341775634009,109.82752702647593,web,2,0,0,reliable product delivery customer feedback,0,0.49623056257431153,0.49623056257431153,0.0,0.0,0.0,0.0,0.0,0.36143165764881946,0.36143165764881946,0.0,0.49623056257431153,0.0,0.0,0.0,0.0,31.94830874271967,017,2,gold,2,0,0,north,0,1,0,0,0,0,linear_trend,1.3474330227120062,-0.11352685884045217,19.760737482791644,0
"[""spend"", ""correlated_metric""]",3,[748],22.344077731318748,113.09778664961905,web,2,0,0,stable service regional product feedback,0,0.0,0.0,0.0,0.0,0.0,0.0,0.0,0.3498721264495162,0.3498721264495162,0.5017233601190293,0.0,0.5017233601190293,0.5017233601190293,0.0,0.0,31.57957576011185,017,3,bronze,0,0,0,north,0,1,0,0,0,0,linear_trend,0.39954318689434215,-0.21576370077522813,19.760737482791644,0
"[""correlated_metric""]",4,[749],22.36648663078958,103.21637707367273,api,0,0,0,stable service regional product feedback,0,0.0,0.0,0.0,0.0,0.0,0.0,0.0,0.3498721264495162,0.3498721264495162,0.5017233601190293,0.0,0.5017233601190293,0.5017233601190293,0.0,0.0,29.710698201807535,017,4,gold,2,0,0,north,0,1,0,0,0,0,linear_trend,-0.2403206775090203,-0.16316007717084685,12.207406173817512,0
,5,[750],23.128796631296208,107.56785514418475,mobile,1,0,0,reliable product delivery customer feedback,0,0.49623056257431153,0.49623056257431153,0.0,0.0,0.0,0.0,0.0,0.36143165764881946,0.36143165764881946,0.0,0.49623056257431153,0.0,0.0,0.0,0.0,27.62464397422909,017,5,silver,1,0,0,north,0,1,0,0,0,0,linear_trend,-0.37174176247188,1.2489709034364218,29.834048251242045,0
"[""correlated_metric""]",6,[751],23.285156470112614,114.75884418882467,api,0,0,0,稳定 产品 交付 用户 反馈,0,0.0,0.0,0.0,0.37161931283827765,0.0,0.54115490341344,0.37161931283827765,0.0,0.0,0.0,0.0,0.0,0.0,0.54115490341344,0.37161931283827765,31.700034119352054,017,6,silver,1,0,0,north,0,1,0,0,0,0,linear_trend,1.479935675929465,0.3461226919860315,34.64725831966219,0
"[""correlated_metric""]",7,[752],23.268523724683085,108.58540589071774,mobile,1,0,0,stable service regional product feedback,0,0.0,0.0,0.0,0.0,0.0,0.0,0.0,0.3498721264495162,0.3498721264495162,0.5017233601190293,0.0,0.5017233601190293,0.5017233601190293,0.0,0.0,28.98637464997341,017,7,bronze,0,0,0,north,0,1,0,0,0,0,linear_trend,0.15788314876112958,0.9891250539024955,35.47740244626825,0
,8,[753],22.88920166444835,106.77164138995593,api,0,0,0,稳定 服务 区域 产品 反馈,0,0.0,0.0,0.5273316095198977,0.3846395486696206,0.5273316095198977,0.0,0.3846395486696206,0.0,0.0,0.0,0.0,0.0,0.0,0.0,0.3846395486696206,28.79000480411414,017,8,gold,2,0,0,north,0,1,0,0,0,0,linear_trend,0.7399637722183817,1.8667132962576536,163.46543610740156,0
"[""capacity"", ""spend""]",9,[754],23.935338148531738,109.32593098958375,mobile,1,0,0,稳定 服务 区域 产品 反馈,0,0.0,0.0,0.5273316095198977,0.3846395486696206,0.5273316095198977,0.0,0.3846395486696206,0.0,0.0,0.0,0.0,0.0,0.0,0.0,0.3846395486696206,32.62174637305915,017,9,gold,2,0,0,north,0,1,0,0,0,0,linear_trend,0.9913893117507545,-0.5266024834248302,19.760737482791644,0
,10,[755],23.599859736943337,111.66369428835917,mobile,1,0,0,稳定 服务 区域 产品 反馈,0,0.0,0.0,0.5273316095198977,0.3846395486696206,0.5273316095198977,0.0,0.3846395486696206,0.0,0.0,0.0,0.0,0.0,0.0,0.0,0.3846395486696206,32.487059127537044,017,10,gold,2,0,0,north,0,1,0,0,0,0,linear_trend,0.8912646332382187,-0.2390482261501241,19.50020636505738,0
"[""spend""]",11,[756],24.108976029900376,111.47332393856901,mobile,1,0,0,稳定 服务 区域 产品 反馈,0,0.0,0.0,0.5273316095198977,0.3846395486696206,0.5273316095198977,0.0,0.3846395486696206,0.0,0.0,0.0,0.0,0.0,0.0,0.0,0.3846395486696206,28.416971868100664,017,11,gold,2,0,0,north,0,1,0,0,0,0,linear_trend,-1.4838549539412467,-1.0405161265090037,19.760737482791644,0
,12,[757],,109.32722720882532,mobile,1,0,0,reliable product delivery customer feedback,0,0.49623056257431153,0.49623056257431153,0.0,0.0,0.0,0.0,0.0,0.36143165764881946,0.36143165764881946,0.0,0.49623056257431153,0.0,0.0,0.0,0.0,28.04761614829908,017,12,bronze,0,0,0,north,0,1,0,0,0,0,linear_trend,-0.6331133084741241,0.7549317011736911,20.021268600525907,0
,13,[758],24.03664919685124,110.22199523002843,web,2,0,0,稳定 服务 区域 产品 反馈,0,0.0,0.0,0.5273316095198977,0.3846395486696206,0.5273316095198977,0.0,0.3846395486696206,0.0,0.0,0.0,0.0,0.0,0.0,0.0,0.3846395486696206,28.869244538847518,017,13,bronze,0,0,0,north,0,1,0,0,0,0,linear_trend,-0.44778711742168764,0.14682815432165605,7.44411853962844,0
"[""spend""]",14,[759],24.559110686849046,105.41025990753722,web,2,0,0,稳定 产品 交付 用户 反馈,0,0.0,0.0,0.0,0.37161931283827765,0.0,0.54115490341344,0.37161931283827765,0.0,0.0,0.0,0.0,0.0,0.0,0.54115490341344,0.37161931283827765,32.822822603567374,017,14,gold,2,0,0,north,0,1,0,0,0,0,linear_trend,0.6452285711511151,-0.9466402661835359,19.760737482791644,0
,15,[760],24.69576405922655,108.82195506541444,web,2,0,0,stable service regional product feedback,0,0.0,0.0,0.0,0.0,0.0,0.0,0.0,0.3498721264495162,0.3498721264495162,0.5017233601190293,0.0,0.5017233601190293,0.5017233601190293,0.0,0.0,30.41450628412946,017,15,bronze,0,0,0,north,0,1,0,0,0,0,linear_trend,0.41111926286765155,0.22128642360772374,10.870331777868618,0
,16,[761],,109.81914085198815,api,0,0,0,stable service regional product feedback,0,0.0,0.0,0.0,0.0,0.0,0.0,0.0,0.3498721264495162,0.3498721264495162,0.5017233601190293,0.0,0.5017233601190293,0.5017233601190293,0.0,0.0,30.129254802196108,017,16,silver,1,0,0,north,0,1,0,0,0,0,linear_trend,0.3488465693511874,0.390756275115339,6.030551239018127,0
"[""spend""]",17,[762],24.983562940087406,108.00398084672581,api,0,0,0,stable service regional product feedback,0,0.0,0.0,0.0,0.0,0.0,0.0,0.0,0.3498721264495162,0.3498721264495162,0.5017233601190293,0.0,0.5017233601190293,0.5017233601190293,0.0,0.0,30.087013022700628,017,17,bronze,0,0,0,north,0,1,0,0,0,0,linear_trend,-1.0521910513028119,-1.4600845328338659,19.760737482791644,0
,18,[763],25.140092713173768,115.5288736877486,web,2,0,0,稳定 服务 区域 产品 反馈,0,0.0,0.0,0.5273316095198977,0.3846395486696206,0.5273316095198977,0.0,0.3846395486696206,0.0,0.0,0.0,0.0,0.0,0.0,0.0,0.3846395486696206,34.14916681394499,017,18,bronze,0,0,0,north,0,1,0,0,0,0,linear_trend,1.447943872173326,,6.672686369903247,0
,19,[764],25.765320122787276,110.05743093954217,api,0,0,0,稳定 服务 区域 产品 反馈,0,0.0,0.0,0.5273316095198977,0.3846395486696206,0.5273316095198977,0.0,0.3846395486696206,0.0,0.0,0.0,0.0,0.0,0.0,0.0,0.3846395486696206,33.056322115028,017,19,gold,2,0,0,north,0,1,0,0,0,0,linear_trend,2.0370507621832368,0.8881084223369954,5.45344658566823,0
,20,[765],25.772735080746997,110.59867821227715,api,0,0,0,稳定 产品 交付 用户 反馈,0,0.0,0.0,0.0,0.37161931283827765,0.0,0.54115490341344,0.37161931283827765,0.0,0.0,0.0,0.0,0.0,0.0,0.54115490341344,0.37161931283827765,34.614799875538296,017,20,gold,2,0,0,north,0,1,0,0,0,0,linear_trend,0.8383113769202323,-1.919700745470544,10.926686463029982,0
,21,[766],25.520342936919683,109.90585373648322,web,2,0,0,reliable product delivery customer feedback,0,0.49623056257431153,0.49623056257431153,0.0,0.0,0.0,0.0,0.0,0.36143165764881946,0.36143165764881946,0.0,0.49623056257431153,0.0,0.0,0.0,0.0,32.954710422728354,017,21,gold,2,0,0,north,0,1,0,0,0,0,linear_trend,1.3268833705458705,-0.09513927306669284,10.574519972464143,0
,22,[767],26.174120936667816,106.37256912166364,web,2,0,0,稳定 服务 区域 产品 反馈,0,0.0,0.0,0.5273316095198977,0.3846395486696206,0.5273316095198977,0.0,0.3846395486696206,0.0,0.0,0.0,0.0,0.0,0.0,0.0,0.3846395486696206,34.592140687334954,017,22,gold,2,0,0,north,0,1,0,0,0,0,linear_trend,1.6648976876160955,-0.47083877399082624,8.495993777900294,0
"[""spend""]",23,[768],26.42794858198939,110.19481811837943,mobile,1,0,0,stable service regional product feedback,0,0.0,0.0,0.0,0.0,0.0,0.0,0.0,0.3498721264495162,0.3498721264495162,0.5017233601190293,0.0,0.5017233601190293,0.5017233601190293,0.0,0.0,27.597563012733985,017,23,silver,1,0,0,north,0,1,0,0,0,0,linear_trend,-0.4769499530555325,1.005561407912739,19.760737482791644,0
"[""capacity"", ""correlated_metric""]",24,[769],26.721753983068666,109.32593098958375,web,2,0,0,stable service regional product feedback,0,0.0,0.0,0.0,0.0,0.0,0.0,0.0,0.3498721264495162,0.3498721264495162,0.5017233601190293,0.0,0.5017233601190293,0.5017233601190293,0.0,0.0,31.768196352291366,017,24,bronze,0,0,0,north,0,1,0,0,0,0,linear_trend,0.28389246977026933,-0.43082267933152024,42.91678194272163,0
,25,[770],26.54422993969482,104.16696972833705,api,0,0,0,稳定 服务 区域 产品 反馈,0,0.0,0.0,0.5273316095198977,0.3846395486696206,0.5273316095198977,0.0,0.3846395486696206,0.0,0.0,0.0,0.0,0.0,0.0,0.0,0.3846395486696206,30.451908174578303,017,25,bronze,0,0,0,north,0,1,0,0,0,0,linear_trend,0.5643729748183559,0.5431411044904517,23.716167013191935,0
"[""spend""]",26,[771],27.16259931458523,104.82269914976798,web,2,0,0,reliable product delivery customer feedback,0,0.49623056257431153,0.49623056257431153,0.0,0.0,0.0,0.0,0.0,0.36143165764881946,0.36143165764881946,0.0,0.49623056257431153,0.0,0.0,0.0,0.0,32.44423111854715,017,26,gold,2,0,0,north,0,1,0,0,0,0,linear_trend,0.9310944732034948,-0.341616819408396,19.760737482791644,0
,27,[772],27.307816320003784,110.72177833175957,api,0,0,0,稳定 服务 区域 产品 反馈,0,0.0,0.0,0.5273316095198977,0.3846395486696206,0.5273316095198977,0.0,0.3846395486696206,0.0,0.0,0.0,0.0,0.0,0.0,0.0,0.3846395486696206,30.926843455848154,017,27,bronze,0,0,0,north,0,1,0,0,0,0,linear_trend,-0.6299149701863099,-1.330999897390286,40.411687190354804,0
,28,[773],27.93155331991663,108.4714728997172,api,0,0,0,reliable product delivery customer feedback,0,0.49623056257431153,0.49623056257431153,0.0,0.0,0.0,0.0,0.0,0.36143165764881946,0.36143165764881946,0.0,0.49623056257431153,0.0,0.0,0.0,0.0,30.001891530365622,017,28,silver,1,0,0,north,0,1,0,0,0,0,linear_trend,0.9591014187780224,1.4299032264064946,30.457340350480575,0
,29,[774],27.884785958927097,106.00567499183829,web,2,0,0,稳定 服务 区域 产品 反馈,0,0.0,0.0,0.5273316095198977,0.3846395486696206,0.5273316095198977,0.0,0.3846395486696206,0.0,0.0,0.0,0.0,0.0,0.0,0.0,0.3846395486696206,34.381280366195426,017,29,gold,2,0,0,north,0,1,0,0,0,0,linear_trend,0.6812218006898244,-2.0729445955678965,25.52244349919371,0
,30,[775],27.999283180722458,107.83362396295432,api,0,0,0,稳定 产品 交付 用户 反馈,0,0.0,0.0,0.0,0.37161931283827765,0.0,0.54115490341344,0.37161931283827765,0.0,0.0,0.0,0.0,0.0,0.0,0.54115490341344,0.37161931283827765,27.23461505681638,017,30,silver,1,0,0,north,0,1,0,0,0,0,linear_trend,0.030398742491320747,1.8794804125140288,31.715544385940795,0
,31,[776],27.941249527347082,105.26749694382215,mobile,1,0,0,稳定 产品 交付 用户 反馈,0,0.0,0.0,0.0,0.37161931283827765,0.0,0.54115490341344,0.37161931283827765,0.0,0.0,0.0,0.0,0.0,0.0,0.54115490341344,0.37161931283827765,31.864726684365905,017,31,gold,2,0,0,north,0,1,0,0,0,0,linear_trend,0.09620017681292846,-0.9908788427693462,33.21936687756469,0
,32,[777],28.18396825855241,112.45517033190283,mobile,1,0,0,稳定 服务 区域 产品 反馈,0,0.0,0.0,0.5273316095198977,0.3846395486696206,0.5273316095198977,0.0,0.3846395486696206,0.0,0.0,0.0,0.0,0.0,0.0,0.0,0.3846395486696206,33.85157304024072,017,32,bronze,0,0,0,north,0,1,0,0,0,0,linear_trend,0.9068046109154665,-1.3017618791464147,26.244910674520934,0
,33,[778],28.320439773775448,104.10404423623002,mobile,1,0,0,稳定 产品 交付 用户 反馈,0,0.0,0.0,0.0,0.37161931283827765,0.0,0.54115490341344,0.37161931283827765,0.0,0.0,0.0,0.0,0.0,0.0,0.54115490341344,0.37161931283827765,30.903824270108164,017,33,bronze,0,0,0,north,0,1,0,0,0,0,linear_trend,0.7728877818880764,0.5423264119128497,19.75431229595955,0
"[""capacity"", ""correlated_metric""]",34,[779],29.017787507305112,109.32593098958375,api,0,0,0,稳定 服务 区域 产品 反馈,0,0.0,0.0,0.5273316095198977,0.3846395486696206,0.5273316095198977,0.0,0.3846395486696206,0.0,0.0,0.0,0.0,0.0,0.0,0.0,0.3846395486696206,30.781696788765206,017,34,bronze,0,0,0,north,0,1,0,0,0,0,linear_trend,1.3662449891213562,0.9015377439181799,14.94287950879174,0
"[""correlated_metric""]",35,[780],29.402014880814384,113.68519134414663,mobile,1,0,0,稳定 服务 区域 产品 反馈,0,0.0,0.0,0.5273316095198977,0.3846395486696206,0.5273316095198977,0.0,0.3846395486696206,0.0,0.0,0.0,0.0,0.0,0.0,0.0,0.3846395486696206,28.97287018785235,017,35,gold,2,0,0,north,0,1,0,0,0,0,linear_trend,-0.04960761710595597,,26.000523554485042,0
,36,[781],29.189368643626945,105.37727940909163,api,0,0,0,stable service regional product feedback,0,0.0,0.0,0.0,0.0,0.0,0.0,0.0,0.3498721264495162,0.3498721264495162,0.5017233601190293,0.0,0.5017233601190293,0.5017233601190293,0.0,0.0,30.10404901004903,017,36,gold,2,0,0,north,0,1,0,0,0,0,linear_trend,0.0316036411681574,-0.07803721759042069,54.35750167384819,0
,37,[782],29.362386937351413,109.10910325889172,mobile,1,0,0,reliable product delivery customer feedback,0,0.49623056257431153,0.49623056257431153,0.0,0.0,0.0,0.0,0.0,0.36143165764881946,0.36143165764881946,0.0,0.49623056257431153,0.0,0.0,0.0,0.0,29.614107398844485,017,37,silver,1,0,0,north,0,1,0,0,0,0,linear_trend,-1.2346049431274442,-1.1960723735139354,4.002907354451632,0
"[""correlated_metric""]",38,[783],29.124646712729863,108.85903852633577,web,2,0,0,稳定 产品 交付 用户 反馈,0,0.0,0.0,0.0,0.37161931283827765,0.0,0.54115490341344,0.37161931283827765,0.0,0.0,0.0,0.0,0.0,0.0,0.54115490341344,0.37161931283827765,28.970781222096626,017,38,silver,1,0,0,north,0,1,0,0,0,0,linear_trend,-0.9935762670591186,-0.5746273573364669,19.666426988012955,0
"[""correlated_metric""]",39,[784],,108.52842884843433,web,2,0,0,reliable product delivery customer feedback,0,0.49623056257431153,0.49623056257431153,0.0,0.0,0.0,0.0,0.0,0.36143165764881946,0.36143165764881946,0.0,0.49623056257431153,0.0,0.0,0.0,0.0,31.440555808871295,017,39,gold,2,0,0,north,0,1,0,0,0,0,linear_trend,0.6393904540773324,0.01897211828527972,18.5068852044248,0
,40,[785],,103.83374428177576,mobile,1,0,0,稳定 产品 交付 用户 反馈,0,0.0,0.0,0.0,0.37161931283827765,0.0,0.54115490341344,0.37161931283827765,0.0,0.0,0.0,0.0,0.0,0.0,0.54115490341344,0.37161931283827765,33.126849469199804,017,40,silver,1,0,0,north,0,1,0,0,0,0,linear_trend,0.7848558696207617,-1.0532684538968202,11.046259541336768,0
"[""capacity""]",41,[786],30.00151528233929,109.32593098958375,api,0,0,0,reliable product delivery customer feedback,0,0.49623056257431153,0.49623056257431153,0.0,0.0,0.0,0.0,0.0,0.36143165764881946,0.36143165764881946,0.0,0.49623056257431153,0.0,0.0,0.0,0.0,24.510619835426002,017,41,silver,1,0,0,north,0,1,0,0,0,0,linear_trend,-1.6688252600073767,1.599620042490565,14.317016692740447,0
,42,[787],30.41178208945996,109.90889127540422,web,2,0,0,stable service regional product feedback,0,0.0,0.0,0.0,0.0,0.0,0.0,0.0,0.3498721264495162,0.3498721264495162,0.5017233601190293,0.0,0.5017233601190293,0.5017233601190293,0.0,0.0,31.025182266164286,017,42,bronze,0,0,0,north,0,1,0,0,0,0,linear_trend,-0.2507701043040107,-1.074869598806961,16.672587898934562,0
,43,[788],30.64134948980906,114.84801101823132,web,2,0,0,stable service regional product feedback,0,0.0,0.0,0.0,0.0,0.0,0.0,0.0,0.3498721264495162,0.3498721264495162,0.5017233601190293,0.0,0.5017233601190293,0.5017233601190293,0.0,0.0,30.037449940186832,017,43,bronze,0,0,0,north,0,1,0,0,0,0,linear_trend,-0.5721075588784532,-0.9740133299091215,47.90626149839658,0
,45,[789],30.631212745877136,112.20709174135202,api,0,0,0,稳定 产品 交付 用户 反馈,0,0.0,0.0,0.0,0.37161931283827765,0.0,0.54115490341344,0.37161931283827765,0.0,0.0,0.0,0.0,0.0,0.0,0.54115490341344,0.37161931283827765,31.35576378589379,017,45,silver,1,0,0,north,0,1,0,0,0,0,linear_trend,0.33047564197022794,-0.36092196747348304,46.63603479176392,0
,46,[790],30.63352363361288,108.85013028399362,mobile,1,0,0,reliable product delivery customer feedback 量子 推荐 hyperpersonalised,0,0.49623056257431153,0.49623056257431153,0.0,0.0,0.0,0.0,0.0,0.36143165764881946,0.36143165764881946,0.0,0.49623056257431153,0.0,0.0,0.0,0.0,29.97111378313089,017,46,gold,2,0,0,north,0,1,0,0,0,0,linear_trend,-0.6397784197446069,-0.7017142975531219,18.074630094091646,0
"[""correlated_metric""]",47,[791],31.656059783400288,109.04866610984396,web,2,0,0,reliable product delivery customer feedback,0,0.49623056257431153,0.49623056257431153,0.0,0.0,0.0,0.0,0.0,0.36143165764881946,0.36143165764881946,0.0,0.49623056257431153,0.0,0.0,0.0,0.0,28.89816025101951,017,47,bronze,0,0,0,north,0,1,0,0,0,0,linear_trend,-0.4490254596697504,0.3162517363247438,12.766984861288206,0
"[""spend""]",48,[792],31.172996115984585,114.31622794398695,web,2,0,0,稳定 服务 区域 产品 反馈,0,0.0,0.0,0.5273316095198977,0.3846395486696206,0.5273316095198977,0.0,0.3846395486696206,0.0,0.0,0.0,0.0,0.0,0.0,0.0,0.3846395486696206,31.76168578689744,017,48,gold,2,0,0,north,0,1,0,0,0,0,linear_trend,1.236718041099925,0.5532690391695095,19.760737482791644,0
,1,[793],,87.74117091229223,api,0,0,0,stable service regional product feedback,0,0.0,0.0,0.0,0.0,0.0,0.0,0.0,0.3498721264495162,0.3498721264495162,0.5017233601190293,0.0,0.5017233601190293,0.5017233601190293,0.0,0.0,26.558776822535226,018,1,silver,1,0,0,east,1,0,0,0,0,0,linear_trend,0.9880659322041965,0.5059977195476071,36.10958432087486,0
,2,[794],22.491105959274265,86.44235955937691,web,2,0,0,reliable product delivery customer feedback,0,0.49623056257431153,0.49623056257431153,0.0,0.0,0.0,0.0,0.0,0.36143165764881946,0.36143165764881946,0.0,0.49623056257431153,0.0,0.0,0.0,0.0,26.2390086939527,018,2,bronze,0,0,0,east,1,0,0,0,0,0,linear_trend,-0.32158459056469463,-1.0811381204044679,2.2555132411434506,0
"[""capacity""]",3,[795],22.31335279918867,86.44338672206501,mobile,1,0,0,稳定 产品 交付 用户 反馈,0,0.0,0.0,0.0,0.37161931283827765,0.0,0.54115490341344,0.37161931283827765,0.0,0.0,0.0,0.0,0.0,0.0,0.54115490341344,0.37161931283827765,26.69637440739067,018,3,bronze,0,0,0,east,1,0,0,0,0,0,linear_trend,1.401605506359004,0.8292091362820369,30.984190594443398,0
,4,[796],23.01488884661735,86.3884983385444,mobile,1,0,0,stable service regional product feedback,0,0.0,0.0,0.0,0.0,0.0,0.0,0.0,0.3498721264495162,0.3498721264495162,0.5017233601190293,0.0,0.5017233601190293,0.5017233601190293,0.0,0.0,22.702848111071578,018,4,silver,1,0,0,east,1,0,0,0,0,0,linear_trend,-1.4708717973383096,-0.227302619425068,27.281288720060097,0
,5,[797],23.401732110752334,87.48949805075661,mobile,1,0,0,稳定 产品 交付 用户 反馈,0,0.0,0.0,0.0,0.37161931283827765,0.0,0.54115490341344,0.37161931283827765,0.0,0.0,0.0,0.0,0.0,0.0,0.54115490341344,0.37161931283827765,24.445883363256662,018,5,bronze,0,0,0,east,1,0,0,0,0,0,linear_trend,-0.36425670156896284,-0.2905092666979364,26.720016773208933,0
,6,[798],23.264907619475498,78.11315014675426,api,0,0,0,reliable product delivery customer feedback,0,0.49623056257431153,0.49623056257431153,0.0,0.0,0.0,0.0,0.0,0.36143165764881946,0.36143165764881946,0.0,0.49623056257431153,0.0,0.0,0.0,0.0,24.495288143537426,018,6,bronze,0,0,0,east,1,0,0,0,0,0,linear_trend,0.6059529617287939,1.2843273911318809,13.223167124097113,0
,7,[799],23.030013574995618,91.70868413035316,web,2,0,0,reliable product delivery customer feedback,0,0.49623056257431153,0.49623056257431153,0.0,0.0,0.0,0.0,0.0,0.36143165764881946,0.36143165764881946,0.0,0.49623056257431153,0.0,0.0,0.0,0.0,24.37318972272313,018,7,silver,1,0,0,east,1,0,0,0,0,0,linear_trend,-0.22066668763598996,0.19144210102670228,9.929711565108532,0
"[""capacity""]",8,[800],23.76595129466939,86.44338672206501,api,0,0,0,稳定 服务 区域 产品 反馈,0,0.0,0.0,0.5273316095198977,0.3846395486696206,0.5273316095198977,0.0,0.3846395486696206,0.0,0.0,0.0,0.0,0.0,0.0,0.0,0.3846395486696206,19.803377204823413,018,8,bronze,0,0,0,east,1,0,0,0,0,0,linear_trend,-2.706273347564877,0.010469554765181318,96.60789357139289,0
,9,[801],24.099688073146584,77.6838515204563,mobile,1,0,0,稳定 产品 交付 用户 反馈,0,0.0,0.0,0.0,0.37161931283827765,0.0,0.54115490341344,0.37161931283827765,0.0,0.0,0.0,0.0,0.0,0.0,0.54115490341344,0.37161931283827765,26.072063033610096,018,9,gold,2,0,0,east,1,0,0,0,0,0,linear_trend,-0.021773585582354118,-0.49797572009110497,7.516861847718304,0
,10,[802],23.895273780687955,78.87295308306338,web,2,0,0,reliable product delivery customer feedback,0,0.49623056257431153,0.49623056257431153,0.0,0.0,0.0,0.0,0.0,0.36143165764881946,0.36143165764881946,0.0,0.49623056257431153,0.0,0.0,0.0,0.0,25.44242457660997,018,10,gold,2,0,0,east,1,0,0,0,0,0,linear_trend,-0.32002684547531224,-0.6306906745337192,20.00045620780579,0
,11,[803],24.19906873832643,91.63448792472161,mobile,1,0,0,稳定 产品 交付 用户 反馈,0,0.0,0.0,0.0,0.37161931283827765,0.0,0.54115490341344,0.37161931283827765,0.0,0.0,0.0,0.0,0.0,0.0,0.54115490341344,0.37161931283827765,27.67297167949712,018,11,gold,2,0,0,east,1,0,0,0,0,0,linear_trend,1.3644452283241935,0.32429491240704084,93.6546536312054,0
,12,[804],24.255927659856805,92.9193590456864,mobile,1,0,0,stable service regional product feedback,0,0.0,0.0,0.0,0.0,0.0,0.0,0.0,0.3498721264495162,0.3498721264495162,0.5017233601190293,0.0,0.5017233601190293,0.5017233601190293,0.0,0.0,26.771318045098415,018,12,gold,2,0,0,east,1,0,0,0,0,0,linear_trend,1.430207144069824,1.146796452314472,22.723613595037925,0
"[""correlated_metric""]",13,[805],24.306977151478534,85.20760864820497,web,2,0,0,稳定 服务 区域 产品 反馈,0,0.0,0.0,0.5273316095198977,0.3846395486696206,0.5273316095198977,0.0,0.3846395486696206,0.0,0.0,0.0,0.0,0.0,0.0,0.0,0.3846395486696206,24.056086470253252,018,13,gold,2,0,0,east,1,0,0,0,0,0,linear_trend,-0.45599290374644336,0.7957572961569911,18.56519338667548,0
,14,[806],24.899422948663016,89.83816735344318,web,2,0,0,stable service regional product feedback,0,0.0,0.0,0.0,0.0,0.0,0.0,0.0,0.3498721264495162,0.3498721264495162,0.5017233601190293,0.0,0.5017233601190293,0.5017233601190293,0.0,0.0,22.702235161608034,018,14,gold,2,0,0,east,1,0,0,0,0,0,linear_trend,-0.9430164502809688,0.40145963042341404,5.649323946918339,0
"[""spend""]",15,[807],25.107619278585467,89.72423867319179,web,2,0,0,reliable product delivery customer feedback,0,0.49623056257431153,0.49623056257431153,0.0,0.0,0.0,0.0,0.0,0.36143165764881946,0.36143165764881946,0.0,0.49623056257431153,0.0,0.0,0.0,0.0,23.731776826337057,018,15,bronze,0,0,0,east,1,0,0,0,0,0,linear_trend,0.06202827784354255,0.8431975501598659,21.362034901421858,0
,17,[808],25.649380210112092,90.3416731294593,web,2,0,0,稳定 产品 交付 用户 反馈,0,0.0,0.0,0.0,0.37161931283827765,0.0,0.54115490341344,0.37161931283827765,0.0,0.0,0.0,0.0,0.0,0.0,0.54115490341344,0.37161931283827765,25.331603166588984,018,17,bronze,0,0,0,east,1,0,0,0,0,0,linear_trend,-0.0009245102637764558,-0.08677448899494812,2.8185852578368555,0
,18,[809],25.75807962476606,90.21420165465338,web,2,0,0,stable service regional product feedback,0,0.0,0.0,0.0,0.0,0.0,0.0,0.0,0.3498721264495162,0.3498721264495162,0.5017233601190293,0.0,0.5017233601190293,0.5017233601190293,0.0,0.0,21.83480527059477,018,18,silver,1,0,0,east,1,0,0,0,0,0,linear_trend,-1.9306284586412192,-0.4698391104966369,6.171581296479172,0
,19,[810],25.03771612716026,83.20021053971297,web,2,0,0,stable service regional product feedback,0,0.0,0.0,0.0,0.0,0.0,0.0,0.0,0.3498721264495162,0.3498721264495162,0.5017233601190293,0.0,0.5017233601190293,0.5017233601190293,0.0,0.0,20.784320533809247,018,19,gold,2,0,0,east,1,0,0,0,0,0,linear_trend,-1.3474000679668947,1.2555958910414802,25.00401245099038,0
,20,[811],26.070769652112336,91.34705970030025,web,2,0,0,稳定 服务 区域 产品 反馈,0,0.0,0.0,0.5273316095198977,0.3846395486696206,0.5273316095198977,0.0,0.3846395486696206,0.0,0.0,0.0,0.0,0.0,0.0,0.0,0.3846395486696206,28.297639434347985,018,20,gold,2,0,0,east,1,0,0,0,0,0,linear_trend,0.9874067742348158,-0.7920488113722712,21.0118793834799,0
,21,[812],26.158784820372436,86.14157793601252,api,0,0,0,稳定 产品 交付 用户 反馈,0,0.0,0.0,0.0,0.37161931283827765,0.0,0.54115490341344,0.37161931283827765,0.0,0.0,0.0,0.0,0.0,0.0,0.54115490341344,0.37161931283827765,27.928100009047654,018,21,bronze,0,0,0,east,1,0,0,0,0,0,linear_trend,0.6130863565230955,,14.46434935583909,0
,22,[813],26.461057057109393,91.47434904409523,web,2,0,0,reliable product delivery customer feedback,0,0.49623056257431153,0.49623056257431153,0.0,0.0,0.0,0.0,0.0,0.36143165764881946,0.36143165764881946,0.0,0.49623056257431153,0.0,0.0,0.0,0.0,28.151353873495008,018,22,silver,1,0,0,east,1,0,0,0,0,0,linear_trend,0.45230999989047266,-1.300487477129674,9.160006970499136,0
"[""capacity""]",23,[814],26.234442446443538,86.44338672206501,api,0,0,0,稳定 产品 交付 用户 反馈,0,0.0,0.0,0.0,0.37161931283827765,0.0,0.54115490341344,0.37161931283827765,0.0,0.0,0.0,0.0,0.0,0.0,0.54115490341344,0.37161931283827765,26.407791292772586,018,23,silver,1,0,0,east,1,0,0,0,0,0,linear_trend,1.24100851967596,0.7926995736426683,39.003459479743874,0
,24,[815],27.12703935348611,90.59010188202598,mobile,1,0,0,reliable product delivery customer feedback,0,0.49623056257431153,0.49623056257431153,0.0,0.0,0.0,0.0,0.0,0.36143165764881946,0.36143165764881946,0.0,0.49623056257431153,0.0,0.0,0.0,0.0,27.808844728278096,018,24,silver,1,0,0,east,1,0,0,0,0,0,linear_trend,0.29515115091340965,-1.2705579579127513,15.186188863918236,0
,25,[816],27.344829766946653,90.01294861296178,web,2,0,0,稳定 产品 交付 用户 反馈,0,0.0,0.0,0.0,0.37161931283827765,0.0,0.54115490341344,0.37161931283827765,0.0,0.0,0.0,0.0,0.0,0.0,0.54115490341344,0.37161931283827765,23.634729518024123,018,25,bronze,0,0,0,east,1,0,0,0,0,0,linear_trend,-0.9646516089228073,-0.16386668824303524,11.768744657023893,0
,26,[817],27.159539944007268,85.67546287764233,web,2,0,0,reliable product delivery customer feedback,0,0.49623056257431153,0.49623056257431153,0.0,0.0,0.0,0.0,0.0,0.36143165764881946,0.36143165764881946,0.0,0.49623056257431153,0.0,0.0,0.0,0.0,24.787781589797227,018,26,gold,2,0,0,east,1,0,0,0,0,0,linear_trend,-0.5782656168302102,-0.33465484136127277,43.55294919141498,0
,27,[818],28.03391322134886,92.7534796896206,web,2,0,0,稳定 产品 交付 用户 反馈,0,0.0,0.0,0.0,0.37161931283827765,0.0,0.54115490341344,0.37161931283827765,0.0,0.0,0.0,0.0,0.0,0.0,0.54115490341344,0.37161931283827765,25.923487224012582,018,27,silver,1,0,0,east,1,0,0,0,0,0,linear_trend,-0.7686863486262773,-1.4194234705361308,11.218490190535828,0
,28,[819],28.091220658040957,90.8779945744838,mobile,1,0,0,reliable product delivery customer feedback,0,0.49623056257431153,0.49623056257431153,0.0,0.0,0.0,0.0,0.0,0.36143165764881946,0.36143165764881946,0.0,0.49623056257431153,0.0,0.0,0.0,0.0,24.947161483309475,018,28,gold,2,0,0,east,1,0,0,0,0,0,linear_trend,-0.4824190649685623,-0.573978078278422,27.938946326118334,0
"[""correlated_metric""]",29,[820],27.290217914755793,88.58362084553886,web,2,0,0,stable service regional product feedback,0,0.0,0.0,0.0,0.0,0.0,0.0,0.0,0.3498721264495162,0.3498721264495162,0.5017233601190293,0.0,0.5017233601190293,0.5017233601190293,0.0,0.0,25.550312938738347,018,29,silver,1,0,0,east,1,0,0,0,0,0,linear_trend,,0.9761750637872985,19.06993341055199,0
,30,[821],28.268362812380584,84.47888793479963,mobile,1,0,0,stable service regional product feedback,0,0.0,0.0,0.0,0.0,0.0,0.0,0.0,0.3498721264495162,0.3498721264495162,0.5017233601190293,0.0,0.5017233601190293,0.5017233601190293,0.0,0.0,28.83847310481475,018,30,bronze,0,0,0,east,1,0,0,0,0,0,linear_trend,,-1.6934594149811637,11.270439497198034,0
,31,[822],28.88016760234899,96.5499554468947,mobile,1,0,0,稳定 产品 交付 用户 反馈,0,0.0,0.0,0.0,0.37161931283827765,0.0,0.54115490341344,0.37161931283827765,0.0,0.0,0.0,0.0,0.0,0.0,0.54115490341344,0.37161931283827765,17.337423531187454,018,31,gold,2,0,0,east,1,0,0,0,0,0,linear_trend,-1.2180110253232987,3.4996341781226104,35.3122519673695,0
"[""correlated_metric""]",32,[823],28.25787755504379,90.21374828403745,web,2,0,0,稳定 产品 交付 用户 反馈,0,0.0,0.0,0.0,0.37161931283827765,0.0,0.54115490341344,0.37161931283827765,0.0,0.0,0.0,0.0,0.0,0.0,0.54115490341344,0.37161931283827765,22.597685089874872,018,32,gold,2,0,0,east,1,0,0,0,0,0,linear_trend,-1.9926206819468577,1.1412911663415626,17.51687409033693,0
"[""correlated_metric""]",33,[824],28.752627851614623,88.87652971135937,api,0,0,0,稳定 产品 交付 用户 反馈,0,0.0,0.0,0.0,0.37161931283827765,0.0,0.54115490341344,0.37161931283827765,0.0,0.0,0.0,0.0,0.0,0.0,0.54115490341344,0.37161931283827765,24.85883879894147,018,33,silver,1,0,0,east,1,0,0,0,0,0,linear_trend,-0.5732605107432783,2.4805609604967964,20.26664966005243,0
"[""capacity""]",34,[825],28.56652006972739,86.44338672206501,mobile,1,0,0,稳定 服务 区域 产品 反馈,0,0.0,0.0,0.5273316095198977,0.3846395486696206,0.5273316095198977,0.0,0.3846395486696206,0.0,0.0,0.0,0.0,0.0,0.0,0.0,0.3846395486696206,31.195477727001034,018,34,bronze,0,0,0,east,1,0,0,0,0,0,linear_trend,2.3823104097382397,-0.7395976003577108,10.725870853039803,0
"[""spend""]",35,[826],29.804585806317924,85.80741389051394,mobile,1,0,0,reliable product delivery customer feedback,0,0.49623056257431153,0.49623056257431153,0.0,0.0,0.0,0.0,0.0,0.36143165764881946,0.36143165764881946,0.0,0.49623056257431153,0.0,0.0,0.0,0.0,23.476781912391004,018,35,bronze,0,0,0,new_region,0,0,0,0,0,1,linear_trend,-0.37587683832176855,0.7034650110957904,21.362034901421858,0
,36,[827],29.694807065942726,89.67666646550994,mobile,1,0,0,stable service regional product feedback 量子 推荐 hyperpersonalised,0,0.0,0.0,0.0,0.0,0.0,0.0,0.0,0.3498721264495162,0.3498721264495162,0.5017233601190293,0.0,0.5017233601190293,0.5017233601190293,0.0,0.0,24.202382487286222,018,36,bronze,0,0,0,east,1,0,0,0,0,0,linear_trend,-0.3934227119881975,0.03937429299689482,5.794643654347122,0
,37,[828],29.11496330313694,90.7595112130324,mobile,1,0,0,stable service regional product feedback,0,0.0,0.0,0.0,0.0,0.0,0.0,0.0,0.3498721264495162,0.3498721264495162,0.5017233601190293,0.0,0.5017233601190293,0.5017233601190293,0.0,0.0,27.889331834544013,018,37,gold,2,0,0,east,1,0,0,0,0,0,linear_trend,1.3322937311124785,0.2403337642595195,66.72703721296529,0
,38,[829],29.6950933159568,91.33769584856793,web,2,0,0,stable service regional product feedback,0,0.0,0.0,0.0,0.0,0.0,0.0,0.0,0.3498721264495162,0.3498721264495162,0.5017233601190293,0.0,0.5017233601190293,0.5017233601190293,0.0,0.0,24.619020704168914,018,38,silver,1,0,0,east,1,0,0,0,0,0,linear_trend,0.09487685892642911,0.5192789786909625,48.515816433609885,0
,39,[830],29.60401540575903,88.22691720640701,mobile,1,0,0,stable service regional product feedback,0,0.0,0.0,0.0,0.0,0.0,0.0,0.0,0.3498721264495162,0.3498721264495162,0.5017233601190293,0.0,0.5017233601190293,0.5017233601190293,0.0,0.0,22.76144668642185,018,39,silver,1,0,0,east,1,0,0,0,0,0,linear_trend,-0.4547911672136216,0.9371011907459844,13.592396583952477,0
,40,[831],29.798670845877293,89.78194718176492,mobile,1,0,0,reliable product delivery customer feedback,0,0.49623056257431153,0.49623056257431153,0.0,0.0,0.0,0.0,0.0,0.36143165764881946,0.36143165764881946,0.0,0.49623056257431153,0.0,0.0,0.0,0.0,25.297692758281297,018,40,bronze,0,0,0,east,1,0,0,0,0,0,linear_trend,0.20470015957503962,0.2601458037712849,6.602000355544555,0
,41,[832],30.49878215391744,85.5862530604955,web,2,0,0,reliable product delivery customer feedback,0,0.49623056257431153,0.49623056257431153,0.0,0.0,0.0,0.0,0.0,0.36143165764881946,0.36143165764881946,0.0,0.49623056257431153,0.0,0.0,0.0,0.0,20.601725276012814,018,41,gold,2,0,0,new_region,0,0,0,0,0,1,linear_trend,-1.5099487836198178,1.0672395429379409,12.544017316052964,0
"[""capacity""]",42,[833],30.36420115906998,86.44338672206501,api,0,0,0,稳定 产品 交付 用户 反馈,0,0.0,0.0,0.0,0.37161931283827765,0.0,0.54115490341344,0.37161931283827765,0.0,0.0,0.0,0.0,0.0,0.0,0.54115490341344,0.37161931283827765,25.315453636773366,018,42,bronze,0,0,0,east,1,0,0,0,0,0,linear_trend,-0.05514381482436074,-0.2919661094119128,9.560665160721946,0
,43,[834],30.69584785122707,88.4756142698457,api,0,0,0,稳定 产品 交付 用户 反馈,0,0.0,0.0,0.0,0.37161931283827765,0.0,0.54115490341344,0.37161931283827765,0.0,0.0,0.0,0.0,0.0,0.0,0.54115490341344,0.37161931283827765,21.327013503042263,018,43,gold,2,0,0,east,1,0,0,0,0,0,linear_trend,-1.4744630983959153,0.6525636520828701,6.60584902596949,0
,44,[835],30.716301998962134,86.22912045163197,web,2,0,0,稳定 服务 区域 产品 反馈,0,0.0,0.0,0.5273316095198977,0.3846395486696206,0.5273316095198977,0.0,0.3846395486696206,0.0,0.0,0.0,0.0,0.0,0.0,0.0,0.3846395486696206,29.790784172819627,018,44,bronze,0,0,0,east,1,0,0,0,0,0,linear_trend,2.483765421804918,0.45581517563969043,44.567994087619525,0
"[""spend""]",45,[836],31.133774897022896,93.36671305481583,mobile,1,0,0,稳定 服务 区域 产品 反馈,0,0.0,0.0,0.5273316095198977,0.3846395486696206,0.5273316095198977,0.0,0.3846395486696206,0.0,0.0,0.0,0.0,0.0,0.0,0.0,0.3846395486696206,26.88603970765139,018,45,gold,2,0,0,east,1,0,0,0,0,0,linear_trend,0.9483546127442156,0.27313341798977325,21.362034901421858,0
,46,[837],31.30890141506081,91.54621281512125,api,0,0,0,stable service regional product feedback,0,0.0,0.0,0.0,0.0,0.0,0.0,0.0,0.3498721264495162,0.3498721264495162,0.5017233601190293,0.0,0.5017233601190293,0.5017233601190293,0.0,0.0,26.148772173010805,018,46,gold,2,0,0,east,1,0,0,0,0,0,linear_trend,-0.49729256243839326,-1.3406357816742986,57.70029030640272,0
,47,[838],31.617425926636113,85.13226428613109,web,2,0,0,稳定 产品 交付 用户 反馈,0,0.0,0.0,0.0,0.37161931283827765,0.0,0.54115490341344,0.37161931283827765,0.0,0.0,0.0,0.0,0.0,0.0,0.54115490341344,0.37161931283827765,23.002754641690476,018,47,gold,2,0,0,new_region,0,0,0,0,0,1,linear_trend,-0.9109201461352067,0.4794205198097963,42.67613035389167,0
,48,[839],31.40137746448892,86.82275794243427,mobile,1,0,0,稳定 服务 区域 产品 反馈,0,0.0,0.0,0.5273316095198977,0.3846395486696206,0.5273316095198977,0.0,0.3846395486696206,0.0,0.0,0.0,0.0,0.0,0.0,0.0,0.3846395486696206,24.144206114214573,018,48,silver,1,0,0,new_region,0,0,0,0,0,1,linear_trend,-1.0600871254530582,-0.6746221835189461,3.4205159891825474,0
,1,[840],19.514371438510246,99.19119632049437,web,2,0,0,稳定 服务 区域 产品 反馈,0,0.0,0.0,0.5273316095198977,0.3846395486696206,0.5273316095198977,0.0,0.3846395486696206,0.0,0.0,0.0,0.0,0.0,0.0,0.0,0.3846395486696206,27.72867282647438,019,1,silver,1,0,0,south,0,0,1,0,0,0,linear_trend,0.15854627786236367,0.03019329294070103,30.072324841861313,0
"[""correlated_metric""]",2,[841],19.816182045899478,95.542499139767,mobile,1,0,0,稳定 产品 交付 用户 反馈,0,0.0,0.0,0.0,0.37161931283827765,0.0,0.54115490341344,0.37161931283827765,0.0,0.0,0.0,0.0,0.0,0.0,0.54115490341344,0.37161931283827765,28.263675051006167,019,2,bronze,0,0,0,south,0,0,1,0,0,0,linear_trend,0.8984785937826983,0.5783176710631127,20.78378909922466,0
,3,[842],19.87076087289366,92.28723296823249,mobile,1,0,0,稳定 产品 交付 用户 反馈,0,0.0,0.0,0.0,0.37161931283827765,0.0,0.54115490341344,0.37161931283827765,0.0,0.0,0.0,0.0,0.0,0.0,0.54115490341344,0.37161931283827765,27.322270481921628,019,3,bronze,0,0,0,south,0,0,1,0,0,0,linear_trend,0.7021800008004627,1.0176351427219827,73.5921190047032,0
,4,[843],19.852372865101913,88.74721511930768,web,2,0,0,reliable product delivery customer feedback,0,0.49623056257431153,0.49623056257431153,0.0,0.0,0.0,0.0,0.0,0.36143165764881946,0.36143165764881946,0.0,0.49623056257431153,0.0,0.0,0.0,0.0,26.525833937876858,019,4,silver,1,0,0,south,0,0,1,0,0,0,linear_trend,-0.37168161314011106,0.12614531704094292,17.880433334022797,0
"[""spend""]",5,[844],20.139650450387062,96.9759809642453,api,0,0,0,stable service regional product feedback,0,0.0,0.0,0.0,0.0,0.0,0.0,0.0,0.3498721264495162,0.3498721264495162,0.5017233601190293,0.0,0.5017233601190293,0.5017233601190293,0.0,0.0,27.27081688739173,019,5,gold,2,0,0,south,0,0,1,0,0,0,linear_trend,-0.025451146361174556,-0.029725071783942927,25.428056970542986,0
"[""spend""]",6,[845],20.413837550247067,93.22383321687525,web,2,0,0,stable service regional product feedback,0,0.0,0.0,0.0,0.0,0.0,0.0,0.0,0.3498721264495162,0.3498721264495162,0.5017233601190293,0.0,0.5017233601190293,0.5017233601190293,0.0,0.0,30.79159076099534,019,6,silver,1,0,0,south,0,0,1,0,0,0,linear_trend,1.7314144020622766,0.08626202730211308,25.428056970542986,0
,7,[846],20.515756477376417,101.31217840047724,web,2,0,0,稳定 服务 区域 产品 反馈,0,0.0,0.0,0.5273316095198977,0.3846395486696206,0.5273316095198977,0.0,0.3846395486696206,0.0,0.0,0.0,0.0,0.0,0.0,0.0,0.3846395486696206,27.620354308517527,019,7,gold,2,0,0,south,0,0,1,0,0,0,linear_trend,,1.28644431144201,50.9583539737716,0
,8,[847],20.703189293500476,93.74988525180972,api,0,0,0,stable service regional product feedback,0,0.0,0.0,0.0,0.0,0.0,0.0,0.0,0.3498721264495162,0.3498721264495162,0.5017233601190293,0.0,0.5017233601190293,0.5017233601190293,0.0,0.0,25.72621789190813,019,8,silver,1,0,0,south,0,0,1,0,0,0,linear_trend,-0.02036759227773366,0.8244173888212722,246.8232220528897,0
,10,[848],21.355382324646442,101.0663172612332,api,0,0,0,稳定 产品 交付 用户 反馈,0,0.0,0.0,0.0,0.37161931283827765,0.0,0.54115490341344,0.37161931283827765,0.0,0.0,0.0,0.0,0.0,0.0,0.54115490341344,0.37161931283827765,30.527500357181403,019,10,gold,2,0,0,south,0,0,1,0,0,0,linear_trend,1.1536423354623846,-0.26822554992913294,20.210481655943724,0
,11,[849],21.369949103687915,91.90527064985267,api,0,0,0,稳定 产品 交付 用户 反馈,0,0.0,0.0,0.0,0.37161931283827765,0.0,0.54115490341344,0.37161931283827765,0.0,0.0,0.0,0.0,0.0,0.0,0.54115490341344,0.37161931283827765,28.995952542902625,019,11,silver,1,0,0,south,0,0,1,0,0,0,linear_trend,0.0035071914472827653,-0.9336670502220668,44.1869159710967,0
,12,[850],21.41873472517225,93.73664592791997,mobile,1,0,0,stable service regional product feedback,0,0.0,0.0,0.0,0.0,0.0,0.0,0.0,0.3498721264495162,0.3498721264495162,0.5017233601190293,0.0,0.5017233601190293,0.5017233601190293,0.0,0.0,25.67073549743436,019,12,bronze,0,0,0,south,0,0,1,0,0,0,linear_trend,-0.8371847005988321,-0.019454393276712167,9.339692929231065,0
,13,[851],21.60883235144002,100.134015662463,api,0,0,0,稳定 产品 交付 用户 反馈,0,0.0,0.0,0.0,0.37161931283827765,0.0,0.54115490341344,0.37161931283827765,0.0,0.0,0.0,0.0,0.0,0.0,0.54115490341344,0.37161931283827765,25.243175866421492,019,13,gold,2,0,0,south,0,0,1,0,0,0,linear_trend,-0.7212796096588022,0.5877307068945409,15.79926988195385,0
"[""spend""]",14,[852],22.203901157723738,95.41263247247035,web,2,0,0,稳定 产品 交付 用户 反馈,0,0.0,0.0,0.0,0.37161931283827765,0.0,0.54115490341344,0.37161931283827765,0.0,0.0,0.0,0.0,0.0,0.0,0.54115490341344,0.37161931283827765,25.04468825542533,019,14,gold,2,0,0,south,0,0,1,0,0,0,linear_trend,0.6259471914824021,2.326222607594246,25.428056970542986,0
,15,[853],21.65475373390855,95.88784255671685,mobile,1,0,0,stable service regional product feedback,0,0.0,0.0,0.0,0.0,0.0,0.0,0.0,0.3498721264495162,0.3498721264495162,0.5017233601190293,0.0,0.5017233601190293,0.5017233601190293,0.0,0.0,27.299819728030577,019,15,gold,2,0,0,south,0,0,1,0,0,0,linear_trend,1.1598430736634626,1.5806201918064997,45.92458408516541,0
,16,[854],22.1694732721878,90.84608821354281,api,0,0,0,稳定 产品 交付 用户 反馈,0,0.0,0.0,0.0,0.37161931283827765,0.0,0.54115490341344,0.37161931283827765,0.0,0.0,0.0,0.0,0.0,0.0,0.54115490341344,0.37161931283827765,26.126369073644966,019,16,silver,1,0,0,south,0,0,1,0,0,0,linear_trend,-0.7600071549334216,-0.04152038318050617,14.042608688486041,0
,17,[855],22.610203150009323,98.0125902286534,mobile,1,0,0,reliable product delivery customer feedback,0,0.49623056257431153,0.49623056257431153,0.0,0.0,0.0,0.0,0.0,0.36143165764881946,0.36143165764881946,0.0,0.49623056257431153,0.0,0.0,0.0,0.0,22.25801915117787,019,17,silver,1,0,0,south,0,0,1,0,0,0,linear_trend,-1.509707586859099,1.2442620832187745,25.32279298626958,0
"[""spend""]",18,[856],22.462203338331197,92.47764655738702,mobile,1,0,0,stable service regional product feedback,0,0.0,0.0,0.0,0.0,0.0,0.0,0.0,0.3498721264495162,0.3498721264495162,0.5017233601190293,0.0,0.5017233601190293,0.5017233601190293,0.0,0.0,28.57464733447632,019,18,gold,2,0,0,south,0,0,1,0,0,0,linear_trend,-0.2902407310013568,-1.0342376114305747,25.428056970542986,0
,19,[857],23.527998617012347,90.90942583301758,mobile,1,0,0,稳定 服务 区域 产品 反馈,0,0.0,0.0,0.5273316095198977,0.3846395486696206,0.5273316095198977,0.0,0.3846395486696206,0.0,0.0,0.0,0.0,0.0,0.0,0.0,0.3846395486696206,25.476838032571337,019,19,bronze,0,0,0,south,0,0,1,0,0,0,linear_trend,-1.6406840660778592,-0.8081119379946771,6.774311841289417,0
,20,[858],23.421380288383435,95.51274336882257,api,0,0,0,稳定 产品 交付 用户 反馈,0,0.0,0.0,0.0,0.37161931283827765,0.0,0.54115490341344,0.37161931283827765,0.0,0.0,0.0,0.0,0.0,0.0,0.54115490341344,0.37161931283827765,26.41768313158277,019,20,gold,2,0,0,south,0,0,1,0,0,0,linear_trend,-0.8703671493718522,-0.48412452061613476,9.51078237797439,0
,21,[859],22.953431454303317,98.61049060923906,api,0,0,0,稳定 服务 区域 产品 反馈,0,0.0,0.0,0.5273316095198977,0.3846395486696206,0.5273316095198977,0.0,0.3846395486696206,0.0,0.0,0.0,0.0,0.0,0.0,0.0,0.3846395486696206,28.015328463158315,019,21,silver,1,0,0,south,0,0,1,0,0,0,linear_trend,-0.3372419372473773,-0.9023799752906126,28.844746828299836,0
,22,[860],23.781718867168,94.6102353962025,api,0,0,0,reliable product delivery customer feedback,0,0.49623056257431153,0.49623056257431153,0.0,0.0,0.0,0.0,0.0,0.36143165764881946,0.36143165764881946,0.0,0.49623056257431153,0.0,0.0,0.0,0.0,28.033665228223338,019,22,silver,1,0,0,south,0,0,1,0,0,0,linear_trend,-0.4624738524997433,-0.883770594067011,9.737695131466221,0
,23,[861],23.76495257358376,91.12511501104758,mobile,1,0,0,reliable product delivery customer feedback,0,0.49623056257431153,0.49623056257431153,0.0,0.0,0.0,0.0,0.0,0.36143165764881946,0.36143165764881946,0.0,0.49623056257431153,0.0,0.0,0.0,0.0,31.1884994773923,019,23,gold,2,0,0,south,0,0,1,0,0,0,linear_trend,0.9351294852198876,-1.2724341271247854,56.84629297319731,0
"[""correlated_metric""]",24,[862],23.427104806901667,104.30642296578732,api,0,0,0,reliable product delivery customer feedback,0,0.49623056257431153,0.49623056257431153,0.0,0.0,0.0,0.0,0.0,0.36143165764881946,0.36143165764881946,0.0,0.49623056257431153,0.0,0.0,0.0,0.0,29.080965144771888,019,24,gold,2,0,0,south,0,0,1,0,0,0,linear_trend,0.6833419916214245,-0.9588897261793325,18.28812089412709,0
,25,[863],24.354864074866146,100.83728469726299,api,0,0,0,stable service regional product feedback,0,0.0,0.0,0.0,0.0,0.0,0.0,0.0,0.3498721264495162,0.3498721264495162,0.5017233601190293,0.0,0.5017233601190293,0.5017233601190293,0.0,0.0,30.21235648849697,019,25,gold,2,0,0,south,0,0,1,0,0,0,linear_trend,0.5747410843173479,-1.132947373956143,17.364030958482967,0
,26,[864],24.382600939206778,98.89217077766645,mobile,1,0,0,稳定 产品 交付 用户 反馈,0,0.0,0.0,0.0,0.37161931283827765,0.0,0.54115490341344,0.37161931283827765,0.0,0.0,0.0,0.0,0.0,0.0,0.54115490341344,0.37161931283827765,26.446902599319642,019,26,silver,1,0,0,south,0,0,1,0,0,0,linear_trend,-0.8144097634778592,-0.26415889983970314,14.423346988863338,0
,27,[865],24.70038591975177,98.45537330724012,api,0,0,0,稳定 服务 区域 产品 反馈,0,0.0,0.0,0.5273316095198977,0.3846395486696206,0.5273316095198977,0.0,0.3846395486696206,0.0,0.0,0.0,0.0,0.0,0.0,0.0,0.3846395486696206,26.728575403296635,019,27,gold,2,0,0,south,0,0,1,0,0,0,linear_trend,-0.39246331085261277,-0.15337668402251048,6.072040854892372,0
"[""correlated_metric""]",28,[866],25.18475521090548,97.33535032007448,api,0,0,0,稳定 服务 区域 产品 反馈,0,0.0,0.0,0.5273316095198977,0.3846395486696206,0.5273316095198977,0.0,0.3846395486696206,0.0,0.0,0.0,0.0,0.0,0.0,0.0,0.3846395486696206,27.297483083897063,019,28,silver,1,0,0,south,0,0,1,0,0,0,linear_trend,0.09058637231860955,0.07528741590150446,4.012714162297215,0
"[""correlated_metric""]",29,[867],24.44362509309627,99.19944615381263,api,0,0,0,reliable product delivery customer feedback,0,0.49623056257431153,0.49623056257431153,0.0,0.0,0.0,0.0,0.0,0.36143165764881946,0.36143165764881946,0.0,0.49623056257431153,0.0,0.0,0.0,0.0,28.22533149388459,019,29,gold,2,0,0,south,0,0,1,0,0,0,linear_trend,0.17940106290525065,-3.0593142119815124,23.947354619194694,0
,30,[868],25.376739290873548,90.80754188409128,web,2,0,0,稳定 产品 交付 用户 反馈,0,0.0,0.0,0.0,0.37161931283827765,0.0,0.54115490341344,0.37161931283827765,0.0,0.0,0.0,0.0,0.0,0.0,0.54115490341344,0.37161931283827765,31.716116047921883,019,30,gold,2,0,0,south,0,0,1,0,0,0,linear_trend,,-2.8413455008308777,31.083173833483553,0
,31,[869],25.190120810778538,95.34800451943141,api,0,0,0,stable service regional product feedback,0,0.0,0.0,0.0,0.0,0.0,0.0,0.0,0.3498721264495162,0.3498721264495162,0.5017233601190293,0.0,0.5017233601190293,0.5017233601190293,0.0,0.0,27.65438341529713,019,31,silver,1,0,0,south,0,0,1,0,0,0,linear_trend,0.001495473017865567,-0.13069279664780842,20.953351041545034,0
"[""capacity""]",32,[870],,95.33458894169385,api,0,0,0,reliable product delivery customer feedback,0,0.49623056257431153,0.49623056257431153,0.0,0.0,0.0,0.0,0.0,0.36143165764881946,0.36143165764881946,0.0,0.49623056257431153,0.0,0.0,0.0,0.0,28.3801808478179,019,32,silver,1,0,0,south,0,0,1,0,0,0,linear_trend,0.6100102144653039,0.13153768008356403,2.287220238789693,0
,33,[871],25.995239108487482,96.76930807537069,mobile,1,0,0,stable service regional product feedback,0,0.0,0.0,0.0,0.0,0.0,0.0,0.0,0.3498721264495162,0.3498721264495162,0.5017233601190293,0.0,0.5017233601190293,0.5017233601190293,0.0,0.0,29.98584111374369,019,33,bronze,0,0,0,south,0,0,1,0,0,0,linear_trend,0.7308976733171672,-0.9915987350813368,27.112597813332904,0
,35,[872],25.665147500796294,103.62241367842748,mobile,1,0,0,stable service regional product feedback,0,0.0,0.0,0.0,0.0,0.0,0.0,0.0,0.3498721264495162,0.3498721264495162,0.5017233601190293,0.0,0.5017233601190293,0.5017233601190293,0.0,0.0,23.300103040740254,019,35,silver,1,0,0,south,0,0,1,0,0,0,linear_trend,-0.5090699963723813,2.2978692535265766,31.22200621463422,0
,36,[873],26.4904292567853,100.43381654545415,api,0,0,0,reliable product delivery customer feedback,0,0.49623056257431153,0.49623056257431153,0.0,0.0,0.0,0.0,0.0,0.36143165764881946,0.36143165764881946,0.0,0.49623056257431153,0.0,0.0,0.0,0.0,30.934679314540954,019,36,silver,1,0,0,south,0,0,1,0,0,0,linear_trend,0.7755768682120903,-1.3823610620955986,3.690121603924004,0
,37,[874],26.287769334405603,102.41005116645904,api,0,0,0,稳定 服务 区域 产品 反馈,0,0.0,0.0,0.5273316095198977,0.3846395486696206,0.5273316095198977,0.0,0.3846395486696206,0.0,0.0,0.0,0.0,0.0,0.0,0.0,0.3846395486696206,24.415733543566184,019,37,bronze,0,0,0,south,0,0,1,0,0,0,linear_trend,-1.2078631022328377,0.3842071815854746,5.057018059133467,0
"[""capacity""]",38,[875],27.178417574975207,95.33458894169385,mobile,1,0,0,稳定 产品 交付 用户 反馈,0,0.0,0.0,0.0,0.37161931283827765,0.0,0.54115490341344,0.37161931283827765,0.0,0.0,0.0,0.0,0.0,0.0,0.54115490341344,0.37161931283827765,24.539212674575037,019,38,gold,2,0,0,south,0,0,1,0,0,0,linear_trend,-1.2768234198893198,0.29383390782932906,35.55844945179547,0
,39,[876],26.8655391096641,98.30027732556785,web,2,0,0,稳定 产品 交付 用户 反馈,0,0.0,0.0,0.0,0.37161931283827765,0.0,0.54115490341344,0.37161931283827765,0.0,0.0,0.0,0.0,0.0,0.0,0.54115490341344,0.37161931283827765,23.12750218501011,019,39,gold,2,0,0,south,0,0,1,0,0,0,linear_trend,-0.5964992041108126,2.073886850683424,7.605753346742741,0
,40,[877],27.564133956092437,86.43432629521895,web,2,0,0,reliable product delivery customer feedback,0,0.49623056257431153,0.49623056257431153,0.0,0.0,0.0,0.0,0.0,0.36143165764881946,0.36143165764881946,0.0,0.49623056257431153,0.0,0.0,0.0,0.0,25.585205681893132,019,40,bronze,0,0,0,south,0,0,1,0,0,0,linear_trend,-1.0337183584042857,-0.2103514589261322,21.149003406861414,0
,41,[878],27.596587467673007,100.51265783407317,mobile,1,0,0,稳定 产品 交付 用户 反馈,0,0.0,0.0,0.0,0.37161931283827765,0.0,0.54115490341344,0.37161931283827765,0.0,0.0,0.0,0.0,0.0,0.0,0.54115490341344,0.37161931283827765,23.564593521821983,019,41,bronze,0,0,0,south,0,0,1,0,0,0,linear_trend,-0.7110255277884983,1.5393470531436948,3.8540795103792576,0
"[""correlated_metric""]",42,[879],27.251814053552632,97.58831233084484,mobile,1,0,0,稳定 产品 交付 用户 反馈,0,0.0,0.0,0.0,0.37161931283827765,0.0,0.54115490341344,0.37161931283827765,0.0,0.0,0.0,0.0,0.0,0.0,0.54115490341344,0.37161931283827765,27.560359146085286,019,42,bronze,0,0,0,south,0,0,1,0,0,0,linear_trend,1.0299208681132748,1.071190864399573,33.683698688849816,0
,43,[880],28.082764486690632,100.3901661853607,web,2,0,0,稳定 服务 区域 产品 反馈,0,0.0,0.0,0.5273316095198977,0.3846395486696206,0.5273316095198977,0.0,0.3846395486696206,0.0,0.0,0.0,0.0,0.0,0.0,0.0,0.3846395486696206,30.82843085419955,019,43,gold,2,0,0,south,0,0,1,0,0,0,linear_trend,0.8472473941116742,-1.2560076359219525,11.496399605791076,0
,44,[881],27.58959155170655,99.36641427127081,api,0,0,0,稳定 服务 区域 产品 反馈,0,0.0,0.0,0.5273316095198977,0.3846395486696206,0.5273316095198977,0.0,0.3846395486696206,0.0,0.0,0.0,0.0,0.0,0.0,0.0,0.3846395486696206,25.3550168471923,019,44,gold,2,0,0,new_region,0,0,0,0,0,1,linear_trend,-0.6354143118494423,0.24885700353039297,10.435941262753863,0
,45,[882],28.118603288485858,102.49527888017695,web,2,0,0,stable service regional product feedback,0,0.0,0.0,0.0,0.0,0.0,0.0,0.0,0.3498721264495162,0.3498721264495162,0.5017233601190293,0.0,0.5017233601190293,0.5017233601190293,0.0,0.0,30.344154632769854,019,45,gold,2,0,0,south,0,0,1,0,0,0,linear_trend,1.0085619337434129,-0.45280881406928036,14.94220374112187,0
,46,[883],28.625377955885,99.51433416156331,web,2,0,0,reliable product delivery customer feedback 量子 推荐 hyperpersonalised,0,0.49623056257431153,0.49623056257431153,0.0,0.0,0.0,0.0,0.0,0.36143165764881946,0.36143165764881946,0.0,0.49623056257431153,0.0,0.0,0.0,0.0,25.148812912754675,019,46,silver,1,0,0,south,0,0,1,0,0,0,linear_trend,0.08507323440085181,1.6836323968997202,6.703447272476989,0
,47,[884],28.543321212897293,97.19650372059547,web,2,0,0,稳定 产品 交付 用户 反馈,0,0.0,0.0,0.0,0.37161931283827765,0.0,0.54115490341344,0.37161931283827765,0.0,0.0,0.0,0.0,0.0,0.0,0.54115490341344,0.37161931283827765,27.83776488196915,019,47,bronze,0,0,0,south,0,0,1,0,0,0,linear_trend,1.1123409606285248,1.0348293285898644,5.003910008323205,0
,48,[885],28.21169554889472,97.59167277476212,web,2,0,0,stable service regional product feedback,0,0.0,0.0,0.0,0.0,0.0,0.0,0.0,0.3498721264495162,0.3498721264495162,0.5017233601190293,0.0,0.5017233601190293,0.5017233601190293,0.0,0.0,24.66237090398864,019,48,bronze,0,0,0,south,0,0,1,0,0,0,linear_trend,-0.2006379534626682,1.4499901435546036,73.94677505650469,0
,1,[886],21.56446186442843,103.1975957679246,mobile,1,0,0,stable service regional product feedback,0,0.0,0.0,0.0,0.0,0.0,0.0,0.0,0.3498721264495162,0.3498721264495162,0.5017233601190293,0.0,0.5017233601190293,0.5017233601190293,0.0,0.0,30.09323609941188,020,1,bronze,0,0,0,west,0,0,0,1,0,0,linear_trend,0.9474047665431418,0.4624916589316297,49.08793991641627,0
,2,[887],21.632803753887153,97.02159250994123,mobile,1,0,0,reliable product delivery customer feedback,0,0.49623056257431153,0.49623056257431153,0.0,0.0,0.0,0.0,0.0,0.36143165764881946,0.36143165764881946,0.0,0.49623056257431153,0.0,0.0,0.0,0.0,31.913312905374756,020,2,gold,2,0,0,west,0,0,0,1,0,0,linear_trend,1.1595200378107025,-0.19438099282853352,49.72555523108911,0
,3,[888],21.99700463963773,94.29366740041952,api,0,0,0,稳定 服务 区域 产品 反馈,0,0.0,0.0,0.5273316095198977,0.3846395486696206,0.5273316095198977,0.0,0.3846395486696206,0.0,0.0,0.0,0.0,0.0,0.0,0.0,0.3846395486696206,32.10106545105538,020,3,bronze,0,0,0,west,0,0,0,1,0,0,linear_trend,0.31190533277830035,-1.3027219561297154,35.38962584489105,0
,4,[889],22.196554173542975,96.8461505319043,mobile,1,0,0,reliable product delivery customer feedback,0,0.49623056257431153,0.49623056257431153,0.0,0.0,0.0,0.0,0.0,0.36143165764881946,0.36143165764881946,0.0,0.49623056257431153,0.0,0.0,0.0,0.0,25.712455562656153,020,4,silver,1,0,0,west,0,0,0,1,0,0,linear_trend,-2.2976093236440454,-0.5880060431359682,16.25093549002574,0
,5,[890],22.366456332021414,102.75487283905001,web,2,0,0,稳定 产品 交付 用户 反馈,0,0.0,0.0,0.0,0.37161931283827765,0.0,0.54115490341344,0.37161931283827765,0.0,0.0,0.0,0.0,0.0,0.0,0.54115490341344,0.37161931283827765,30.421316883813148,020,5,bronze,0,0,0,west,0,0,0,1,0,0,linear_trend,-0.653226130536175,-1.6127691599984,9.379878262065342,0
,6,[891],22.337574632376214,104.72319217218674,web,2,0,0,reliable product delivery customer feedback,0,0.49623056257431153,0.49623056257431153,0.0,0.0,0.0,0.0,0.0,0.36143165764881946,0.36143165764881946,0.0,0.49623056257431153,0.0,0.0,0.0,0.0,31.470614211447906,020,6,silver,1,0,0,west,0,0,0,1,0,0,linear_trend,0.3608191812034465,-0.8804159723243657,25.32914509991651,0
"[""correlated_metric""]",8,[892],22.97307609657281,101.93281811456156,mobile,1,0,0,reliable product delivery customer feedback,0,0.49623056257431153,0.49623056257431153,0.0,0.0,0.0,0.0,0.0,0.36143165764881946,0.36143165764881946,0.0,0.49623056257431153,0.0,0.0,0.0,0.0,32.33010771691459,020,8,gold,2,0,0,west,0,0,0,1,0,0,linear_trend,0.643461008963852,-1.7862429438679255,3.572408475192168,0
,9,[893],23.099893810162694,92.74133470842662,api,0,0,0,稳定 服务 区域 产品 反馈,0,0.0,0.0,0.5273316095198977,0.3846395486696206,0.5273316095198977,0.0,0.3846395486696206,0.0,0.0,0.0,0.0,0.0,0.0,0.0,0.3846395486696206,29.686483234292915,020,9,bronze,0,0,0,west,0,0,0,1,0,0,linear_trend,0.5459919504677898,0.28376895368393745,8.194573430179986,0
,10,[894],,97.99228700602448,mobile,1,0,0,稳定 服务 区域 产品 反馈,0,0.0,0.0,0.5273316095198977,0.3846395486696206,0.5273316095198977,0.0,0.3846395486696206,0.0,0.0,0.0,0.0,0.0,0.0,0.0,0.3846395486696206,35.07480483474943,020,10,gold,2,0,0,west,0,0,0,1,0,0,linear_trend,1.4955879426987,-1.7651372893051025,22.06781985683918,0
,11,[895],23.554243131583814,93.22804643222406,api,0,0,0,reliable product delivery customer feedback,0,0.49623056257431153,0.49623056257431153,0.0,0.0,0.0,0.0,0.0,0.36143165764881946,0.36143165764881946,0.0,0.49623056257431153,0.0,0.0,0.0,0.0,28.12478334192776,020,11,bronze,0,0,0,west,0,0,0,1,0,0,linear_trend,-0.40400385626351887,0.4031097906432296,19.01961920722494,0
"[""correlated_metric""]",12,[896],23.693820899243224,100.2069101182889,web,2,0,0,reliable product delivery customer feedback,0,0.49623056257431153,0.49623056257431153,0.0,0.0,0.0,0.0,0.0,0.36143165764881946,0.36143165764881946,0.0,0.49623056257431153,0.0,0.0,0.0,0.0,27.627866630332246,020,12,silver,1,0,0,west,0,0,0,1,0,0,linear_trend,-1.4358718605713592,1.037826966291882,7.774830893073972,0
,13,[897],24.104395313323412,96.49308892815212,mobile,1,0,0,stable service regional product feedback,0,0.0,0.0,0.0,0.0,0.0,0.0,0.0,0.3498721264495162,0.3498721264495162,0.5017233601190293,0.0,0.5017233601190293,0.5017233601190293,0.0,0.0,26.72171274938699,020,13,gold,2,0,0,west,0,0,0,1,0,0,linear_trend,-0.8398899560055585,0.7531229445462861,38.936771667982406,0
,14,[898],24.375108011768567,97.37330892767217,mobile,1,0,0,reliable product delivery customer feedback,0,0.49623056257431153,0.49623056257431153,0.0,0.0,0.0,0.0,0.0,0.36143165764881946,0.36143165764881946,0.0,0.49623056257431153,0.0,0.0,0.0,0.0,29.565263080547943,020,14,silver,1,0,0,west,0,0,0,1,0,0,linear_trend,1.315876491057875,1.5617353186600307,11.74363385636122,0
"[""capacity""]",15,[899],24.49866266124383,98.40342743145199,web,2,0,0,稳定 产品 交付 用户 反馈,0,0.0,0.0,0.0,0.37161931283827765,0.0,0.54115490341344,0.37161931283827765,0.0,0.0,0.0,0.0,0.0,0.0,0.54115490341344,0.37161931283827765,32.95531494008286,020,15,silver,1,0,0,west,0,0,0,1,0,0,linear_trend,-0.4567195404005906,-2.988296860655621,34.66263679584589,0
,16,[900],23.892508879511755,98.84311858355159,api,0,0,0,stable service regional product feedback,0,0.0,0.0,0.0,0.0,0.0,0.0,0.0,0.3498721264495162,0.3498721264495162,0.5017233601190293,0.0,0.5017233601190293,0.5017233601190293,0.0,0.0,30.511301300943554,020,16,gold,2,0,0,west,0,0,0,1,0,0,linear_trend,0.8824706616636541,0.2657127609150209,18.754368753076044,0
,17,[901],25.114830358892345,101.73461834925774,api,0,0,0,稳定 产品 交付 用户 反馈,0,0.0,0.0,0.0,0.37161931283827765,0.0,0.54115490341344,0.37161931283827765,0.0,0.0,0.0,0.0,0.0,0.0,0.54115490341344,0.37161931283827765,28.86844980041843,020,17,silver,1,0,0,west,0,0,0,1,0,0,linear_trend,0.6247939043455366,1.0943402393820536,5.509079881483346,0
,18,[902],24.89920162459681,107.10898089952411,web,2,0,0,稳定 产品 交付 用户 反馈,0,0.0,0.0,0.0,0.37161931283827765,0.0,0.54115490341344,0.37161931283827765,0.0,0.0,0.0,0.0,0.0,0.0,0.54115490341344,0.37161931283827765,31.973017841586223,020,18,gold,2,0,0,west,0,0,0,1,0,0,linear_trend,0.8659717502421307,-0.5031152304288256,9.923062749773324,0
,19,[903],25.02404713829931,102.04597285385286,api,0,0,0,稳定 服务 区域 产品 反馈,0,0.0,0.0,0.5273316095198977,0.3846395486696206,0.5273316095198977,0.0,0.3846395486696206,0.0,0.0,0.0,0.0,0.0,0.0,0.0,0.3846395486696206,31.709444969904556,020,19,silver,1,0,0,west,0,0,0,1,0,0,linear_trend,-0.258992865769076,-2.0342426409026073,7.245224705740827,0
,20,[904],25.217680741568987,101.85608954343252,api,0,0,0,稳定 服务 区域 产品 反馈,0,0.0,0.0,0.5273316095198977,0.3846395486696206,0.5273316095198977,0.0,0.3846395486696206,0.0,0.0,0.0,0.0,0.0,0.0,0.0,0.3846395486696206,31.39505140720821,020,20,bronze,0,0,0,west,0,0,0,1,0,0,linear_trend,0.40091405215375486,-0.7772756691287895,28.001357231419018,0
,21,[905],25.876072231340302,102.87440121861856,api,0,0,0,稳定 服务 区域 产品 反馈,0,0.0,0.0,0.5273316095198977,0.3846395486696206,0.5273316095198977,0.0,0.3846395486696206,0.0,0.0,0.0,0.0,0.0,0.0,0.0,0.3846395486696206,25.850650232058268,020,21,bronze,0,0,0,west,0,0,0,1,0,0,linear_trend,-0.3230803116384532,1.7529655864747862,26.361751411946756,0
,22,[906],26.125407253219112,106.28901958665509,web,2,0,0,stable service regional product feedback,0,0.0,0.0,0.0,0.0,0.0,0.0,0.0,0.3498721264495162,0.3498721264495162,0.5017233601190293,0.0,0.5017233601190293,0.5017233601190293,0.0,0.0,30.261991726169548,020,22,bronze,0,0,0,west,0,0,0,1,0,0,linear_trend,0.7159375585726432,0.411781987245483,77.38491592774481,0
,23,[907],25.730609609025173,101.53819663165318,mobile,1,0,0,稳定 产品 交付 用户 反馈,0,0.0,0.0,0.0,0.37161931283827765,0.0,0.54115490341344,0.37161931283827765,0.0,0.0,0.0,0.0,0.0,0.0,0.54115490341344,0.37161931283827765,29.501710612728935,020,23,gold,2,0,0,west,0,0,0,1,0,0,linear_trend,-0.07986972408102211,-0.06186430791188108,30.735078593843905,0
"[""correlated_metric""]",24,[908],26.3530682719499,95.18628241511479,mobile,1,0,0,reliable product delivery customer feedback,0,0.49623056257431153,0.49623056257431153,0.0,0.0,0.0,0.0,0.0,0.36143165764881946,0.36143165764881946,0.0,0.49623056257431153,0.0,0.0,0.0,0.0,32.54403892125242,020,24,bronze,0,0,0,west,0,0,0,1,0,0,linear_trend,1.5256955077458079,-0.9755789382074633,27.8805613251673,0
"[""correlated_metric""]",25,[909],,101.86459827106556,api,0,0,0,稳定 产品 交付 用户 反馈,0,0.0,0.0,0.0,0.37161931283827765,0.0,0.54115490341344,0.37161931283827765,0.0,0.0,0.0,0.0,0.0,0.0,0.54115490341344,0.37161931283827765,30.622296607121186,020,25,gold,2,0,0,west,0,0,0,1,0,0,linear_trend,0.5854629617367655,-0.15612521708117447,21.365009900902972,0
"[""capacity"", ""spend"", ""correlated_metric""]",26,[910],26.36442060038143,98.40342743145199,mobile,1,0,0,reliable product delivery customer feedback,0,0.49623056257431153,0.49623056257431153,0.0,0.0,0.0,0.0,0.0,0.36143165764881946,0.36143165764881946,0.0,0.49623056257431153,0.0,0.0,0.0,0.0,32.234231959948936,020,26,gold,2,0,0,west,0,0,0,1,0,0,linear_trend,0.8724758502101473,-1.1278989825568537,19.01961920722494,0
,27,[911],27.047919595277683,95.63059323611712,api,0,0,0,stable service regional product feedback,0,0.0,0.0,0.0,0.0,0.0,0.0,0.0,0.3498721264495162,0.3498721264495162,0.5017233601190293,0.0,0.5017233601190293,0.5017233601190293,0.0,0.0,26.108930749028527,020,27,gold,2,0,0,west,0,0,0,1,0,0,linear_trend,-0.267537963278692,1.5684278679921355,36.030040395802494,0
,28,[912],27.304247214260343,98.18155407541168,mobile,1,0,0,稳定 服务 区域 产品 反馈,0,0.0,0.0,0.5273316095198977,0.3846395486696206,0.5273316095198977,0.0,0.3846395486696206,0.0,0.0,0.0,0.0,0.0,0.0,0.0,0.3846395486696206,26.7435492332738,020,28,silver,1,0,0,west,0,0,0,1,0,0,linear_trend,-1.068896487595894,0.2508830314807402,50.375991998208264,0
,29,[913],27.310135965017043,98.07030353436127,mobile,1,0,0,stable service regional product feedback,0,0.0,0.0,0.0,0.0,0.0,0.0,0.0,0.3498721264495162,0.3498721264495162,0.5017233601190293,0.0,0.5017233601190293,0.5017233601190293,0.0,0.0,27.53973649607596,020,29,bronze,0,0,0,west,0,0,0,1,0,0,linear_trend,-0.16793127492146936,0.8848096367285537,13.739468203724007,0
,30,[914],27.157113457818756,95.44763812523621,web,2,0,0,稳定 服务 区域 产品 反馈,0,0.0,0.0,0.5273316095198977,0.3846395486696206,0.5273316095198977,0.0,0.3846395486696206,0.0,0.0,0.0,0.0,0.0,0.0,0.0,0.3846395486696206,33.176355711067416,020,30,gold,2,0,0,west,0,0,0,1,0,0,linear_trend,1.335464284739025,-0.7350536075815705,5.261111812424405,0
,31,[915],27.466428333408214,96.49727859086238,web,2,0,0,稳定 产品 交付 用户 反馈,0,0.0,0.0,0.0,0.37161931283827765,0.0,0.54115490341344,0.37161931283827765,0.0,0.0,0.0,0.0,0.0,0.0,0.54115490341344,0.37161931283827765,28.920868447024358,020,31,silver,1,0,0,west,0,0,0,1,0,0,linear_trend,-0.6699910915811947,-0.6262209206725922,13.059822921076526,0
"[""spend"", ""correlated_metric""]",32,[916],27.607457236464167,98.6227637915325,web,2,0,0,stable service regional product feedback,0,0.0,0.0,0.0,0.0,0.0,0.0,0.0,0.3498721264495162,0.3498721264495162,0.5017233601190293,0.0,0.5017233601190293,0.5017233601190293,0.0,0.0,27.76167886445577,020,32,silver,1,0,0,west,0,0,0,1,0,0,linear_trend,-1.1765319803838934,0.12744291214247605,19.01961920722494,0
,33,[917],28.0884834117736,101.30240535558325,api,0,0,0,稳定 产品 交付 用户 反馈,0,0.0,0.0,0.0,0.37161931283827765,0.0,0.54115490341344,0.37161931283827765,0.0,0.0,0.0,0.0,0.0,0.0,0.54115490341344,0.37161931283827765,27.907450461453276,020,33,bronze,0,0,0,west,0,0,0,1,0,0,linear_trend,-1.1194304308026841,-0.6395702680299453,12.278446821385346,0
"[""capacity""]",34,[918],28.6204984411388,98.40342743145199,api,0,0,0,stable service regional product feedback,0,0.0,0.0,0.0,0.0,0.0,0.0,0.0,0.3498721264495162,0.3498721264495162,0.5017233601190293,0.0,0.5017233601190293,0.5017233601190293,0.0,0.0,29.14350107017366,020,34,gold,2,0,0,west,0,0,0,1,0,0,linear_trend,-0.18813772201203288,-0.07407645726651603,46.60281061910396,0
,35,[919],,100.58061476178652,mobile,1,0,0,stable service regional product feedback,0,0.0,0.0,0.0,0.0,0.0,0.0,0.0,0.3498721264495162,0.3498721264495162,0.5017233601190293,0.0,0.5017233601190293,0.5017233601190293,0.0,0.0,24.936258816756837,020,35,silver,1,0,0,west,0,0,0,1,0,0,linear_trend,-0.9293361100680297,1.7405004296854298,31.79214882495013,0
"[""spend""]",36,[920],28.708849638822333,95.2561195559796,api,0,0,0,稳定 服务 区域 产品 反馈,0,0.0,0.0,0.5273316095198977,0.3846395486696206,0.5273316095198977,0.0,0.3846395486696206,0.0,0.0,0.0,0.0,0.0,0.0,0.0,0.3846395486696206,26.156017410581487,020,36,bronze,0,0,0,west,0,0,0,1,0,0,linear_trend,-0.3408628817957793,1.440286126518636,19.01961920722494,0
,37,[921],28.3042923347436,100.0602416809652,web,2,0,0,reliable product delivery customer feedback,0,0.49623056257431153,0.49623056257431153,0.0,0.0,0.0,0.0,0.0,0.36143165764881946,0.36143165764881946,0.0,0.49623056257431153,0.0,0.0,0.0,0.0,31.013956334611972,020,37,gold,2,0,0,west,0,0,0,1,0,0,linear_trend,0.23992920952706057,-0.8336854994795785,149.5279713536126,0
,38,[922],29.32675502511945,99.46377346581693,mobile,1,0,0,stable service regional product feedback,0,0.0,0.0,0.0,0.0,0.0,0.0,0.0,0.3498721264495162,0.3498721264495162,0.5017233601190293,0.0,0.5017233601190293,0.5017233601190293,0.0,0.0,30.42593321676727,020,38,silver,1,0,0,west,0,0,0,1,0,0,linear_trend,0.4505983118195621,-0.16041651142901453,2.4381795226645657,0
"[""capacity""]",39,[923],29.436430057980612,98.40342743145199,web,2,0,0,稳定 产品 交付 用户 反馈,0,0.0,0.0,0.0,0.37161931283827765,0.0,0.54115490341344,0.37161931283827765,0.0,0.0,0.0,0.0,0.0,0.0,0.54115490341344,0.37161931283827765,27.387776428752694,020,39,bronze,0,0,0,west,0,0,0,1,0,0,linear_trend,-0.1058425279088194,1.0485225803771512,27.53000640633738,0
"[""spend""]",40,[924],29.659745293352287,103.15944251289051,api,0,0,0,稳定 产品 交付 用户 反馈,0,0.0,0.0,0.0,0.37161931283827765,0.0,0.54115490341344,0.37161931283827765,0.0,0.0,0.0,0.0,0.0,0.0,0.54115490341344,0.37161931283827765,32.70083770856447,020,40,bronze,0,0,0,west,0,0,0,1,0,0,linear_trend,0.6252683210285832,-1.5469371852995557,19.01961920722494,0
,41,[925],29.849521657407273,102.71537519375559,web,2,0,0,stable service regional product feedback,0,0.0,0.0,0.0,0.0,0.0,0.0,0.0,0.3498721264495162,0.3498721264495162,0.5017233601190293,0.0,0.5017233601190293,0.5017233601190293,0.0,0.0,29.376563280506275,020,41,silver,1,0,0,west,0,0,0,1,0,0,linear_trend,0.15989494120112624,0.0007240222912885183,24.48105197689528,0
"[""spend""]",42,[926],28.830327604310817,97.62544855988214,mobile,1,0,0,稳定 服务 区域 产品 反馈,0,0.0,0.0,0.5273316095198977,0.3846395486696206,0.5273316095198977,0.0,0.3846395486696206,0.0,0.0,0.0,0.0,0.0,0.0,0.0,0.3846395486696206,26.866089782471953,020,42,silver,1,0,0,new_region,0,0,0,0,0,1,linear_trend,-0.7131625383721051,0.5222655663686075,19.01961920722494,0
"[""spend""]",43,[927],29.89052865357947,104.38664340648886,api,0,0,0,reliable product delivery customer feedback,0,0.49623056257431153,0.49623056257431153,0.0,0.0,0.0,0.0,0.0,0.36143165764881946,0.36143165764881946,0.0,0.49623056257431153,0.0,0.0,0.0,0.0,28.948165034840425,020,43,bronze,0,0,0,west,0,0,0,1,0,0,linear_trend,-0.40148298883308625,-0.5716979499578702,19.01961920722494,0
,44,[928],29.805950152802186,95.72810879299968,api,0,0,0,reliable product delivery customer feedback,0,0.49623056257431153,0.49623056257431153,0.0,0.0,0.0,0.0,0.0,0.36143165764881946,0.36143165764881946,0.0,0.49623056257431153,0.0,0.0,0.0,0.0,25.780744777474876,020,44,bronze,0,0,0,west,0,0,0,1,0,0,linear_trend,-0.4219751144462414,1.83198553279781,3.449734443188997,0
,45,[929],30.56147200846447,98.22516564447066,api,0,0,0,reliable product delivery customer feedback,0,0.49623056257431153,0.49623056257431153,0.0,0.0,0.0,0.0,0.0,0.36143165764881946,0.36143165764881946,0.0,0.49623056257431153,0.0,0.0,0.0,0.0,30.803148555823277,020,45,gold,2,0,0,new_region,0,0,0,0,0,1,linear_trend,-0.061511492843212806,-0.9907087086745906,15.868820779461265,0
,46,[930],30.83273115026284,102.04297875555446,api,0,0,0,稳定 服务 区域 产品 反馈,0,0.0,0.0,0.5273316095198977,0.3846395486696206,0.5273316095198977,0.0,0.3846395486696206,0.0,0.0,0.0,0.0,0.0,0.0,0.0,0.3846395486696206,29.956106841683354,020,46,silver,1,0,0,west,0,0,0,1,0,0,linear_trend,-0.5807167171597558,-1.1166662083501249,13.354797994379386,0
,47,[931],30.522079592023484,92.78141637729536,web,2,0,0,稳定 产品 交付 用户 反馈,0,0.0,0.0,0.0,0.37161931283827765,0.0,0.54115490341344,0.37161931283827765,0.0,0.0,0.0,0.0,0.0,0.0,0.54115490341344,0.37161931283827765,28.664504962250454,020,47,gold,2,0,0,west,0,0,0,1,0,0,linear_trend,0.4610609986210354,0.9394247000260819,34.58305551370685,0
,48,[932],30.962495714889734,101.0597473863063,web,2,0,0,稳定 服务 区域 产品 反馈,0,0.0,0.0,0.5273316095198977,0.3846395486696206,0.5273316095198977,0.0,0.3846395486696206,0.0,0.0,0.0,0.0,0.0,0.0,0.0,0.3846395486696206,30.13265456290591,020,48,silver,1,0,0,west,0,0,0,1,0,0,linear_trend,-0.12970488417361664,-0.7520900787608024,15.623033781380535,0
,1,[933],17.011373386731027,104.66326346781206,mobile,1,0,0,稳定 服务 区域 产品 反馈,0,0.0,0.0,0.5273316095198977,0.3846395486696206,0.5273316095198977,0.0,0.3846395486696206,0.0,0.0,0.0,0.0,0.0,0.0,0.0,0.3846395486696206,32.191552979831286,021,1,gold,2,0,0,north,0,1,0,0,0,0,single_spike,-0.4889835945272891,,19.978647806149574,0
,3,[934],16.386383099671196,90.26189894562596,web,2,0,0,稳定 服务 区域 产品 反馈,0,0.0,0.0,0.5273316095198977,0.3846395486696206,0.5273316095198977,0.0,0.3846395486696206,0.0,0.0,0.0,0.0,0.0,0.0,0.0,0.3846395486696206,30.855962855666043,021,3,bronze,0,0,0,north,0,1,0,0,0,0,single_spike,-0.8424054727064066,0.09082668865388026,11.847562641130683,0
"[""spend""]",4,[935],16.101540557856097,105.98601058699107,api,0,0,0,reliable product delivery customer feedback,0,0.49623056257431153,0.49623056257431153,0.0,0.0,0.0,0.0,0.0,0.36143165764881946,0.36143165764881946,0.0,0.49623056257431153,0.0,0.0,0.0,0.0,28.12448058443945,021,4,bronze,0,0,0,north,0,1,0,0,0,0,single_spike,-1.3185770207909282,0.7863683603366226,11.022636901348127,0
,5,[936],16.51109287830361,101.45512639225201,api,0,0,0,稳定 产品 交付 用户 反馈,0,0.0,0.0,0.0,0.37161931283827765,0.0,0.54115490341344,0.37161931283827765,0.0,0.0,0.0,0.0,0.0,0.0,0.54115490341344,0.37161931283827765,32.26296245875836,021,5,silver,1,0,0,north,0,1,0,0,0,0,single_spike,-0.21352128579271173,-0.37815855003529886,10.843479620703569,0
,6,[937],17.194507335686502,99.95792621390605,web,2,0,0,稳定 服务 区域 产品 反馈,0,0.0,0.0,0.5273316095198977,0.3846395486696206,0.5273316095198977,0.0,0.3846395486696206,0.0,0.0,0.0,0.0,0.0,0.0,0.0,0.3846395486696206,34.92769027188672,021,6,gold,2,0,0,north,0,1,0,0,0,0,single_spike,-0.14295316858712576,-2.0974352871813786,11.022636901348127,0
"[""capacity"", ""spend""]",7,[938],16.527938950666965,100.71414582762168,api,0,0,0,stable service regional product feedback,0,0.0,0.0,0.0,0.0,0.0,0.0,0.0,0.3498721264495162,0.3498721264495162,0.5017233601190293,0.0,0.5017233601190293,0.5017233601190293,0.0,0.0,29.609413798960755,021,7,silver,1,0,0,north,0,1,0,0,0,0,single_spike,-0.31720163819579705,1.323539105462842,11.022636901348127,0
,8,[939],16.695764156494565,102.64598870417949,mobile,1,0,0,稳定 服务 区域 产品 反馈,0,0.0,0.0,0.5273316095198977,0.3846395486696206,0.5273316095198977,0.0,0.3846395486696206,0.0,0.0,0.0,0.0,0.0,0.0,0.0,0.3846395486696206,30.53637343323611,021,8,silver,1,0,0,north,0,1,0,0,0,0,single_spike,-0.7838716943517013,0.09394766560392767,91.11002312925393,0
"[""capacity""]",9,[940],16.87296686353215,100.71414582762168,mobile,1,0,0,stable service regional product feedback,0,0.0,0.0,0.0,0.0,0.0,0.0,0.0,0.3498721264495162,0.3498721264495162,0.5017233601190293,0.0,0.5017233601190293,0.5017233601190293,0.0,0.0,31.881266546006806,021,9,bronze,0,0,0,north,0,1,0,0,0,0,single_spike,0.9993977136979662,1.7337254532646764,4.800711607953255,0
,10,[941],16.278041774407583,105.08413845830029,web,2,0,0,stable service regional product feedback,0,0.0,0.0,0.0,0.0,0.0,0.0,0.0,0.3498721264495162,0.3498721264495162,0.5017233601190293,0.0,0.5017233601190293,0.5017233601190293,0.0,0.0,33.44433204743209,021,10,silver,1,0,0,north,0,1,0,0,0,0,single_spike,0.862342491691986,0.5063430569720815,6.105236396292664,0
"[""correlated_metric""]",11,[942],16.09387352194451,103.79008152625643,web,2,0,0,稳定 产品 交付 用户 反馈,0,0.0,0.0,0.0,0.37161931283827765,0.0,0.54115490341344,0.37161931283827765,0.0,0.0,0.0,0.0,0.0,0.0,0.54115490341344,0.37161931283827765,34.327960528705425,021,11,silver,1,0,0,north,0,1,0,0,0,0,single_spike,-0.16940953086580515,-2.456087191426615,5.958537870446147,0
"[""correlated_metric""]",12,[943],16.947393329429776,99.43160626371747,mobile,1,0,0,stable service regional product feedback,0,0.0,0.0,0.0,0.0,0.0,0.0,0.0,0.3498721264495162,0.3498721264495162,0.5017233601190293,0.0,0.5017233601190293,0.5017233601190293,0.0,0.0,31.228260145715243,021,12,gold,2,0,0,north,0,1,0,0,0,0,single_spike,0.09287567792604866,1.3013845868903258,33.007177740546005,0
,13,[944],16.216792262823322,97.8817999109263,api,0,0,0,stable service regional product feedback,0,0.0,0.0,0.0,0.0,0.0,0.0,0.0,0.3498721264495162,0.3498721264495162,0.5017233601190293,0.0,0.5017233601190293,0.5017233601190293,0.0,0.0,33.71484651079918,021,13,gold,2,0,0,north,0,1,0,0,0,0,single_spike,0.15842459520008972,-0.7741127566356488,10.855958278712714,0
,14,[945],15.814456017698244,98.47990727171964,web,2,0,0,stable service regional product feedback,0,0.0,0.0,0.0,0.0,0.0,0.0,0.0,0.3498721264495162,0.3498721264495162,0.5017233601190293,0.0,0.5017233601190293,0.5017233601190293,0.0,0.0,30.402090395098785,021,14,bronze,0,0,0,north,0,1,0,0,0,0,single_spike,-0.6558812410496638,0.3245546306803855,23.159528097555192,0
,15,[946],16.976578256390063,99.38728196777272,web,2,0,0,reliable product delivery customer feedback,0,0.49623056257431153,0.49623056257431153,0.0,0.0,0.0,0.0,0.0,0.36143165764881946,0.36143165764881946,0.0,0.49623056257431153,0.0,0.0,0.0,0.0,34.759865725759894,021,15,gold,2,0,0,north,0,1,0,0,0,0,single_spike,0.3346528942070864,-1.4748492559658175,9.218975314725025,0
,16,[947],16.95071908376675,100.2588660496224,api,0,0,0,stable service regional product feedback,0,0.0,0.0,0.0,0.0,0.0,0.0,0.0,0.3498721264495162,0.3498721264495162,0.5017233601190293,0.0,0.5017233601190293,0.5017233601190293,0.0,0.0,35.90792287329697,021,16,silver,1,0,0,north,0,1,0,0,0,0,single_spike,0.6816855912205446,-1.2815392754686687,36.7513282565025,0
,17,[948],16.53385292456341,102.8150144604002,mobile,1,0,0,稳定 服务 区域 产品 反馈,0,0.0,0.0,0.5273316095198977,0.3846395486696206,0.5273316095198977,0.0,0.3846395486696206,0.0,0.0,0.0,0.0,0.0,0.0,0.0,0.3846395486696206,32.91459627494895,021,17,gold,2,0,0,north,0,1,0,0,0,0,single_spike,-0.2963506954650399,-0.9050232593672944,55.93491995473339,0
"[""spend""]",18,[949],16.008415304371688,93.04286826736647,mobile,1,0,0,稳定 产品 交付 用户 反馈,0,0.0,0.0,0.0,0.37161931283827765,0.0,0.54115490341344,0.37161931283827765,0.0,0.0,0.0,0.0,0.0,0.0,0.54115490341344,0.37161931283827765,34.893898724360014,021,18,gold,2,0,0,north,0,1,0,0,0,0,single_spike,0.8870240223504199,-0.46118020632516304,11.022636901348127,0
,19,[950],16.318346705107597,94.1305382347641,api,0,0,0,稳定 服务 区域 产品 反馈,0,0.0,0.0,0.5273316095198977,0.3846395486696206,0.5273316095198977,0.0,0.3846395486696206,0.0,0.0,0.0,0.0,0.0,0.0,0.0,0.3846395486696206,38.010790305503214,021,19,silver,1,0,0,north,0,1,0,0,0,0,single_spike,1.96020933071758,-1.16343560115209,5.5350892860546494,0
,20,[951],16.010721048437148,107.0137223237986,mobile,1,0,0,稳定 服务 区域 产品 反馈,0,0.0,0.0,0.5273316095198977,0.3846395486696206,0.5273316095198977,0.0,0.3846395486696206,0.0,0.0,0.0,0.0,0.0,0.0,0.0,0.3846395486696206,33.30296700121216,021,20,gold,2,0,0,north,0,1,0,0,0,0,single_spike,0.5799129650900027,0.15496374168867635,21.961206951263875,0
,21,[952],16.81464340221633,96.7656384777569,web,2,0,0,stable service regional product feedback,0,0.0,0.0,0.0,0.0,0.0,0.0,0.0,0.3498721264495162,0.3498721264495162,0.5017233601190293,0.0,0.5017233601190293,0.5017233601190293,0.0,0.0,36.25314715442171,021,21,gold,2,0,0,north,0,1,0,0,0,0,single_spike,1.3195583316630075,-0.7917531113862805,20.828067438669642,0
"[""correlated_metric""]",22,[953],16.498918078090597,102.26609993707594,api,0,0,0,稳定 服务 区域 产品 反馈,0,0.0,0.0,0.5273316095198977,0.3846395486696206,0.5273316095198977,0.0,0.3846395486696206,0.0,0.0,0.0,0.0,0.0,0.0,0.0,0.3846395486696206,30.271617466999526,021,22,bronze,0,0,0,north,0,1,0,0,0,0,single_spike,-2.372661177425222,-1.1735470848458722,2.093842921360861,0
,23,[954],16.085276414199924,95.83086954775052,web,2,0,0,稳定 服务 区域 产品 反馈,0,0.0,0.0,0.5273316095198977,0.3846395486696206,0.5273316095198977,0.0,0.3846395486696206,0.0,0.0,0.0,0.0,0.0,0.0,0.0,0.3846395486696206,32.55875136657545,021,23,silver,1,0,0,north,0,1,0,0,0,0,single_spike,0.7220551286934175,0.7730312094863807,3.4741236236358954,0
,24,[955],16.529172164479895,102.25460420802361,api,0,0,0,reliable product delivery customer feedback,0,0.49623056257431153,0.49623056257431153,0.0,0.0,0.0,0.0,0.0,0.36143165764881946,0.36143165764881946,0.0,0.49623056257431153,0.0,0.0,0.0,0.0,34.26897680774957,021,24,bronze,0,0,0,north,0,1,0,0,0,0,single_spike,1.7645264100982048,,29.606658099502354,0
,25,[956],24.345453565616456,101.4259357841139,api,0,0,0,稳定 产品 交付 用户 反馈,0,0.0,0.0,0.0,0.37161931283827765,0.0,0.54115490341344,0.37161931283827765,0.0,0.0,0.0,0.0,0.0,0.0,0.54115490341344,0.37161931283827765,34.89682070411962,021,25,bronze,0,0,0,north,0,1,0,0,0,0,single_spike,2.1820559521000917,0.9892889157903599,6.771576579771613,0
,26,[957],16.823582533961062,98.96140262542707,mobile,1,0,0,stable service regional product feedback,0,0.0,0.0,0.0,0.0,0.0,0.0,0.0,0.3498721264495162,0.3498721264495162,0.5017233601190293,0.0,0.5017233601190293,0.5017233601190293,0.0,0.0,32.73165538146771,021,26,bronze,0,0,0,north,0,1,0,0,0,0,single_spike,-1.5449308339144259,-2.1200852640277934,19.146875120461424,0
,27,[958],16.523856332059133,100.43628137390138,web,2,0,0,stable service regional product feedback,0,0.0,0.0,0.0,0.0,0.0,0.0,0.0,0.3498721264495162,0.3498721264495162,0.5017233601190293,0.0,0.5017233601190293,0.5017233601190293,0.0,0.0,30.2207530819727,021,27,gold,2,0,0,north,0,1,0,0,0,0,single_spike,-0.4901246755158701,0.8504777098404891,15.341820396915699,0
,28,[959],16.98438988380738,103.14262120010223,mobile,1,0,0,reliable product delivery customer feedback,0,0.49623056257431153,0.49623056257431153,0.0,0.0,0.0,0.0,0.0,0.36143165764881946,0.36143165764881946,0.0,0.49623056257431153,0.0,0.0,0.0,0.0,36.19871324445778,021,28,gold,2,0,0,north,0,1,0,0,0,0,single_spike,0.4372506269882894,-2.0039564980629763,25.901876757963723,0
"[""spend""]",30,[960],,98.3072021810885,mobile,1,0,0,stable service regional product feedback,0,0.0,0.0,0.0,0.0,0.0,0.0,0.0,0.3498721264495162,0.3498721264495162,0.5017233601190293,0.0,0.5017233601190293,0.5017233601190293,0.0,0.0,32.3960254080037,021,30,silver,1,0,0,north,0,1,0,0,0,0,single_spike,0.21938889834623715,0.27176383437450413,11.022636901348127,0
"[""spend""]",31,[961],15.94069555632513,99.45794292199605,mobile,1,0,0,reliable product delivery customer feedback,0,0.49623056257431153,0.49623056257431153,0.0,0.0,0.0,0.0,0.0,0.36143165764881946,0.36143165764881946,0.0,0.49623056257431153,0.0,0.0,0.0,0.0,33.33638423522616,021,31,gold,2,0,0,north,0,1,0,0,0,0,single_spike,0.4403453015212542,-0.11075278179094207,11.022636901348127,0
"[""correlated_metric""]",32,[962],16.593015337336134,103.94953156746944,mobile,1,0,0,reliable product delivery customer feedback,0,0.49623056257431153,0.49623056257431153,0.0,0.0,0.0,0.0,0.0,0.36143165764881946,0.36143165764881946,0.0,0.49623056257431153,0.0,0.0,0.0,0.0,34.03147088295088,021,32,gold,2,0,0,north,0,1,0,0,0,0,single_spike,0.0866610338717924,-0.9830452025878782,44.237148049433586,0
"[""spend""]",34,[963],16.463526344290685,98.37569765285168,mobile,1,0,0,稳定 产品 交付 用户 反馈,0,0.0,0.0,0.0,0.37161931283827765,0.0,0.54115490341344,0.37161931283827765,0.0,0.0,0.0,0.0,0.0,0.0,0.54115490341344,0.37161931283827765,30.594001237004196,021,34,bronze,0,0,0,north,0,1,0,0,0,0,single_spike,-0.08690482908706748,1.1783516693386795,11.022636901348127,0
,35,[964],,101.37923859457669,mobile,1,0,0,reliable product delivery customer feedback,0,0.49623056257431153,0.49623056257431153,0.0,0.0,0.0,0.0,0.0,0.36143165764881946,0.36143165764881946,0.0,0.49623056257431153,0.0,0.0,0.0,0.0,29.44815555811369,021,35,bronze,0,0,0,north,0,1,0,0,0,0,single_spike,-0.5857312896575032,1.0084052496772329,49.233400987549274,0
,36,[965],17.056420675604134,92.01359334709521,api,0,0,0,稳定 产品 交付 用户 反馈 量子 推荐 hyperpersonalised,0,0.0,0.0,0.0,0.37161931283827765,0.0,0.54115490341344,0.37161931283827765,0.0,0.0,0.0,0.0,0.0,0.0,0.54115490341344,0.37161931283827765,36.64874980420182,021,36,bronze,0,0,0,north,0,1,0,0,0,0,single_spike,2.0726689502943656,-0.2117452558172876,68.00439556310933,0
,37,[966],16.22837159386716,99.50801979541708,web,2,0,0,稳定 产品 交付 用户 反馈,0,0.0,0.0,0.0,0.37161931283827765,0.0,0.54115490341344,0.37161931283827765,0.0,0.0,0.0,0.0,0.0,0.0,0.54115490341344,0.37161931283827765,31.97659602888717,021,37,gold,2,0,0,north,0,1,0,0,0,0,single_spike,0.751108250470252,0.8883316240253359,4.286516663395691,0
,38,[967],16.56005743308926,104.48134661135745,api,0,0,0,reliable product delivery customer feedback,0,0.49623056257431153,0.49623056257431153,0.0,0.0,0.0,0.0,0.0,0.36143165764881946,0.36143165764881946,0.0,0.49623056257431153,0.0,0.0,0.0,0.0,36.973514135196694,021,38,gold,2,0,0,north,0,1,0,0,0,0,single_spike,0.9977040030942612,-1.8230167537750075,111.98552894356334,0
,39,[968],16.50780562844825,99.84077004252127,mobile,1,0,0,reliable product delivery customer feedback,0,0.49623056257431153,0.49623056257431153,0.0,0.0,0.0,0.0,0.0,0.36143165764881946,0.36143165764881946,0.0,0.49623056257431153,0.0,0.0,0.0,0.0,33.02546395573066,021,39,gold,2,0,0,north,0,1,0,0,0,0,single_spike,0.6975229360415713,0.4560467815893431,44.28198334201425,0
,40,[969],16.936061218835732,98.6602685275216,api,0,0,0,稳定 产品 交付 用户 反馈,0,0.0,0.0,0.0,0.37161931283827765,0.0,0.54115490341344,0.37161931283827765,0.0,0.0,0.0,0.0,0.0,0.0,0.54115490341344,0.37161931283827765,26.646872634387435,021,40,bronze,0,0,0,north,0,1,0,0,0,0,single_spike,-1.2814552096824583,2.107673594959309,2.4600262931493657,0
,41,[970],16.785323798264923,102.26929500491146,mobile,1,0,0,稳定 产品 交付 用户 反馈,0,0.0,0.0,0.0,0.37161931283827765,0.0,0.54115490341344,0.37161931283827765,0.0,0.0,0.0,0.0,0.0,0.0,0.54115490341344,0.37161931283827765,29.808587110097097,021,41,silver,1,0,0,north,0,1,0,0,0,0,single_spike,-1.1944838882258955,-0.08733379381381491,34.9623046931133,0
,42,[971],16.75163513653642,98.53737254165831,web,2,0,0,stable service regional product feedback,0,0.0,0.0,0.0,0.0,0.0,0.0,0.0,0.3498721264495162,0.3498721264495162,0.5017233601190293,0.0,0.5017233601190293,0.5017233601190293,0.0,0.0,29.764492642623445,021,42,gold,2,0,0,north,0,1,0,0,0,0,single_spike,0.45954243295898445,2.0514102799931004,100.90864464297137,0
,43,[972],16.449341929536384,95.53391278035895,mobile,1,0,0,稳定 产品 交付 用户 反馈,0,0.0,0.0,0.0,0.37161931283827765,0.0,0.54115490341344,0.37161931283827765,0.0,0.0,0.0,0.0,0.0,0.0,0.54115490341344,0.37161931283827765,32.9999586701304,021,43,bronze,0,0,0,north,0,1,0,0,0,0,single_spike,-0.1808346582274648,-0.6980817885869939,4.325903806077211,0
"[""spend""]",44,[973],16.579283958977815,98.68836166345493,mobile,1,0,0,稳定 产品 交付 用户 反馈,0,0.0,0.0,0.0,0.37161931283827765,0.0,0.54115490341344,0.37161931283827765,0.0,0.0,0.0,0.0,0.0,0.0,0.54115490341344,0.37161931283827765,34.256302009855304,021,44,silver,1,0,0,north,0,1,0,0,0,0,single_spike,0.4393731415598283,-0.6969747824059466,11.022636901348127,0
"[""spend""]",45,[974],16.609509410655164,92.18960459832435,mobile,1,0,0,稳定 产品 交付 用户 反馈,0,0.0,0.0,0.0,0.37161931283827765,0.0,0.54115490341344,0.37161931283827765,0.0,0.0,0.0,0.0,0.0,0.0,0.54115490341344,0.37161931283827765,29.84979323691387,021,45,gold,2,0,0,north,0,1,0,0,0,0,single_spike,-0.24873712740107268,1.42146783895586,11.022636901348127,0
,47,[975],17.04634823589679,98.56998569399256,web,2,0,0,stable service regional product feedback,0,0.0,0.0,0.0,0.0,0.0,0.0,0.0,0.3498721264495162,0.3498721264495162,0.5017233601190293,0.0,0.5017233601190293,0.5017233601190293,0.0,0.0,36.629842166615646,021,47,silver,1,0,0,north,0,1,0,0,0,0,single_spike,1.4940014776507315,-1.0056148395445985,22.687446864728674,0
"[""spend""]",48,[976],16.859366280536374,96.7440132127695,web,2,0,0,稳定 服务 区域 产品 反馈,0,0.0,0.0,0.5273316095198977,0.3846395486696206,0.5273316095198977,0.0,0.3846395486696206,0.0,0.0,0.0,0.0,0.0,0.0,0.0,0.3846395486696206,32.1988862627823,021,48,bronze,0,0,0,north,0,1,0,0,0,0,single_spike,-0.42793798206413863,-0.4559811248334964,11.022636901348127,0
,1,[977],18.339512030973335,101.74243904341816,mobile,1,0,0,稳定 产品 交付 用户 反馈,0,0.0,0.0,0.0,0.37161931283827765,0.0,0.54115490341344,0.37161931283827765,0.0,0.0,0.0,0.0,0.0,0.0,0.54115490341344,0.37161931283827765,26.525350807356208,022,1,bronze,0,0,0,east,1,0,0,0,0,0,single_spike,-2.0795172311610837,-0.17669504558779345,11.918870492729617,0
,3,[978],18.48645022881702,116.15383155801582,api,0,0,0,reliable product delivery customer feedback,0,0.49623056257431153,0.49623056257431153,0.0,0.0,0.0,0.0,0.0,0.36143165764881946,0.36143165764881946,0.0,0.49623056257431153,0.0,0.0,0.0,0.0,34.66877396243598,022,3,bronze,0,0,0,east,1,0,0,0,0,0,single_spike,1.5822768532851514,-0.7202586945511603,8.274043836803259,0
,4,[979],17.92421120289718,106.89873170144769,mobile,1,0,0,reliable product delivery customer feedback,0,0.49623056257431153,0.49623056257431153,0.0,0.0,0.0,0.0,0.0,0.36143165764881946,0.36143165764881946,0.0,0.49623056257431153,0.0,0.0,0.0,0.0,29.223315005156937,022,4,bronze,0,0,0,east,1,0,0,0,0,0,single_spike,0.0955423852141156,0.8761851649945179,31.244031625812276,0
"[""capacity""]",5,[980],19.05561422469654,106.26916264239726,mobile,1,0,0,stable service regional product feedback,0,0.0,0.0,0.0,0.0,0.0,0.0,0.0,0.3498721264495162,0.3498721264495162,0.5017233601190293,0.0,0.5017233601190293,0.5017233601190293,0.0,0.0,26.553571484529726,022,5,silver,1,0,0,east,1,0,0,0,0,0,single_spike,-2.148116973241547,-0.1860332338342868,3.654129745464478,0
"[""correlated_metric""]",6,[981],18.235420072909296,108.16378827191957,api,0,0,0,稳定 服务 区域 产品 反馈,0,0.0,0.0,0.5273316095198977,0.3846395486696206,0.5273316095198977,0.0,0.3846395486696206,0.0,0.0,0.0,0.0,0.0,0.0,0.0,0.3846395486696206,29.91532559055522,022,6,bronze,0,0,0,east,1,0,0,0,0,0,single_spike,-0.6376545328490569,-0.3372260365654696,3.5727102877728103,0
,7,[982],18.41525130727718,101.28969769237878,web,2,0,0,稳定 服务 区域 产品 反馈,0,0.0,0.0,0.5273316095198977,0.3846395486696206,0.5273316095198977,0.0,0.3846395486696206,0.0,0.0,0.0,0.0,0.0,0.0,0.0,0.3846395486696206,32.27336163884164,022,7,silver,1,0,0,east,1,0,0,0,0,0,single_spike,0.9297719778997626,-0.0582470013681484,6.331359762101093,0
,8,[983],18.07611792820246,103.82453053584658,api,0,0,0,reliable product delivery customer feedback,0,0.49623056257431153,0.49623056257431153,0.0,0.0,0.0,0.0,0.0,0.36143165764881946,0.36143165764881946,0.0,0.49623056257431153,0.0,0.0,0.0,0.0,33.56362472071945,022,8,gold,2,0,0,east,1,0,0,0,0,0,single_spike,1.1179917053078579,-0.686064548037842,37.07501643996848,0
"[""spend""]",9,[984],18.376091256926887,108.54611387936109,mobile,1,0,0,stable service regional product feedback,0,0.0,0.0,0.0,0.0,0.0,0.0,0.0,0.3498721264495162,0.3498721264495162,0.5017233601190293,0.0,0.5017233601190293,0.5017233601190293,0.0,0.0,26.669310954918675,022,9,bronze,0,0,0,east,1,0,0,0,0,0,single_spike,-0.6323155958228998,1.5659159507347993,17.702821292463405,0
,10,[985],18.44320942904596,108.91316385021729,mobile,1,0,0,稳定 产品 交付 用户 反馈,0,0.0,0.0,0.0,0.37161931283827765,0.0,0.54115490341344,0.37161931283827765,0.0,0.0,0.0,0.0,0.0,0.0,0.54115490341344,0.37161931283827765,33.24076296657768,022,10,silver,1,0,0,east,1,0,0,0,0,0,single_spike,0.6108852546942298,-0.9239865516653047,23.48677209219719,0
"[""spend""]",11,[986],18.53956614739231,103.01936793273327,web,2,0,0,reliable product delivery customer feedback,0,0.49623056257431153,0.49623056257431153,0.0,0.0,0.0,0.0,0.0,0.36143165764881946,0.36143165764881946,0.0,0.49623056257431153,0.0,0.0,0.0,0.0,27.782673404362022,022,11,bronze,0,0,0,east,1,0,0,0,0,0,single_spike,-1.0547272326412054,0.3130561259224894,17.702821292463405,0
"[""spend""]",12,[987],18.048451503928195,105.67837172074218,api,0,0,0,稳定 产品 交付 用户 反馈,0,0.0,0.0,0.0,0.37161931283827765,0.0,0.54115490341344,0.37161931283827765,0.0,0.0,0.0,0.0,0.0,0.0,0.54115490341344,0.37161931283827765,33.18235998117183,022,12,silver,1,0,0,east,1,0,0,0,0,0,single_spike,1.2379318812532534,-0.10856222680247796,17.702821292463405,0
,13,[988],18.473061925656193,110.79169251456936,web,2,0,0,稳定 服务 区域 产品 反馈,0,0.0,0.0,0.5273316095198977,0.3846395486696206,0.5273316095198977,0.0,0.3846395486696206,0.0,0.0,0.0,0.0,0.0,0.0,0.0,0.3846395486696206,35.013469253653646,022,13,silver,1,0,0,east,1,0,0,0,0,0,single_spike,,0.003543349345025826,34.277636995860504,0
,14,[989],,105.59872042405306,web,2,0,0,stable service regional product feedback,0,0.0,0.0,0.0,0.0,0.0,0.0,0.0,0.3498721264495162,0.3498721264495162,0.5017233601190293,0.0,0.5017233601190293,0.5017233601190293,0.0,0.0,28.47199023279153,022,14,gold,2,0,0,east,1,0,0,0,0,0,single_spike,-0.48620757075524573,0.8508026988140556,2.8747221236834815,0
,15,[990],18.466022402693202,102.95542727552862,web,2,0,0,稳定 服务 区域 产品 反馈,0,0.0,0.0,0.5273316095198977,0.3846395486696206,0.5273316095198977,0.0,0.3846395486696206,0.0,0.0,0.0,0.0,0.0,0.0,0.0,0.3846395486696206,30.565356122652016,022,15,gold,2,0,0,east,1,0,0,0,0,0,single_spike,-0.8523201882756243,-1.334449832627638,26.05065509064166,0
,16,[991],18.40652654372672,104.19240059333013,api,0,0,0,reliable product delivery customer feedback,0,0.49623056257431153,0.49623056257431153,0.0,0.0,0.0,0.0,0.0,0.36143165764881946,0.36143165764881946,0.0,0.49623056257431153,0.0,0.0,0.0,0.0,29.528200462285675,022,16,bronze,0,0,0,east,1,0,0,0,0,0,single_spike,-0.10656812819025754,0.3239502030458663,26.287244201458627,0
"[""correlated_metric""]",17,[992],18.797402918698566,105.13602409793053,mobile,1,0,0,稳定 产品 交付 用户 反馈,0,0.0,0.0,0.0,0.37161931283827765,0.0,0.54115490341344,0.37161931283827765,0.0,0.0,0.0,0.0,0.0,0.0,0.54115490341344,0.37161931283827765,28.054780676032955,022,17,bronze,0,0,0,east,1,0,0,0,0,0,single_spike,-0.8722418384347662,1.2253358863694346,31.180109336665318,0
,18,[993],18.913267923977177,112.25224633502421,api,0,0,0,稳定 产品 交付 用户 反馈,0,0.0,0.0,0.0,0.37161931283827765,0.0,0.54115490341344,0.37161931283827765,0.0,0.0,0.0,0.0,0.0,0.0,0.54115490341344,0.37161931283827765,29.645584865285457,022,18,silver,1,0,0,east,1,0,0,0,0,0,single_spike,-0.8116735585116079,-0.3745995612923084,106.00219072573395,0
,19,[994],18.718070183620934,102.83125902149871,api,0,0,0,stable service regional product feedback,0,0.0,0.0,0.0,0.0,0.0,0.0,0.0,0.3498721264495162,0.3498721264495162,0.5017233601190293,0.0,0.5017233601190293,0.5017233601190293,0.0,0.0,27.497243399536895,022,19,bronze,0,0,0,east,1,0,0,0,0,0,single_spike,-1.1154265971168016,0.5240818462433883,6.532013039614369,0
"[""correlated_metric""]",21,[995],18.207066049123295,105.39520253872186,web,2,0,0,稳定 服务 区域 产品 反馈,0,0.0,0.0,0.5273316095198977,0.3846395486696206,0.5273316095198977,0.0,0.3846395486696206,0.0,0.0,0.0,0.0,0.0,0.0,0.0,0.3846395486696206,33.26093313591924,022,21,bronze,0,0,0,east,1,0,0,0,0,0,single_spike,0.9440694444488181,0.11877890257849605,12.507436189348121,0
,22,[996],18.22897560864504,107.51947526770506,web,2,0,0,稳定 产品 交付 用户 反馈,0,0.0,0.0,0.0,0.37161931283827765,0.0,0.54115490341344,0.37161931283827765,0.0,0.0,0.0,0.0,0.0,0.0,0.54115490341344,0.37161931283827765,32.38303205674203,022,22,silver,1,0,0,east,1,0,0,0,0,0,single_spike,0.20157693586519043,-1.3191827214737208,7.680495727016645,0
"[""spend""]",23,[997],18.00224094387417,105.06273675468053,api,0,0,0,稳定 产品 交付 用户 反馈,0,0.0,0.0,0.0,0.37161931283827765,0.0,0.54115490341344,0.37161931283827765,0.0,0.0,0.0,0.0,0.0,0.0,0.54115490341344,0.37161931283827765,29.27844212723029,022,23,silver,1,0,0,east,1,0,0,0,0,0,single_spike,-0.05354146470718715,0.35489291938017953,17.702821292463405,0
,24,[998],18.17312478924892,109.06229408497599,api,0,0,0,stable service regional product feedback,0,0.0,0.0,0.0,0.0,0.0,0.0,0.0,0.3498721264495162,0.3498721264495162,0.5017233601190293,0.0,0.5017233601190293,0.5017233601190293,0.0,0.0,32.96437565130829,022,24,silver,1,0,0,east,1,0,0,0,0,0,single_spike,1.0108674615677535,-0.5236497851992004,17.24140505144001,0
,25,[999],26.131863055935227,107.27651530921611,mobile,1,0,0,稳定 产品 交付 用户 反馈,0,0.0,0.0,0.0,0.37161931283827765,0.0,0.54115490341344,0.37161931283827765,0.0,0.0,0.0,0.0,0.0,0.0,0.54115490341344,0.37161931283827765,28.5571504785302,022,25,gold,2,0,0,east,1,0,0,0,0,0,single_spike,-1.0149273358814992,-0.24388204346560133,12.373534933412328,0
"[""correlated_metric""]",26,[1000],18.553545330070076,114.22918210482283,mobile,1,0,0,稳定 产品 交付 用户 反馈,0,0.0,0.0,0.0,0.37161931283827765,0.0,0.54115490341344,0.37161931283827765,0.0,0.0,0.0,0.0,0.0,0.0,0.54115490341344,0.37161931283827765,33.56527737019539,022,26,silver,1,0,0,east,1,0,0,0,0,0,single_spike,1.2616591401860784,-0.53277862122437,17.066874129128333,0
,27,[1001],18.475765913082043,112.16898904842962,api,0,0,0,stable service regional product feedback,0,0.0,0.0,0.0,0.0,0.0,0.0,0.0,0.3498721264495162,0.3498721264495162,0.5017233601190293,0.0,0.5017233601190293,0.5017233601190293,0.0,0.0,31.219406359697004,022,27,bronze,0,0,0,east,1,0,0,0,0,0,single_spike,-1.7392948482282822,-2.8121391711058075,6.805023524327755,0
"[""capacity""]",28,[1002],18.05846039532153,106.26916264239726,mobile,1,0,0,reliable product delivery customer feedback,0,0.49623056257431153,0.49623056257431153,0.0,0.0,0.0,0.0,0.0,0.36143165764881946,0.36143165764881946,0.0,0.49623056257431153,0.0,0.0,0.0,0.0,32.35622993651091,022,28,gold,2,0,0,east,1,0,0,0,0,0,single_spike,0.33239393877245127,-1.0873125672332922,35.10599570284887,0
,29,[1003],18.117602830423344,114.5869227351562,web,2,0,0,reliable product delivery customer feedback,0,0.49623056257431153,0.49623056257431153,0.0,0.0,0.0,0.0,0.0,0.36143165764881946,0.36143165764881946,0.0,0.49623056257431153,0.0,0.0,0.0,0.0,28.102663407819215,022,29,silver,1,0,0,east,1,0,0,0,0,0,single_spike,-1.7684328134065552,-0.996790309584892,34.15503225348698,0
,30,[1004],,105.4401694102953,mobile,1,0,0,稳定 服务 区域 产品 反馈,0,0.0,0.0,0.5273316095198977,0.3846395486696206,0.5273316095198977,0.0,0.3846395486696206,0.0,0.0,0.0,0.0,0.0,0.0,0.0,0.3846395486696206,31.36548006385545,022,30,silver,1,0,0,east,1,0,0,0,0,0,single_spike,0.604498686461058,-0.046031013676536815,20.678115282792955,0
"[""spend""]",31,[1005],18.643172399812993,107.57097786002852,mobile,1,0,0,稳定 产品 交付 用户 反馈,0,0.0,0.0,0.0,0.37161931283827765,0.0,0.54115490341344,0.37161931283827765,0.0,0.0,0.0,0.0,0.0,0.0,0.54115490341344,0.37161931283827765,29.842604945760566,022,31,gold,2,0,0,east,1,0,0,0,0,0,single_spike,-1.1407432531930262,-1.096192925337815,17.702821292463405,0
"[""capacity""]",32,[1006],,106.26916264239726,api,0,0,0,stable service regional product feedback,0,0.0,0.0,0.0,0.0,0.0,0.0,0.0,0.3498721264495162,0.3498721264495162,0.5017233601190293,0.0,0.5017233601190293,0.5017233601190293,0.0,0.0,34.77550155003533,022,32,bronze,0,0,0,east,1,0,0,0,0,0,single_spike,2.412198202889016,0.35771705354516237,61.3390735741614,0
,33,[1007],18.40340457180897,106.3082154940618,mobile,1,0,0,stable service regional product feedback,0,0.0,0.0,0.0,0.0,0.0,0.0,0.0,0.3498721264495162,0.3498721264495162,0.5017233601190293,0.0,0.5017233601190293,0.5017233601190293,0.0,0.0,30.18043250670099,022,33,gold,2,0,0,east,1,0,0,0,0,0,single_spike,0.074971051498041,0.448241367007494,18.570087515820816,0
,34,[1008],,109.62298900520585,mobile,1,0,0,reliable product delivery customer feedback,0,0.49623056257431153,0.49623056257431153,0.0,0.0,0.0,0.0,0.0,0.36143165764881946,0.36143165764881946,0.0,0.49623056257431153,0.0,0.0,0.0,0.0,32.491525515658516,022,34,gold,2,0,0,east,1,0,0,0,0,0,single_spike,0.5542742604711662,-0.6787074268141576,14.893310820042728,0
,35,[1009],18.851769649649924,104.94890994265312,api,0,0,0,reliable product delivery customer feedback,0,0.49623056257431153,0.49623056257431153,0.0,0.0,0.0,0.0,0.0,0.36143165764881946,0.36143165764881946,0.0,0.49623056257431153,0.0,0.0,0.0,0.0,28.271301550342024,022,35,bronze,0,0,0,east,1,0,0,0,0,0,single_spike,-0.1722682836185766,1.3281973235401383,8.84501030365724,0
,36,[1010],18.543768557810306,111.84485892205576,web,2,0,0,稳定 服务 区域 产品 反馈,0,0.0,0.0,0.5273316095198977,0.3846395486696206,0.5273316095198977,0.0,0.3846395486696206,0.0,0.0,0.0,0.0,0.0,0.0,0.0,0.3846395486696206,27.137521881940838,022,36,bronze,0,0,0,east,1,0,0,0,0,0,single_spike,-1.3528676293606472,0.25813852001427756,35.07362588175271,0
,37,[1011],17.61991282981821,113.67330605910298,web,2,0,0,稳定 产品 交付 用户 反馈,0,0.0,0.0,0.0,0.37161931283827765,0.0,0.54115490341344,0.37161931283827765,0.0,0.0,0.0,0.0,0.0,0.0,0.54115490341344,0.37161931283827765,27.932471239372656,022,37,bronze,0,0,0,east,1,0,0,0,0,0,single_spike,-1.616321243814787,-0.3922717004700925,6.815589008322017,0
,38,[1012],17.8814557019256,100.56001492832816,web,2,0,0,reliable product delivery customer feedback,0,0.49623056257431153,0.49623056257431153,0.0,0.0,0.0,0.0,0.0,0.36143165764881946,0.36143165764881946,0.0,0.49623056257431153,0.0,0.0,0.0,0.0,30.056806219822114,022,38,bronze,0,0,0,east,1,0,0,0,0,0,single_spike,-0.6562449517515153,-0.6726059349467148,89.32636602729903,0
,39,[1013],18.006144820786382,103.47522884401941,mobile,1,0,0,reliable product delivery customer feedback,0,0.49623056257431153,0.49623056257431153,0.0,0.0,0.0,0.0,0.0,0.36143165764881946,0.36143165764881946,0.0,0.49623056257431153,0.0,0.0,0.0,0.0,28.425599119651867,022,39,silver,1,0,0,east,1,0,0,0,0,0,single_spike,-1.6344203237527746,-0.878158391187601,38.955826906022025,0
"[""spend"", ""correlated_metric""]",40,[1014],17.613600793000202,109.76724678381719,web,2,0,0,稳定 服务 区域 产品 反馈 量子 推荐 hyperpersonalised,0,0.0,0.0,0.5273316095198977,0.3846395486696206,0.5273316095198977,0.0,0.3846395486696206,0.0,0.0,0.0,0.0,0.0,0.0,0.0,0.3846395486696206,29.484077638864036,022,40,gold,2,0,0,east,1,0,0,0,0,0,single_spike,-0.6930115038087876,0.4341014177512332,17.702821292463405,0
,41,[1015],18.036190864009374,103.09596712410556,web,2,0,0,稳定 产品 交付 用户 反馈 量子 推荐 hyperpersonalised,0,0.0,0.0,0.0,0.37161931283827765,0.0,0.54115490341344,0.37161931283827765,0.0,0.0,0.0,0.0,0.0,0.0,0.54115490341344,0.37161931283827765,30.685788962527834,022,41,bronze,0,0,0,east,1,0,0,0,0,0,single_spike,0.02964249967177189,-0.12100249734143771,5.173510642786398,0
"[""spend""]",42,[1016],18.155948151502635,108.35596383874653,api,0,0,0,稳定 服务 区域 产品 反馈,0,0.0,0.0,0.5273316095198977,0.3846395486696206,0.5273316095198977,0.0,0.3846395486696206,0.0,0.0,0.0,0.0,0.0,0.0,0.0,0.3846395486696206,34.167350228652865,022,42,bronze,0,0,0,east,1,0,0,0,0,0,single_spike,1.1351729707336742,-0.9565711083470811,17.702821292463405,0
,43,[1017],18.292754967293252,114.98714112871833,web,2,0,0,稳定 产品 交付 用户 反馈,0,0.0,0.0,0.0,0.37161931283827765,0.0,0.54115490341344,0.37161931283827765,0.0,0.0,0.0,0.0,0.0,0.0,0.54115490341344,0.37161931283827765,34.535032088858195,022,43,gold,2,0,0,new_region,0,0,0,0,0,1,single_spike,1.7715308541520507,-0.5631254694073149,106.7634963017729,0
"[""spend""]",44,[1018],18.82327374475479,108.22692516188792,web,2,0,0,reliable product delivery customer feedback,0,0.49623056257431153,0.49623056257431153,0.0,0.0,0.0,0.0,0.0,0.36143165764881946,0.36143165764881946,0.0,0.49623056257431153,0.0,0.0,0.0,0.0,31.556363165827854,022,44,silver,1,0,0,east,1,0,0,0,0,0,single_spike,1.595554558984855,1.3735145097838974,17.702821292463405,0
"[""correlated_metric""]",45,[1019],17.802452716674694,109.3913439652496,web,2,0,0,稳定 产品 交付 用户 反馈,0,0.0,0.0,0.0,0.37161931283827765,0.0,0.54115490341344,0.37161931283827765,0.0,0.0,0.0,0.0,0.0,0.0,0.54115490341344,0.37161931283827765,33.49106745807216,022,45,silver,1,0,0,east,1,0,0,0,0,0,single_spike,0.2468987770935665,-0.3482029902701407,23.598538939164396,0
,46,[1020],18.478805080545563,114.02365475096134,mobile,1,0,0,稳定 产品 交付 用户 反馈,0,0.0,0.0,0.0,0.37161931283827765,0.0,0.54115490341344,0.37161931283827765,0.0,0.0,0.0,0.0,0.0,0.0,0.54115490341344,0.37161931283827765,33.100121277752976,022,46,silver,1,0,0,east,1,0,0,0,0,0,single_spike,0.3986141454860015,-1.2340742595880858,4.975149531447514,0
,47,[1021],18.222804989629697,113.75968233038907,web,2,0,0,稳定 服务 区域 产品 反馈,0,0.0,0.0,0.5273316095198977,0.3846395486696206,0.5273316095198977,0.0,0.3846395486696206,0.0,0.0,0.0,0.0,0.0,0.0,0.0,0.3846395486696206,32.155558065169146,022,47,silver,1,0,0,east,1,0,0,0,0,0,single_spike,0.18044896934903218,-0.7778297935792758,208.71271035993615,0
,48,[1022],18.616959439212515,109.6428096724044,api,0,0,0,stable service regional product feedback,0,0.0,0.0,0.0,0.0,0.0,0.0,0.0,0.3498721264495162,0.3498721264495162,0.5017233601190293,0.0,0.5017233601190293,0.5017233601190293,0.0,0.0,31.502191360444485,022,48,silver,1,0,0,east,1,0,0,0,0,0,single_spike,1.381427062004366,1.186458500160516,34.1445845553931,0
"[""capacity""]",1,[1023],18.20278819931711,105.30064625881994,web,2,0,0,稳定 产品 交付 用户 反馈,0,0.0,0.0,0.0,0.37161931283827765,0.0,0.54115490341344,0.37161931283827765,0.0,0.0,0.0,0.0,0.0,0.0,0.54115490341344,0.37161931283827765,25.604736843830306,023,1,silver,1,0,0,south,0,0,1,0,0,0,single_spike,-1.7206733152921168,0.27322010953129294,24.341065775503793,0
"[""correlated_metric""]",2,[1024],18.256033669692506,101.24112213158156,web,2,0,0,稳定 产品 交付 用户 反馈,0,0.0,0.0,0.0,0.37161931283827765,0.0,0.54115490341344,0.37161931283827765,0.0,0.0,0.0,0.0,0.0,0.0,0.54115490341344,0.37161931283827765,32.734679765054665,023,2,gold,2,0,0,south,0,0,1,0,0,0,single_spike,0.9666539399436918,-1.135824967861409,7.052695139581002,0
,3,[1025],17.39849129323712,108.26556830131987,web,2,0,0,稳定 产品 交付 用户 反馈,0,0.0,0.0,0.0,0.37161931283827765,0.0,0.54115490341344,0.37161931283827765,0.0,0.0,0.0,0.0,0.0,0.0,0.54115490341344,0.37161931283827765,35.130442157945396,023,3,silver,1,0,0,south,0,0,1,0,0,0,single_spike,1.5812223272434323,-1.4816601334533874,37.367861190602824,0
,4,[1026],17.307492738748632,107.22766866527166,api,0,0,0,reliable product delivery customer feedback,0,0.49623056257431153,0.49623056257431153,0.0,0.0,0.0,0.0,0.0,0.36143165764881946,0.36143165764881946,0.0,0.49623056257431153,0.0,0.0,0.0,0.0,32.64911992953204,023,4,silver,1,0,0,south,0,0,1,0,0,0,single_spike,1.390130743286061,-0.4333280672710565,50.66731741778816,0
,5,[1027],18.231316688297238,109.31403973977692,mobile,1,0,0,稳定 服务 区域 产品 反馈,0,0.0,0.0,0.5273316095198977,0.3846395486696206,0.5273316095198977,0.0,0.3846395486696206,0.0,0.0,0.0,0.0,0.0,0.0,0.0,0.3846395486696206,29.11067782690764,023,5,bronze,0,0,0,south,0,0,1,0,0,0,single_spike,-0.17189964278949632,-0.15464213273053795,9.700712081471703,0
,6,[1028],17.29746125189784,111.38846860220933,api,0,0,0,稳定 产品 交付 用户 反馈,0,0.0,0.0,0.0,0.37161931283827765,0.0,0.54115490341344,0.37161931283827765,0.0,0.0,0.0,0.0,0.0,0.0,0.54115490341344,0.37161931283827765,30.8476516525911,023,6,silver,1,0,0,south,0,0,1,0,0,0,single_spike,0.3150196686978005,-0.5110333393938821,23.015697206766255,0
,7,[1029],17.999839266396663,105.61416324810818,api,0,0,0,稳定 产品 交付 用户 反馈,0,0.0,0.0,0.0,0.37161931283827765,0.0,0.54115490341344,0.37161931283827765,0.0,0.0,0.0,0.0,0.0,0.0,0.54115490341344,0.37161931283827765,31.90073833056556,023,7,silver,1,0,0,south,0,0,1,0,0,0,single_spike,-0.18523266928583262,-1.773869226663336,25.85479994333241,0
"[""capacity"", ""correlated_metric""]",8,[1030],18.318927792680764,105.30064625881994,web,2,0,0,稳定 产品 交付 用户 反馈,0,0.0,0.0,0.0,0.37161931283827765,0.0,0.54115490341344,0.37161931283827765,0.0,0.0,0.0,0.0,0.0,0.0,0.54115490341344,0.37161931283827765,33.822726411118566,023,8,silver,1,0,0,south,0,0,1,0,0,0,single_spike,1.6961973434412674,-1.2535407429553367,10.636129891562419,0
,9,[1031],17.234236010003055,98.50234784890752,api,0,0,0,reliable product delivery customer feedback,0,0.49623056257431153,0.49623056257431153,0.0,0.0,0.0,0.0,0.0,0.36143165764881946,0.36143165764881946,0.0,0.49623056257431153,0.0,0.0,0.0,0.0,26.251096306338262,023,9,bronze,0,0,0,south,0,0,1,0,0,0,single_spike,-0.7836979528022657,0.8943957849642847,29.786915121096893,0
,10,[1032],17.98959588505351,102.79333437850828,web,2,0,0,stable service regional product feedback,0,0.0,0.0,0.0,0.0,0.0,0.0,0.0,0.3498721264495162,0.3498721264495162,0.5017233601190293,0.0,0.5017233601190293,0.5017233601190293,0.0,0.0,32.74172772547556,023,10,gold,2,0,0,south,0,0,1,0,0,0,single_spike,1.2712948742078787,-0.5418775796932407,17.069650391339188,0
"[""spend""]",11,[1033],17.66535828578778,105.79492879680096,web,2,0,0,stable service regional product feedback,0,0.0,0.0,0.0,0.0,0.0,0.0,0.0,0.3498721264495162,0.3498721264495162,0.5017233601190293,0.0,0.5017233601190293,0.5017233601190293,0.0,0.0,30.695667359364784,023,11,silver,1,0,0,south,0,0,1,0,0,0,single_spike,0.3824367644467502,-0.1491317222372138,23.678381491135024,0
,12,[1034],17.248049186620573,106.61951738679994,mobile,1,0,0,稳定 产品 交付 用户 反馈,0,0.0,0.0,0.0,0.37161931283827765,0.0,0.54115490341344,0.37161931283827765,0.0,0.0,0.0,0.0,0.0,0.0,0.54115490341344,0.37161931283827765,31.214149285967203,023,12,bronze,0,0,0,south,0,0,1,0,0,0,single_spike,-1.0795673375407644,-2.8457228211665337,24.88437491018101,0
,13,[1035],17.44363202417389,102.71367254480184,web,2,0,0,reliable product delivery customer feedback,0,0.49623056257431153,0.49623056257431153,0.0,0.0,0.0,0.0,0.0,0.36143165764881946,0.36143165764881946,0.0,0.49623056257431153,0.0,0.0,0.0,0.0,26.660836856715505,023,13,gold,2,0,0,south,0,0,1,0,0,0,single_spike,-0.08160526546849613,1.568965476134165,19.63693320712502,0
,14,[1036],,101.29789222567959,web,2,0,0,stable service regional product feedback,0,0.0,0.0,0.0,0.0,0.0,0.0,0.0,0.3498721264495162,0.3498721264495162,0.5017233601190293,0.0,0.5017233601190293,0.5017233601190293,0.0,0.0,32.77716792091288,023,14,bronze,0,0,0,south,0,0,1,0,0,0,single_spike,1.5752328044013868,-0.1547574123661931,29.53233152349946,0
,15,[1037],18.248091529637968,105.62294585277411,mobile,1,0,0,reliable product delivery customer feedback,0,0.49623056257431153,0.49623056257431153,0.0,0.0,0.0,0.0,0.0,0.36143165764881946,0.36143165764881946,0.0,0.49623056257431153,0.0,0.0,0.0,0.0,32.011439445947914,023,15,gold,2,0,0,south,0,0,1,0,0,0,single_spike,0.44904740482737143,-1.3895299833999069,14.380098078222545,0
"[""spend""]",16,[1038],18.168862542281552,107.81337790093934,web,2,0,0,稳定 服务 区域 产品 反馈,0,0.0,0.0,0.5273316095198977,0.3846395486696206,0.5273316095198977,0.0,0.3846395486696206,0.0,0.0,0.0,0.0,0.0,0.0,0.0,0.3846395486696206,24.59148427430625,023,16,bronze,0,0,0,south,0,0,1,0,0,0,single_spike,-2.0726925974582002,0.39769224064329045,23.678381491135024,0
,17,[1039],17.71476979285191,104.29948281849097,api,0,0,0,稳定 产品 交付 用户 反馈,0,0.0,0.0,0.0,0.37161931283827765,0.0,0.54115490341344,0.37161931283827765,0.0,0.0,0.0,0.0,0.0,0.0,0.54115490341344,0.37161931283827765,32.53912686591386,023,17,silver,1,0,0,south,0,0,1,0,0,0,single_spike,0.6029024435243235,-1.402356418767761,34.53454045792314,0
"[""correlated_metric""]",18,[1040],17.95920570067429,107.3692015082246,web,2,0,0,reliable product delivery customer feedback,0,0.49623056257431153,0.49623056257431153,0.0,0.0,0.0,0.0,0.0,0.36143165764881946,0.36143165764881946,0.0,0.49623056257431153,0.0,0.0,0.0,0.0,28.238844653155027,023,18,silver,1,0,0,south,0,0,1,0,0,0,single_spike,0.5299793894160755,1.5416475790133526,15.345761617172128,0
"[""correlated_metric""]",19,[1041],18.094516704105125,106.55288724814895,mobile,1,0,0,reliable product delivery customer feedback,0,0.49623056257431153,0.49623056257431153,0.0,0.0,0.0,0.0,0.0,0.36143165764881946,0.36143165764881946,0.0,0.49623056257431153,0.0,0.0,0.0,0.0,31.04925997868557,023,19,bronze,0,0,0,south,0,0,1,0,0,0,single_spike,0.6242823110593554,-0.21293300196572,12.912975947406059,0
"[""correlated_metric""]",20,[1042],,108.89318408785894,api,0,0,0,stable service regional product feedback,0,0.0,0.0,0.0,0.0,0.0,0.0,0.0,0.3498721264495162,0.3498721264495162,0.5017233601190293,0.0,0.5017233601190293,0.5017233601190293,0.0,0.0,31.349989440841036,023,20,gold,2,0,0,south,0,0,1,0,0,0,single_spike,-0.05068461250754554,-1.3962332949740481,45.12877338512321,0
"[""capacity""]",21,[1043],17.053906535764032,105.30064625881994,web,2,0,0,stable service regional product feedback,0,0.0,0.0,0.0,0.0,0.0,0.0,0.0,0.3498721264495162,0.3498721264495162,0.5017233601190293,0.0,0.5017233601190293,0.5017233601190293,0.0,0.0,33.37548933589761,023,21,bronze,0,0,0,south,0,0,1,0,0,0,single_spike,1.3038379626702836,-1.1543348772406712,11.924147479442485,0
,22,[1044],18.02646117303571,103.4282271614375,api,0,0,0,稳定 产品 交付 用户 反馈,0,0.0,0.0,0.0,0.37161931283827765,0.0,0.54115490341344,0.37161931283827765,0.0,0.0,0.0,0.0,0.0,0.0,0.54115490341344,0.37161931283827765,30.50326250093499,023,22,silver,1,0,0,south,0,0,1,0,0,0,single_spike,-0.10847318640545252,-1.1243748807228018,4.589995169944896,0
,23,[1045],17.913241610055604,104.2126838791114,mobile,1,0,0,reliable product delivery customer feedback,0,0.49623056257431153,0.49623056257431153,0.0,0.0,0.0,0.0,0.0,0.36143165764881946,0.36143165764881946,0.0,0.49623056257431153,0.0,0.0,0.0,0.0,29.838533017961034,023,23,bronze,0,0,0,south,0,0,1,0,0,0,single_spike,0.4466959543390398,0.12966283093931852,47.49893417276438,0
,24,[1046],,104.58238786104748,web,2,0,0,reliable product delivery customer feedback,0,0.49623056257431153,0.49623056257431153,0.0,0.0,0.0,0.0,0.0,0.36143165764881946,0.36143165764881946,0.0,0.49623056257431153,0.0,0.0,0.0,0.0,24.4906231845372,023,24,bronze,0,0,0,south,0,0,1,0,0,0,single_spike,-1.6475716863077834,0.7504551068749508,66.22106867713076,0
,25,[1047],26.147393192376413,103.64120111910262,web,2,0,0,reliable product delivery customer feedback,0,0.49623056257431153,0.49623056257431153,0.0,0.0,0.0,0.0,0.0,0.36143165764881946,0.36143165764881946,0.0,0.49623056257431153,0.0,0.0,0.0,0.0,25.77385257119725,023,25,silver,1,0,0,south,0,0,1,0,0,0,single_spike,-0.22540198251942983,1.9258050407361116,35.69999064313867,0
,26,[1048],16.964132877082267,102.0859382129825,mobile,1,0,0,reliable product delivery customer feedback,0,0.49623056257431153,0.49623056257431153,0.0,0.0,0.0,0.0,0.0,0.36143165764881946,0.36143165764881946,0.0,0.49623056257431153,0.0,0.0,0.0,0.0,28.021019552053232,023,26,silver,1,0,0,south,0,0,1,0,0,0,single_spike,-1.1478533314303894,-0.7786307856548167,14.831064856917529,0
,27,[1049],17.83360286704089,111.87394737783048,web,2,0,0,stable service regional product feedback,0,0.0,0.0,0.0,0.0,0.0,0.0,0.0,0.3498721264495162,0.3498721264495162,0.5017233601190293,0.0,0.5017233601190293,0.5017233601190293,0.0,0.0,29.52974183317842,023,27,silver,1,0,0,south,0,0,1,0,0,0,single_spike,0.16484364666202778,-0.24858338401553515,27.152033283288187,0
,28,[1050],17.79141416967699,100.93419046013958,web,2,0,0,稳定 服务 区域 产品 反馈,0,0.0,0.0,0.5273316095198977,0.3846395486696206,0.5273316095198977,0.0,0.3846395486696206,0.0,0.0,0.0,0.0,0.0,0.0,0.0,0.3846395486696206,33.951768237138396,023,28,silver,1,0,0,south,0,0,1,0,0,0,single_spike,2.5109503695341013,0.319023315029009,9.21444296739446,0
,29,[1051],17.66251147440745,105.32328441575963,api,0,0,0,稳定 服务 区域 产品 反馈,0,0.0,0.0,0.5273316095198977,0.3846395486696206,0.5273316095198977,0.0,0.3846395486696206,0.0,0.0,0.0,0.0,0.0,0.0,0.0,0.3846395486696206,29.998674925192695,023,29,gold,2,0,0,south,0,0,1,0,0,0,single_spike,0.7736490837395653,0.39991160915334845,9.0561738351566,0
,30,[1052],17.455455743981723,108.71242095812718,mobile,1,0,0,稳定 服务 区域 产品 反馈,0,0.0,0.0,0.5273316095198977,0.3846395486696206,0.5273316095198977,0.0,0.3846395486696206,0.0,0.0,0.0,0.0,0.0,0.0,0.0,0.3846395486696206,29.786568348377273,023,30,silver,1,0,0,south,0,0,1,0,0,0,single_spike,0.9579194553134477,0.8754449057962544,7.169346343569343,0
,31,[1053],17.299278213568467,113.11383602302246,api,0,0,0,稳定 产品 交付 用户 反馈,0,0.0,0.0,0.0,0.37161931283827765,0.0,0.54115490341344,0.37161931283827765,0.0,0.0,0.0,0.0,0.0,0.0,0.54115490341344,0.37161931283827765,27.87619532760339,023,31,bronze,0,0,0,south,0,0,1,0,0,0,single_spike,-2.2990491196222096,-2.013339842680083,30.490256625405603,0
,32,[1054],17.467495303314486,102.29230555605749,mobile,1,0,0,稳定 服务 区域 产品 反馈,0,0.0,0.0,0.5273316095198977,0.3846395486696206,0.5273316095198977,0.0,0.3846395486696206,0.0,0.0,0.0,0.0,0.0,0.0,0.0,0.3846395486696206,28.065566597362096,023,32,bronze,0,0,0,south,0,0,1,0,0,0,single_spike,0.0515882803257629,1.1036261905981637,50.514534865423414,0
,33,[1055],17.935492236677266,109.21371750119262,web,2,0,0,reliable product delivery customer feedback,0,0.49623056257431153,0.49623056257431153,0.0,0.0,0.0,0.0,0.0,0.36143165764881946,0.36143165764881946,0.0,0.49623056257431153,0.0,0.0,0.0,0.0,27.82891787647697,023,33,bronze,0,0,0,south,0,0,1,0,0,0,single_spike,0.1467231332020594,1.1117376958739884,23.823649332139134,0
,34,[1056],17.450624123834988,105.27043238605107,api,0,0,0,稳定 服务 区域 产品 反馈,0,0.0,0.0,0.5273316095198977,0.3846395486696206,0.5273316095198977,0.0,0.3846395486696206,0.0,0.0,0.0,0.0,0.0,0.0,0.0,0.3846395486696206,27.377235862420036,023,34,gold,2,0,0,south,0,0,1,0,0,0,single_spike,-0.3020944958674143,0.8167354066690707,59.361335997265655,0
,35,[1057],,106.47742312658995,web,2,0,0,reliable product delivery customer feedback 量子 推荐 hyperpersonalised,0,0.49623056257431153,0.49623056257431153,0.0,0.0,0.0,0.0,0.0,0.36143165764881946,0.36143165764881946,0.0,0.49623056257431153,0.0,0.0,0.0,0.0,26.97146542804046,023,35,gold,2,0,0,south,0,0,1,0,0,0,single_spike,,2.066750134202794,32.46433471204178,0
,36,[1058],18.16094898699163,102.16268851837991,api,0,0,0,reliable product delivery customer feedback,0,0.49623056257431153,0.49623056257431153,0.0,0.0,0.0,0.0,0.0,0.36143165764881946,0.36143165764881946,0.0,0.49623056257431153,0.0,0.0,0.0,0.0,28.841065499343017,023,36,bronze,0,0,0,south,0,0,1,0,0,0,single_spike,0.14139955340367846,0.46614208608912766,6.026161184897462,0
,37,[1059],17.687924273693447,105.44746911105648,web,2,0,0,reliable product delivery customer feedback,0,0.49623056257431153,0.49623056257431153,0.0,0.0,0.0,0.0,0.0,0.36143165764881946,0.36143165764881946,0.0,0.49623056257431153,0.0,0.0,0.0,0.0,32.694433952929344,023,37,silver,1,0,0,new_region,0,0,0,0,0,1,single_spike,0.4876307836006157,-1.7190249238959718,25.674108874837774,0
"[""correlated_metric""]",38,[1060],17.71375095516332,101.72246284955581,api,0,0,0,稳定 产品 交付 用户 反馈,0,0.0,0.0,0.0,0.37161931283827765,0.0,0.54115490341344,0.37161931283827765,0.0,0.0,0.0,0.0,0.0,0.0,0.54115490341344,0.37161931283827765,30.948015813011207,023,38,gold,2,0,0,south,0,0,1,0,0,0,single_spike,0.3119297667809629,-0.7095411017504328,36.09384644802403,0
"[""spend""]",39,[1061],17.324363873262662,103.47822424137814,mobile,1,0,0,稳定 服务 区域 产品 反馈,0,0.0,0.0,0.5273316095198977,0.3846395486696206,0.5273316095198977,0.0,0.3846395486696206,0.0,0.0,0.0,0.0,0.0,0.0,0.0,0.3846395486696206,29.14318495311659,023,39,silver,1,0,0,new_region,0,0,0,0,0,1,single_spike,0.15282450202250678,0.18168388417126696,23.678381491135024,0
,40,[1062],17.526054802746376,98.15104789402781,mobile,1,0,0,稳定 服务 区域 产品 反馈,0,0.0,0.0,0.5273316095198977,0.3846395486696206,0.5273316095198977,0.0,0.3846395486696206,0.0,0.0,0.0,0.0,0.0,0.0,0.0,0.3846395486696206,27.852006466931368,023,40,bronze,0,0,0,south,0,0,1,0,0,0,single_spike,0.4163871675522236,1.5156908350296439,18.350800154884222,0
,41,[1063],18.22974427491002,104.0723279722104,api,0,0,0,稳定 服务 区域 产品 反馈,0,0.0,0.0,0.5273316095198977,0.3846395486696206,0.5273316095198977,0.0,0.3846395486696206,0.0,0.0,0.0,0.0,0.0,0.0,0.0,0.3846395486696206,29.577763041130215,023,41,bronze,0,0,0,south,0,0,1,0,0,0,single_spike,-0.43019244788506533,-0.4978430264462051,28.0737473668526,0
,42,[1064],17.77470528754889,101.66330716805273,web,2,0,0,stable service regional product feedback,0,0.0,0.0,0.0,0.0,0.0,0.0,0.0,0.3498721264495162,0.3498721264495162,0.5017233601190293,0.0,0.5017233601190293,0.5017233601190293,0.0,0.0,29.485239422406135,023,42,bronze,0,0,0,south,0,0,1,0,0,0,single_spike,0.10740406335666546,0.02194126013658934,55.66779386137666,0
"[""correlated_metric""]",43,[1065],17.8785160181943,111.38081066246822,api,0,0,0,稳定 服务 区域 产品 反馈,0,0.0,0.0,0.5273316095198977,0.3846395486696206,0.5273316095198977,0.0,0.3846395486696206,0.0,0.0,0.0,0.0,0.0,0.0,0.0,0.3846395486696206,32.37362640443084,023,43,gold,2,0,0,south,0,0,1,0,0,0,single_spike,0.4986309794487893,-1.7611704755409092,48.919962043349656,0
,44,[1066],17.53481699296004,98.57978856489133,web,2,0,0,reliable product delivery customer feedback,0,0.49623056257431153,0.49623056257431153,0.0,0.0,0.0,0.0,0.0,0.36143165764881946,0.36143165764881946,0.0,0.49623056257431153,0.0,0.0,0.0,0.0,35.45008474864732,023,44,gold,2,0,0,south,0,0,1,0,0,0,single_spike,1.3190070702497831,-2.2492473309263454,85.27089494717376,0
,45,[1067],17.32226283338633,100.05560366670638,api,0,0,0,reliable product delivery customer feedback,0,0.49623056257431153,0.49623056257431153,0.0,0.0,0.0,0.0,0.0,0.36143165764881946,0.36143165764881946,0.0,0.49623056257431153,0.0,0.0,0.0,0.0,28.940534371907884,023,45,silver,1,0,0,south,0,0,1,0,0,0,single_spike,0.20201410717296922,0.5243665652115537,5.477918236545262,0
,46,[1068],,106.09358148839459,mobile,1,0,0,stable service regional product feedback,0,0.0,0.0,0.0,0.0,0.0,0.0,0.0,0.3498721264495162,0.3498721264495162,0.5017233601190293,0.0,0.5017233601190293,0.5017233601190293,0.0,0.0,29.705242567331815,023,46,gold,2,0,0,new_region,0,0,0,0,0,1,single_spike,0.06512296246591333,-0.4626236385716992,9.498025846934178,0
,47,[1069],17.65096265641622,96.22911748326214,api,0,0,0,稳定 服务 区域 产品 反馈,0,0.0,0.0,0.5273316095198977,0.3846395486696206,0.5273316095198977,0.0,0.3846395486696206,0.0,0.0,0.0,0.0,0.0,0.0,0.0,0.3846395486696206,30.619743870507996,023,47,silver,1,0,0,south,0,0,1,0,0,0,single_spike,-0.47449432257874585,-1.4828248784276743,40.40596531013877,0
"[""capacity""]",48,[1070],16.917853842476553,105.30064625881994,web,2,0,0,稳定 产品 交付 用户 反馈,0,0.0,0.0,0.0,0.37161931283827765,0.0,0.54115490341344,0.37161931283827765,0.0,0.0,0.0,0.0,0.0,0.0,0.54115490341344,0.37161931283827765,26.782356573722588,023,48,silver,1,0,0,south,0,0,1,0,0,0,single_spike,0.3375205420538893,2.269526895689133,1.8204141617071394,0
,1,[1071],18.467920482136662,88.91644875980417,api,0,0,0,reliable product delivery customer feedback,0,0.49623056257431153,0.49623056257431153,0.0,0.0,0.0,0.0,0.0,0.36143165764881946,0.36143165764881946,0.0,0.49623056257431153,0.0,0.0,0.0,0.0,29.988668453853933,024,1,gold,2,0,0,west,0,0,0,1,0,0,single_spike,-0.4964342960552491,-0.7352216503902537,8.037865655128078,0
,2,[1072],18.879342891005486,100.10954476399444,mobile,1,0,0,稳定 产品 交付 用户 反馈,0,0.0,0.0,0.0,0.37161931283827765,0.0,0.54115490341344,0.37161931283827765,0.0,0.0,0.0,0.0,0.0,0.0,0.54115490341344,0.37161931283827765,28.948874206373276,024,2,bronze,0,0,0,west,0,0,0,1,0,0,single_spike,-0.8287444959789264,-0.5151469502206042,12.42915509003254,0
"[""correlated_metric""]",3,[1073],18.799010885384202,90.4912081397459,mobile,1,0,0,稳定 服务 区域 产品 反馈,0,0.0,0.0,0.5273316095198977,0.3846395486696206,0.5273316095198977,0.0,0.3846395486696206,0.0,0.0,0.0,0.0,0.0,0.0,0.0,0.3846395486696206,29.993289206993396,024,3,bronze,0,0,0,west,0,0,0,1,0,0,single_spike,0.9380885841977441,1.1440676672415475,25.575252896433252,0
,4,[1074],18.821315920911825,81.48393967883936,web,2,0,0,stable service regional product feedback,0,0.0,0.0,0.0,0.0,0.0,0.0,0.0,0.3498721264495162,0.3498721264495162,0.5017233601190293,0.0,0.5017233601190293,0.5017233601190293,0.0,0.0,30.85661088884814,024,4,gold,2,0,0,west,0,0,0,1,0,0,single_spike,0.21770017456674157,-0.4682473757025495,19.058793968561343,0
"[""capacity""]",5,[1075],18.277352282540395,90.31573539062762,web,2,0,0,稳定 产品 交付 用户 反馈,0,0.0,0.0,0.0,0.37161931283827765,0.0,0.54115490341344,0.37161931283827765,0.0,0.0,0.0,0.0,0.0,0.0,0.54115490341344,0.37161931283827765,33.98428903882243,024,5,gold,2,0,0,west,0,0,0,1,0,0,single_spike,1.6747686576614222,-0.6878915703850418,122.7208768796667,0
,6,[1076],18.205559520736077,88.50668230425892,api,0,0,0,稳定 产品 交付 用户 反馈,0,0.0,0.0,0.0,0.37161931283827765,0.0,0.54115490341344,0.37161931283827765,0.0,0.0,0.0,0.0,0.0,0.0,0.54115490341344,0.37161931283827765,30.031556137882177,024,6,gold,2,0,0,west,0,0,0,1,0,0,single_spike,-0.4680665182080059,-0.7798213814015875,29.156508060567898,0
"[""correlated_metric""]",7,[1077],18.621717610228565,91.4521470974909,api,0,0,0,稳定 服务 区域 产品 反馈,0,0.0,0.0,0.5273316095198977,0.3846395486696206,0.5273316095198977,0.0,0.3846395486696206,0.0,0.0,0.0,0.0,0.0,0.0,0.0,0.3846395486696206,27.837841884995175,024,7,gold,2,0,0,west,0,0,0,1,0,0,single_spike,-1.560641476625995,0.7989753780261288,20.329660091651693,0
,8,[1078],18.52919275660287,96.40668181891866,web,2,0,0,reliable product delivery customer feedback,0,0.49623056257431153,0.49623056257431153,0.0,0.0,0.0,0.0,0.0,0.36143165764881946,0.36143165764881946,0.0,0.49623056257431153,0.0,0.0,0.0,0.0,27.20460185882136,024,8,silver,1,0,0,west,0,0,0,1,0,0,single_spike,-0.8599637232597426,,14.334925976227165,0
"[""spend""]",9,[1079],18.73274303228106,84.46404672274787,mobile,1,0,0,稳定 产品 交付 用户 反馈,0,0.0,0.0,0.0,0.37161931283827765,0.0,0.54115490341344,0.37161931283827765,0.0,0.0,0.0,0.0,0.0,0.0,0.54115490341344,0.37161931283827765,29.65273339218689,024,9,gold,2,0,0,west,0,0,0,1,0,0,single_spike,0.5406206062566201,0.7330217434316795,20.329660091651693,0
,10,[1080],18.55904623034437,92.58090518304344,web,2,0,0,稳定 产品 交付 用户 反馈,0,0.0,0.0,0.0,0.37161931283827765,0.0,0.54115490341344,0.37161931283827765,0.0,0.0,0.0,0.0,0.0,0.0,0.54115490341344,0.37161931283827765,26.28055709207237,024,10,gold,2,0,0,west,0,0,0,1,0,0,single_spike,-1.659742018636467,0.15734159354448377,23.168595627045704,0
"[""capacity"", ""correlated_metric""]",11,[1081],18.20070976717655,90.31573539062762,mobile,1,0,0,稳定 服务 区域 产品 反馈,0,0.0,0.0,0.5273316095198977,0.3846395486696206,0.5273316095198977,0.0,0.3846395486696206,0.0,0.0,0.0,0.0,0.0,0.0,0.0,0.3846395486696206,30.944692320711727,024,11,gold,2,0,0,west,0,0,0,1,0,0,single_spike,0.5676458475432528,-0.19539770325974426,8.22840362863895,0
,12,[1082],18.263030952317216,88.65322348151041,web,2,0,0,稳定 产品 交付 用户 反馈,0,0.0,0.0,0.0,0.37161931283827765,0.0,0.54115490341344,0.37161931283827765,0.0,0.0,0.0,0.0,0.0,0.0,0.54115490341344,0.37161931283827765,27.50503488499463,024,12,bronze,0,0,0,west,0,0,0,1,0,0,single_spike,0.19332989496993067,1.833068009143037,6.696473507268704,0
,13,[1083],18.27536563597588,87.49927025030073,mobile,1,0,0,稳定 产品 交付 用户 反馈,0,0.0,0.0,0.0,0.37161931283827765,0.0,0.54115490341344,0.37161931283827765,0.0,0.0,0.0,0.0,0.0,0.0,0.54115490341344,0.37161931283827765,31.02007096343166,024,13,bronze,0,0,0,west,0,0,0,1,0,0,single_spike,0.27253109167826817,-0.5515596056003994,20.348139727108087,0
,14,[1084],19.085329292907854,85.08361938500458,mobile,1,0,0,稳定 服务 区域 产品 反馈,0,0.0,0.0,0.5273316095198977,0.3846395486696206,0.5273316095198977,0.0,0.3846395486696206,0.0,0.0,0.0,0.0,0.0,0.0,0.0,0.3846395486696206,32.548848459356364,024,14,bronze,0,0,0,west,0,0,0,1,0,0,single_spike,0.7439654187312151,-0.9009878008154708,16.30313614795056,0
"[""correlated_metric""]",15,[1085],,91.45423101421808,web,2,0,0,稳定 产品 交付 用户 反馈,0,0.0,0.0,0.0,0.37161931283827765,0.0,0.54115490341344,0.37161931283827765,0.0,0.0,0.0,0.0,0.0,0.0,0.54115490341344,0.37161931283827765,29.85161714142008,024,15,silver,1,0,0,west,0,0,0,1,0,0,single_spike,1.1665591132488649,1.6917194577671084,76.90174585274494,0
,16,[1086],19.624093260764987,97.31834686890934,mobile,1,0,0,stable service regional product feedback,0,0.0,0.0,0.0,0.0,0.0,0.0,0.0,0.3498721264495162,0.3498721264495162,0.5017233601190293,0.0,0.5017233601190293,0.5017233601190293,0.0,0.0,29.15302241831571,024,16,bronze,0,0,0,west,0,0,0,1,0,0,single_spike,-1.3004056048076322,-1.2494160530183975,43.01588284421007,0
,17,[1087],18.634463938311463,94.03685398833049,web,2,0,0,稳定 产品 交付 用户 反馈,0,0.0,0.0,0.0,0.37161931283827765,0.0,0.54115490341344,0.37161931283827765,0.0,0.0,0.0,0.0,0.0,0.0,0.54115490341344,0.37161931283827765,29.21505887910057,024,17,gold,2,0,0,west,0,0,0,1,0,0,single_spike,0.062160542095541386,0.42289606093785775,19.406149628786334,0
"[""capacity""]",18,[1088],18.81384333645153,90.31573539062762,mobile,1,0,0,稳定 产品 交付 用户 反馈,0,0.0,0.0,0.0,0.37161931283827765,0.0,0.54115490341344,0.37161931283827765,0.0,0.0,0.0,0.0,0.0,0.0,0.54115490341344,0.37161931283827765,25.01306803966215,024,18,bronze,0,0,0,west,0,0,0,1,0,0,single_spike,-1.023940281182698,1.79220110318095,132.9492552342829,0
,19,[1089],17.901136426893135,97.32818209254405,mobile,1,0,0,稳定 产品 交付 用户 反馈,0,0.0,0.0,0.0,0.37161931283827765,0.0,0.54115490341344,0.37161931283827765,0.0,0.0,0.0,0.0,0.0,0.0,0.54115490341344,0.37161931283827765,28.661669787546394,024,19,gold,2,0,0,west,0,0,0,1,0,0,single_spike,-0.8309378231055353,-0.34076111502245193,15.785591749154184,0
"[""spend""]",20,[1090],18.528302784337733,86.61670398672888,api,0,0,0,稳定 服务 区域 产品 反馈,0,0.0,0.0,0.5273316095198977,0.3846395486696206,0.5273316095198977,0.0,0.3846395486696206,0.0,0.0,0.0,0.0,0.0,0.0,0.0,0.3846395486696206,25.101857594976583,024,20,bronze,0,0,0,west,0,0,0,1,0,0,single_spike,-1.6835504122612421,0.8979025065545005,20.329660091651693,0
"[""capacity""]",21,[1091],18.583442648597533,90.31573539062762,api,0,0,0,reliable product delivery customer feedback,0,0.49623056257431153,0.49623056257431153,0.0,0.0,0.0,0.0,0.0,0.36143165764881946,0.36143165764881946,0.0,0.49623056257431153,0.0,0.0,0.0,0.0,33.10755690069471,024,21,gold,2,0,0,west,0,0,0,1,0,0,single_spike,0.3956258989960009,-1.5389077571459775,55.934015406954465,0
,22,[1092],18.78899558548847,91.83389192669534,api,0,0,0,stable service regional product feedback,0,0.0,0.0,0.0,0.0,0.0,0.0,0.0,0.3498721264495162,0.3498721264495162,0.5017233601190293,0.0,0.5017233601190293,0.5017233601190293,0.0,0.0,33.74379144112344,024,22,gold,2,0,0,west,0,0,0,1,0,0,single_spike,1.7540930200639067,-0.247880621965613,15.417326789580839,0
,23,[1093],19.10247555165747,82.8286070661382,web,2,0,0,stable service regional product feedback,0,0.0,0.0,0.0,0.0,0.0,0.0,0.0,0.3498721264495162,0.3498721264495162,0.5017233601190293,0.0,0.5017233601190293,0.5017233601190293,0.0,0.0,31.226707094151585,024,23,silver,1,0,0,west,0,0,0,1,0,0,single_spike,0.442390762441181,-0.4333380321557796,23.564426700019546,0
,24,[1094],18.567268117327338,91.70702268473204,mobile,1,0,0,reliable product delivery customer feedback,0,0.49623056257431153,0.49623056257431153,0.0,0.0,0.0,0.0,0.0,0.36143165764881946,0.36143165764881946,0.0,0.49623056257431153,0.0,0.0,0.0,0.0,28.884489353192244,024,24,bronze,0,0,0,west,0,0,0,1,0,0,single_spike,-1.1479327157708887,-0.7103339314350494,9.368365161776673,0
"[""correlated_metric""]",25,[1095],,90.83859678547883,mobile,1,0,0,稳定 服务 区域 产品 反馈,0,0.0,0.0,0.5273316095198977,0.3846395486696206,0.5273316095198977,0.0,0.3846395486696206,0.0,0.0,0.0,0.0,0.0,0.0,0.0,0.3846395486696206,28.907201615220195,024,25,bronze,0,0,0,west,0,0,0,1,0,0,single_spike,-0.6835341435768585,-0.32164414256568713,40.35413596983271,0
,26,[1096],18.468058801533925,92.02727145811564,mobile,1,0,0,稳定 服务 区域 产品 反馈,0,0.0,0.0,0.5273316095198977,0.3846395486696206,0.5273316095198977,0.0,0.3846395486696206,0.0,0.0,0.0,0.0,0.0,0.0,0.0,0.3846395486696206,27.09467392783793,024,26,silver,1,0,0,west,0,0,0,1,0,0,single_spike,-0.3307763843221211,1.477514506253744,6.011575466487169,0
,27,[1097],18.11674236588033,88.96783106726258,mobile,1,0,0,稳定 服务 区域 产品 反馈,0,0.0,0.0,0.5273316095198977,0.3846395486696206,0.5273316095198977,0.0,0.3846395486696206,0.0,0.0,0.0,0.0,0.0,0.0,0.0,0.3846395486696206,29.101443404506277,024,27,bronze,0,0,0,west,0,0,0,1,0,0,single_spike,-1.5114877286765303,-1.4864662900322965,7.873308240939747,0
"[""correlated_metric""]",28,[1098],19.28929900640631,92.5523550284829,api,0,0,0,reliable product delivery customer feedback,0,0.49623056257431153,0.49623056257431153,0.0,0.0,0.0,0.0,0.0,0.36143165764881946,0.36143165764881946,0.0,0.49623056257431153,0.0,0.0,0.0,0.0,31.036360485404227,024,28,gold,2,0,0,west,0,0,0,1,0,0,single_spike,0.4274886358302887,-0.5387220011425132,67.53532769477594,0
,29,[1099],,87.871600237953,api,0,0,0,稳定 服务 区域 产品 反馈,0,0.0,0.0,0.5273316095198977,0.3846395486696206,0.5273316095198977,0.0,0.3846395486696206,0.0,0.0,0.0,0.0,0.0,0.0,0.0,0.3846395486696206,30.780681238868354,024,29,bronze,0,0,0,west,0,0,0,1,0,0,single_spike,-0.08045905961608087,-0.7425027587285536,5.623139722186955,0
,30,[1100],17.936608287915583,83.38949087409961,web,2,0,0,稳定 服务 区域 产品 反馈,0,0.0,0.0,0.5273316095198977,0.3846395486696206,0.5273316095198977,0.0,0.3846395486696206,0.0,0.0,0.0,0.0,0.0,0.0,0.0,0.3846395486696206,29.798866246390617,024,30,gold,2,0,0,west,0,0,0,1,0,0,single_spike,-0.34071517608782637,-0.49853915198960747,32.35020278819323,0
,31,[1101],18.72404786820277,91.10013289893698,mobile,1,0,0,稳定 产品 交付 用户 反馈,0,0.0,0.0,0.0,0.37161931283827765,0.0,0.54115490341344,0.37161931283827765,0.0,0.0,0.0,0.0,0.0,0.0,0.54115490341344,0.37161931283827765,28.022122141205745,024,31,bronze,0,0,0,west,0,0,0,1,0,0,single_spike,0.09060473801957332,0.9569751430196405,38.52763033554215,0
,32,[1102],18.66405352059489,90.58991063848103,web,2,0,0,reliable product delivery customer feedback,0,0.49623056257431153,0.49623056257431153,0.0,0.0,0.0,0.0,0.0,0.36143165764881946,0.36143165764881946,0.0,0.49623056257431153,0.0,0.0,0.0,0.0,28.352417639536554,024,32,gold,2,0,0,west,0,0,0,1,0,0,single_spike,-0.2344534997946275,0.7006306393471889,20.589360176133123,0
,33,[1103],18.302059983099685,87.76536104501584,mobile,1,0,0,stable service regional product feedback,0,0.0,0.0,0.0,0.0,0.0,0.0,0.0,0.3498721264495162,0.3498721264495162,0.5017233601190293,0.0,0.5017233601190293,0.5017233601190293,0.0,0.0,27.949892503960285,024,33,silver,1,0,0,west,0,0,0,1,0,0,single_spike,-0.2946981810065928,0.8523636410715186,7.1432265628703115,0
,34,[1104],18.722619941198612,80.37204619676638,mobile,1,0,0,reliable product delivery customer feedback,0,0.49623056257431153,0.49623056257431153,0.0,0.0,0.0,0.0,0.0,0.36143165764881946,0.36143165764881946,0.0,0.49623056257431153,0.0,0.0,0.0,0.0,32.501226484396796,024,34,bronze,0,0,0,west,0,0,0,1,0,0,single_spike,0.47658825902180246,-0.9469559685356382,20.67840676260085,0
,35,[1105],18.885142542206395,88.92545279992387,mobile,1,0,0,reliable product delivery customer feedback,0,0.49623056257431153,0.49623056257431153,0.0,0.0,0.0,0.0,0.0,0.36143165764881946,0.36143165764881946,0.0,0.49623056257431153,0.0,0.0,0.0,0.0,26.769337308335977,024,35,bronze,0,0,0,west,0,0,0,1,0,0,single_spike,-0.3033743254633729,1.5428504920597006,43.00039592432622,0
"[""capacity""]",36,[1106],18.685598250864434,90.31573539062762,mobile,1,0,0,稳定 服务 区域 产品 反馈 量子 推荐 hyperpersonalised,0,0.0,0.0,0.5273316095198977,0.3846395486696206,0.5273316095198977,0.0,0.3846395486696206,0.0,0.0,0.0,0.0,0.0,0.0,0.0,0.3846395486696206,30.752705151728744,024,36,silver,1,0,0,west,0,0,0,1,0,0,single_spike,0.5521030077392233,0.19723892023032508,4.124808261730448,0
"[""spend""]",37,[1107],18.26023501820712,92.04864690564727,mobile,1,0,0,reliable product delivery customer feedback,0,0.49623056257431153,0.49623056257431153,0.0,0.0,0.0,0.0,0.0,0.36143165764881946,0.36143165764881946,0.0,0.49623056257431153,0.0,0.0,0.0,0.0,30.382653774616244,024,37,bronze,0,0,0,west,0,0,0,1,0,0,single_spike,-0.7058392044961153,-1.2749618093992827,20.329660091651693,0
,38,[1108],18.596725004265505,85.94648659133284,api,0,0,0,stable service regional product feedback 量子 推荐 hyperpersonalised,0,0.0,0.0,0.0,0.0,0.0,0.0,0.0,0.3498721264495162,0.3498721264495162,0.5017233601190293,0.0,0.5017233601190293,0.5017233601190293,0.0,0.0,24.83691281524583,024,38,bronze,0,0,0,west,0,0,0,1,0,0,single_spike,-2.4771371520065903,0.09398982138221922,25.324705395691115,0
"[""spend""]",39,[1109],18.40969324105926,96.43525450610697,mobile,1,0,0,stable service regional product feedback,0,0.0,0.0,0.0,0.0,0.0,0.0,0.0,0.3498721264495162,0.3498721264495162,0.5017233601190293,0.0,0.5017233601190293,0.5017233601190293,0.0,0.0,30.061731315023426,024,39,gold,2,0,0,west,0,0,0,1,0,0,single_spike,-0.9661423719755138,-1.5082350561413194,20.329660091651693,0
,40,[1110],18.639607885375916,88.80580975695064,web,2,0,0,稳定 产品 交付 用户 反馈,0,0.0,0.0,0.0,0.37161931283827765,0.0,0.54115490341344,0.37161931283827765,0.0,0.0,0.0,0.0,0.0,0.0,0.54115490341344,0.37161931283827765,29.347718335661067,024,40,bronze,0,0,0,new_region,0,0,0,0,0,1,single_spike,0.541565650870917,1.0472669763039268,11.32783317328562,0
,41,[1111],18.86673081205414,92.36110073453727,web,2,0,0,stable service regional product feedback,0,0.0,0.0,0.0,0.0,0.0,0.0,0.0,0.3498721264495162,0.3498721264495162,0.5017233601190293,0.0,0.5017233601190293,0.5017233601190293,0.0,0.0,28.02730148037411,024,41,silver,1,0,0,west,0,0,0,1,0,0,single_spike,-1.1997186487066196,-0.36635565155684613,14.342514977820747,0
,42,[1112],18.2961132337304,89.79738567092241,web,2,0,0,reliable product delivery customer feedback,0,0.49623056257431153,0.49623056257431153,0.0,0.0,0.0,0.0,0.0,0.36143165764881946,0.36143165764881946,0.0,0.49623056257431153,0.0,0.0,0.0,0.0,29.788606867595508,024,42,silver,1,0,0,new_region,0,0,0,0,0,1,single_spike,,1.4537104210993586,16.317521472773326,0
,43,[1113],19.10459879812237,87.64274476360161,web,2,0,0,reliable product delivery customer feedback,0,0.49623056257431153,0.49623056257431153,0.0,0.0,0.0,0.0,0.0,0.36143165764881946,0.36143165764881946,0.0,0.49623056257431153,0.0,0.0,0.0,0.0,29.522013519358712,024,43,bronze,0,0,0,west,0,0,0,1,0,0,single_spike,-1.1064640891842317,-1.154357997114164,17.060345024318924,0
,44,[1114],18.44000362751426,92.13283584934611,api,0,0,0,稳定 服务 区域 产品 反馈,0,0.0,0.0,0.5273316095198977,0.3846395486696206,0.5273316095198977,0.0,0.3846395486696206,0.0,0.0,0.0,0.0,0.0,0.0,0.0,0.3846395486696206,31.433038834047178,024,44,bronze,0,0,0,west,0,0,0,1,0,0,single_spike,0.19751200535903882,-0.8509054665260782,54.910158383602564,0
,45,[1115],19.055585934826414,94.02045708462113,web,2,0,0,稳定 产品 交付 用户 反馈 量子 推荐 hyperpersonalised,0,0.0,0.0,0.0,0.37161931283827765,0.0,0.54115490341344,0.37161931283827765,0.0,0.0,0.0,0.0,0.0,0.0,0.54115490341344,0.37161931283827765,33.01945037773671,024,45,bronze,0,0,0,west,0,0,0,1,0,0,single_spike,1.462660678670034,-0.2611196208704335,2.525156486324805,0
,46,[1116],18.97398265301739,91.36869728190241,web,2,0,0,reliable product delivery customer feedback,0,0.49623056257431153,0.49623056257431153,0.0,0.0,0.0,0.0,0.0,0.36143165764881946,0.36143165764881946,0.0,0.49623056257431153,0.0,0.0,0.0,0.0,29.6216381729554,024,46,bronze,0,0,0,west,0,0,0,1,0,0,single_spike,-0.2487995124257143,-0.5362814446913197,17.804119090928182,0
"[""spend""]",47,[1117],19.80643990798277,91.36717026579015,api,0,0,0,稳定 服务 区域 产品 反馈,0,0.0,0.0,0.5273316095198977,0.3846395486696206,0.5273316095198977,0.0,0.3846395486696206,0.0,0.0,0.0,0.0,0.0,0.0,0.0,0.3846395486696206,32.91774334599867,024,47,gold,2,0,0,new_region,0,0,0,0,0,1,single_spike,2.2258523170302316,0.9259418090680043,20.329660091651693,0
,48,[1118],18.372824279852544,87.64338345070473,mobile,1,0,0,稳定 服务 区域 产品 反馈,0,0.0,0.0,0.5273316095198977,0.3846395486696206,0.5273316095198977,0.0,0.3846395486696206,0.0,0.0,0.0,0.0,0.0,0.0,0.0,0.3846395486696206,31.25354776894807,024,48,bronze,0,0,0,west,0,0,0,1,0,0,single_spike,0.41424758442547527,-0.5339369925436709,13.43147937071583,0
,1,[1119],19.72965478594965,96.54065600832735,api,0,0,0,稳定 产品 交付 用户 反馈,0,0.0,0.0,0.0,0.37161931283827765,0.0,0.54115490341344,0.37161931283827765,0.0,0.0,0.0,0.0,0.0,0.0,0.54115490341344,0.37161931283827765,30.970415234818944,025,1,gold,2,0,0,north,0,1,0,0,0,0,seasonal,0.7413322084864326,-0.41176173889890344,19.586094724026605,0
,2,[1120],20.71337723395091,97.21737966140297,mobile,1,0,0,stable service regional product feedback,0,0.0,0.0,0.0,0.0,0.0,0.0,0.0,0.3498721264495162,0.3498721264495162,0.5017233601190293,0.0,0.5017233601190293,0.5017233601190293,0.0,0.0,28.46562096644665,025,2,gold,2,0,0,north,0,1,0,0,0,0,seasonal,-0.8174309738439702,-1.02857753832426,29.121829492054363,0
,3,[1121],20.987952591048057,100.44447053355047,web,2,0,0,stable service regional product feedback,0,0.0,0.0,0.0,0.0,0.0,0.0,0.0,0.3498721264495162,0.3498721264495162,0.5017233601190293,0.0,0.5017233601190293,0.5017233601190293,0.0,0.0,25.81089174533877,025,3,gold,2,0,0,north,0,1,0,0,0,0,seasonal,-0.9230544462094668,0.6948597790215212,13.869067104200793,0
"[""spend""]",4,[1122],18.48486355693455,93.4801933546619,api,0,0,0,reliable product delivery customer feedback,0,0.49623056257431153,0.49623056257431153,0.0,0.0,0.0,0.0,0.0,0.36143165764881946,0.36143165764881946,0.0,0.49623056257431153,0.0,0.0,0.0,0.0,29.13233130676855,025,4,gold,2,0,0,north,0,1,0,0,0,0,seasonal,0.8577051109019718,0.7808728266440382,25.91826315267158,0
,5,[1123],16.79708105803263,96.81296670496047,web,2,0,0,稳定 产品 交付 用户 反馈,0,0.0,0.0,0.0,0.37161931283827765,0.0,0.54115490341344,0.37161931283827765,0.0,0.0,0.0,0.0,0.0,0.0,0.54115490341344,0.37161931283827765,26.900517060056004,025,5,bronze,0,0,0,north,0,1,0,0,0,0,seasonal,-0.8293408461667475,0.1926728121232587,20.460431807066666,0
,6,[1124],15.01460779203352,93.21471768675451,web,2,0,0,stable service regional product feedback,0,0.0,0.0,0.0,0.0,0.0,0.0,0.0,0.3498721264495162,0.3498721264495162,0.5017233601190293,0.0,0.5017233601190293,0.5017233601190293,0.0,0.0,28.682575754900867,025,6,silver,1,0,0,north,0,1,0,0,0,0,seasonal,0.15395230938229698,0.2748163364252989,32.58553238875405,0
,7,[1125],15.112400256898155,93.25534001218038,mobile,1,0,0,稳定 产品 交付 用户 反馈,0,0.0,0.0,0.0,0.37161931283827765,0.0,0.54115490341344,0.37161931283827765,0.0,0.0,0.0,0.0,0.0,0.0,0.54115490341344,0.37161931283827765,34.3831720022279,025,7,gold,2,0,0,north,0,1,0,0,0,0,seasonal,2.6468848377485714,-0.23821848543502372,9.580420033237669,0
,8,[1126],18.80650618920576,96.01681813655505,web,2,0,0,稳定 产品 交付 用户 反馈,0,0.0,0.0,0.0,0.37161931283827765,0.0,0.54115490341344,0.37161931283827765,0.0,0.0,0.0,0.0,0.0,0.0,0.54115490341344,0.37161931283827765,28.877034387944505,025,8,gold,2,0,0,north,0,1,0,0,0,0,seasonal,-0.07646489885038052,-0.027134182673154573,24.78882939402645,0
,9,[1127],19.713272074365623,104.48297021227117,mobile,1,0,0,稳定 服务 区域 产品 反馈,0,0.0,0.0,0.5273316095198977,0.3846395486696206,0.5273316095198977,0.0,0.3846395486696206,0.0,0.0,0.0,0.0,0.0,0.0,0.0,0.3846395486696206,27.066233428935128,025,9,gold,2,0,0,north,0,1,0,0,0,0,seasonal,-0.5006241785881803,0.49334195658751956,35.684745116159384,0
,10,[1128],21.559298593352633,94.5180921452742,web,2,0,0,reliable product delivery customer feedback,0,0.49623056257431153,0.49623056257431153,0.0,0.0,0.0,0.0,0.0,0.36143165764881946,0.36143165764881946,0.0,0.49623056257431153,0.0,0.0,0.0,0.0,26.56476225487267,025,10,silver,1,0,0,north,0,1,0,0,0,0,seasonal,-0.6173668355723166,0.45649181632329505,346.7643293701526,0
"[""capacity"", ""spend"", ""correlated_metric""]",11,[1129],20.558793782407665,96.57063328117738,web,2,0,0,稳定 服务 区域 产品 反馈,0,0.0,0.0,0.5273316095198977,0.3846395486696206,0.5273316095198977,0.0,0.3846395486696206,0.0,0.0,0.0,0.0,0.0,0.0,0.0,0.3846395486696206,30.84630617240176,025,11,gold,2,0,0,north,0,1,0,0,0,0,seasonal,1.3737646787111106,-0.9580104565906316,25.91826315267158,0
,12,[1130],18.715819969653282,90.59184961066084,mobile,1,0,0,稳定 产品 交付 用户 反馈,0,0.0,0.0,0.0,0.37161931283827765,0.0,0.54115490341344,0.37161931283827765,0.0,0.0,0.0,0.0,0.0,0.0,0.54115490341344,0.37161931283827765,27.690918905822272,025,12,gold,2,0,0,north,0,1,0,0,0,0,seasonal,0.18904081709375017,1.1449563457721799,25.91826315267158,0
"[""spend""]",13,[1131],16.408444610034962,101.24460635512915,mobile,1,0,0,稳定 服务 区域 产品 反馈,0,0.0,0.0,0.5273316095198977,0.3846395486696206,0.5273316095198977,0.0,0.3846395486696206,0.0,0.0,0.0,0.0,0.0,0.0,0.0,0.3846395486696206,22.156472781689807,025,13,bronze,0,0,0,north,0,1,0,0,0,0,seasonal,-2.3542144216958225,1.4663988564000698,25.91826315267158,0
,14,[1132],,101.40909956563625,api,0,0,0,reliable product delivery customer feedback,0,0.49623056257431153,0.49623056257431153,0.0,0.0,0.0,0.0,0.0,0.36143165764881946,0.36143165764881946,0.0,0.49623056257431153,0.0,0.0,0.0,0.0,25.189192063782457,025,14,gold,2,0,0,north,0,1,0,0,0,0,seasonal,-0.9037894941366135,1.061718319324683,24.373441684131386,0
,15,[1133],16.506137005221788,96.78515289894754,mobile,1,0,0,reliable product delivery customer feedback,0,0.49623056257431153,0.49623056257431153,0.0,0.0,0.0,0.0,0.0,0.36143165764881946,0.36143165764881946,0.0,0.49623056257431153,0.0,0.0,0.0,0.0,30.600059043230832,025,15,gold,2,0,0,north,0,1,0,0,0,0,seasonal,1.209138645342537,0.37422958941256174,29.050538085676738,0
,16,[1134],18.306701786401785,92.54518633134845,mobile,1,0,0,reliable product delivery customer feedback,0,0.49623056257431153,0.49623056257431153,0.0,0.0,0.0,0.0,0.0,0.36143165764881946,0.36143165764881946,0.0,0.49623056257431153,0.0,0.0,0.0,0.0,23.534462977634075,025,16,gold,2,0,0,north,0,1,0,0,0,0,seasonal,-1.7811895026028808,1.209873714247453,30.609007581790504,0
,17,[1135],20.789769399949698,88.13175832169037,web,2,0,0,稳定 服务 区域 产品 反馈,0,0.0,0.0,0.5273316095198977,0.3846395486696206,0.5273316095198977,0.0,0.3846395486696206,0.0,0.0,0.0,0.0,0.0,0.0,0.0,0.3846395486696206,27.791971118889315,025,17,gold,2,0,0,north,0,1,0,0,0,0,seasonal,-0.5366748230913723,-0.14633707669961535,4.0623931190923335,0
"[""capacity""]",18,[1136],21.689551908843676,96.57063328117738,api,0,0,0,stable service regional product feedback,0,0.0,0.0,0.0,0.0,0.0,0.0,0.0,0.3498721264495162,0.3498721264495162,0.5017233601190293,0.0,0.5017233601190293,0.5017233601190293,0.0,0.0,26.623493136598828,025,18,bronze,0,0,0,north,0,1,0,0,0,0,seasonal,0.508026632089863,1.8504544023932419,20.1748618700778,0
,19,[1137],20.879928806053464,97.18919516774987,mobile,1,0,0,stable service regional product feedback,0,0.0,0.0,0.0,0.0,0.0,0.0,0.0,0.3498721264495162,0.3498721264495162,0.5017233601190293,0.0,0.5017233601190293,0.5017233601190293,0.0,0.0,27.173692222283726,025,19,gold,2,0,0,north,0,1,0,0,0,0,seasonal,-0.7712388018533807,0.17927038833255884,10.628751325989061,0
"[""correlated_metric""]",20,[1138],18.274599880081887,87.64231301591545,mobile,1,0,0,稳定 服务 区域 产品 反馈,0,0.0,0.0,0.5273316095198977,0.3846395486696206,0.5273316095198977,0.0,0.3846395486696206,0.0,0.0,0.0,0.0,0.0,0.0,0.0,0.3846395486696206,26.192871541956862,025,20,gold,2,0,0,north,0,1,0,0,0,0,seasonal,-0.5597878251124406,1.1564473611732935,33.43673349825102,0
,21,[1139],15.829183727582745,89.50771025650353,api,0,0,0,reliable product delivery customer feedback,0,0.49623056257431153,0.49623056257431153,0.0,0.0,0.0,0.0,0.0,0.36143165764881946,0.36143165764881946,0.0,0.49623056257431153,0.0,0.0,0.0,0.0,24.368797478394686,025,21,silver,1,0,0,north,0,1,0,0,0,0,seasonal,-1.6917440530723904,0.820002362454537,21.83183598553389,0
,22,[1140],15.073390708255962,97.02149196525704,api,0,0,0,stable service regional product feedback,0,0.0,0.0,0.0,0.0,0.0,0.0,0.0,0.3498721264495162,0.3498721264495162,0.5017233601190293,0.0,0.5017233601190293,0.5017233601190293,0.0,0.0,27.391584132343205,025,22,bronze,0,0,0,north,0,1,0,0,0,0,seasonal,0.23992341453461713,1.0915594963945308,32.165236298131646,0
"[""capacity""]",23,[1141],16.855886033958132,96.57063328117738,api,0,0,0,stable service regional product feedback,0,0.0,0.0,0.0,0.0,0.0,0.0,0.0,0.3498721264495162,0.3498721264495162,0.5017233601190293,0.0,0.5017233601190293,0.5017233601190293,0.0,0.0,28.121337378970175,025,23,silver,1,0,0,north,0,1,0,0,0,0,seasonal,0.9716255238030596,1.6387507492267583,24.55821583498741,0
"[""spend""]",24,[1142],18.52632860482219,95.7601104118144,mobile,1,0,0,reliable product delivery customer feedback,0,0.49623056257431153,0.49623056257431153,0.0,0.0,0.0,0.0,0.0,0.36143165764881946,0.36143165764881946,0.0,0.49623056257431153,0.0,0.0,0.0,0.0,29.37520760746577,025,24,bronze,0,0,0,north,0,1,0,0,0,0,seasonal,-0.8550407189069629,-1.572619152453675,25.91826315267158,0
"[""correlated_metric""]",25,[1143],20.55913182414701,93.93206249782403,api,0,0,0,稳定 服务 区域 产品 反馈,0,0.0,0.0,0.5273316095198977,0.3846395486696206,0.5273316095198977,0.0,0.3846395486696206,0.0,0.0,0.0,0.0,0.0,0.0,0.0,0.3846395486696206,28.87733172133372,025,25,gold,2,0,0,north,0,1,0,0,0,0,seasonal,0.44316907871320055,0.2576767778905321,10.747995598635674,0
"[""capacity""]",26,[1144],21.42732947932024,96.57063328117738,mobile,1,0,0,稳定 产品 交付 用户 反馈,0,0.0,0.0,0.0,0.37161931283827765,0.0,0.54115490341344,0.37161931283827765,0.0,0.0,0.0,0.0,0.0,0.0,0.54115490341344,0.37161931283827765,28.771866525592653,025,26,bronze,0,0,0,north,0,1,0,0,0,0,seasonal,0.8103180895019481,1.0265112561261922,4.836093837845381,0
"[""capacity""]",27,[1145],19.699129673275024,96.57063328117738,web,2,0,0,stable service regional product feedback,0,0.0,0.0,0.0,0.0,0.0,0.0,0.0,0.3498721264495162,0.3498721264495162,0.5017233601190293,0.0,0.5017233601190293,0.5017233601190293,0.0,0.0,29.558347080430263,025,27,silver,1,0,0,north,0,1,0,0,0,0,seasonal,0.3113710323531533,-0.17044822403579044,70.17552924942707,0
,28,[1146],19.123059505281546,95.3016481387743,api,0,0,0,reliable product delivery customer feedback,0,0.49623056257431153,0.49623056257431153,0.0,0.0,0.0,0.0,0.0,0.36143165764881946,0.36143165764881946,0.0,0.49623056257431153,0.0,0.0,0.0,0.0,31.41505801498139,025,28,silver,1,0,0,north,0,1,0,0,0,0,seasonal,0.163038463534335,-1.6447717569609897,9.312898529960094,0
,29,[1147],16.054649840230777,95.35037280686913,api,0,0,0,reliable product delivery customer feedback,0,0.49623056257431153,0.49623056257431153,0.0,0.0,0.0,0.0,0.0,0.36143165764881946,0.36143165764881946,0.0,0.49623056257431153,0.0,0.0,0.0,0.0,25.83251842530335,025,29,silver,1,0,0,north,0,1,0,0,0,0,seasonal,-0.7521842593025785,1.0866512816061156,21.89608517517609,0
,30,[1148],15.329394835664841,91.09923870340045,mobile,1,0,0,reliable product delivery customer feedback,0,0.49623056257431153,0.49623056257431153,0.0,0.0,0.0,0.0,0.0,0.36143165764881946,0.36143165764881946,0.0,0.49623056257431153,0.0,0.0,0.0,0.0,31.65173653314517,025,30,bronze,0,0,0,north,0,1,0,0,0,0,seasonal,0.7631866838507276,-0.8391551096988492,24.01165937798256,0
,31,[1149],16.109599090246455,89.55198580873268,api,0,0,0,stable service regional product feedback,0,0.0,0.0,0.0,0.0,0.0,0.0,0.0,0.3498721264495162,0.3498721264495162,0.5017233601190293,0.0,0.5017233601190293,0.5017233601190293,0.0,0.0,28.309251013539303,025,31,silver,1,0,0,north,0,1,0,0,0,0,seasonal,1.433743153058968,2.01607859406368,16.950360495083334,0
,32,[1150],18.509801598006153,98.45256016239233,mobile,1,0,0,stable service regional product feedback,0,0.0,0.0,0.0,0.0,0.0,0.0,0.0,0.3498721264495162,0.3498721264495162,0.5017233601190293,0.0,0.5017233601190293,0.5017233601190293,0.0,0.0,31.014756624747825,025,32,silver,1,0,0,north,0,1,0,0,0,0,seasonal,0.2098378128989871,-1.101513303303491,17.29834400385513,0
"[""spend""]",33,[1151],19.70482639051547,94.31963629517423,mobile,1,0,0,稳定 服务 区域 产品 反馈,0,0.0,0.0,0.5273316095198977,0.3846395486696206,0.5273316095198977,0.0,0.3846395486696206,0.0,0.0,0.0,0.0,0.0,0.0,0.0,0.3846395486696206,25.756777116582512,025,33,silver,1,0,0,north,0,1,0,0,0,0,seasonal,-1.3633824877048941,0.31785819896654777,25.91826315267158,0
,34,[1152],21.194834229720495,101.03377524236495,web,2,0,0,稳定 服务 区域 产品 反馈,0,0.0,0.0,0.5273316095198977,0.3846395486696206,0.5273316095198977,0.0,0.3846395486696206,0.0,0.0,0.0,0.0,0.0,0.0,0.0,0.3846395486696206,29.738904915079583,025,34,gold,2,0,0,north,0,1,0,0,0,0,seasonal,0.8656406775125974,0.38248846350462057,5.108990693480616,0
,35,[1153],20.987720373208482,88.6476382341092,api,0,0,0,stable service regional product feedback,0,0.0,0.0,0.0,0.0,0.0,0.0,0.0,0.3498721264495162,0.3498721264495162,0.5017233601190293,0.0,0.5017233601190293,0.5017233601190293,0.0,0.0,28.70775808814472,025,35,bronze,0,0,0,new_region,0,0,0,0,0,1,seasonal,-0.5798155601452124,-0.9391795113054818,13.17237061564273,0
,36,[1154],17.900079106857095,94.39558918833526,web,2,0,0,stable service regional product feedback,0,0.0,0.0,0.0,0.0,0.0,0.0,0.0,0.3498721264495162,0.3498721264495162,0.5017233601190293,0.0,0.5017233601190293,0.5017233601190293,0.0,0.0,27.549761487351724,025,36,gold,2,0,0,north,0,1,0,0,0,0,seasonal,0.31353260455462634,1.346695204734212,18.90790199257907,0
"[""spend""]",37,[1155],16.230817345670776,87.99310370101443,web,2,0,0,稳定 服务 区域 产品 反馈,0,0.0,0.0,0.5273316095198977,0.3846395486696206,0.5273316095198977,0.0,0.3846395486696206,0.0,0.0,0.0,0.0,0.0,0.0,0.0,0.3846395486696206,28.196178161501486,025,37,gold,2,0,0,north,0,1,0,0,0,0,seasonal,-0.48530721477315764,-0.3597572054948587,25.91826315267158,0
"[""capacity"", ""correlated_metric""]",38,[1156],15.581229589356031,96.57063328117738,api,0,0,0,reliable product delivery customer feedback,0,0.49623056257431153,0.49623056257431153,0.0,0.0,0.0,0.0,0.0,0.36143165764881946,0.36143165764881946,0.0,0.49623056257431153,0.0,0.0,0.0,0.0,27.62128378460233,025,38,gold,2,0,0,north,0,1,0,0,0,0,seasonal,-0.48799169447900004,0.08181254211729395,31.53101867243206,0
,39,[1157],15.951223122686892,93.95920433967949,api,0,0,0,稳定 服务 区域 产品 反馈,0,0.0,0.0,0.5273316095198977,0.3846395486696206,0.5273316095198977,0.0,0.3846395486696206,0.0,0.0,0.0,0.0,0.0,0.0,0.0,0.3846395486696206,30.707791299938417,025,39,bronze,0,0,0,north,0,1,0,0,0,0,seasonal,,-0.8875341161704556,45.67943624630734,0
,40,[1158],18.642185501964455,95.06501793226181,mobile,1,0,0,stable service regional product feedback,0,0.0,0.0,0.0,0.0,0.0,0.0,0.0,0.3498721264495162,0.3498721264495162,0.5017233601190293,0.0,0.5017233601190293,0.5017233601190293,0.0,0.0,28.379369980513246,025,40,gold,2,0,0,north,0,1,0,0,0,0,seasonal,-0.8593617920511802,-1.1045190966278118,31.117106392256026,0
,41,[1159],21.828109939811576,93.87834577872178,web,2,0,0,stable service regional product feedback,0,0.0,0.0,0.0,0.0,0.0,0.0,0.0,0.3498721264495162,0.3498721264495162,0.5017233601190293,0.0,0.5017233601190293,0.5017233601190293,0.0,0.0,27.986374828724152,025,41,silver,1,0,0,north,0,1,0,0,0,0,seasonal,0.14750634790591183,0.5065467546919261,7.111136745522719,0
,42,[1160],21.094168714557846,102.14782172984708,mobile,1,0,0,reliable product delivery customer feedback,0,0.49623056257431153,0.49623056257431153,0.0,0.0,0.0,0.0,0.0,0.36143165764881946,0.36143165764881946,0.0,0.49623056257431153,0.0,0.0,0.0,0.0,27.999596018166557,025,42,silver,1,0,0,north,0,1,0,0,0,0,seasonal,0.40496623706788476,0.7289113046742535,19.900421559858053,0
,43,[1161],20.32157301232327,97.8624371108648,api,0,0,0,stable service regional product feedback,0,0.0,0.0,0.0,0.0,0.0,0.0,0.0,0.3498721264495162,0.3498721264495162,0.5017233601190293,0.0,0.5017233601190293,0.5017233601190293,0.0,0.0,25.44913299236519,025,43,gold,2,0,0,north,0,1,0,0,0,0,seasonal,-0.538815681186291,1.4746516027473469,50.53062201120702,0
"[""capacity""]",44,[1162],18.21486160090989,96.57063328117738,api,0,0,0,reliable product delivery customer feedback,0,0.49623056257431153,0.49623056257431153,0.0,0.0,0.0,0.0,0.0,0.36143165764881946,0.36143165764881946,0.0,0.49623056257431153,0.0,0.0,0.0,0.0,25.748706384133726,025,44,bronze,0,0,0,north,0,1,0,0,0,0,seasonal,-0.40194945551228717,1.4132990744318252,14.497385718945363,0
,45,[1163],17.060198484115432,92.14978424231813,api,0,0,0,稳定 产品 交付 用户 反馈,0,0.0,0.0,0.0,0.37161931283827765,0.0,0.54115490341344,0.37161931283827765,0.0,0.0,0.0,0.0,0.0,0.0,0.54115490341344,0.37161931283827765,25.273565551720363,025,45,silver,1,0,0,north,0,1,0,0,0,0,seasonal,-1.3307866878688301,0.5607779273113594,23.778428610361722,0
,46,[1164],15.327952889495524,100.13485738777503,web,2,0,0,稳定 服务 区域 产品 反馈,0,0.0,0.0,0.5273316095198977,0.3846395486696206,0.5273316095198977,0.0,0.3846395486696206,0.0,0.0,0.0,0.0,0.0,0.0,0.0,0.3846395486696206,32.024539584111835,025,46,gold,2,0,0,new_region,0,0,0,0,0,1,seasonal,0.15632846182646828,,114.1981794344369,0
,47,[1165],16.595173670555187,88.63306017267752,mobile,1,0,0,stable service regional product feedback,0,0.0,0.0,0.0,0.0,0.0,0.0,0.0,0.3498721264495162,0.3498721264495162,0.5017233601190293,0.0,0.5017233601190293,0.5017233601190293,0.0,0.0,32.98625646217327,025,47,silver,1,0,0,north,0,1,0,0,0,0,seasonal,1.6519039630471786,-0.6752999770833485,9.470579759881764,0
,48,[1166],18.941429522626425,89.41016776925025,mobile,1,0,0,稳定 服务 区域 产品 反馈,0,0.0,0.0,0.5273316095198977,0.3846395486696206,0.5273316095198977,0.0,0.3846395486696206,0.0,0.0,0.0,0.0,0.0,0.0,0.0,0.3846395486696206,30.032646217395765,025,48,bronze,0,0,0,north,0,1,0,0,0,0,seasonal,-0.5139738491228532,-1.3557166846288928,38.91390655993738,0
,1,[1167],19.84247639493798,110.20000557675422,web,2,0,0,稳定 产品 交付 用户 反馈,0,0.0,0.0,0.0,0.37161931283827765,0.0,0.54115490341344,0.37161931283827765,0.0,0.0,0.0,0.0,0.0,0.0,0.54115490341344,0.37161931283827765,26.74867619627969,026,1,silver,1,0,0,east,1,0,0,0,0,0,seasonal,0.12887978714288953,0.20101714684151994,6.9134634983389756,0
,2,[1168],21.41956797452982,112.19643962788383,api,0,0,0,稳定 服务 区域 产品 反馈,0,0.0,0.0,0.5273316095198977,0.3846395486696206,0.5273316095198977,0.0,0.3846395486696206,0.0,0.0,0.0,0.0,0.0,0.0,0.0,0.3846395486696206,27.928255531099282,026,2,bronze,0,0,0,east,1,0,0,0,0,0,seasonal,0.058584522575456356,-0.615690793062047,4.219698740149659,0
,3,[1169],20.600315573742215,111.87376925527984,api,0,0,0,stable service regional product feedback,0,0.0,0.0,0.0,0.0,0.0,0.0,0.0,0.3498721264495162,0.3498721264495162,0.5017233601190293,0.0,0.5017233601190293,0.5017233601190293,0.0,0.0,28.288409812771146,026,3,silver,1,0,0,east,1,0,0,0,0,0,seasonal,0.6001227726256633,-0.3744172212781613,11.97620129002484,0
,5,[1170],16.665798922671133,105.40983673284882,api,0,0,0,stable service regional product feedback,0,0.0,0.0,0.0,0.0,0.0,0.0,0.0,0.3498721264495162,0.3498721264495162,0.5017233601190293,0.0,0.5017233601190293,0.5017233601190293,0.0,0.0,23.219750243989,026,5,bronze,0,0,0,east,1,0,0,0,0,0,seasonal,-0.9065995076865689,1.0242767850140315,25.747880734349906,0
,7,[1171],15.024972364455586,112.87360204122947,mobile,1,0,0,reliable product delivery customer feedback,0,0.49623056257431153,0.49623056257431153,0.0,0.0,0.0,0.0,0.0,0.36143165764881946,0.36143165764881946,0.0,0.49623056257431153,0.0,0.0,0.0,0.0,31.169212694146633,026,7,bronze,0,0,0,east,1,0,0,0,0,0,seasonal,1.0312955401094346,-1.4741090307105436,90.74201248511035,0
,8,[1172],17.623567052543905,113.75396187453441,web,2,0,0,稳定 产品 交付 用户 反馈,0,0.0,0.0,0.0,0.37161931283827765,0.0,0.54115490341344,0.37161931283827765,0.0,0.0,0.0,0.0,0.0,0.0,0.54115490341344,0.37161931283827765,26.301714057434584,026,8,bronze,0,0,0,east,1,0,0,0,0,0,seasonal,0.3658421339089585,0.6969965816158533,19.02497181318849,0
,9,[1173],19.698664371439104,109.49632607531208,mobile,1,0,0,稳定 产品 交付 用户 反馈,0,0.0,0.0,0.0,0.37161931283827765,0.0,0.54115490341344,0.37161931283827765,0.0,0.0,0.0,0.0,0.0,0.0,0.54115490341344,0.37161931283827765,28.962840445610528,026,9,bronze,0,0,0,east,1,0,0,0,0,0,seasonal,0.6715344624335967,-0.7111697076749927,8.635190116234378,0
,10,[1174],20.65502319247988,113.06754175629861,api,0,0,0,稳定 服务 区域 产品 反馈,0,0.0,0.0,0.5273316095198977,0.3846395486696206,0.5273316095198977,0.0,0.3846395486696206,0.0,0.0,0.0,0.0,0.0,0.0,0.0,0.3846395486696206,21.810543822602224,026,10,gold,2,0,0,east,1,0,0,0,0,0,seasonal,-0.9235312778125927,1.777883262746845,14.72998351423189,0
,11,[1175],20.292070978924805,113.19239763893043,web,2,0,0,稳定 产品 交付 用户 反馈,0,0.0,0.0,0.0,0.37161931283827765,0.0,0.54115490341344,0.37161931283827765,0.0,0.0,0.0,0.0,0.0,0.0,0.54115490341344,0.37161931283827765,25.08630639495125,026,11,bronze,0,0,0,east,1,0,0,0,0,0,seasonal,-0.9438906457954007,-0.47849176081920664,22.719140888571808,0
"[""correlated_metric""]",12,[1176],18.18159119026457,108.51807838605778,api,0,0,0,稳定 服务 区域 产品 反馈,0,0.0,0.0,0.5273316095198977,0.3846395486696206,0.5273316095198977,0.0,0.3846395486696206,0.0,0.0,0.0,0.0,0.0,0.0,0.0,0.3846395486696206,27.694687424480886,026,12,gold,2,0,0,east,1,0,0,0,0,0,seasonal,1.2075080298774694,0.07049014488769413,35.052140224152765,0
,13,[1177],16.016393818053867,111.69449410486135,api,0,0,0,稳定 产品 交付 用户 反馈,0,0.0,0.0,0.0,0.37161931283827765,0.0,0.54115490341344,0.37161931283827765,0.0,0.0,0.0,0.0,0.0,0.0,0.54115490341344,0.37161931283827765,30.050583047476362,026,13,bronze,0,0,0,east,1,0,0,0,0,0,seasonal,2.592067472214788,1.2437311546766667,17.35399527383549,0
,14,[1178],15.064000616402922,108.10593862423903,mobile,1,0,0,稳定 服务 区域 产品 反馈,0,0.0,0.0,0.5273316095198977,0.3846395486696206,0.5273316095198977,0.0,0.3846395486696206,0.0,0.0,0.0,0.0,0.0,0.0,0.0,0.3846395486696206,25.806316019607934,026,14,bronze,0,0,0,east,1,0,0,0,0,0,seasonal,-1.393704774891619,-1.2792739620712201,18.68120660688364,0
,15,[1179],15.132906317294662,111.19729257484839,api,0,0,0,reliable product delivery customer feedback,0,0.49623056257431153,0.49623056257431153,0.0,0.0,0.0,0.0,0.0,0.36143165764881946,0.36143165764881946,0.0,0.49623056257431153,0.0,0.0,0.0,0.0,31.794450586693902,026,15,bronze,0,0,0,east,1,0,0,0,0,0,seasonal,1.6818187457393818,-1.21132130969409,7.83889853728518,0
,16,[1180],18.159397645980018,109.48915181004872,api,0,0,0,stable service regional product feedback,0,0.0,0.0,0.0,0.0,0.0,0.0,0.0,0.3498721264495162,0.3498721264495162,0.5017233601190293,0.0,0.5017233601190293,0.5017233601190293,0.0,0.0,25.627033404274396,026,16,silver,1,0,0,east,1,0,0,0,0,0,seasonal,-0.5344403772539437,0.02609519962062362,26.902158039744183,0
,17,[1181],19.956429511975063,107.9891293738277,web,2,0,0,reliable product delivery customer feedback,0,0.49623056257431153,0.49623056257431153,0.0,0.0,0.0,0.0,0.0,0.36143165764881946,0.36143165764881946,0.0,0.49623056257431153,0.0,0.0,0.0,0.0,25.4710272823877,026,17,gold,2,0,0,east,1,0,0,0,0,0,seasonal,0.1988626717760699,0.9657323653053632,36.10503159646781,0
"[""correlated_metric""]",18,[1182],21.014952405056295,109.4304606735626,mobile,1,0,0,stable service regional product feedback,0,0.0,0.0,0.0,0.0,0.0,0.0,0.0,0.3498721264495162,0.3498721264495162,0.5017233601190293,0.0,0.5017233601190293,0.5017233601190293,0.0,0.0,23.375648842210452,026,18,bronze,0,0,0,east,1,0,0,0,0,0,seasonal,-1.343266768095303,1.8955856347528743,4.253037124331176,0
"[""correlated_metric""]",19,[1183],19.92500064450156,113.92870249708119,api,0,0,0,稳定 服务 区域 产品 反馈,0,0.0,0.0,0.5273316095198977,0.3846395486696206,0.5273316095198977,0.0,0.3846395486696206,0.0,0.0,0.0,0.0,0.0,0.0,0.0,0.3846395486696206,30.554116465881084,026,19,bronze,0,0,0,east,1,0,0,0,0,0,seasonal,1.3468342078719546,-1.2849328577877444,11.128799441588656,0
,20,[1184],18.466247018350195,114.85173856687456,web,2,0,0,reliable product delivery customer feedback,0,0.49623056257431153,0.49623056257431153,0.0,0.0,0.0,0.0,0.0,0.36143165764881946,0.36143165764881946,0.0,0.49623056257431153,0.0,0.0,0.0,0.0,27.897363869160593,026,20,silver,1,0,0,east,1,0,0,0,0,0,seasonal,1.099756664796374,0.27750204301395265,35.414099934812256,0
,21,[1185],16.348239865574435,110.31069418364335,mobile,1,0,0,reliable product delivery customer feedback,0,0.49623056257431153,0.49623056257431153,0.0,0.0,0.0,0.0,0.0,0.36143165764881946,0.36143165764881946,0.0,0.49623056257431153,0.0,0.0,0.0,0.0,29.787804239921265,026,21,silver,1,0,0,east,1,0,0,0,0,0,seasonal,1.0930017406331365,-0.7651144561126706,27.54851774009664,0
,24,[1186],18.094267309380022,108.81117866793821,mobile,1,0,0,stable service regional product feedback,0,0.0,0.0,0.0,0.0,0.0,0.0,0.0,0.3498721264495162,0.3498721264495162,0.5017233601190293,0.0,0.5017233601190293,0.5017233601190293,0.0,0.0,24.39661902218455,026,24,bronze,0,0,0,east,1,0,0,0,0,0,seasonal,0.8589125473262366,2.7541323986662953,23.912457336460804,0
,25,[1187],19.51095471669404,115.14236346570924,web,2,0,0,reliable product delivery customer feedback,0,0.49623056257431153,0.49623056257431153,0.0,0.0,0.0,0.0,0.0,0.36143165764881946,0.36143165764881946,0.0,0.49623056257431153,0.0,0.0,0.0,0.0,28.986465275150984,026,25,silver,1,0,0,east,1,0,0,0,0,0,seasonal,0.6309897309885423,-0.9545172899217348,51.82776106908349,0
,26,[1188],20.696248072860445,109.89467076076828,web,2,0,0,stable service regional product feedback,0,0.0,0.0,0.0,0.0,0.0,0.0,0.0,0.3498721264495162,0.3498721264495162,0.5017233601190293,0.0,0.5017233601190293,0.5017233601190293,0.0,0.0,30.909611526536327,026,26,gold,2,0,0,east,1,0,0,0,0,0,seasonal,1.5491991995912764,-0.6802008475919382,27.321016974372487,0
,27,[1189],19.997280897188634,116.34516727126918,web,2,0,0,reliable product delivery customer feedback,0,0.49623056257431153,0.49623056257431153,0.0,0.0,0.0,0.0,0.0,0.36143165764881946,0.36143165764881946,0.0,0.49623056257431153,0.0,0.0,0.0,0.0,25.446500729115414,026,27,bronze,0,0,0,east,1,0,0,0,0,0,seasonal,-0.160819931267966,0.5524464704834392,46.12282535250006,0
"[""correlated_metric""]",28,[1190],17.885260278670902,110.06763489009722,api,0,0,0,稳定 产品 交付 用户 反馈,0,0.0,0.0,0.0,0.37161931283827765,0.0,0.54115490341344,0.37161931283827765,0.0,0.0,0.0,0.0,0.0,0.0,0.54115490341344,0.37161931283827765,28.307112252344712,026,28,silver,1,0,0,east,1,0,0,0,0,0,seasonal,0.03109294068179216,-1.06871867237468,47.63192016942816,0
,29,[1191],16.153542815273013,107.67527285298185,web,2,0,0,稳定 产品 交付 用户 反馈,0,0.0,0.0,0.0,0.37161931283827765,0.0,0.54115490341344,0.37161931283827765,0.0,0.0,0.0,0.0,0.0,0.0,0.54115490341344,0.37161931283827765,30.674401341419728,026,29,silver,1,0,0,east,1,0,0,0,0,0,seasonal,1.8453008321609359,-0.19489166596628404,7.92082221300384,0
,30,[1192],15.522852167983633,111.08890035049426,mobile,1,0,0,稳定 产品 交付 用户 反馈,0,0.0,0.0,0.0,0.37161931283827765,0.0,0.54115490341344,0.37161931283827765,0.0,0.0,0.0,0.0,0.0,0.0,0.54115490341344,0.37161931283827765,22.70328399759142,026,30,gold,2,0,0,east,1,0,0,0,0,0,seasonal,-1.8939711027849822,0.1795012473556195,28.14033058641481,0
,31,[1193],15.32439664442098,114.84500656599864,web,2,0,0,reliable product delivery customer feedback,0,0.49623056257431153,0.49623056257431153,0.0,0.0,0.0,0.0,0.0,0.36143165764881946,0.36143165764881946,0.0,0.49623056257431153,0.0,0.0,0.0,0.0,30.104455434516094,026,31,gold,2,0,0,east,1,0,0,0,0,0,seasonal,1.2902069892024985,-0.42603766081176625,25.977759199772123,0
,32,[1194],18.220673581084288,109.58833343873754,web,2,0,0,stable service regional product feedback,0,0.0,0.0,0.0,0.0,0.0,0.0,0.0,0.3498721264495162,0.3498721264495162,0.5017233601190293,0.0,0.5017233601190293,0.5017233601190293,0.0,0.0,25.963356077226724,026,32,silver,1,0,0,east,1,0,0,0,0,0,seasonal,0.03423418640284543,0.4642721906786542,25.447487394718735,0
,33,[1195],20.385138748487677,117.47904077255919,mobile,1,0,0,稳定 服务 区域 产品 反馈,0,0.0,0.0,0.5273316095198977,0.3846395486696206,0.5273316095198977,0.0,0.3846395486696206,0.0,0.0,0.0,0.0,0.0,0.0,0.0,0.3846395486696206,24.97244383537552,026,33,bronze,0,0,0,east,1,0,0,0,0,0,seasonal,-0.26638565336791165,,8.957590500253913,0
"[""correlated_metric""]",34,[1196],,110.00553027308557,web,2,0,0,稳定 产品 交付 用户 反馈,0,0.0,0.0,0.0,0.37161931283827765,0.0,0.54115490341344,0.37161931283827765,0.0,0.0,0.0,0.0,0.0,0.0,0.54115490341344,0.37161931283827765,24.252044848930492,026,34,bronze,0,0,0,east,1,0,0,0,0,0,seasonal,-0.6198596851049608,0.9107409191593954,16.329577518738382,0
,35,[1197],20.393339514187847,113.84101023591947,api,0,0,0,稳定 服务 区域 产品 反馈,0,0.0,0.0,0.5273316095198977,0.3846395486696206,0.5273316095198977,0.0,0.3846395486696206,0.0,0.0,0.0,0.0,0.0,0.0,0.0,0.3846395486696206,24.226505359147644,026,35,silver,1,0,0,east,1,0,0,0,0,0,seasonal,-0.6339501059717982,0.7389662924656448,10.502125984517912,0
,36,[1198],18.528679190019993,120.74592863592773,api,0,0,0,reliable product delivery customer feedback,0,0.49623056257431153,0.49623056257431153,0.0,0.0,0.0,0.0,0.0,0.36143165764881946,0.36143165764881946,0.0,0.49623056257431153,0.0,0.0,0.0,0.0,23.9994584178748,026,36,silver,1,0,0,east,1,0,0,0,0,0,seasonal,-1.524711270260398,-0.2533816857191935,44.6668184782326,0
,37,[1199],16.209058887748796,106.47565430873425,api,0,0,0,stable service regional product feedback,0,0.0,0.0,0.0,0.0,0.0,0.0,0.0,0.3498721264495162,0.3498721264495162,0.5017233601190293,0.0,0.5017233601190293,0.5017233601190293,0.0,0.0,30.531467770096704,026,37,bronze,0,0,0,east,1,0,0,0,0,0,seasonal,1.4098639776471822,-0.7385134382728213,57.09327706556379,0
,38,[1200],,114.96005919585933,mobile,1,0,0,reliable product delivery customer feedback,0,0.49623056257431153,0.49623056257431153,0.0,0.0,0.0,0.0,0.0,0.36143165764881946,0.36143165764881946,0.0,0.49623056257431153,0.0,0.0,0.0,0.0,30.267731720095682,026,38,gold,2,0,0,east,1,0,0,0,0,0,seasonal,0.057868252351758534,-2.2846574184567694,71.535783757407,0
,39,[1201],15.810681161754928,107.42760320515205,api,0,0,0,stable service regional product feedback,0,0.0,0.0,0.0,0.0,0.0,0.0,0.0,0.3498721264495162,0.3498721264495162,0.5017233601190293,0.0,0.5017233601190293,0.5017233601190293,0.0,0.0,20.143942869292907,026,39,bronze,0,0,0,east,1,0,0,0,0,0,seasonal,-1.453004240391977,2.277328294717024,15.966973104996164,0
,40,[1202],17.66083002419885,123.56887499047029,mobile,1,0,0,稳定 服务 区域 产品 反馈,0,0.0,0.0,0.5273316095198977,0.3846395486696206,0.5273316095198977,0.0,0.3846395486696206,0.0,0.0,0.0,0.0,0.0,0.0,0.0,0.3846395486696206,27.760832079246622,026,40,bronze,0,0,0,east,1,0,0,0,0,0,seasonal,1.5648142610951126,1.3548491854249216,57.365413593675946,0
,41,[1203],20.64343283590648,111.16490167500186,mobile,1,0,0,reliable product delivery customer feedback,0,0.49623056257431153,0.49623056257431153,0.0,0.0,0.0,0.0,0.0,0.36143165764881946,0.36143165764881946,0.0,0.49623056257431153,0.0,0.0,0.0,0.0,32.324512376059374,026,41,silver,1,0,0,east,1,0,0,0,0,0,seasonal,0.9568301509249462,-2.664834259282743,31.720618138112492,0
,42,[1204],21.53111223000981,110.3273244710077,mobile,1,0,0,稳定 服务 区域 产品 反馈,0,0.0,0.0,0.5273316095198977,0.3846395486696206,0.5273316095198977,0.0,0.3846395486696206,0.0,0.0,0.0,0.0,0.0,0.0,0.0,0.3846395486696206,20.606120395232796,026,42,gold,2,0,0,east,1,0,0,0,0,0,seasonal,-1.463716493740188,2.00383876050687,28.752745982863843,0
,43,[1205],20.683793699047914,116.91727296617115,web,2,0,0,stable service regional product feedback,0,0.0,0.0,0.0,0.0,0.0,0.0,0.0,0.3498721264495162,0.3498721264495162,0.5017233601190293,0.0,0.5017233601190293,0.5017233601190293,0.0,0.0,26.730731755348486,026,43,bronze,0,0,0,east,1,0,0,0,0,0,seasonal,-0.3317704826775878,-0.32910131312081764,33.56972496396537,0
,44,[1206],17.71429050055032,108.7141106670682,mobile,1,0,0,stable service regional product feedback,0,0.0,0.0,0.0,0.0,0.0,0.0,0.0,0.3498721264495162,0.3498721264495162,0.5017233601190293,0.0,0.5017233601190293,0.5017233601190293,0.0,0.0,28.801300466401248,026,44,gold,2,0,0,east,1,0,0,0,0,0,seasonal,1.3420490724811271,0.4767773706613046,43.58570301849495,0
"[""capacity""]",45,[1207],15.696219451636996,110.79063114850908,web,2,0,0,stable service regional product feedback,0,0.0,0.0,0.0,0.0,0.0,0.0,0.0,0.3498721264495162,0.3498721264495162,0.5017233601190293,0.0,0.5017233601190293,0.5017233601190293,0.0,0.0,29.660279152525142,026,45,silver,1,0,0,east,1,0,0,0,0,0,seasonal,1.2512085426132422,-0.2466973704205061,1.2632532056188612,0
,46,[1208],15.29716103214838,116.16301332759659,web,2,0,0,稳定 产品 交付 用户 反馈,0,0.0,0.0,0.0,0.37161931283827765,0.0,0.54115490341344,0.37161931283827765,0.0,0.0,0.0,0.0,0.0,0.0,0.54115490341344,0.37161931283827765,22.851257406726816,026,46,silver,1,0,0,east,1,0,0,0,0,0,seasonal,-1.507979837439232,0.4433945955641165,15.191030011425141,0
"[""correlated_metric""]",47,[1209],15.822213064226728,103.81585578057556,api,0,0,0,稳定 服务 区域 产品 反馈,0,0.0,0.0,0.5273316095198977,0.3846395486696206,0.5273316095198977,0.0,0.3846395486696206,0.0,0.0,0.0,0.0,0.0,0.0,0.0,0.3846395486696206,26.942713573901035,026,47,bronze,0,0,0,east,1,0,0,0,0,0,seasonal,0.43671362808170344,0.18092428853759054,23.96348358532615,0
,48,[1210],18.675759764698615,112.73742589507076,web,2,0,0,reliable product delivery customer feedback,0,0.49623056257431153,0.49623056257431153,0.0,0.0,0.0,0.0,0.0,0.36143165764881946,0.36143165764881946,0.0,0.49623056257431153,0.0,0.0,0.0,0.0,27.16431257631921,026,48,gold,2,0,0,east,1,0,0,0,0,0,seasonal,-0.43225500985160864,-0.9236712112725136,38.297280053134806,0
,1,[1211],20.421113212862057,95.49751335228845,web,2,0,0,reliable product delivery customer feedback,0,0.49623056257431153,0.49623056257431153,0.0,0.0,0.0,0.0,0.0,0.36143165764881946,0.36143165764881946,0.0,0.49623056257431153,0.0,0.0,0.0,0.0,40.02362464009548,027,1,silver,1,0,0,south,0,0,1,0,0,0,seasonal,0.2650482298658611,-0.0346388206987495,23.58926134645672,0
,2,[1212],20.711808900433674,90.77417903881978,mobile,1,0,0,stable service regional product feedback,0,0.0,0.0,0.0,0.0,0.0,0.0,0.0,0.3498721264495162,0.3498721264495162,0.5017233601190293,0.0,0.5017233601190293,0.5017233601190293,0.0,0.0,39.96640386853914,027,2,silver,1,0,0,south,0,0,1,0,0,0,seasonal,1.0880249924297616,1.317739214549613,3.7582891676522836,0
,3,[1213],19.750560585188353,94.04641981219469,web,2,0,0,reliable product delivery customer feedback,0,0.49623056257431153,0.49623056257431153,0.0,0.0,0.0,0.0,0.0,0.36143165764881946,0.36143165764881946,0.0,0.49623056257431153,0.0,0.0,0.0,0.0,41.43350243547573,027,3,silver,1,0,0,south,0,0,1,0,0,0,seasonal,1.4240018164981463,0.831049362355866,13.725849665361507,0
,4,[1214],18.022470556533772,100.1435611783642,api,0,0,0,reliable product delivery customer feedback,0,0.49623056257431153,0.49623056257431153,0.0,0.0,0.0,0.0,0.0,0.36143165764881946,0.36143165764881946,0.0,0.49623056257431153,0.0,0.0,0.0,0.0,42.00445187242155,027,4,bronze,0,0,0,south,0,0,1,0,0,0,seasonal,0.6734595363613555,-0.8766086283875991,45.110270084883254,0
"[""correlated_metric""]",5,[1215],16.16760680307796,91.72847957712136,mobile,1,0,0,reliable product delivery customer feedback,0,0.49623056257431153,0.49623056257431153,0.0,0.0,0.0,0.0,0.0,0.36143165764881946,0.36143165764881946,0.0,0.49623056257431153,0.0,0.0,0.0,0.0,40.68713074059068,027,5,silver,1,0,0,south,0,0,1,0,0,0,seasonal,-0.14288340120703713,-1.499873203845261,10.410351366958539,0
"[""spend""]",6,[1216],14.745104134870864,86.18390160536968,web,2,0,0,reliable product delivery customer feedback,0,0.49623056257431153,0.49623056257431153,0.0,0.0,0.0,0.0,0.0,0.36143165764881946,0.36143165764881946,0.0,0.49623056257431153,0.0,0.0,0.0,0.0,41.224407071274186,027,6,silver,1,0,0,south,0,0,1,0,0,0,seasonal,-0.37844279137502085,-1.5328194110955733,16.709832367536805,0
,7,[1217],15.597041494559251,93.95920864344015,api,0,0,0,稳定 产品 交付 用户 反馈,0,0.0,0.0,0.0,0.37161931283827765,0.0,0.54115490341344,0.37161931283827765,0.0,0.0,0.0,0.0,0.0,0.0,0.54115490341344,0.37161931283827765,39.14963234336178,027,7,gold,2,0,0,south,0,0,1,0,0,0,seasonal,0.5056255332906381,0.8895508202064243,89.59290541576621,0
"[""correlated_metric""]",8,[1218],17.93167877311004,95.31974632720522,api,0,0,0,稳定 产品 交付 用户 反馈,0,0.0,0.0,0.0,0.37161931283827765,0.0,0.54115490341344,0.37161931283827765,0.0,0.0,0.0,0.0,0.0,0.0,0.54115490341344,0.37161931283827765,40.83716244808061,027,8,gold,2,0,0,south,0,0,1,0,0,0,seasonal,2.0275118107753083,-0.6231882956120652,8.585296595743886,0
"[""capacity""]",9,[1219],19.534549888933668,92.0459844382169,api,0,0,0,stable service regional product feedback,0,0.0,0.0,0.0,0.0,0.0,0.0,0.0,0.3498721264495162,0.3498721264495162,0.5017233601190293,0.0,0.5017233601190293,0.5017233601190293,0.0,0.0,39.598230512247866,027,9,silver,1,0,0,south,0,0,1,0,0,0,seasonal,-0.3321269642223146,-0.6341106737182157,11.477103538832521,0
,10,[1220],20.293254207579604,92.08362323520919,api,0,0,0,稳定 服务 区域 产品 反馈,0,0.0,0.0,0.5273316095198977,0.3846395486696206,0.5273316095198977,0.0,0.3846395486696206,0.0,0.0,0.0,0.0,0.0,0.0,0.0,0.3846395486696206,35.39245064273468,027,10,gold,2,0,0,south,0,0,1,0,0,0,seasonal,-1.765994187944937,,11.905538556852358,0
,11,[1221],19.967445019760714,87.06772471348785,web,2,0,0,stable service regional product feedback,0,0.0,0.0,0.0,0.0,0.0,0.0,0.0,0.3498721264495162,0.3498721264495162,0.5017233601190293,0.0,0.5017233601190293,0.5017233601190293,0.0,0.0,38.20645543894189,027,11,gold,2,0,0,south,0,0,1,0,0,0,seasonal,0.449439548695774,1.2963077802340361,25.388838207283655,0
,12,[1222],17.882936856938958,86.68048674117875,mobile,1,0,0,稳定 产品 交付 用户 反馈,0,0.0,0.0,0.0,0.37161931283827765,0.0,0.54115490341344,0.37161931283827765,0.0,0.0,0.0,0.0,0.0,0.0,0.54115490341344,0.37161931283827765,38.14159399063383,027,12,silver,1,0,0,south,0,0,1,0,0,0,seasonal,-0.22806179788235606,0.5153295893762379,16.709832367536805,0
,13,[1223],16.024380215655746,93.72037092219429,api,0,0,0,稳定 服务 区域 产品 反馈,0,0.0,0.0,0.5273316095198977,0.3846395486696206,0.5273316095198977,0.0,0.3846395486696206,0.0,0.0,0.0,0.0,0.0,0.0,0.0,0.3846395486696206,39.1445094769768,027,13,silver,1,0,0,south,0,0,1,0,0,0,seasonal,0.9548349459383141,1.4268210164647903,3.9942473350335552,0
,14,[1224],15.415194684339893,94.63633158764002,web,2,0,0,稳定 产品 交付 用户 反馈,0,0.0,0.0,0.0,0.37161931283827765,0.0,0.54115490341344,0.37161931283827765,0.0,0.0,0.0,0.0,0.0,0.0,0.54115490341344,0.37161931283827765,40.251406810987156,027,14,bronze,0,0,0,south,0,0,1,0,0,0,seasonal,0.7650996671098268,0.4721846607065016,24.571380826913686,0
"[""correlated_metric""]",15,[1225],15.455161535412666,88.48032982777218,web,2,0,0,稳定 服务 区域 产品 反馈,0,0.0,0.0,0.5273316095198977,0.3846395486696206,0.5273316095198977,0.0,0.3846395486696206,0.0,0.0,0.0,0.0,0.0,0.0,0.0,0.3846395486696206,40.22449226063951,027,15,gold,2,0,0,south,0,0,1,0,0,0,seasonal,0.4327336709391578,-0.17936342189233295,33.72664380068491,0
,16,[1226],,90.36789001096778,mobile,1,0,0,稳定 产品 交付 用户 反馈,0,0.0,0.0,0.0,0.37161931283827765,0.0,0.54115490341344,0.37161931283827765,0.0,0.0,0.0,0.0,0.0,0.0,0.54115490341344,0.37161931283827765,36.60011278820701,027,16,silver,1,0,0,south,0,0,1,0,0,0,seasonal,0.0955622967365554,1.968533211702606,36.633249058332275,0
,17,[1227],20.690983119000208,93.20730250069927,web,2,0,0,稳定 产品 交付 用户 反馈,0,0.0,0.0,0.0,0.37161931283827765,0.0,0.54115490341344,0.37161931283827765,0.0,0.0,0.0,0.0,0.0,0.0,0.54115490341344,0.37161931283827765,39.31076983216829,027,17,bronze,0,0,0,south,0,0,1,0,0,0,seasonal,-0.5477414192309497,-0.5143439169434836,47.00351939545647,0
,18,[1228],20.12537145980968,85.44283855025462,web,2,0,0,reliable product delivery customer feedback,0,0.49623056257431153,0.49623056257431153,0.0,0.0,0.0,0.0,0.0,0.36143165764881946,0.36143165764881946,0.0,0.49623056257431153,0.0,0.0,0.0,0.0,42.94999479367264,027,18,bronze,0,0,0,south,0,0,1,0,0,0,seasonal,0.3063261108512346,-2.0182484970110393,36.598989858069245,0
,19,[1229],19.371206529498018,99.42544393022267,api,0,0,0,reliable product delivery customer feedback,0,0.49623056257431153,0.49623056257431153,0.0,0.0,0.0,0.0,0.0,0.36143165764881946,0.36143165764881946,0.0,0.49623056257431153,0.0,0.0,0.0,0.0,43.86488785654278,027,19,bronze,0,0,0,south,0,0,1,0,0,0,seasonal,1.7392117834639937,-0.6182918870209753,38.60381262415465,0
,20,[1230],17.762875680756288,91.6471318085696,web,2,0,0,stable service regional product feedback,0,0.0,0.0,0.0,0.0,0.0,0.0,0.0,0.3498721264495162,0.3498721264495162,0.5017233601190293,0.0,0.5017233601190293,0.5017233601190293,0.0,0.0,40.95741022433997,027,20,gold,2,0,0,south,0,0,1,0,0,0,seasonal,0.5409171657831623,-0.14443069067978806,21.11365700470945,0
"[""capacity"", ""spend""]",21,[1231],15.865430076438711,92.0459844382169,web,2,0,0,稳定 服务 区域 产品 反馈,0,0.0,0.0,0.5273316095198977,0.3846395486696206,0.5273316095198977,0.0,0.3846395486696206,0.0,0.0,0.0,0.0,0.0,0.0,0.0,0.3846395486696206,38.57431551645788,027,21,bronze,0,0,0,south,0,0,1,0,0,0,seasonal,-1.69197506902037,-1.5568671198961177,16.709832367536805,0
"[""capacity"", ""spend""]",22,[1232],13.968062356248865,92.0459844382169,web,2,0,0,reliable product delivery customer feedback,0,0.49623056257431153,0.49623056257431153,0.0,0.0,0.0,0.0,0.0,0.36143165764881946,0.36143165764881946,0.0,0.49623056257431153,0.0,0.0,0.0,0.0,39.40697318986294,027,22,bronze,0,0,0,south,0,0,1,0,0,0,seasonal,-0.9390273842618434,-1.3001967886241113,16.709832367536805,0
,23,[1233],15.75612721174587,93.15649148542191,mobile,1,0,0,稳定 产品 交付 用户 反馈,0,0.0,0.0,0.0,0.37161931283827765,0.0,0.54115490341344,0.37161931283827765,0.0,0.0,0.0,0.0,0.0,0.0,0.54115490341344,0.37161931283827765,39.12483000147832,027,23,silver,1,0,0,south,0,0,1,0,0,0,seasonal,-0.24543021772712859,-0.03477260713776197,17.249896261222837,0
,24,[1234],17.616238802824377,88.35561923026486,api,0,0,0,reliable product delivery customer feedback,0,0.49623056257431153,0.49623056257431153,0.0,0.0,0.0,0.0,0.0,0.36143165764881946,0.36143165764881946,0.0,0.49623056257431153,0.0,0.0,0.0,0.0,38.35045215553142,027,24,bronze,0,0,0,south,0,0,1,0,0,0,seasonal,-0.6633892614056598,-0.05764457716663554,71.60797077483959,0
,25,[1235],19.229257895290267,91.45112018870059,web,2,0,0,稳定 服务 区域 产品 反馈,0,0.0,0.0,0.5273316095198977,0.3846395486696206,0.5273316095198977,0.0,0.3846395486696206,0.0,0.0,0.0,0.0,0.0,0.0,0.0,0.3846395486696206,43.9544748475953,027,25,gold,2,0,0,south,0,0,1,0,0,0,seasonal,0.2174856202781428,-2.702051905473031,16.49501853312479,0
,26,[1236],20.857642950786012,89.3067858417155,mobile,1,0,0,稳定 产品 交付 用户 反馈,0,0.0,0.0,0.0,0.37161931283827765,0.0,0.54115490341344,0.37161931283827765,0.0,0.0,0.0,0.0,0.0,0.0,0.54115490341344,0.37161931283827765,38.8727428924057,027,26,gold,2,0,0,south,0,0,1,0,0,0,seasonal,0.4316668425452439,1.071664081332046,10.492172314201976,0
,27,[1237],19.601101279484666,85.81847763593846,web,2,0,0,稳定 服务 区域 产品 反馈,0,0.0,0.0,0.5273316095198977,0.3846395486696206,0.5273316095198977,0.0,0.3846395486696206,0.0,0.0,0.0,0.0,0.0,0.0,0.0,0.3846395486696206,38.87381824939431,027,27,gold,2,0,0,south,0,0,1,0,0,0,seasonal,1.045916526781632,1.6977346268727092,8.967898333472261,0
,28,[1238],17.502149086455574,94.25161382134837,mobile,1,0,0,reliable product delivery customer feedback,0,0.49623056257431153,0.49623056257431153,0.0,0.0,0.0,0.0,0.0,0.36143165764881946,0.36143165764881946,0.0,0.49623056257431153,0.0,0.0,0.0,0.0,37.608708868717045,027,28,bronze,0,0,0,south,0,0,1,0,0,0,seasonal,-0.15906816343311156,1.1913515087646593,35.71533052688037,0
,29,[1239],15.271167411905386,81.85093050292718,web,2,0,0,稳定 服务 区域 产品 反馈,0,0.0,0.0,0.5273316095198977,0.3846395486696206,0.5273316095198977,0.0,0.3846395486696206,0.0,0.0,0.0,0.0,0.0,0.0,0.0,0.3846395486696206,42.560924243797984,027,29,silver,1,0,0,south,0,0,1,0,0,0,seasonal,0.49565785395735457,-1.3407862758427287,29.003158679874204,0
"[""correlated_metric""]",30,[1240],14.34188452252699,93.5550097357834,web,2,0,0,reliable product delivery customer feedback,0,0.49623056257431153,0.49623056257431153,0.0,0.0,0.0,0.0,0.0,0.36143165764881946,0.36143165764881946,0.0,0.49623056257431153,0.0,0.0,0.0,0.0,39.428519066007965,027,30,bronze,0,0,0,south,0,0,1,0,0,0,seasonal,-0.44752015097564124,-0.067504390794968,123.466732178707,0
"[""spend"", ""correlated_metric""]",31,[1241],15.798845576461208,98.57469402257259,mobile,1,0,0,stable service regional product feedback,0,0.0,0.0,0.0,0.0,0.0,0.0,0.0,0.3498721264495162,0.3498721264495162,0.5017233601190293,0.0,0.5017233601190293,0.5017233601190293,0.0,0.0,38.96006213540383,027,31,gold,2,0,0,south,0,0,1,0,0,0,seasonal,-0.8919628102715396,-0.20763770793100167,16.709832367536805,0
,32,[1242],17.527141547777894,91.87078121015576,api,0,0,0,稳定 服务 区域 产品 反馈,0,0.0,0.0,0.5273316095198977,0.3846395486696206,0.5273316095198977,0.0,0.3846395486696206,0.0,0.0,0.0,0.0,0.0,0.0,0.0,0.3846395486696206,41.75174600905462,027,32,gold,2,0,0,south,0,0,1,0,0,0,seasonal,0.7599629656723397,-0.46794001627255655,16.844950502125382,0
,33,[1243],20.576418533823016,94.27763267944022,mobile,1,0,0,稳定 服务 区域 产品 反馈,0,0.0,0.0,0.5273316095198977,0.3846395486696206,0.5273316095198977,0.0,0.3846395486696206,0.0,0.0,0.0,0.0,0.0,0.0,0.0,0.3846395486696206,42.43947982839506,027,33,gold,2,0,0,south,0,0,1,0,0,0,seasonal,1.0056878561131601,-0.6700541687779035,19.062412423538085,0
"[""spend"", ""correlated_metric""]",34,[1244],,94.67521030677555,mobile,1,0,0,reliable product delivery customer feedback,0,0.49623056257431153,0.49623056257431153,0.0,0.0,0.0,0.0,0.0,0.36143165764881946,0.36143165764881946,0.0,0.49623056257431153,0.0,0.0,0.0,0.0,41.07285698848035,027,34,gold,2,0,0,south,0,0,1,0,0,0,seasonal,1.94540517694087,-1.408788041974582,16.709832367536805,0
,35,[1245],19.845545539548837,90.21794116253847,web,2,0,0,stable service regional product feedback,0,0.0,0.0,0.0,0.0,0.0,0.0,0.0,0.3498721264495162,0.3498721264495162,0.5017233601190293,0.0,0.5017233601190293,0.5017233601190293,0.0,0.0,38.59442683285027,027,35,gold,2,0,0,south,0,0,1,0,0,0,seasonal,-1.345172366400954,-1.1826601923757136,43.711346498760086,0
,36,[1246],17.216042994727378,92.18208234124509,web,2,0,0,稳定 服务 区域 产品 反馈,0,0.0,0.0,0.5273316095198977,0.3846395486696206,0.5273316095198977,0.0,0.3846395486696206,0.0,0.0,0.0,0.0,0.0,0.0,0.0,0.3846395486696206,40.77192294526355,027,36,bronze,0,0,0,south,0,0,1,0,0,0,seasonal,0.13587243266303833,-0.6395732655044354,47.73185090738759,0
,37,[1247],,93.83259563173841,mobile,1,0,0,稳定 服务 区域 产品 反馈,0,0.0,0.0,0.5273316095198977,0.3846395486696206,0.5273316095198977,0.0,0.3846395486696206,0.0,0.0,0.0,0.0,0.0,0.0,0.0,0.3846395486696206,40.09041727758394,027,37,bronze,0,0,0,south,0,0,1,0,0,0,seasonal,,0.1928973387618481,40.92439073241274,0
,38,[1248],14.809219826812326,93.15523895779354,mobile,1,0,0,稳定 产品 交付 用户 反馈,0,0.0,0.0,0.0,0.37161931283827765,0.0,0.54115490341344,0.37161931283827765,0.0,0.0,0.0,0.0,0.0,0.0,0.54115490341344,0.37161931283827765,41.778566071412605,027,38,bronze,0,0,0,south,0,0,1,0,0,0,seasonal,0.595149768336276,-0.7889352827057395,63.34822184427573,0
,39,[1249],15.507746082017267,86.92444792566906,web,2,0,0,稳定 产品 交付 用户 反馈,0,0.0,0.0,0.0,0.37161931283827765,0.0,0.54115490341344,0.37161931283827765,0.0,0.0,0.0,0.0,0.0,0.0,0.54115490341344,0.37161931283827765,38.113361182385155,027,39,silver,1,0,0,south,0,0,1,0,0,0,seasonal,-0.35642060796101804,0.4280330181844837,7.517957785655225,0
,40,[1250],18.067012367230426,95.52205316198062,web,2,0,0,稳定 产品 交付 用户 反馈,0,0.0,0.0,0.0,0.37161931283827765,0.0,0.54115490341344,0.37161931283827765,0.0,0.0,0.0,0.0,0.0,0.0,0.54115490341344,0.37161931283827765,36.98467680430956,027,40,bronze,0,0,0,south,0,0,1,0,0,0,seasonal,-0.09348334839837641,1.3532319075094548,21.213741859160677,0
,41,[1251],20.015884649420443,91.35513283142056,api,0,0,0,reliable product delivery customer feedback,0,0.49623056257431153,0.49623056257431153,0.0,0.0,0.0,0.0,0.0,0.36143165764881946,0.36143165764881946,0.0,0.49623056257431153,0.0,0.0,0.0,0.0,35.91936690904146,027,41,gold,2,0,0,south,0,0,1,0,0,0,seasonal,-0.8699544947188306,1.4230934097458345,31.66065118147422,0
"[""capacity""]",42,[1252],20.87290760547774,92.0459844382169,mobile,1,0,0,stable service regional product feedback,0,0.0,0.0,0.0,0.0,0.0,0.0,0.0,0.3498721264495162,0.3498721264495162,0.5017233601190293,0.0,0.5017233601190293,0.5017233601190293,0.0,0.0,42.20604358173599,027,42,bronze,0,0,0,south,0,0,1,0,0,0,seasonal,1.592040659303926,0.2677916366243569,18.615293817251107,0
"[""capacity""]",43,[1253],19.59373881298802,92.0459844382169,api,0,0,0,稳定 产品 交付 用户 反馈,0,0.0,0.0,0.0,0.37161931283827765,0.0,0.54115490341344,0.37161931283827765,0.0,0.0,0.0,0.0,0.0,0.0,0.54115490341344,0.37161931283827765,37.17724267526253,027,43,gold,2,0,0,south,0,0,1,0,0,0,seasonal,-0.4462217819435406,0.9168180128194217,22.824843775364066,0
"[""correlated_metric""]",44,[1254],17.09983214565431,90.70673024437468,mobile,1,0,0,reliable product delivery customer feedback,0,0.49623056257431153,0.49623056257431153,0.0,0.0,0.0,0.0,0.0,0.36143165764881946,0.36143165764881946,0.0,0.49623056257431153,0.0,0.0,0.0,0.0,39.90105584503223,027,44,gold,2,0,0,south,0,0,1,0,0,0,seasonal,0.09074064705854303,-0.08261492219242768,55.479845103887754,0
,45,[1255],15.866452782359211,98.40103336985936,web,2,0,0,稳定 服务 区域 产品 反馈,0,0.0,0.0,0.5273316095198977,0.3846395486696206,0.5273316095198977,0.0,0.3846395486696206,0.0,0.0,0.0,0.0,0.0,0.0,0.0,0.3846395486696206,39.266541562370215,027,45,gold,2,0,0,south,0,0,1,0,0,0,seasonal,-0.2651063513177505,-0.1519600642843644,17.343103307072038,0
,46,[1256],14.951942293401869,89.5458156995567,api,0,0,0,稳定 产品 交付 用户 反馈,0,0.0,0.0,0.0,0.37161931283827765,0.0,0.54115490341344,0.37161931283827765,0.0,0.0,0.0,0.0,0.0,0.0,0.54115490341344,0.37161931283827765,40.93592038305261,027,46,gold,2,0,0,south,0,0,1,0,0,0,seasonal,0.01616475422761735,-0.7560977998818652,30.342722915604593,0
,47,[1257],15.994384071071053,92.31412333834136,api,0,0,0,stable service regional product feedback,0,0.0,0.0,0.0,0.0,0.0,0.0,0.0,0.3498721264495162,0.3498721264495162,0.5017233601190293,0.0,0.5017233601190293,0.5017233601190293,0.0,0.0,41.01805361160594,027,47,silver,1,0,0,new_region,0,0,0,0,0,1,seasonal,0.4874228462164497,-0.4977301958908415,8.894899034361924,0
"[""capacity""]",48,[1258],17.148988839621257,92.0459844382169,mobile,1,0,0,稳定 产品 交付 用户 反馈,0,0.0,0.0,0.0,0.37161931283827765,0.0,0.54115490341344,0.37161931283827765,0.0,0.0,0.0,0.0,0.0,0.0,0.54115490341344,0.37161931283827765,40.35069072624561,027,48,gold,2,0,0,south,0,0,1,0,0,0,seasonal,0.7390781522111187,0.4388269522792406,5.802912829711526,0
"[""correlated_metric""]",1,[1259],22.394107347874336,113.20518201765528,api,0,0,0,稳定 产品 交付 用户 反馈,0,0.0,0.0,0.0,0.37161931283827765,0.0,0.54115490341344,0.37161931283827765,0.0,0.0,0.0,0.0,0.0,0.0,0.54115490341344,0.37161931283827765,33.45271943392492,028,1,gold,2,0,0,west,0,0,0,1,0,0,seasonal,-1.0966833030587653,-0.2445652720350929,22.079937124299615,0
,2,[1260],23.37406348202413,98.69127813826829,web,2,0,0,稳定 产品 交付 用户 反馈,0,0.0,0.0,0.0,0.37161931283827765,0.0,0.54115490341344,0.37161931283827765,0.0,0.0,0.0,0.0,0.0,0.0,0.54115490341344,0.37161931283827765,31.876608175408602,028,2,silver,1,0,0,west,0,0,0,1,0,0,seasonal,0.41363128800329896,0.7003867584031946,34.73982504043284,0
"[""correlated_metric""]",3,[1261],22.340177580194005,112.80411812214292,api,0,0,0,稳定 产品 交付 用户 反馈,0,0.0,0.0,0.0,0.37161931283827765,0.0,0.54115490341344,0.37161931283827765,0.0,0.0,0.0,0.0,0.0,0.0,0.54115490341344,0.37161931283827765,34.48482334596705,028,3,gold,2,0,0,west,0,0,0,1,0,0,seasonal,0.1174989873322199,-1.9580885163192885,8.910994812170367,0
"[""spend""]",4,[1262],20.238464614726393,111.20188693583133,web,2,0,0,稳定 服务 区域 产品 反馈,0,0.0,0.0,0.5273316095198977,0.3846395486696206,0.5273316095198977,0.0,0.3846395486696206,0.0,0.0,0.0,0.0,0.0,0.0,0.0,0.3846395486696206,32.47158915375548,028,4,gold,2,0,0,west,0,0,0,1,0,0,seasonal,-0.17247314713244316,-0.018956899863187587,22.98913233339297,0
,5,[1263],17.811629711945034,109.72555945800643,web,2,0,0,稳定 服务 区域 产品 反馈,0,0.0,0.0,0.5273316095198977,0.3846395486696206,0.5273316095198977,0.0,0.3846395486696206,0.0,0.0,0.0,0.0,0.0,0.0,0.0,0.3846395486696206,26.566764903681655,028,5,silver,1,0,0,west,0,0,0,1,0,0,seasonal,-1.8163791864786307,1.7699484032617565,28.51854927214209,0
,6,[1264],18.280845924963064,114.04663728135479,mobile,1,0,0,reliable product delivery customer feedback,0,0.49623056257431153,0.49623056257431153,0.0,0.0,0.0,0.0,0.0,0.36143165764881946,0.36143165764881946,0.0,0.49623056257431153,0.0,0.0,0.0,0.0,33.63658579841079,028,6,bronze,0,0,0,west,0,0,0,1,0,0,seasonal,0.5327783213908456,-0.20869129619582807,12.787972346128177,0
"[""spend""]",7,[1265],18.459103125114584,114.44075323197951,api,0,0,0,稳定 服务 区域 产品 反馈,0,0.0,0.0,0.5273316095198977,0.3846395486696206,0.5273316095198977,0.0,0.3846395486696206,0.0,0.0,0.0,0.0,0.0,0.0,0.0,0.3846395486696206,32.94599819439804,028,7,bronze,0,0,0,west,0,0,0,1,0,0,seasonal,0.29707484862558636,-0.022895994226184397,22.98913233339297,0
,8,[1266],20.277906063702336,110.06186176671916,api,0,0,0,stable service regional product feedback,0,0.0,0.0,0.0,0.0,0.0,0.0,0.0,0.3498721264495162,0.3498721264495162,0.5017233601190293,0.0,0.5017233601190293,0.5017233601190293,0.0,0.0,27.280989806301488,028,8,silver,1,0,0,west,0,0,0,1,0,0,seasonal,-1.3666584830456439,1.7188304767130047,163.55332051693165,0
"[""capacity""]",9,[1267],21.977114501067668,111.66980771135648,api,0,0,0,reliable product delivery customer feedback,0,0.49623056257431153,0.49623056257431153,0.0,0.0,0.0,0.0,0.0,0.36143165764881946,0.36143165764881946,0.0,0.49623056257431153,0.0,0.0,0.0,0.0,32.234297114513744,028,9,silver,1,0,0,west,0,0,0,1,0,0,seasonal,-0.2859800544267492,-0.281631487969568,12.224675840103192,0
,11,[1268],22.092677453898915,111.57643841204649,mobile,1,0,0,稳定 产品 交付 用户 反馈,0,0.0,0.0,0.0,0.37161931283827765,0.0,0.54115490341344,0.37161931283827765,0.0,0.0,0.0,0.0,0.0,0.0,0.54115490341344,0.37161931283827765,33.52313334983757,028,11,silver,1,0,0,west,0,0,0,1,0,0,seasonal,0.4733396511845101,-0.12042871379038353,15.181311400596606,0
,12,[1269],20.010475060389812,106.99562437751592,mobile,1,0,0,稳定 产品 交付 用户 反馈,0,0.0,0.0,0.0,0.37161931283827765,0.0,0.54115490341344,0.37161931283827765,0.0,0.0,0.0,0.0,0.0,0.0,0.54115490341344,0.37161931283827765,35.06312825063858,028,12,silver,1,0,0,west,0,0,0,1,0,0,seasonal,0.7420533597859351,-0.778662289854882,24.557738125283308,0
,13,[1270],18.259988629970422,113.2519055191088,web,2,0,0,stable service regional product feedback,0,0.0,0.0,0.0,0.0,0.0,0.0,0.0,0.3498721264495162,0.3498721264495162,0.5017233601190293,0.0,0.5017233601190293,0.5017233601190293,0.0,0.0,26.868555865562357,028,13,silver,1,0,0,west,0,0,0,1,0,0,seasonal,-0.7647219438143924,2.5861833792815268,23.898327542486324,0
"[""correlated_metric""]",14,[1271],,118.72927973220494,web,2,0,0,稳定 服务 区域 产品 反馈,0,0.0,0.0,0.5273316095198977,0.3846395486696206,0.5273316095198977,0.0,0.3846395486696206,0.0,0.0,0.0,0.0,0.0,0.0,0.0,0.3846395486696206,35.42749423025018,028,14,gold,2,0,0,west,0,0,0,1,0,0,seasonal,1.7224143273180341,-1.1516451014104387,12.682071618912547,0
,15,[1272],18.588855985039125,117.06428022156763,api,0,0,0,稳定 服务 区域 产品 反馈,0,0.0,0.0,0.5273316095198977,0.3846395486696206,0.5273316095198977,0.0,0.3846395486696206,0.0,0.0,0.0,0.0,0.0,0.0,0.0,0.3846395486696206,34.40731631495881,028,15,gold,2,0,0,west,0,0,0,1,0,0,seasonal,0.22264574442765508,-0.9301002426492353,31.60009134864417,0
"[""spend""]",16,[1273],19.893380312878463,111.5825027445892,web,2,0,0,reliable product delivery customer feedback,0,0.49623056257431153,0.49623056257431153,0.0,0.0,0.0,0.0,0.0,0.36143165764881946,0.36143165764881946,0.0,0.49623056257431153,0.0,0.0,0.0,0.0,35.86832905359647,028,16,bronze,0,0,0,west,0,0,0,1,0,0,seasonal,,-1.2665231531548962,22.98913233339297,0
"[""correlated_metric""]",17,[1274],21.729432817654455,107.87113092450016,api,0,0,0,reliable product delivery customer feedback,0,0.49623056257431153,0.49623056257431153,0.0,0.0,0.0,0.0,0.0,0.36143165764881946,0.36143165764881946,0.0,0.49623056257431153,0.0,0.0,0.0,0.0,32.19150958422928,028,17,gold,2,0,0,west,0,0,0,1,0,0,seasonal,0.4645021462882691,0.6856551590017805,15.671240058136235,0
,18,[1275],23.21384162154862,115.39054426610303,web,2,0,0,stable service regional product feedback,0,0.0,0.0,0.0,0.0,0.0,0.0,0.0,0.3498721264495162,0.3498721264495162,0.5017233601190293,0.0,0.5017233601190293,0.5017233601190293,0.0,0.0,29.029979357274136,028,18,bronze,0,0,0,west,0,0,0,1,0,0,seasonal,-0.2889749091762263,2.0797862768427726,20.60585456755732,0
"[""spend""]",20,[1276],19.582556779696866,112.49609760663506,api,0,0,0,稳定 服务 区域 产品 反馈,0,0.0,0.0,0.5273316095198977,0.3846395486696206,0.5273316095198977,0.0,0.3846395486696206,0.0,0.0,0.0,0.0,0.0,0.0,0.0,0.3846395486696206,34.0914257512608,028,20,bronze,0,0,0,west,0,0,0,1,0,0,seasonal,,0.3886915027378705,22.98913233339297,0
"[""correlated_metric""]",21,[1277],18.009490614175302,117.50841768557582,web,2,0,0,稳定 服务 区域 产品 反馈,0,0.0,0.0,0.5273316095198977,0.3846395486696206,0.5273316095198977,0.0,0.3846395486696206,0.0,0.0,0.0,0.0,0.0,0.0,0.0,0.3846395486696206,32.214799950255326,028,21,bronze,0,0,0,west,0,0,0,1,0,0,seasonal,-1.1396061332238614,-0.05896984090198775,57.62217908388692,0
,22,[1278],17.573061873845067,110.08205837041181,web,2,0,0,稳定 产品 交付 用户 反馈,0,0.0,0.0,0.0,0.37161931283827765,0.0,0.54115490341344,0.37161931283827765,0.0,0.0,0.0,0.0,0.0,0.0,0.54115490341344,0.37161931283827765,33.88545322032729,028,22,silver,1,0,0,west,0,0,0,1,0,0,seasonal,0.5602468256988333,0.07349612480923134,87.64865274965803,0
,23,[1279],17.96601592545135,104.66031928761156,mobile,1,0,0,稳定 服务 区域 产品 反馈,0,0.0,0.0,0.5273316095198977,0.3846395486696206,0.5273316095198977,0.0,0.3846395486696206,0.0,0.0,0.0,0.0,0.0,0.0,0.0,0.3846395486696206,39.57466961599226,028,23,silver,1,0,0,west,0,0,0,1,0,0,seasonal,2.587774298523837,,47.27929215705388,0
,24,[1280],,111.15474096792333,api,0,0,0,稳定 服务 区域 产品 反馈,0,0.0,0.0,0.5273316095198977,0.3846395486696206,0.5273316095198977,0.0,0.3846395486696206,0.0,0.0,0.0,0.0,0.0,0.0,0.0,0.3846395486696206,37.127932311680865,028,24,bronze,0,0,0,west,0,0,0,1,0,0,seasonal,1.0839909872672302,-1.597171652624597,21.408014358537176,0
,25,[1281],22.734662432676693,108.38935134075352,web,2,0,0,reliable product delivery customer feedback,0,0.49623056257431153,0.49623056257431153,0.0,0.0,0.0,0.0,0.0,0.36143165764881946,0.36143165764881946,0.0,0.49623056257431153,0.0,0.0,0.0,0.0,29.339976046675567,028,25,gold,2,0,0,west,0,0,0,1,0,0,seasonal,-0.9207832195233359,1.016580880772241,20.49611549346235,0
,26,[1282],22.79232886906889,121.27170380111566,api,0,0,0,稳定 服务 区域 产品 反馈,0,0.0,0.0,0.5273316095198977,0.3846395486696206,0.5273316095198977,0.0,0.3846395486696206,0.0,0.0,0.0,0.0,0.0,0.0,0.0,0.3846395486696206,32.958113167846854,028,26,silver,1,0,0,west,0,0,0,1,0,0,seasonal,0.931714637072568,0.7573424696861845,6.018689938661157,0
"[""capacity""]",27,[1283],22.04508031433835,111.66980771135648,api,0,0,0,reliable product delivery customer feedback,0,0.49623056257431153,0.49623056257431153,0.0,0.0,0.0,0.0,0.0,0.36143165764881946,0.36143165764881946,0.0,0.49623056257431153,0.0,0.0,0.0,0.0,30.410787550176863,028,27,bronze,0,0,0,west,0,0,0,1,0,0,seasonal,0.4901066627277121,2.0847572888595978,11.308368419123513,0
"[""spend""]",29,[1284],17.51250379553966,111.33427500221984,mobile,1,0,0,reliable product delivery customer feedback,0,0.49623056257431153,0.49623056257431153,0.0,0.0,0.0,0.0,0.0,0.36143165764881946,0.36143165764881946,0.0,0.49623056257431153,0.0,0.0,0.0,0.0,31.967633690087357,028,29,bronze,0,0,0,west,0,0,0,1,0,0,seasonal,-0.6482024151676308,-0.3530082094906645,22.98913233339297,0
"[""spend""]",30,[1285],16.97152355306653,112.61079524064517,mobile,1,0,0,stable service regional product feedback,0,0.0,0.0,0.0,0.0,0.0,0.0,0.0,0.3498721264495162,0.3498721264495162,0.5017233601190293,0.0,0.5017233601190293,0.5017233601190293,0.0,0.0,31.495348580474733,028,30,gold,2,0,0,west,0,0,0,1,0,0,seasonal,-1.1087486417479437,-0.768512008312,22.98913233339297,0
,31,[1286],18.078819854045353,108.73979648476777,api,0,0,0,reliable product delivery customer feedback,0,0.49623056257431153,0.49623056257431153,0.0,0.0,0.0,0.0,0.0,0.36143165764881946,0.36143165764881946,0.0,0.49623056257431153,0.0,0.0,0.0,0.0,34.822047758826706,028,31,bronze,0,0,0,west,0,0,0,1,0,0,seasonal,0.9375112328152427,-0.14542500629042124,9.731440276746882,0
"[""capacity""]",32,[1287],20.12777300295042,111.66980771135648,api,0,0,0,stable service regional product feedback,0,0.0,0.0,0.0,0.0,0.0,0.0,0.0,0.3498721264495162,0.3498721264495162,0.5017233601190293,0.0,0.5017233601190293,0.5017233601190293,0.0,0.0,25.42554173538693,028,32,silver,1,0,0,west,0,0,0,1,0,0,seasonal,-2.1163594302273716,2.1561371259111506,58.12817757119255,0
,33,[1288],22.11175771268422,105.27614827878836,web,2,0,0,稳定 服务 区域 产品 反馈,0,0.0,0.0,0.5273316095198977,0.3846395486696206,0.5273316095198977,0.0,0.3846395486696206,0.0,0.0,0.0,0.0,0.0,0.0,0.0,0.3846395486696206,35.312098630398914,028,33,bronze,0,0,0,west,0,0,0,1,0,0,seasonal,0.6647921586002584,-0.9250318118314047,20.40452797393417,0
,34,[1289],22.763982068116768,113.04802208102208,mobile,1,0,0,稳定 产品 交付 用户 反馈,0,0.0,0.0,0.0,0.37161931283827765,0.0,0.54115490341344,0.37161931283827765,0.0,0.0,0.0,0.0,0.0,0.0,0.54115490341344,0.37161931283827765,32.00040699959853,028,34,bronze,0,0,0,west,0,0,0,1,0,0,seasonal,-0.19311206975192927,-0.23559650326471762,132.66354196060792,0
,35,[1290],22.129811891502435,114.0931339348235,mobile,1,0,0,stable service regional product feedback,0,0.0,0.0,0.0,0.0,0.0,0.0,0.0,0.3498721264495162,0.3498721264495162,0.5017233601190293,0.0,0.5017233601190293,0.5017233601190293,0.0,0.0,35.08540287216493,028,35,bronze,0,0,0,west,0,0,0,1,0,0,seasonal,0.8343357366852296,-0.45628675879824504,33.39694511256049,0
"[""capacity""]",36,[1291],19.641910341555942,111.66980771135648,api,0,0,0,reliable product delivery customer feedback,0,0.49623056257431153,0.49623056257431153,0.0,0.0,0.0,0.0,0.0,0.36143165764881946,0.36143165764881946,0.0,0.49623056257431153,0.0,0.0,0.0,0.0,30.001223743404303,028,36,silver,1,0,0,west,0,0,0,1,0,0,seasonal,-0.8942520275133916,0.5439766776626556,15.100592707815816,0
,37,[1292],18.197459681870477,108.86041073051724,web,2,0,0,稳定 服务 区域 产品 反馈,0,0.0,0.0,0.5273316095198977,0.3846395486696206,0.5273316095198977,0.0,0.3846395486696206,0.0,0.0,0.0,0.0,0.0,0.0,0.0,0.3846395486696206,32.36529254873724,028,37,gold,2,0,0,new_region,0,0,0,0,0,1,seasonal,-0.49824229111994917,-0.5132415644002856,95.07632582826658,0
,38,[1293],18.067117045996525,107.72688195391254,mobile,1,0,0,稳定 产品 交付 用户 反馈,0,0.0,0.0,0.0,0.37161931283827765,0.0,0.54115490341344,0.37161931283827765,0.0,0.0,0.0,0.0,0.0,0.0,0.54115490341344,0.37161931283827765,28.477720959757505,028,38,silver,1,0,0,new_region,0,0,0,0,0,1,seasonal,-1.5776910401659452,0.38696538781071976,21.505013906969193,0
"[""correlated_metric""]",39,[1294],17.91221164307284,108.80798486610365,api,0,0,0,稳定 产品 交付 用户 反馈,0,0.0,0.0,0.0,0.37161931283827765,0.0,0.54115490341344,0.37161931283827765,0.0,0.0,0.0,0.0,0.0,0.0,0.54115490341344,0.37161931283827765,32.6500226317455,028,39,gold,2,0,0,west,0,0,0,1,0,0,seasonal,0.687020965882622,0.9028011147270336,63.556240251408596,0
,41,[1295],22.922585315376757,108.64454491202748,web,2,0,0,reliable product delivery customer feedback,0,0.49623056257431153,0.49623056257431153,0.0,0.0,0.0,0.0,0.0,0.36143165764881946,0.36143165764881946,0.0,0.49623056257431153,0.0,0.0,0.0,0.0,34.851990694168315,028,41,bronze,0,0,0,west,0,0,0,1,0,0,seasonal,1.6907942412532904,0.863786588568917,17.002264804135958,0
"[""spend""]",42,[1296],23.370368099639713,113.00981974176977,mobile,1,0,0,stable service regional product feedback,0,0.0,0.0,0.0,0.0,0.0,0.0,0.0,0.3498721264495162,0.3498721264495162,0.5017233601190293,0.0,0.5017233601190293,0.5017233601190293,0.0,0.0,32.552815234987776,028,42,gold,2,0,0,west,0,0,0,1,0,0,seasonal,-0.07972414901434277,,22.98913233339297,0
,43,[1297],21.935923329414024,118.26731007519531,api,0,0,0,稳定 产品 交付 用户 反馈,0,0.0,0.0,0.0,0.37161931283827765,0.0,0.54115490341344,0.37161931283827765,0.0,0.0,0.0,0.0,0.0,0.0,0.54115490341344,0.37161931283827765,34.553119683297325,028,43,bronze,0,0,0,west,0,0,0,1,0,0,seasonal,1.4267112190992295,0.6480627821737827,10.58273125364369,0
,44,[1298],20.78984883732491,109.48033260850531,web,2,0,0,稳定 产品 交付 用户 反馈,0,0.0,0.0,0.0,0.37161931283827765,0.0,0.54115490341344,0.37161931283827765,0.0,0.0,0.0,0.0,0.0,0.0,0.54115490341344,0.37161931283827765,30.381943105399657,028,44,bronze,0,0,0,west,0,0,0,1,0,0,seasonal,-0.46524979437908603,0.8931032377863337,8.989255316417015,0
"[""spend""]",45,[1299],18.623636504468447,107.32250798251576,web,2,0,0,stable service regional product feedback,0,0.0,0.0,0.0,0.0,0.0,0.0,0.0,0.3498721264495162,0.3498721264495162,0.5017233601190293,0.0,0.5017233601190293,0.5017233601190293,0.0,0.0,31.663767158628584,028,45,silver,1,0,0,west,0,0,0,1,0,0,seasonal,-0.1448808379374738,0.5152833002038493,22.98913233339297,0
,46,[1300],17.333998156576357,113.75354088234239,web,2,0,0,稳定 产品 交付 用户 反馈,0,0.0,0.0,0.0,0.37161931283827765,0.0,0.54115490341344,0.37161931283827765,0.0,0.0,0.0,0.0,0.0,0.0,0.54115490341344,0.37161931283827765,32.74770436246258,028,46,gold,2,0,0,west,0,0,0,1,0,0,seasonal,0.5955663215403871,0.7566481973708579,51.22097209792096,0
,47,[1301],18.115431860485884,116.70745966076875,web,2,0,0,稳定 服务 区域 产品 反馈,0,0.0,0.0,0.5273316095198977,0.3846395486696206,0.5273316095198977,0.0,0.3846395486696206,0.0,0.0,0.0,0.0,0.0,0.0,0.0,0.3846395486696206,32.472667138808276,028,47,gold,2,0,0,new_region,0,0,0,0,0,1,seasonal,-0.8832524456816528,-1.1941058817823462,16.647314351643466,0
,48,[1302],20.624566883422155,109.6861029543785,web,2,0,0,稳定 服务 区域 产品 反馈,0,0.0,0.0,0.5273316095198977,0.3846395486696206,0.5273316095198977,0.0,0.3846395486696206,0.0,0.0,0.0,0.0,0.0,0.0,0.0,0.3846395486696206,32.731564400567905,028,48,gold,2,0,0,west,0,0,0,1,0,0,seasonal,0.34442789153021575,0.3118660760276426,106.34805452847584,0
,9,[1303],19.105594406285356,113.32134107635433,web,2,0,0,稳定 产品 交付 用户 反馈,0,0.0,0.0,0.0,0.37161931283827765,0.0,0.54115490341344,0.37161931283827765,0.0,0.0,0.0,0.0,0.0,0.0,0.54115490341344,0.37161931283827765,21.16042839619905,029,9,silver,1,0,0,north,0,1,0,0,0,0,late_entry,-2.6428520635192108,0.4920498338916471,23.191319302844683,0
,10,[1304],19.024004674124942,112.81365016281812,api,0,0,0,稳定 服务 区域 产品 反馈,0,0.0,0.0,0.5273316095198977,0.3846395486696206,0.5273316095198977,0.0,0.3846395486696206,0.0,0.0,0.0,0.0,0.0,0.0,0.0,0.3846395486696206,30.06191851454126,029,10,silver,1,0,0,north,0,1,0,0,0,0,late_entry,0.3279124109612985,-1.4442721784370391,9.259480289227238,0
,11,[1305],18.996527393896972,120.1173817076999,mobile,1,0,0,stable service regional product feedback,0,0.0,0.0,0.0,0.0,0.0,0.0,0.0,0.3498721264495162,0.3498721264495162,0.5017233601190293,0.0,0.5017233601190293,0.5017233601190293,0.0,0.0,26.350624978181724,029,11,bronze,0,0,0,north,0,1,0,0,0,0,late_entry,-0.6165835730806161,-0.08999270663551118,29.019062256675685,0
"[""capacity""]",12,[1306],19.152212734970224,114.00231219183054,mobile,1,0,0,稳定 服务 区域 产品 反馈,0,0.0,0.0,0.5273316095198977,0.3846395486696206,0.5273316095198977,0.0,0.3846395486696206,0.0,0.0,0.0,0.0,0.0,0.0,0.0,0.3846395486696206,26.81259177142878,029,12,silver,1,0,0,north,0,1,0,0,0,0,late_entry,-0.9114823753897104,-1.0075250766577764,50.00280545340728,0
"[""spend""]",13,[1307],19.452069588152305,109.85257559051301,web,2,0,0,稳定 产品 交付 用户 反馈,0,0.0,0.0,0.0,0.37161931283827765,0.0,0.54115490341344,0.37161931283827765,0.0,0.0,0.0,0.0,0.0,0.0,0.54115490341344,0.37161931283827765,29.49717366111685,029,13,gold,2,0,0,north,0,1,0,0,0,0,late_entry,-0.08788368349109155,-1.5070309297905649,25.16328928347521,0
,14,[1308],19.460747052990737,114.21582237382917,api,0,0,0,稳定 服务 区域 产品 反馈,0,0.0,0.0,0.5273316095198977,0.3846395486696206,0.5273316095198977,0.0,0.3846395486696206,0.0,0.0,0.0,0.0,0.0,0.0,0.0,0.3846395486696206,24.742005595618846,029,14,gold,2,0,0,north,0,1,0,0,0,0,late_entry,-0.6889855702772127,0.7093442303317472,12.080676155949439,0
,15,[1309],19.11732400557908,113.00894661935794,mobile,1,0,0,reliable product delivery customer feedback,0,0.49623056257431153,0.49623056257431153,0.0,0.0,0.0,0.0,0.0,0.36143165764881946,0.36143165764881946,0.0,0.49623056257431153,0.0,0.0,0.0,0.0,24.583733173008792,029,15,gold,2,0,0,north,0,1,0,0,0,0,late_entry,-1.0922083171684493,0.47037509358779345,27.13525926410573,0
"[""spend""]",16,[1310],,114.68646781224126,mobile,1,0,0,稳定 产品 交付 用户 反馈,0,0.0,0.0,0.0,0.37161931283827765,0.0,0.54115490341344,0.37161931283827765,0.0,0.0,0.0,0.0,0.0,0.0,0.54115490341344,0.37161931283827765,29.59090905273471,029,16,gold,2,0,0,north,0,1,0,0,0,0,late_entry,0.5773500239598343,-0.7813628740802987,25.16328928347521,0
,17,[1311],19.32720583949673,115.92498436602978,api,0,0,0,稳定 产品 交付 用户 反馈,0,0.0,0.0,0.0,0.37161931283827765,0.0,0.54115490341344,0.37161931283827765,0.0,0.0,0.0,0.0,0.0,0.0,0.54115490341344,0.37161931283827765,32.00642188549356,029,17,silver,1,0,0,north,0,1,0,0,0,0,late_entry,1.4952752063194215,-0.8047360628269292,6.978139146888344,0
,18,[1312],19.927650568108977,107.31961828775681,api,0,0,0,稳定 产品 交付 用户 反馈,0,0.0,0.0,0.0,0.37161931283827765,0.0,0.54115490341344,0.37161931283827765,0.0,0.0,0.0,0.0,0.0,0.0,0.54115490341344,0.37161931283827765,27.83094537489335,029,18,bronze,0,0,0,north,0,1,0,0,0,0,late_entry,-0.2515937333131855,-0.8261911974251998,15.017730653439775,0
"[""correlated_metric""]",19,[1313],19.03023607378654,114.41934645556452,api,0,0,0,稳定 产品 交付 用户 反馈,0,0.0,0.0,0.0,0.37161931283827765,0.0,0.54115490341344,0.37161931283827765,0.0,0.0,0.0,0.0,0.0,0.0,0.54115490341344,0.37161931283827765,25.627597768328776,029,19,bronze,0,0,0,north,0,1,0,0,0,0,late_entry,-0.36380976181058905,1.0562655329335122,3.314618114220316,0
,20,[1314],20.205051362017805,111.22939780763328,mobile,1,0,0,稳定 产品 交付 用户 反馈,0,0.0,0.0,0.0,0.37161931283827765,0.0,0.54115490341344,0.37161931283827765,0.0,0.0,0.0,0.0,0.0,0.0,0.54115490341344,0.37161931283827765,26.214039201140444,029,20,bronze,0,0,0,north,0,1,0,0,0,0,late_entry,-0.14155166613508782,0.591732272682988,79.31419057278733,0
,21,[1315],19.02715238607297,112.23957429239975,mobile,1,0,0,稳定 服务 区域 产品 反馈,0,0.0,0.0,0.5273316095198977,0.3846395486696206,0.5273316095198977,0.0,0.3846395486696206,0.0,0.0,0.0,0.0,0.0,0.0,0.0,0.3846395486696206,29.903437561047514,029,21,silver,1,0,0,north,0,1,0,0,0,0,late_entry,0.6383726769596612,-0.9255381264653516,16.022440045032187,0
,22,[1316],,112.91683522241543,api,0,0,0,稳定 产品 交付 用户 反馈,0,0.0,0.0,0.0,0.37161931283827765,0.0,0.54115490341344,0.37161931283827765,0.0,0.0,0.0,0.0,0.0,0.0,0.54115490341344,0.37161931283827765,27.880046198277025,029,22,silver,1,0,0,north,0,1,0,0,0,0,late_entry,,,11.770792863117293,0
,23,[1317],19.337276141004775,119.54698213950942,mobile,1,0,0,稳定 产品 交付 用户 反馈,0,0.0,0.0,0.0,0.37161931283827765,0.0,0.54115490341344,0.37161931283827765,0.0,0.0,0.0,0.0,0.0,0.0,0.54115490341344,0.37161931283827765,28.216870253633886,029,23,gold,2,0,0,north,0,1,0,0,0,0,late_entry,1.0733521939491855,0.9232237889711359,14.0304292393643,0
"[""correlated_metric""]",24,[1318],,106.86803355460962,web,2,0,0,稳定 产品 交付 用户 反馈,0,0.0,0.0,0.0,0.37161931283827765,0.0,0.54115490341344,0.37161931283827765,0.0,0.0,0.0,0.0,0.0,0.0,0.54115490341344,0.37161931283827765,24.742055790603022,029,24,silver,1,0,0,north,0,1,0,0,0,0,late_entry,-1.003584199551025,0.7809635527802833,4.941020683129611,0
,25,[1319],19.72270878679429,114.66701766669941,mobile,1,0,0,稳定 产品 交付 用户 反馈,0,0.0,0.0,0.0,0.37161931283827765,0.0,0.54115490341344,0.37161931283827765,0.0,0.0,0.0,0.0,0.0,0.0,0.54115490341344,0.37161931283827765,26.074453127356158,029,25,silver,1,0,0,north,0,1,0,0,0,0,late_entry,0.0030552906075877163,0.6640618893886827,12.048878093572887,0
"[""spend""]",26,[1320],18.96415067276688,110.66969105561775,web,2,0,0,reliable product delivery customer feedback,0,0.49623056257431153,0.49623056257431153,0.0,0.0,0.0,0.0,0.0,0.36143165764881946,0.36143165764881946,0.0,0.49623056257431153,0.0,0.0,0.0,0.0,24.874460182687482,029,26,gold,2,0,0,north,0,1,0,0,0,0,late_entry,-1.0600031403661752,0.18733945595648496,25.16328928347521,0
"[""spend""]",27,[1321],19.29507748729368,114.07878352376153,web,2,0,0,stable service regional product feedback,0,0.0,0.0,0.0,0.0,0.0,0.0,0.0,0.3498721264495162,0.3498721264495162,0.5017233601190293,0.0,0.5017233601190293,0.5017233601190293,0.0,0.0,23.269978566403427,029,27,bronze,0,0,0,north,0,1,0,0,0,0,late_entry,-0.2222985486053838,2.2261947752013094,25.16328928347521,0
,28,[1322],19.669765708733912,109.09521959131509,mobile,1,0,0,稳定 产品 交付 用户 反馈,0,0.0,0.0,0.0,0.37161931283827765,0.0,0.54115490341344,0.37161931283827765,0.0,0.0,0.0,0.0,0.0,0.0,0.54115490341344,0.37161931283827765,29.71394904238222,029,28,bronze,0,0,0,north,0,1,0,0,0,0,late_entry,1.4731218190184994,0.1687309672054366,6.949471417573759,0
,29,[1323],,120.18836047197999,api,0,0,0,reliable product delivery customer feedback,0,0.49623056257431153,0.49623056257431153,0.0,0.0,0.0,0.0,0.0,0.36143165764881946,0.36143165764881946,0.0,0.49623056257431153,0.0,0.0,0.0,0.0,27.5553942937455,029,29,bronze,0,0,0,north,0,1,0,0,0,0,late_entry,0.2947410482607433,0.27488825376645015,8.756211201898553,0
,30,[1324],19.500208959478616,109.32746619012313,mobile,1,0,0,稳定 服务 区域 产品 反馈,0,0.0,0.0,0.5273316095198977,0.3846395486696206,0.5273316095198977,0.0,0.3846395486696206,0.0,0.0,0.0,0.0,0.0,0.0,0.0,0.3846395486696206,21.027587004737427,029,30,gold,2,0,0,north,0,1,0,0,0,0,late_entry,-2.0783249867532247,1.5994496573691968,9.833807170963999,0
,31,[1325],18.70337711667878,110.88258866037152,api,0,0,0,稳定 产品 交付 用户 反馈,0,0.0,0.0,0.0,0.37161931283827765,0.0,0.54115490341344,0.37161931283827765,0.0,0.0,0.0,0.0,0.0,0.0,0.54115490341344,0.37161931283827765,27.051870080571547,029,31,silver,1,0,0,north,0,1,0,0,0,0,late_entry,1.1151318923564713,1.3423358751745078,37.752565825427936,0
,32,[1326],,106.3878520757209,api,0,0,0,稳定 服务 区域 产品 反馈,0,0.0,0.0,0.5273316095198977,0.3846395486696206,0.5273316095198977,0.0,0.3846395486696206,0.0,0.0,0.0,0.0,0.0,0.0,0.0,0.3846395486696206,24.973853212417605,029,32,silver,1,0,0,north,0,1,0,0,0,0,late_entry,-0.466163555241759,0.5908263102274838,21.49156993044167,0
,33,[1327],19.611510416222263,112.77033331040977,web,2,0,0,reliable product delivery customer feedback,0,0.49623056257431153,0.49623056257431153,0.0,0.0,0.0,0.0,0.0,0.36143165764881946,0.36143165764881946,0.0,0.49623056257431153,0.0,0.0,0.0,0.0,27.31061463128288,029,33,silver,1,0,0,north,0,1,0,0,0,0,late_entry,0.6306053660731299,0.5223398420389695,2.574019713369291,0
,34,[1328],18.946640420677312,111.80033240392888,mobile,1,0,0,稳定 产品 交付 用户 反馈,0,0.0,0.0,0.0,0.37161931283827765,0.0,0.54115490341344,0.37161931283827765,0.0,0.0,0.0,0.0,0.0,0.0,0.54115490341344,0.37161931283827765,27.491774288251776,029,34,bronze,0,0,0,north,0,1,0,0,0,0,late_entry,0.4613823019081198,0.43756141773705753,72.410698614689,0
,35,[1329],19.374732095204045,112.28526378908448,mobile,1,0,0,稳定 服务 区域 产品 反馈,0,0.0,0.0,0.5273316095198977,0.3846395486696206,0.5273316095198977,0.0,0.3846395486696206,0.0,0.0,0.0,0.0,0.0,0.0,0.0,0.3846395486696206,26.203125523205742,029,35,silver,1,0,0,north,0,1,0,0,0,0,late_entry,-0.3640007678690965,0.2871252704677608,38.22286926391459,0
,36,[1330],19.419194123351634,117.16600099180143,web,2,0,0,稳定 服务 区域 产品 反馈,0,0.0,0.0,0.5273316095198977,0.3846395486696206,0.5273316095198977,0.0,0.3846395486696206,0.0,0.0,0.0,0.0,0.0,0.0,0.0,0.3846395486696206,27.89296247562703,029,36,bronze,0,0,0,new_region,0,0,0,0,0,1,late_entry,0.3656656235092407,-0.0985420624657441,216.9429040624339,0
,37,[1331],19.221844574778956,112.62188266195587,api,0,0,0,稳定 服务 区域 产品 反馈 量子 推荐 hyperpersonalised,0,0.0,0.0,0.5273316095198977,0.3846395486696206,0.5273316095198977,0.0,0.3846395486696206,0.0,0.0,0.0,0.0,0.0,0.0,0.0,0.3846395486696206,25.727414578848453,029,37,gold,2,0,0,north,0,1,0,0,0,0,late_entry,-1.1161358160975718,-0.3519166962167977,42.52159142983652,0
,38,[1332],18.698364794197254,111.67241659830869,api,0,0,0,reliable product delivery customer feedback,0,0.49623056257431153,0.49623056257431153,0.0,0.0,0.0,0.0,0.0,0.36143165764881946,0.36143165764881946,0.0,0.49623056257431153,0.0,0.0,0.0,0.0,25.05553076638879,029,38,gold,2,0,0,north,0,1,0,0,0,0,late_entry,-0.018161815286010564,1.424400275935692,11.49769144859191,0
,39,[1333],18.985914639990245,108.24942912705934,mobile,1,0,0,reliable product delivery customer feedback,0,0.49623056257431153,0.49623056257431153,0.0,0.0,0.0,0.0,0.0,0.36143165764881946,0.36143165764881946,0.0,0.49623056257431153,0.0,0.0,0.0,0.0,30.918684915375238,029,39,silver,1,0,0,north,0,1,0,0,0,0,late_entry,2.3905940129641365,0.8104512153330009,7.016232511997498,0
,40,[1334],20.19576161461694,113.5022313211095,mobile,1,0,0,stable service regional product feedback,0,0.0,0.0,0.0,0.0,0.0,0.0,0.0,0.3498721264495162,0.3498721264495162,0.5017233601190293,0.0,0.5017233601190293,0.5017233601190293,0.0,0.0,30.586843513078424,029,40,silver,1,0,0,north,0,1,0,0,0,0,late_entry,0.3588698584518738,-1.7382707015496042,35.46593452992629,0
,41,[1335],,114.9645927393188,mobile,1,0,0,稳定 产品 交付 用户 反馈,0,0.0,0.0,0.0,0.37161931283827765,0.0,0.54115490341344,0.37161931283827765,0.0,0.0,0.0,0.0,0.0,0.0,0.54115490341344,0.37161931283827765,21.38813195242106,029,41,gold,2,0,0,north,0,1,0,0,0,0,late_entry,-2.5558808378047897,0.3602878256194361,52.32110739687621,0
,42,[1336],19.710687676995022,115.16105175748964,web,2,0,0,stable service regional product feedback,0,0.0,0.0,0.0,0.0,0.0,0.0,0.0,0.3498721264495162,0.3498721264495162,0.5017233601190293,0.0,0.5017233601190293,0.5017233601190293,0.0,0.0,25.532767131396675,029,42,bronze,0,0,0,north,0,1,0,0,0,0,late_entry,-0.8099116193865503,0.04236065771000213,19.13901098310885,0
"[""spend""]",43,[1337],,111.72274408946846,web,2,0,0,reliable product delivery customer feedback,0,0.49623056257431153,0.49623056257431153,0.0,0.0,0.0,0.0,0.0,0.36143165764881946,0.36143165764881946,0.0,0.49623056257431153,0.0,0.0,0.0,0.0,24.120769941236503,029,43,silver,1,0,0,north,0,1,0,0,0,0,late_entry,-0.48665855277597186,1.252030746618833,25.16328928347521,0
,44,[1338],19.058387372034712,119.46846414831599,api,0,0,0,稳定 服务 区域 产品 反馈,0,0.0,0.0,0.5273316095198977,0.3846395486696206,0.5273316095198977,0.0,0.3846395486696206,0.0,0.0,0.0,0.0,0.0,0.0,0.0,0.3846395486696206,27.458893185554366,029,44,bronze,0,0,0,north,0,1,0,0,0,0,late_entry,-1.2867916361472276,-1.762409768745876,14.757459652160046,0
,45,[1339],19.343889992142596,113.53183866151925,api,0,0,0,reliable product delivery customer feedback,0,0.49623056257431153,0.49623056257431153,0.0,0.0,0.0,0.0,0.0,0.36143165764881946,0.36143165764881946,0.0,0.49623056257431153,0.0,0.0,0.0,0.0,27.994263322787948,029,45,gold,2,0,0,north,0,1,0,0,0,0,late_entry,0.002958934639703822,-0.5715888074607178,22.773231479784286,0
,46,[1340],19.497628922409135,114.88624657722923,web,2,0,0,reliable product delivery customer feedback,0,0.49623056257431153,0.49623056257431153,0.0,0.0,0.0,0.0,0.0,0.36143165764881946,0.36143165764881946,0.0,0.49623056257431153,0.0,0.0,0.0,0.0,29.47683843723301,029,46,bronze,0,0,0,north,0,1,0,0,0,0,late_entry,0.750893244546592,-0.6201466563180542,24.780196078293507,0
,47,[1341],19.128616410303614,110.20072250038174,mobile,1,0,0,稳定 产品 交付 用户 反馈,0,0.0,0.0,0.0,0.37161931283827765,0.0,0.54115490341344,0.37161931283827765,0.0,0.0,0.0,0.0,0.0,0.0,0.54115490341344,0.37161931283827765,26.207704354872355,029,47,silver,1,0,0,north,0,1,0,0,0,0,late_entry,0.36135196144060167,0.9635771993270568,76.1638763392282,0
"[""correlated_metric""]",48,[1342],19.350175746030455,108.83831668404011,mobile,1,0,0,稳定 服务 区域 产品 反馈,0,0.0,0.0,0.5273316095198977,0.3846395486696206,0.5273316095198977,0.0,0.3846395486696206,0.0,0.0,0.0,0.0,0.0,0.0,0.0,0.3846395486696206,28.8276625348256,029,48,silver,1,0,0,north,0,1,0,0,0,0,late_entry,1.1911432801564295,-2.759476865498685,50.739242460518014,0
,9,[1343],20.19808877945927,80.1942866154941,web,2,0,0,reliable product delivery customer feedback,0,0.49623056257431153,0.49623056257431153,0.0,0.0,0.0,0.0,0.0,0.36143165764881946,0.36143165764881946,0.0,0.49623056257431153,0.0,0.0,0.0,0.0,29.469841741532896,030,9,gold,2,0,0,east,1,0,0,0,0,0,late_entry,-0.604424712970969,0.7821856406436679,78.67980711822267,0
,10,[1344],19.297877678821898,85.37797866892615,api,0,0,0,stable service regional product feedback,0,0.0,0.0,0.0,0.0,0.0,0.0,0.0,0.3498721264495162,0.3498721264495162,0.5017233601190293,0.0,0.5017233601190293,0.5017233601190293,0.0,0.0,31.18648714078421,030,10,gold,2,0,0,east,1,0,0,0,0,0,late_entry,-0.5968962059669307,-0.2206815248217875,36.38607027967007,0
,11,[1345],,90.01152015289172,api,0,0,0,稳定 产品 交付 用户 反馈,0,0.0,0.0,0.0,0.37161931283827765,0.0,0.54115490341344,0.37161931283827765,0.0,0.0,0.0,0.0,0.0,0.0,0.54115490341344,0.37161931283827765,31.609667249313212,030,11,gold,2,0,0,east,1,0,0,0,0,0,late_entry,0.027793427485421397,0.3902454192678425,15.344410305311072,0
"[""capacity""]",12,[1346],18.939593679432775,85.06671244987942,mobile,1,0,0,稳定 服务 区域 产品 反馈,0,0.0,0.0,0.5273316095198977,0.3846395486696206,0.5273316095198977,0.0,0.3846395486696206,0.0,0.0,0.0,0.0,0.0,0.0,0.0,0.3846395486696206,30.14436470511589,030,12,bronze,0,0,0,east,1,0,0,0,0,0,late_entry,-1.1247490502207655,-0.354115937212277,52.648055746043966,0
,13,[1347],19.39709913236569,83.79841127902836,api,0,0,0,stable service regional product feedback,0,0.0,0.0,0.0,0.0,0.0,0.0,0.0,0.3498721264495162,0.3498721264495162,0.5017233601190293,0.0,0.5017233601190293,0.5017233601190293,0.0,0.0,32.43474487567996,030,13,gold,2,0,0,east,1,0,0,0,0,0,late_entry,-0.6963016833623737,-1.0912676667164316,27.955613743946895,0
,14,[1348],19.484935936674944,83.01814923251679,api,0,0,0,稳定 产品 交付 用户 反馈,0,0.0,0.0,0.0,0.37161931283827765,0.0,0.54115490341344,0.37161931283827765,0.0,0.0,0.0,0.0,0.0,0.0,0.54115490341344,0.37161931283827765,35.6257656175257,030,14,silver,1,0,0,east,1,0,0,0,0,0,late_entry,1.8373463330688682,-0.009880300783482173,40.046946108865825,0
"[""spend""]",15,[1349],19.203643228091888,86.19484001668786,web,2,0,0,stable service regional product feedback,0,0.0,0.0,0.0,0.0,0.0,0.0,0.0,0.3498721264495162,0.3498721264495162,0.5017233601190293,0.0,0.5017233601190293,0.5017233601190293,0.0,0.0,33.21554750125343,030,15,silver,1,0,0,east,1,0,0,0,0,0,late_entry,1.069763122408854,0.7338165036416826,38.216508194267945,0
"[""spend"", ""correlated_metric""]",16,[1350],19.325113032938834,86.871801183611,mobile,1,0,0,稳定 产品 交付 用户 反馈,0,0.0,0.0,0.0,0.37161931283827765,0.0,0.54115490341344,0.37161931283827765,0.0,0.0,0.0,0.0,0.0,0.0,0.54115490341344,0.37161931283827765,32.201294454816555,030,16,bronze,0,0,0,east,1,0,0,0,0,0,late_entry,0.560555315084926,-1.9456401059602941,38.216508194267945,0
,17,[1351],19.014963372237588,81.65141277826099,mobile,1,0,0,reliable product delivery customer feedback,0,0.49623056257431153,0.49623056257431153,0.0,0.0,0.0,0.0,0.0,0.36143165764881946,0.36143165764881946,0.0,0.49623056257431153,0.0,0.0,0.0,0.0,30.591140510272997,030,17,silver,1,0,0,east,1,0,0,0,0,0,late_entry,-0.6346011536857231,0.19060865772002472,20.367632074324877,0
,18,[1352],19.446531438512736,85.0570947604019,web,2,0,0,稳定 产品 交付 用户 反馈,0,0.0,0.0,0.0,0.37161931283827765,0.0,0.54115490341344,0.37161931283827765,0.0,0.0,0.0,0.0,0.0,0.0,0.54115490341344,0.37161931283827765,33.020016143607684,030,18,gold,2,0,0,east,1,0,0,0,0,0,late_entry,-0.11144748147003428,-0.7598073203177489,18.836760076465918,0
,19,[1353],19.73718899842891,91.6714154181107,mobile,1,0,0,reliable product delivery customer feedback,0,0.49623056257431153,0.49623056257431153,0.0,0.0,0.0,0.0,0.0,0.36143165764881946,0.36143165764881946,0.0,0.49623056257431153,0.0,0.0,0.0,0.0,35.03775919669802,030,19,bronze,0,0,0,east,1,0,0,0,0,0,late_entry,1.552236466122083,0.025310715323891755,59.20676410863458,0
"[""capacity""]",20,[1354],19.62764315292282,85.06671244987942,api,0,0,0,stable service regional product feedback,0,0.0,0.0,0.0,0.0,0.0,0.0,0.0,0.3498721264495162,0.3498721264495162,0.5017233601190293,0.0,0.5017233601190293,0.5017233601190293,0.0,0.0,35.07308142207041,030,20,silver,1,0,0,east,1,0,0,0,0,0,late_entry,-0.24611822733859465,-2.094285647946804,5.122767109630947,0
,21,[1355],19.467374060149936,92.17069702451316,web,2,0,0,稳定 服务 区域 产品 反馈,0,0.0,0.0,0.5273316095198977,0.3846395486696206,0.5273316095198977,0.0,0.3846395486696206,0.0,0.0,0.0,0.0,0.0,0.0,0.0,0.3846395486696206,34.09724860068924,030,21,silver,1,0,0,east,1,0,0,0,0,0,late_entry,0.57344229262982,-0.6223475488968017,8.850995483181633,0
,22,[1356],19.405540312252935,88.53119672383163,api,0,0,0,稳定 服务 区域 产品 反馈,0,0.0,0.0,0.5273316095198977,0.3846395486696206,0.5273316095198977,0.0,0.3846395486696206,0.0,0.0,0.0,0.0,0.0,0.0,0.0,0.3846395486696206,30.21488666480598,030,22,gold,2,0,0,east,1,0,0,0,0,0,late_entry,,-0.9696781310400555,4.1623988090263495,0
,23,[1357],19.816271051097367,88.27502710863008,api,0,0,0,稳定 服务 区域 产品 反馈,0,0.0,0.0,0.5273316095198977,0.3846395486696206,0.5273316095198977,0.0,0.3846395486696206,0.0,0.0,0.0,0.0,0.0,0.0,0.0,0.3846395486696206,32.4611050845686,030,23,bronze,0,0,0,east,1,0,0,0,0,0,late_entry,0.2810371889630935,0.15831537571549745,42.94891279194156,0
,24,[1358],19.470566220842944,91.9968723120455,mobile,1,0,0,稳定 服务 区域 产品 反馈,0,0.0,0.0,0.5273316095198977,0.3846395486696206,0.5273316095198977,0.0,0.3846395486696206,0.0,0.0,0.0,0.0,0.0,0.0,0.0,0.3846395486696206,32.908929189255495,030,24,bronze,0,0,0,east,1,0,0,0,0,0,late_entry,0.7304149692932348,0.26790100666807687,15.089817769970331,0
,25,[1359],19.613826417917224,90.07154813358841,web,2,0,0,稳定 产品 交付 用户 反馈,0,0.0,0.0,0.0,0.37161931283827765,0.0,0.54115490341344,0.37161931283827765,0.0,0.0,0.0,0.0,0.0,0.0,0.54115490341344,0.37161931283827765,28.61884901443379,030,25,gold,2,0,0,east,1,0,0,0,0,0,late_entry,-1.500038343301935,0.030050880820291614,1.7748554534883092,0
,26,[1360],19.811544459582265,94.31313930183082,mobile,1,0,0,stable service regional product feedback,0,0.0,0.0,0.0,0.0,0.0,0.0,0.0,0.3498721264495162,0.3498721264495162,0.5017233601190293,0.0,0.5017233601190293,0.5017233601190293,0.0,0.0,36.21296820493585,030,26,silver,1,0,0,east,1,0,0,0,0,0,late_entry,0.596040806806796,-1.4409965407603482,16.78044466063902,0
,27,[1361],18.802411230174755,85.6880399971075,api,0,0,0,稳定 服务 区域 产品 反馈,0,0.0,0.0,0.5273316095198977,0.3846395486696206,0.5273316095198977,0.0,0.3846395486696206,0.0,0.0,0.0,0.0,0.0,0.0,0.0,0.3846395486696206,34.81160138069613,030,27,gold,2,0,0,east,1,0,0,0,0,0,late_entry,0.40580298620356686,-1.252960110152357,19.37458343824394,0
,28,[1362],,86.33863226879798,mobile,1,0,0,稳定 产品 交付 用户 反馈,0,0.0,0.0,0.0,0.37161931283827765,0.0,0.54115490341344,0.37161931283827765,0.0,0.0,0.0,0.0,0.0,0.0,0.54115490341344,0.37161931283827765,33.534448931137895,030,28,gold,2,0,0,east,1,0,0,0,0,0,late_entry,1.1420864646225977,0.5740329057230861,12.621112549012281,0
,29,[1363],19.58655290834182,83.62360359104834,api,0,0,0,稳定 产品 交付 用户 反馈,0,0.0,0.0,0.0,0.37161931283827765,0.0,0.54115490341344,0.37161931283827765,0.0,0.0,0.0,0.0,0.0,0.0,0.54115490341344,0.37161931283827765,32.30401200936428,030,29,bronze,0,0,0,east,1,0,0,0,0,0,late_entry,-0.7295172477788848,-0.9570988165644226,60.574909603214664,0
,30,[1364],19.49063265353879,84.93597948867244,mobile,1,0,0,稳定 产品 交付 用户 反馈,0,0.0,0.0,0.0,0.37161931283827765,0.0,0.54115490341344,0.37161931283827765,0.0,0.0,0.0,0.0,0.0,0.0,0.54115490341344,0.37161931283827765,31.048938304962746,030,30,silver,1,0,0,east,1,0,0,0,0,0,late_entry,-0.4098186548884812,-0.0370542009142059,31.88471806133114,0
,31,[1365],19.11277569486562,90.22196680522377,api,0,0,0,reliable product delivery customer feedback,0,0.49623056257431153,0.49623056257431153,0.0,0.0,0.0,0.0,0.0,0.36143165764881946,0.36143165764881946,0.0,0.49623056257431153,0.0,0.0,0.0,0.0,32.23615832857839,030,31,bronze,0,0,0,east,1,0,0,0,0,0,late_entry,0.4330391209529797,0.5623479381134698,28.619477761842553,0
,32,[1366],19.761114325385787,90.31454131547805,mobile,1,0,0,reliable product delivery customer feedback,0,0.49623056257431153,0.49623056257431153,0.0,0.0,0.0,0.0,0.0,0.36143165764881946,0.36143165764881946,0.0,0.49623056257431153,0.0,0.0,0.0,0.0,31.097770361075877,030,32,bronze,0,0,0,east,1,0,0,0,0,0,late_entry,-1.0613469266954159,-0.7872332456494506,79.32932972860326,0
,33,[1367],19.148915725231863,84.13337938913605,web,2,0,0,stable service regional product feedback,0,0.0,0.0,0.0,0.0,0.0,0.0,0.0,0.3498721264495162,0.3498721264495162,0.5017233601190293,0.0,0.5017233601190293,0.5017233601190293,0.0,0.0,31.629743849090957,030,33,gold,2,0,0,east,1,0,0,0,0,0,late_entry,-0.44927691549474785,-0.2693730086092374,16.058618041334473,0
"[""capacity""]",34,[1368],19.317902515755787,85.06671244987942,mobile,1,0,0,reliable product delivery customer feedback,0,0.49623056257431153,0.49623056257431153,0.0,0.0,0.0,0.0,0.0,0.36143165764881946,0.36143165764881946,0.0,0.49623056257431153,0.0,0.0,0.0,0.0,29.232941428724832,030,34,silver,1,0,0,east,1,0,0,0,0,0,late_entry,-0.774403362263465,0.7951179483459734,5.9894151898341255,0
,35,[1369],19.505446685735134,86.70207856990424,web,2,0,0,reliable product delivery customer feedback,0,0.49623056257431153,0.49623056257431153,0.0,0.0,0.0,0.0,0.0,0.36143165764881946,0.36143165764881946,0.0,0.49623056257431153,0.0,0.0,0.0,0.0,30.016495645516375,030,35,bronze,0,0,0,east,1,0,0,0,0,0,late_entry,-1.1550418239395526,-0.1298294093301665,13.700529810531537,0
,36,[1370],19.36954101449377,86.33428174208186,mobile,1,0,0,稳定 服务 区域 产品 反馈,0,0.0,0.0,0.5273316095198977,0.3846395486696206,0.5273316095198977,0.0,0.3846395486696206,0.0,0.0,0.0,0.0,0.0,0.0,0.0,0.3846395486696206,30.548603559706315,030,36,bronze,0,0,0,east,1,0,0,0,0,0,late_entry,-0.3898142071695602,0.4741630952929185,62.03438513187304,0
,37,[1371],19.08604245771029,87.30934211932154,web,2,0,0,reliable product delivery customer feedback,0,0.49623056257431153,0.49623056257431153,0.0,0.0,0.0,0.0,0.0,0.36143165764881946,0.36143165764881946,0.0,0.49623056257431153,0.0,0.0,0.0,0.0,34.31773038427635,030,37,bronze,0,0,0,east,1,0,0,0,0,0,late_entry,0.7058629708364466,-0.5111266523551197,2.706821318174488,0
,38,[1372],19.26831195447239,82.3164871221707,mobile,1,0,0,stable service regional product feedback,0,0.0,0.0,0.0,0.0,0.0,0.0,0.0,0.3498721264495162,0.3498721264495162,0.5017233601190293,0.0,0.5017233601190293,0.5017233601190293,0.0,0.0,36.69106627054092,030,38,silver,1,0,0,east,1,0,0,0,0,0,late_entry,1.034201889159141,-1.7718050432946055,99.26159477499594,0
,39,[1373],19.46280657242095,81.1860168083226,mobile,1,0,0,稳定 服务 区域 产品 反馈,0,0.0,0.0,0.5273316095198977,0.3846395486696206,0.5273316095198977,0.0,0.3846395486696206,0.0,0.0,0.0,0.0,0.0,0.0,0.0,0.3846395486696206,29.744442899146165,030,39,gold,2,0,0,east,1,0,0,0,0,0,late_entry,0.5537114318160237,2.432096655956898,20.749439501798154,0
,40,[1374],19.64251124560737,89.22504096577532,web,2,0,0,reliable product delivery customer feedback,0,0.49623056257431153,0.49623056257431153,0.0,0.0,0.0,0.0,0.0,0.36143165764881946,0.36143165764881946,0.0,0.49623056257431153,0.0,0.0,0.0,0.0,32.48427788757172,030,40,gold,2,0,0,new_region,0,0,0,0,0,1,late_entry,0.3299734963746704,0.17325435836117878,88.63520676656228,0
,41,[1375],19.313527680439115,88.41633768147312,api,0,0,0,稳定 服务 区域 产品 反馈,0,0.0,0.0,0.5273316095198977,0.3846395486696206,0.5273316095198977,0.0,0.3846395486696206,0.0,0.0,0.0,0.0,0.0,0.0,0.0,0.3846395486696206,30.70818846740679,030,41,bronze,0,0,0,east,1,0,0,0,0,0,late_entry,-1.5223739347510954,-1.0927308546456918,6.547235082858882,0
,42,[1376],20.07276507770267,85.67784703164718,web,2,0,0,reliable product delivery customer feedback,0,0.49623056257431153,0.49623056257431153,0.0,0.0,0.0,0.0,0.0,0.36143165764881946,0.36143165764881946,0.0,0.49623056257431153,0.0,0.0,0.0,0.0,32.62375174504797,030,42,gold,2,0,0,new_region,0,0,0,0,0,1,late_entry,0.6194060119002809,0.4835054450612404,49.08648440923836,0
,43,[1377],19.28430105903444,82.16753082652076,web,2,0,0,稳定 产品 交付 用户 反馈 量子 推荐 hyperpersonalised,0,0.0,0.0,0.0,0.37161931283827765,0.0,0.54115490341344,0.37161931283827765,0.0,0.0,0.0,0.0,0.0,0.0,0.54115490341344,0.37161931283827765,29.546707273853734,030,43,gold,2,0,0,east,1,0,0,0,0,0,late_entry,-0.8603633500810086,0.44449425696546413,15.156141695609124,0
"[""correlated_metric""]",44,[1378],19.17499004503255,91.65468780761371,api,0,0,0,reliable product delivery customer feedback,0,0.49623056257431153,0.49623056257431153,0.0,0.0,0.0,0.0,0.0,0.36143165764881946,0.36143165764881946,0.0,0.49623056257431153,0.0,0.0,0.0,0.0,32.81257381590405,030,44,bronze,0,0,0,east,1,0,0,0,0,0,late_entry,0.7171956664924568,-0.9448578067589157,31.01596623948031,0
,45,[1379],19.312403504830016,84.62619341542668,mobile,1,0,0,reliable product delivery customer feedback,0,0.49623056257431153,0.49623056257431153,0.0,0.0,0.0,0.0,0.0,0.36143165764881946,0.36143165764881946,0.0,0.49623056257431153,0.0,0.0,0.0,0.0,32.88370542572119,030,45,bronze,0,0,0,east,1,0,0,0,0,0,late_entry,0.8771640444566438,0.6443687562913226,6.454683265596265,0
,46,[1380],19.173352639587744,86.59775778208149,mobile,1,0,0,reliable product delivery customer feedback,0,0.49623056257431153,0.49623056257431153,0.0,0.0,0.0,0.0,0.0,0.36143165764881946,0.36143165764881946,0.0,0.49623056257431153,0.0,0.0,0.0,0.0,33.53059233295663,030,46,gold,2,0,0,east,1,0,0,0,0,0,late_entry,0.5853225484389698,-0.24305106868579104,15.422614367554235,0
,47,[1381],19.078974327688933,86.22687815633164,api,0,0,0,稳定 产品 交付 用户 反馈,0,0.0,0.0,0.0,0.37161931283827765,0.0,0.54115490341344,0.37161931283827765,0.0,0.0,0.0,0.0,0.0,0.0,0.54115490341344,0.37161931283827765,33.062613665955695,030,47,silver,1,0,0,east,1,0,0,0,0,0,late_entry,0.22071758256998397,-0.3372396600753197,9.043446566078272,0
,48,[1382],20.3304287878474,83.81593411554105,web,2,0,0,stable service regional product feedback,0,0.0,0.0,0.0,0.0,0.0,0.0,0.0,0.3498721264495162,0.3498721264495162,0.5017233601190293,0.0,0.5017233601190293,0.5017233601190293,0.0,0.0,33.46001894721954,030,48,bronze,0,0,0,east,1,0,0,0,0,0,late_entry,0.7499885045810148,0.03464102816651796,16.340202730999383,0
,9,[1383],18.873297861318985,96.44470458990278,web,2,0,0,稳定 产品 交付 用户 反馈,0,0.0,0.0,0.0,0.37161931283827765,0.0,0.54115490341344,0.37161931283827765,0.0,0.0,0.0,0.0,0.0,0.0,0.54115490341344,0.37161931283827765,29.403793988131973,031,9,gold,2,0,0,south,0,0,1,0,0,0,late_entry,1.3976971099340905,1.1033433835335944,39.68506154659698,0
,10,[1384],20.098756899691487,84.58063703081183,api,0,0,0,reliable product delivery customer feedback,0,0.49623056257431153,0.49623056257431153,0.0,0.0,0.0,0.0,0.0,0.36143165764881946,0.36143165764881946,0.0,0.49623056257431153,0.0,0.0,0.0,0.0,27.486964718254757,031,10,silver,1,0,0,south,0,0,1,0,0,0,late_entry,-0.3946258775779625,-0.05337466085687654,32.645965265543396,0
,11,[1385],19.35645289986199,96.45472681335879,web,2,0,0,稳定 服务 区域 产品 反馈,0,0.0,0.0,0.5273316095198977,0.3846395486696206,0.5273316095198977,0.0,0.3846395486696206,0.0,0.0,0.0,0.0,0.0,0.0,0.0,0.3846395486696206,31.387561021322043,031,11,bronze,0,0,0,south,0,0,1,0,0,0,late_entry,0.8859258651870552,-1.1235637795902627,16.067273805030954,0
"[""correlated_metric""]",12,[1386],19.76195375035904,97.31404899526778,web,2,0,0,稳定 服务 区域 产品 反馈,0,0.0,0.0,0.5273316095198977,0.3846395486696206,0.5273316095198977,0.0,0.3846395486696206,0.0,0.0,0.0,0.0,0.0,0.0,0.0,0.3846395486696206,28.687982381725853,031,12,gold,2,0,0,south,0,0,1,0,0,0,late_entry,1.0384127804759034,0.6456315812816462,19.96013758409055,0
,13,[1387],19.74252290280151,91.92401989495686,mobile,1,0,0,reliable product delivery customer feedback,0,0.49623056257431153,0.49623056257431153,0.0,0.0,0.0,0.0,0.0,0.36143165764881946,0.36143165764881946,0.0,0.49623056257431153,0.0,0.0,0.0,0.0,28.410935529696268,031,13,silver,1,0,0,south,0,0,1,0,0,0,late_entry,-0.5244163442601054,-0.9141838855805227,14.336047347539456,0
,14,[1388],,92.3399365567441,api,0,0,0,stable service regional product feedback,0,0.0,0.0,0.0,0.0,0.0,0.0,0.0,0.3498721264495162,0.3498721264495162,0.5017233601190293,0.0,0.5017233601190293,0.5017233601190293,0.0,0.0,26.0671688711342,031,14,gold,2,0,0,south,0,0,1,0,0,0,late_entry,-0.9407758826756473,0.0042001060231689185,34.10255333231365,0
"[""capacity""]",15,[1389],19.679579310628263,92.303324052554,mobile,1,0,0,reliable product delivery customer feedback,0,0.49623056257431153,0.49623056257431153,0.0,0.0,0.0,0.0,0.0,0.36143165764881946,0.36143165764881946,0.0,0.49623056257431153,0.0,0.0,0.0,0.0,25.083381834852293,031,15,gold,2,0,0,south,0,0,1,0,0,0,late_entry,-0.17103152962850335,1.808277796828232,51.28075989266998,0
"[""correlated_metric""]",16,[1390],19.576122772460202,87.06519448683584,web,2,0,0,stable service regional product feedback,0,0.0,0.0,0.0,0.0,0.0,0.0,0.0,0.3498721264495162,0.3498721264495162,0.5017233601190293,0.0,0.5017233601190293,0.5017233601190293,0.0,0.0,29.22372275040374,031,16,bronze,0,0,0,south,0,0,1,0,0,0,late_entry,0.4462870205044395,-0.8542727789175194,33.30211467205788,0
,17,[1391],19.615570152375145,89.47139245450829,api,0,0,0,reliable product delivery customer feedback,0,0.49623056257431153,0.49623056257431153,0.0,0.0,0.0,0.0,0.0,0.36143165764881946,0.36143165764881946,0.0,0.49623056257431153,0.0,0.0,0.0,0.0,27.38603132104574,031,17,silver,1,0,0,south,0,0,1,0,0,0,late_entry,-1.1254139137199757,-0.8382002816205768,71.0984465591765,0
,18,[1392],20.128131524167664,98.91665108648482,web,2,0,0,稳定 服务 区域 产品 反馈,0,0.0,0.0,0.5273316095198977,0.3846395486696206,0.5273316095198977,0.0,0.3846395486696206,0.0,0.0,0.0,0.0,0.0,0.0,0.0,0.3846395486696206,23.975686315456155,031,18,bronze,0,0,0,south,0,0,1,0,0,0,late_entry,-0.22909189298061514,2.2920093910470483,22.747379018985175,0
,19,[1393],19.806233285767004,86.68382535717616,mobile,1,0,0,reliable product delivery customer feedback,0,0.49623056257431153,0.49623056257431153,0.0,0.0,0.0,0.0,0.0,0.36143165764881946,0.36143165764881946,0.0,0.49623056257431153,0.0,0.0,0.0,0.0,35.024598165530215,031,19,bronze,0,0,0,south,0,0,1,0,0,0,late_entry,2.006375562061503,-1.632276926131461,15.767077858005688,0
,20,[1394],19.46004147229932,96.56120470163275,api,0,0,0,稳定 产品 交付 用户 反馈,0,0.0,0.0,0.0,0.37161931283827765,0.0,0.54115490341344,0.37161931283827765,0.0,0.0,0.0,0.0,0.0,0.0,0.54115490341344,0.37161931283827765,26.442839840664824,031,20,bronze,0,0,0,south,0,0,1,0,0,0,late_entry,-0.42739811442598036,0.5873443222116942,25.01453473739864,0
,21,[1395],20.145944545982655,94.01775387649404,api,0,0,0,stable service regional product feedback,0,0.0,0.0,0.0,0.0,0.0,0.0,0.0,0.3498721264495162,0.3498721264495162,0.5017233601190293,0.0,0.5017233601190293,0.5017233601190293,0.0,0.0,29.70824729587384,031,21,silver,1,0,0,south,0,0,1,0,0,0,late_entry,0.8261337568776382,0.1768231340866615,13.813890535343846,0
,22,[1396],20.44428928270282,100.18239498787798,api,0,0,0,stable service regional product feedback,0,0.0,0.0,0.0,0.0,0.0,0.0,0.0,0.3498721264495162,0.3498721264495162,0.5017233601190293,0.0,0.5017233601190293,0.5017233601190293,0.0,0.0,25.318657844230668,031,22,bronze,0,0,0,south,0,0,1,0,0,0,late_entry,-0.05515206773594015,1.803306977237463,23.277739386103892,0
,23,[1397],,88.57026393182973,web,2,0,0,稳定 产品 交付 用户 反馈,0,0.0,0.0,0.0,0.37161931283827765,0.0,0.54115490341344,0.37161931283827765,0.0,0.0,0.0,0.0,0.0,0.0,0.54115490341344,0.37161931283827765,21.94826788337308,031,23,gold,2,0,0,south,0,0,1,0,0,0,late_entry,-2.134538932648172,1.5653935190388326,24.36319758824891,0
,24,[1398],20.08681203235741,95.9352672347228,api,0,0,0,稳定 产品 交付 用户 反馈,0,0.0,0.0,0.0,0.37161931283827765,0.0,0.54115490341344,0.37161931283827765,0.0,0.0,0.0,0.0,0.0,0.0,0.54115490341344,0.37161931283827765,27.67400824400838,031,24,silver,1,0,0,south,0,0,1,0,0,0,late_entry,0.46595197652011006,0.8812425994552351,38.21388507591506,0
"[""capacity""]",25,[1399],19.521419233342158,92.303324052554,mobile,1,0,0,稳定 产品 交付 用户 反馈,0,0.0,0.0,0.0,0.37161931283827765,0.0,0.54115490341344,0.37161931283827765,0.0,0.0,0.0,0.0,0.0,0.0,0.54115490341344,0.37161931283827765,24.500076093268447,031,25,gold,2,0,0,south,0,0,1,0,0,0,late_entry,-1.0556496778902373,1.0932622024737209,8.648252713296964,0
"[""spend""]",26,[1400],20.063268814661512,96.7479384522438,mobile,1,0,0,reliable product delivery customer feedback,0,0.49623056257431153,0.49623056257431153,0.0,0.0,0.0,0.0,0.0,0.36143165764881946,0.36143165764881946,0.0,0.49623056257431153,0.0,0.0,0.0,0.0,26.796750370909486,031,26,silver,1,0,0,south,0,0,1,0,0,0,late_entry,-0.8196982268624962,-0.41141735167765076,32.97403996880064,0
,27,[1401],19.90409946649143,92.61741474721194,api,0,0,0,stable service regional product feedback,0,0.0,0.0,0.0,0.0,0.0,0.0,0.0,0.3498721264495162,0.3498721264495162,0.5017233601190293,0.0,0.5017233601190293,0.5017233601190293,0.0,0.0,29.320721776255297,031,27,silver,1,0,0,south,0,0,1,0,0,0,late_entry,0.43635437257148524,0.17527842008854702,18.39902909742391,0
,28,[1402],19.570267417251774,88.82586488159816,mobile,1,0,0,reliable product delivery customer feedback,0,0.49623056257431153,0.49623056257431153,0.0,0.0,0.0,0.0,0.0,0.36143165764881946,0.36143165764881946,0.0,0.49623056257431153,0.0,0.0,0.0,0.0,28.700841070572157,031,28,bronze,0,0,0,south,0,0,1,0,0,0,late_entry,0.2548009491156493,0.1924845691988522,10.514818335892794,0
"[""correlated_metric""]",29,[1403],19.528756758074508,99.21172060730767,api,0,0,0,reliable product delivery customer feedback,0,0.49623056257431153,0.49623056257431153,0.0,0.0,0.0,0.0,0.0,0.36143165764881946,0.36143165764881946,0.0,0.49623056257431153,0.0,0.0,0.0,0.0,27.990821066754812,031,29,silver,1,0,0,south,0,0,1,0,0,0,late_entry,0.7557586473991075,1.146335398045076,24.391173079644595,0
,30,[1404],20.021509622829676,101.74611460508628,web,2,0,0,稳定 产品 交付 用户 反馈,0,0.0,0.0,0.0,0.37161931283827765,0.0,0.54115490341344,0.37161931283827765,0.0,0.0,0.0,0.0,0.0,0.0,0.54115490341344,0.37161931283827765,24.87795239834107,031,30,gold,2,0,0,south,0,0,1,0,0,0,late_entry,-0.42592679251310905,1.5296226915526454,12.333013986482047,0
"[""spend""]",31,[1405],,93.0029134161694,web,2,0,0,reliable product delivery customer feedback,0,0.49623056257431153,0.49623056257431153,0.0,0.0,0.0,0.0,0.0,0.36143165764881946,0.36143165764881946,0.0,0.49623056257431153,0.0,0.0,0.0,0.0,29.64820708585621,031,31,bronze,0,0,0,south,0,0,1,0,0,0,late_entry,0.016930060578809025,-0.7954342891034544,32.97403996880064,0
"[""spend""]",32,[1406],19.167624526879802,91.40078466878147,mobile,1,0,0,稳定 服务 区域 产品 反馈,0,0.0,0.0,0.5273316095198977,0.3846395486696206,0.5273316095198977,0.0,0.3846395486696206,0.0,0.0,0.0,0.0,0.0,0.0,0.0,0.3846395486696206,29.45765105153305,031,32,bronze,0,0,0,south,0,0,1,0,0,0,late_entry,-0.2922582826970688,-1.0745284998098554,32.97403996880064,0
,33,[1407],19.369668974662876,96.15564524682922,api,0,0,0,stable service regional product feedback,0,0.0,0.0,0.0,0.0,0.0,0.0,0.0,0.3498721264495162,0.3498721264495162,0.5017233601190293,0.0,0.5017233601190293,0.5017233601190293,0.0,0.0,33.96143041072515,031,33,bronze,0,0,0,south,0,0,1,0,0,0,late_entry,1.8618755192115952,-1.3433512694402798,10.145581970004427,0
,34,[1408],19.793722570225956,95.99324262289335,api,0,0,0,稳定 产品 交付 用户 反馈,0,0.0,0.0,0.0,0.37161931283827765,0.0,0.54115490341344,0.37161931283827765,0.0,0.0,0.0,0.0,0.0,0.0,0.54115490341344,0.37161931283827765,26.946251312245938,031,34,bronze,0,0,0,south,0,0,1,0,0,0,late_entry,-0.1797915706008501,0.6132781023209193,30.58985452327794,0
,35,[1409],19.95442640614932,100.47136197463281,mobile,1,0,0,稳定 产品 交付 用户 反馈,0,0.0,0.0,0.0,0.37161931283827765,0.0,0.54115490341344,0.37161931283827765,0.0,0.0,0.0,0.0,0.0,0.0,0.54115490341344,0.37161931283827765,25.75789154971653,031,35,gold,2,0,0,south,0,0,1,0,0,0,late_entry,-1.3207676206696695,-0.16550338969847272,14.604587468936293,0
"[""capacity""]",36,[1410],19.633097583820348,92.303324052554,api,0,0,0,稳定 产品 交付 用户 反馈 量子 推荐 hyperpersonalised,0,0.0,0.0,0.0,0.37161931283827765,0.0,0.54115490341344,0.37161931283827765,0.0,0.0,0.0,0.0,0.0,0.0,0.54115490341344,0.37161931283827765,31.717890877490188,031,36,bronze,0,0,0,south,0,0,1,0,0,0,late_entry,0.7695158326576191,-1.3397960101460165,5.031833630009564,0
,37,[1411],19.2784370697508,97.95821480040637,web,2,0,0,stable service regional product feedback,0,0.0,0.0,0.0,0.0,0.0,0.0,0.0,0.3498721264495162,0.3498721264495162,0.5017233601190293,0.0,0.5017233601190293,0.5017233601190293,0.0,0.0,29.129536435586527,031,37,bronze,0,0,0,south,0,0,1,0,0,0,late_entry,0.6889111804720606,0.30394770873198473,51.257307774174,0
,38,[1412],19.763213747446024,95.16369549170649,web,2,0,0,稳定 产品 交付 用户 反馈,0,0.0,0.0,0.0,0.37161931283827765,0.0,0.54115490341344,0.37161931283827765,0.0,0.0,0.0,0.0,0.0,0.0,0.54115490341344,0.37161931283827765,27.837635094126426,031,38,bronze,0,0,0,south,0,0,1,0,0,0,late_entry,-0.09302967126462983,0.21826769193485887,197.50369843970773,0
"[""spend""]",39,[1413],18.897800438212986,91.13179733725624,api,0,0,0,稳定 服务 区域 产品 反馈,0,0.0,0.0,0.5273316095198977,0.3846395486696206,0.5273316095198977,0.0,0.3846395486696206,0.0,0.0,0.0,0.0,0.0,0.0,0.0,0.3846395486696206,26.819913412723213,031,39,bronze,0,0,0,south,0,0,1,0,0,0,late_entry,-1.3235398857518936,-0.6812660836673078,32.97403996880064,0
,40,[1414],19.985006796261377,98.09771002044309,mobile,1,0,0,stable service regional product feedback,0,0.0,0.0,0.0,0.0,0.0,0.0,0.0,0.3498721264495162,0.3498721264495162,0.5017233601190293,0.0,0.5017233601190293,0.5017233601190293,0.0,0.0,28.36776868568467,031,40,bronze,0,0,0,south,0,0,1,0,0,0,late_entry,-0.4127781132962023,-0.6338103844615941,14.14604589331009,0
,41,[1415],19.160522554750454,95.30815218317339,api,0,0,0,stable service regional product feedback,0,0.0,0.0,0.0,0.0,0.0,0.0,0.0,0.3498721264495162,0.3498721264495162,0.5017233601190293,0.0,0.5017233601190293,0.5017233601190293,0.0,0.0,32.50992321245624,031,41,gold,2,0,0,south,0,0,1,0,0,0,late_entry,0.7335625562903089,-1.9446942056097904,61.05377584746351,0
"[""spend""]",42,[1416],19.005488615485977,94.73224442772639,api,0,0,0,stable service regional product feedback,0,0.0,0.0,0.0,0.0,0.0,0.0,0.0,0.3498721264495162,0.3498721264495162,0.5017233601190293,0.0,0.5017233601190293,0.5017233601190293,0.0,0.0,27.433199710653913,031,42,gold,2,0,0,south,0,0,1,0,0,0,late_entry,-0.7663660191021124,-0.648565991469084,32.97403996880064,0
,43,[1417],20.205452958411264,96.40060743854065,mobile,1,0,0,stable service regional product feedback,0,0.0,0.0,0.0,0.0,0.0,0.0,0.0,0.3498721264495162,0.3498721264495162,0.5017233601190293,0.0,0.5017233601190293,0.5017233601190293,0.0,0.0,22.540194648248978,031,43,bronze,0,0,0,south,0,0,1,0,0,0,late_entry,-1.7956792467030904,1.6229593793803738,36.00773847963604,0
"[""spend""]",44,[1418],19.875582876487744,107.74107371675576,mobile,1,0,0,reliable product delivery customer feedback,0,0.49623056257431153,0.49623056257431153,0.0,0.0,0.0,0.0,0.0,0.36143165764881946,0.36143165764881946,0.0,0.49623056257431153,0.0,0.0,0.0,0.0,33.00313230685331,031,44,bronze,0,0,0,new_region,0,0,0,0,0,1,late_entry,1.0449166020059855,-1.829213867399736,32.97403996880064,0
"[""correlated_metric""]",45,[1419],20.488452866682984,96.5428432738154,api,0,0,0,reliable product delivery customer feedback 量子 推荐 hyperpersonalised,0,0.49623056257431153,0.49623056257431153,0.0,0.0,0.0,0.0,0.0,0.36143165764881946,0.36143165764881946,0.0,0.49623056257431153,0.0,0.0,0.0,0.0,26.855712852849713,031,45,gold,2,0,0,south,0,0,1,0,0,0,late_entry,0.22148898787156268,1.2531044565086389,166.7972868525794,0
"[""capacity""]",46,[1420],19.068246465040314,92.303324052554,api,0,0,0,stable service regional product feedback,0,0.0,0.0,0.0,0.0,0.0,0.0,0.0,0.3498721264495162,0.3498721264495162,0.5017233601190293,0.0,0.5017233601190293,0.5017233601190293,0.0,0.0,32.78690751142158,031,46,gold,2,0,0,south,0,0,1,0,0,0,late_entry,2.0154151598092316,-0.3930323447625583,5.60566046172052,0
"[""capacity""]",47,[1421],19.338054772949917,92.303324052554,api,0,0,0,稳定 产品 交付 用户 反馈,0,0.0,0.0,0.0,0.37161931283827765,0.0,0.54115490341344,0.37161931283827765,0.0,0.0,0.0,0.0,0.0,0.0,0.54115490341344,0.37161931283827765,26.548206964994534,031,47,bronze,0,0,0,new_region,0,0,0,0,0,1,late_entry,-0.9504016505639779,-0.2579789475109265,56.20149109852075,0
,48,[1422],18.72023471739222,90.27490218871398,mobile,1,0,0,稳定 服务 区域 产品 反馈,0,0.0,0.0,0.5273316095198977,0.3846395486696206,0.5273316095198977,0.0,0.3846395486696206,0.0,0.0,0.0,0.0,0.0,0.0,0.0,0.3846395486696206,31.626989556483423,031,48,bronze,0,0,0,south,0,0,1,0,0,0,late_entry,-0.08063482645578923,,6.936570739793698,0
"[""capacity""]",9,[1423],21.058561748614878,75.40342119821443,api,0,0,0,稳定 产品 交付 用户 反馈,0,0.0,0.0,0.0,0.37161931283827765,0.0,0.54115490341344,0.37161931283827765,0.0,0.0,0.0,0.0,0.0,0.0,0.54115490341344,0.37161931283827765,31.328416989701214,032,9,gold,2,0,0,west,0,0,0,1,0,0,late_entry,-0.5321906370711785,-0.11457347346370353,3.7114771578670624,0
,10,[1424],20.828587079557312,74.1002115099348,mobile,1,0,0,stable service regional product feedback,0,0.0,0.0,0.0,0.0,0.0,0.0,0.0,0.3498721264495162,0.3498721264495162,0.5017233601190293,0.0,0.5017233601190293,0.5017233601190293,0.0,0.0,37.90900271643439,032,10,bronze,0,0,0,west,0,0,0,1,0,0,late_entry,1.8629063022937005,-1.0667798217161166,75.23677585999313,0
"[""spend""]",11,[1425],21.49326626331907,71.47879461231022,web,2,0,0,reliable product delivery customer feedback,0,0.49623056257431153,0.49623056257431153,0.0,0.0,0.0,0.0,0.0,0.36143165764881946,0.36143165764881946,0.0,0.49623056257431153,0.0,0.0,0.0,0.0,36.03560039199866,032,11,silver,1,0,0,west,0,0,0,1,0,0,late_entry,1.2481408869499762,-0.7331201149146048,45.314697505622306,0
"[""spend""]",12,[1426],20.626339651141237,77.68900858977965,web,2,0,0,稳定 服务 区域 产品 反馈,0,0.0,0.0,0.5273316095198977,0.3846395486696206,0.5273316095198977,0.0,0.3846395486696206,0.0,0.0,0.0,0.0,0.0,0.0,0.0,0.3846395486696206,34.128285559740306,032,12,bronze,0,0,0,west,0,0,0,1,0,0,late_entry,0.5805132472223808,-0.537757020078777,45.314697505622306,0
,13,[1427],20.910926017014397,81.21898664379492,mobile,1,0,0,stable service regional product feedback,0,0.0,0.0,0.0,0.0,0.0,0.0,0.0,0.3498721264495162,0.3498721264495162,0.5017233601190293,0.0,0.5017233601190293,0.5017233601190293,0.0,0.0,29.910903009557508,032,13,gold,2,0,0,west,0,0,0,1,0,0,late_entry,0.04738261458031163,1.439882460865695,30.905243249359454,0
"[""correlated_metric""]",14,[1428],20.111845553742548,71.63304829748392,api,0,0,0,stable service regional product feedback,0,0.0,0.0,0.0,0.0,0.0,0.0,0.0,0.3498721264495162,0.3498721264495162,0.5017233601190293,0.0,0.5017233601190293,0.5017233601190293,0.0,0.0,32.51919544732597,032,14,bronze,0,0,0,west,0,0,0,1,0,0,late_entry,-1.1789088245032533,-0.808156586446445,76.3170028538387,0
"[""correlated_metric""]",15,[1429],,71.71051105499633,api,0,0,0,稳定 产品 交付 用户 反馈,0,0.0,0.0,0.0,0.37161931283827765,0.0,0.54115490341344,0.37161931283827765,0.0,0.0,0.0,0.0,0.0,0.0,0.54115490341344,0.37161931283827765,32.027487337745214,032,15,bronze,0,0,0,west,0,0,0,1,0,0,late_entry,-1.325049565578431,1.095272660091856,10.25367971496977,0
,16,[1430],21.839363549619772,79.99338767920116,api,0,0,0,reliable product delivery customer feedback,0,0.49623056257431153,0.49623056257431153,0.0,0.0,0.0,0.0,0.0,0.36143165764881946,0.36143165764881946,0.0,0.49623056257431153,0.0,0.0,0.0,0.0,31.94523109075952,032,16,silver,1,0,0,west,0,0,0,1,0,0,late_entry,-0.05001111325772924,0.10669188637336478,59.72415176188516,0
"[""correlated_metric""]",17,[1431],20.449324100233735,74.84088032894563,api,0,0,0,稳定 服务 区域 产品 反馈,0,0.0,0.0,0.5273316095198977,0.3846395486696206,0.5273316095198977,0.0,0.3846395486696206,0.0,0.0,0.0,0.0,0.0,0.0,0.0,0.3846395486696206,33.396376930356524,032,17,bronze,0,0,0,west,0,0,0,1,0,0,late_entry,0.07982069000453705,-0.3398325904435109,6.258130609037956,0
,18,[1432],21.43189915597473,75.75081499654937,mobile,1,0,0,稳定 服务 区域 产品 反馈,0,0.0,0.0,0.5273316095198977,0.3846395486696206,0.5273316095198977,0.0,0.3846395486696206,0.0,0.0,0.0,0.0,0.0,0.0,0.0,0.3846395486696206,32.47832650726816,032,18,silver,1,0,0,west,0,0,0,1,0,0,late_entry,-0.6576344480499176,-1.134513443709949,11.944185901790496,0
,19,[1433],20.441420396270246,70.46735086064724,web,2,0,0,reliable product delivery customer feedback,0,0.49623056257431153,0.49623056257431153,0.0,0.0,0.0,0.0,0.0,0.36143165764881946,0.36143165764881946,0.0,0.49623056257431153,0.0,0.0,0.0,0.0,32.14814024290899,032,19,gold,2,0,0,west,0,0,0,1,0,0,late_entry,-0.7234160393946198,-0.8870749490453121,23.26192799635244,0
"[""spend""]",20,[1434],,74.35617075407862,mobile,1,0,0,reliable product delivery customer feedback,0,0.49623056257431153,0.49623056257431153,0.0,0.0,0.0,0.0,0.0,0.36143165764881946,0.36143165764881946,0.0,0.49623056257431153,0.0,0.0,0.0,0.0,35.07056262249533,032,20,gold,2,0,0,west,0,0,0,1,0,0,late_entry,0.3717974392996382,-1.1488008352770978,45.314697505622306,0
,21,[1435],20.54552168316727,73.52153563084835,mobile,1,0,0,stable service regional product feedback,0,0.0,0.0,0.0,0.0,0.0,0.0,0.0,0.3498721264495162,0.3498721264495162,0.5017233601190293,0.0,0.5017233601190293,0.5017233601190293,0.0,0.0,30.216252800322227,032,21,bronze,0,0,0,west,0,0,0,1,0,0,late_entry,,1.7054927896135708,7.304239206918467,0
,22,[1436],20.713395199540376,62.30462453303874,api,0,0,0,稳定 服务 区域 产品 反馈,0,0.0,0.0,0.5273316095198977,0.3846395486696206,0.5273316095198977,0.0,0.3846395486696206,0.0,0.0,0.0,0.0,0.0,0.0,0.0,0.3846395486696206,34.30191861662413,032,22,bronze,0,0,0,west,0,0,0,1,0,0,late_entry,0.3515313966477859,-0.8632862947396286,31.148752990754872,0
"[""correlated_metric""]",23,[1437],21.24529099382942,76.43451726666068,api,0,0,0,稳定 产品 交付 用户 反馈,0,0.0,0.0,0.0,0.37161931283827765,0.0,0.54115490341344,0.37161931283827765,0.0,0.0,0.0,0.0,0.0,0.0,0.54115490341344,0.37161931283827765,34.15707497758634,032,23,gold,2,0,0,west,0,0,0,1,0,0,late_entry,0.5811260318266607,-0.45484228283390504,32.58927967632955,0
,24,[1438],21.00431150754232,76.54813901971227,mobile,1,0,0,stable service regional product feedback,0,0.0,0.0,0.0,0.0,0.0,0.0,0.0,0.3498721264495162,0.3498721264495162,0.5017233601190293,0.0,0.5017233601190293,0.5017233601190293,0.0,0.0,34.018899287993705,032,24,silver,1,0,0,west,0,0,0,1,0,0,late_entry,0.19959018501699052,-0.67881845396358,68.10805598371192,0
,25,[1439],21.367686228119467,71.77046763729201,mobile,1,0,0,稳定 服务 区域 产品 反馈,0,0.0,0.0,0.5273316095198977,0.3846395486696206,0.5273316095198977,0.0,0.3846395486696206,0.0,0.0,0.0,0.0,0.0,0.0,0.0,0.3846395486696206,29.99917740684589,032,25,silver,1,0,0,west,0,0,0,1,0,0,late_entry,-0.9134195333226612,,31.348119257217295,0
,26,[1440],20.645231668040545,74.48136651004722,web,2,0,0,reliable product delivery customer feedback,0,0.49623056257431153,0.49623056257431153,0.0,0.0,0.0,0.0,0.0,0.36143165764881946,0.36143165764881946,0.0,0.49623056257431153,0.0,0.0,0.0,0.0,32.83906964722461,032,26,silver,1,0,0,west,0,0,0,1,0,0,late_entry,-0.547740778923287,-1.214608184614439,6.597403253456525,0
,27,[1441],20.770992712786924,74.14072101288879,web,2,0,0,stable service regional product feedback,0,0.0,0.0,0.0,0.0,0.0,0.0,0.0,0.3498721264495162,0.3498721264495162,0.5017233601190293,0.0,0.5017233601190293,0.5017233601190293,0.0,0.0,33.233818748568105,032,27,silver,1,0,0,west,0,0,0,1,0,0,late_entry,0.8835199318699819,0.4261489543256537,4.815408412610973,0
,28,[1442],21.29985126837557,67.4500127214557,web,2,0,0,stable service regional product feedback,0,0.0,0.0,0.0,0.0,0.0,0.0,0.0,0.3498721264495162,0.3498721264495162,0.5017233601190293,0.0,0.5017233601190293,0.5017233601190293,0.0,0.0,31.501195521441407,032,28,gold,2,0,0,west,0,0,0,1,0,0,late_entry,0.07678134960458527,0.5909245576896814,61.61116922817399,0
"[""correlated_metric""]",29,[1443],,75.95512979797641,mobile,1,0,0,稳定 服务 区域 产品 反馈,0,0.0,0.0,0.5273316095198977,0.3846395486696206,0.5273316095198977,0.0,0.3846395486696206,0.0,0.0,0.0,0.0,0.0,0.0,0.0,0.3846395486696206,34.421894083307535,032,29,bronze,0,0,0,west,0,0,0,1,0,0,late_entry,1.3080761931248575,0.132987775047876,45.45631010892862,0
"[""correlated_metric""]",30,[1444],20.531625195051657,69.16236124892995,web,2,0,0,稳定 产品 交付 用户 反馈,0,0.0,0.0,0.0,0.37161931283827765,0.0,0.54115490341344,0.37161931283827765,0.0,0.0,0.0,0.0,0.0,0.0,0.54115490341344,0.37161931283827765,33.56372261414534,032,30,gold,2,0,0,west,0,0,0,1,0,0,late_entry,0.06380013247244709,-0.4663161637384263,61.28274425033633,0
,31,[1445],20.832429274626627,75.95318211695908,mobile,1,0,0,reliable product delivery customer feedback,0,0.49623056257431153,0.49623056257431153,0.0,0.0,0.0,0.0,0.0,0.36143165764881946,0.36143165764881946,0.0,0.49623056257431153,0.0,0.0,0.0,0.0,30.73827673929846,032,31,gold,2,0,0,west,0,0,0,1,0,0,late_entry,-1.1150736672196395,-0.46573992689016086,18.16558523054122,0
,32,[1446],20.558113364776666,69.30051309446291,api,0,0,0,稳定 服务 区域 产品 反馈,0,0.0,0.0,0.5273316095198977,0.3846395486696206,0.5273316095198977,0.0,0.3846395486696206,0.0,0.0,0.0,0.0,0.0,0.0,0.0,0.3846395486696206,31.894742303277084,032,32,silver,1,0,0,west,0,0,0,1,0,0,late_entry,0.2304871253888472,0.6465426142237918,176.20613039490792,0
,33,[1447],20.74505447644679,69.1705576458361,web,2,0,0,reliable product delivery customer feedback,0,0.49623056257431153,0.49623056257431153,0.0,0.0,0.0,0.0,0.0,0.36143165764881946,0.36143165764881946,0.0,0.49623056257431153,0.0,0.0,0.0,0.0,35.65786328057409,032,33,gold,2,0,0,west,0,0,0,1,0,0,late_entry,0.5094046798737407,-1.6026793290361663,10.725725176337294,0
,34,[1448],20.900864329556526,66.83561992834426,api,0,0,0,稳定 服务 区域 产品 反馈,0,0.0,0.0,0.5273316095198977,0.3846395486696206,0.5273316095198977,0.0,0.3846395486696206,0.0,0.0,0.0,0.0,0.0,0.0,0.0,0.3846395486696206,33.89966171147883,032,34,gold,2,0,0,west,0,0,0,1,0,0,late_entry,0.49784290630037964,-0.46431788635194643,78.66808077328527,0
,35,[1449],,74.24420334793909,web,2,0,0,reliable product delivery customer feedback,0,0.49623056257431153,0.49623056257431153,0.0,0.0,0.0,0.0,0.0,0.36143165764881946,0.36143165764881946,0.0,0.49623056257431153,0.0,0.0,0.0,0.0,36.9644205209207,032,35,silver,1,0,0,west,0,0,0,1,0,0,late_entry,1.7474343823790324,-0.8461388659696117,2.6155350624000366,0
,36,[1450],21.23724575466656,71.63725476604914,api,0,0,0,稳定 产品 交付 用户 反馈,0,0.0,0.0,0.0,0.37161931283827765,0.0,0.54115490341344,0.37161931283827765,0.0,0.0,0.0,0.0,0.0,0.0,0.54115490341344,0.37161931283827765,37.088289702868174,032,36,silver,1,0,0,west,0,0,0,1,0,0,late_entry,1.8205844505514903,-0.8065548849316443,13.619231569095543,0
,37,[1451],20.716813727724112,74.15238338609346,api,0,0,0,reliable product delivery customer feedback 量子 推荐 hyperpersonalised,0,0.49623056257431153,0.49623056257431153,0.0,0.0,0.0,0.0,0.0,0.36143165764881946,0.36143165764881946,0.0,0.49623056257431153,0.0,0.0,0.0,0.0,28.47439625989849,032,37,bronze,0,0,0,west,0,0,0,1,0,0,late_entry,-0.5261141611364472,1.6421537249218559,7.994111548673768,0
,38,[1452],21.268601319984437,72.57449984530736,mobile,1,0,0,reliable product delivery customer feedback,0,0.49623056257431153,0.49623056257431153,0.0,0.0,0.0,0.0,0.0,0.36143165764881946,0.36143165764881946,0.0,0.49623056257431153,0.0,0.0,0.0,0.0,30.9649262591035,032,38,gold,2,0,0,new_region,0,0,0,0,0,1,late_entry,-0.06978902307371819,0.7316387890302272,8.005978735702705,0
,39,[1453],20.845170378314382,76.22194382671165,web,2,0,0,稳定 服务 区域 产品 反馈,0,0.0,0.0,0.5273316095198977,0.3846395486696206,0.5273316095198977,0.0,0.3846395486696206,0.0,0.0,0.0,0.0,0.0,0.0,0.0,0.3846395486696206,27.32367748091345,032,39,bronze,0,0,0,west,0,0,0,1,0,0,late_entry,-0.6557563375563121,2.2617616574924466,15.843495537512478,0
,40,[1454],21.08322413233984,71.45955086694357,mobile,1,0,0,稳定 产品 交付 用户 反馈,0,0.0,0.0,0.0,0.37161931283827765,0.0,0.54115490341344,0.37161931283827765,0.0,0.0,0.0,0.0,0.0,0.0,0.54115490341344,0.37161931283827765,33.34443591425933,032,40,silver,1,0,0,west,0,0,0,1,0,0,late_entry,0.9223636908588391,0.24956334443927738,41.764741031336236,0
"[""spend""]",41,[1455],20.84912888993733,70.36941930145281,web,2,0,0,stable service regional product feedback,0,0.0,0.0,0.0,0.0,0.0,0.0,0.0,0.3498721264495162,0.3498721264495162,0.5017233601190293,0.0,0.5017233601190293,0.5017233601190293,0.0,0.0,32.702838718445655,032,41,gold,2,0,0,west,0,0,0,1,0,0,late_entry,-0.9430745051059981,-1.8474732821281357,45.314697505622306,0
,42,[1456],20.726872506625053,74.42601617063184,api,0,0,0,reliable product delivery customer feedback,0,0.49623056257431153,0.49623056257431153,0.0,0.0,0.0,0.0,0.0,0.36143165764881946,0.36143165764881946,0.0,0.49623056257431153,0.0,0.0,0.0,0.0,33.283387691242666,032,42,bronze,0,0,0,west,0,0,0,1,0,0,late_entry,1.2859359531274925,0.8367055094747209,18.224552451069055,0
,43,[1457],20.701446903727494,74.54959331598631,api,0,0,0,稳定 产品 交付 用户 反馈,0,0.0,0.0,0.0,0.37161931283827765,0.0,0.54115490341344,0.37161931283827765,0.0,0.0,0.0,0.0,0.0,0.0,0.54115490341344,0.37161931283827765,33.92162332306209,032,43,gold,2,0,0,west,0,0,0,1,0,0,late_entry,-0.13042054298132275,-1.5645162228135647,28.536573758567513,0
"[""capacity""]",44,[1458],20.32420869504065,75.40342119821443,mobile,1,0,0,稳定 产品 交付 用户 反馈,0,0.0,0.0,0.0,0.37161931283827765,0.0,0.54115490341344,0.37161931283827765,0.0,0.0,0.0,0.0,0.0,0.0,0.54115490341344,0.37161931283827765,33.33728840632544,032,44,silver,1,0,0,west,0,0,0,1,0,0,late_entry,0.7314329668947911,0.19712936358663768,5.004763716246649,0
"[""correlated_metric""]",45,[1459],20.912213840467768,74.56038760797223,mobile,1,0,0,稳定 产品 交付 用户 反馈,0,0.0,0.0,0.0,0.37161931283827765,0.0,0.54115490341344,0.37161931283827765,0.0,0.0,0.0,0.0,0.0,0.0,0.54115490341344,0.37161931283827765,34.05122878122313,032,45,gold,2,0,0,new_region,0,0,0,0,0,1,late_entry,0.4728819375023697,-0.4133333221963537,32.02841217543023,0
,46,[1460],21.23795668495629,74.9773739031819,web,2,0,0,稳定 产品 交付 用户 反馈,0,0.0,0.0,0.0,0.37161931283827765,0.0,0.54115490341344,0.37161931283827765,0.0,0.0,0.0,0.0,0.0,0.0,0.54115490341344,0.37161931283827765,32.343012304739354,032,46,bronze,0,0,0,west,0,0,0,1,0,0,late_entry,1.3255471867329094,1.7488390938664982,8.678574860602424,0
,47,[1461],21.264731061259845,77.52339398915575,mobile,1,0,0,reliable product delivery customer feedback,0,0.49623056257431153,0.49623056257431153,0.0,0.0,0.0,0.0,0.0,0.36143165764881946,0.36143165764881946,0.0,0.49623056257431153,0.0,0.0,0.0,0.0,30.235013909261728,032,47,bronze,0,0,0,west,0,0,0,1,0,0,late_entry,-0.4802013969933658,0.8240597589996902,25.05211736067208,0
,48,[1462],20.618106285770338,69.59649898839167,api,0,0,0,稳定 服务 区域 产品 反馈,0,0.0,0.0,0.5273316095198977,0.3846395486696206,0.5273316095198977,0.0,0.3846395486696206,0.0,0.0,0.0,0.0,0.0,0.0,0.0,0.3846395486696206,30.210428268924126,032,48,gold,2,0,0,west,0,0,0,1,0,0,late_entry,-0.9672705683721752,-0.009882979164767774,115.98096588741502,0
